<annotation>
  <folder>AH</folder>
  <filename>AH_camera5.png</filename>
  <source>
    <database>Unknown</database>
    <annotation>Unknown</annotation>
    <image>Unknown</image>
  </source>
  <size>
    <width>1280</width>
    <height>960</height>
    <depth></depth>
  </size>
  <segmented>0</segmented>
  <object>
    <name>WHITE</name>
    <occluded>0</occluded>
    <bndbox>
      <xmin>635.96</xmin>
      <ymin>314.1</ymin>
      <xmax>681.4</xmax>
      <ymax>356.8</ymax>
    </bndbox>
  </object>
  <object>
    <name>WHITE</name>
    <occluded>0</occluded>
    <bndbox>
      <xmin>836.36</xmin>
      <ymin>311.55</ymin>
      <xmax>861.96</xmax>
      <ymax>351.52</ymax>
    </bndbox>
  </object>
  <object>
    <name>WHITE</name>
    <occluded>0</occluded>
    <bndbox>
      <xmin>636.44</xmin>
      <ymin>190.7</ymin>
      <xmax>681.3</xmax>
      <ymax>231.8</ymax>
    </bndbox>
  </object>
  <object>
    <name>WHITE</name>
    <occluded>0</occluded>
    <bndbox>
      <xmin>512.5</xmin>
      <ymin>853.3</ymin>
      <xmax>542.9</xmax>
      <ymax>880.5</ymax>
    </bndbox>
  </object>
  <object>
    <name>WHITE</name>
    <occluded>0</occluded>
    <bndbox>
      <xmin>510.5</xmin>
      <ymin>827.1</ymin>
      <xmax>548.24</xmax>
      <ymax>855.19</ymax>
    </bndbox>
  </object>
  <object>
    <name>WHITE</name>
    <occluded>0</occluded>
    <bndbox>
      <xmin>458.6</xmin>
      <ymin>749.2</ymin>
      <xmax>499.16</xmax>
      <ymax>778.99</ymax>
    </bndbox>
  </object>
  <object>
    <name>WHITE</name>
    <occluded>0</occluded>
    <bndbox>
      <xmin>475.53</xmin>
      <ymin>701.69</ymin>
      <xmax>513.5</xmax>
      <ymax>737.7</ymax>
    </bndbox>
  </object>
  <object>
    <name>WHITE</name>
    <occluded>0</occluded>
    <bndbox>
      <xmin>493.19</xmin>
      <ymin>640.03</ymin>
      <xmax>536.4</xmax>
      <ymax>682.6</ymax>
    </bndbox>
  </object>
  <object>
    <name>WHITE</name>
    <occluded>0</occluded>
    <bndbox>
      <xmin>525.1</xmin>
      <ymin>572.9</ymin>
      <xmax>571.4</xmax>
      <ymax>617.8</ymax>
    </bndbox>
  </object>
  <object>
    <name>WHITE</name>
    <occluded>0</occluded>
    <bndbox>
      <xmin>557.13</xmin>
      <ymin>488.13</ymin>
      <xmax>607.4</xmax>
      <ymax>536.2</ymax>
    </bndbox>
  </object>
  <object>
    <name>WHITE</name>
    <occluded>0</occluded>
    <bndbox>
      <xmin>594.47</xmin>
      <ymin>398.4</ymin>
      <xmax>640.65</xmax>
      <ymax>446.19</ymax>
    </bndbox>
  </object>
  <object>
    <name>WHITE</name>
    <occluded>0</occluded>
    <bndbox>
      <xmin>726.6</xmin>
      <ymin>318.45</ymin>
      <xmax>770.7</xmax>
      <ymax>364.4</ymax>
    </bndbox>
  </object>
  <object>
    <name>WHITE</name>
    <occluded>0</occluded>
    <bndbox>
      <xmin>528.82</xmin>
      <ymin>757.18</ymin>
      <xmax>570.2</xmax>
      <ymax>786.7</ymax>
    </bndbox>
  </object>
  <object>
    <name>WHITE</name>
    <occluded>0</occluded>
    <bndbox>
      <xmin>791.5</xmin>
      <ymin>506.12</ymin>
      <xmax>828.27</xmax>
      <ymax>554.4</ymax>
    </bndbox>
  </object>
  <object>
    <name>WHITE</name>
    <occluded>0</occluded>
    <bndbox>
      <xmin>807.85</xmin>
      <ymin>425.03</ymin>
      <xmax>839.25</xmax>
      <ymax>471.13</ymax>
    </bndbox>
  </object>
  <object>
    <name>WHITE</name>
    <occluded>0</occluded>
    <bndbox>
      <xmin>693.1</xmin>
      <ymin>736.07</ymin>
      <xmax>732.76</xmax>
      <ymax>770.1</ymax>
    </bndbox>
  </object>
  <object>
    <name>WHITE</name>
    <occluded>0</occluded>
    <bndbox>
      <xmin>802.25</xmin>
      <ymin>346.65</ymin>
      <xmax>832.2</xmax>
      <ymax>388.44</ymax>
    </bndbox>
  </object>
  <object>
    <name>WHITE</name>
    <occluded>0</occluded>
    <bndbox>
      <xmin>728.3</xmin>
      <ymin>663.04</ymin>
      <xmax>771.34</xmax>
      <ymax>703.5</ymax>
    </bndbox>
  </object>
  <object>
    <name>WHITE</name>
    <occluded>0</occluded>
    <bndbox>
      <xmin>691.88</xmin>
      <ymin>845.76</ymin>
      <xmax>733.9</xmax>
      <ymax>882.5</ymax>
    </bndbox>
  </object>
  <object>
    <name>WHITE</name>
    <occluded>0</occluded>
    <bndbox>
      <xmin>667.11</xmin>
      <ymin>782.32</ymin>
      <xmax>707.3</xmax>
      <ymax>819.5</ymax>
    </bndbox>
  </object>
  <object>
    <name>WHITE</name>
    <occluded>0</occluded>
    <bndbox>
      <xmin>639.27</xmin>
      <ymin>838.35</ymin>
      <xmax>678.23</xmax>
      <ymax>863.67</ymax>
    </bndbox>
  </object>
  <object>
    <name>WHITE</name>
    <occluded>0</occluded>
    <bndbox>
      <xmin>632.4</xmin>
      <ymin>855.77</ymin>
      <xmax>674.5</xmax>
      <ymax>893.6</ymax>
    </bndbox>
  </object>
  <object>
    <name>WHITE</name>
    <occluded>0</occluded>
    <bndbox>
      <xmin>740.5</xmin>
      <ymin>456.8</ymin>
      <xmax>780.1</xmax>
      <ymax>503.5</ymax>
    </bndbox>
  </object>
  <object>
    <name>WHITE</name>
    <occluded>0</occluded>
    <bndbox>
      <xmin>639.5</xmin>
      <ymin>691.0</ymin>
      <xmax>680.5</xmax>
      <ymax>727.4</ymax>
    </bndbox>
  </object>
  <object>
    <name>BLACK</name>
    <occluded>0</occluded>
    <bndbox>
      <xmin>570.09</xmin>
      <ymin>866.49</ymin>
      <xmax>607.0</xmax>
      <ymax>893.9</ymax>
    </bndbox>
  </object>
  <object>
    <name>WHITE</name>
    <occluded>0</occluded>
    <bndbox>
      <xmin>685.0</xmin>
      <ymin>391.2</ymin>
      <xmax>730.5</xmax>
      <ymax>439.0</ymax>
    </bndbox>
  </object>
  <object>
    <name>WHITE</name>
    <occluded>0</occluded>
    <bndbox>
      <xmin>647.82</xmin>
      <ymin>469.82</ymin>
      <xmax>694.8</xmax>
      <ymax>518.5</ymax>
    </bndbox>
  </object>
  <object>
    <name>WHITE</name>
    <occluded>0</occluded>
    <bndbox>
      <xmin>581.0</xmin>
      <ymin>641.0</ymin>
      <xmax>624.6</xmax>
      <ymax>678.6</ymax>
    </bndbox>
  </object>
  <object>
    <name>WHITE</name>
    <occluded>0</occluded>
    <bndbox>
      <xmin>542.9</xmin>
      <ymin>705.7</ymin>
      <xmax>585.0</xmax>
      <ymax>740.3</ymax>
    </bndbox>
  </object>
  <object>
    <name>WHITE</name>
    <occluded>0</occluded>
    <bndbox>
      <xmin>702.1</xmin>
      <ymin>809.19</ymin>
      <xmax>742.5</xmax>
      <ymax>851.4</ymax>
    </bndbox>
  </object>
  <object>
    <name>WHITE</name>
    <occluded>0</occluded>
    <bndbox>
      <xmin>734.8</xmin>
      <ymin>763.95</ymin>
      <xmax>769.45</xmax>
      <ymax>798.9</ymax>
    </bndbox>
  </object>
  <object>
    <name>WHITE</name>
    <occluded>0</occluded>
    <bndbox>
      <xmin>685.4</xmin>
      <ymin>245.9</ymin>
      <xmax>728.2</xmax>
      <ymax>287.4</ymax>
    </bndbox>
  </object>
  <object>
    <name>WHITE</name>
    <occluded>0</occluded>
    <bndbox>
      <xmin>762.1</xmin>
      <ymin>785.9</ymin>
      <xmax>797.92</xmax>
      <ymax>821.96</ymax>
    </bndbox>
  </object>
  <object>
    <name>WHITE</name>
    <occluded>0</occluded>
    <bndbox>
      <xmin>399.3</xmin>
      <ymin>512.8</ymin>
      <xmax>440.05</xmax>
      <ymax>559.0</ymax>
    </bndbox>
  </object>
  <object>
    <name>WHITE</name>
    <occluded>0</occluded>
    <bndbox>
      <xmin>336.6</xmin>
      <ymin>416.37</ymin>
      <xmax>360.03</xmax>
      <ymax>458.0</ymax>
    </bndbox>
  </object>
  <object>
    <name>WHITE</name>
    <occluded>0</occluded>
    <bndbox>
      <xmin>382.5</xmin>
      <ymin>373.93</ymin>
      <xmax>420.8</xmax>
      <ymax>416.7</ymax>
    </bndbox>
  </object>
  <object>
    <name>BLACK</name>
    <occluded>0</occluded>
    <bndbox>
      <xmin>365.51</xmin>
      <ymin>447.58</ymin>
      <xmax>402.7</xmax>
      <ymax>496.7</ymax>
    </bndbox>
  </object>
  <object>
    <name>WHITE</name>
    <occluded>0</occluded>
    <bndbox>
      <xmin>326.2</xmin>
      <ymin>302.14</ymin>
      <xmax>355.25</xmax>
      <ymax>342.5</ymax>
    </bndbox>
  </object>
  <object>
    <name>WHITE</name>
    <occluded>0</occluded>
    <bndbox>
      <xmin>309.0</xmin>
      <ymin>385.66</ymin>
      <xmax>336.47</xmax>
      <ymax>427.8</ymax>
    </bndbox>
  </object>
  <object>
    <name>WHITE</name>
    <occluded>0</occluded>
    <bndbox>
      <xmin>347.0</xmin>
      <ymin>335.33</ymin>
      <xmax>382.48</xmax>
      <ymax>378.7</ymax>
    </bndbox>
  </object>
  <object>
    <name>WHITE</name>
    <occluded>0</occluded>
    <bndbox>
      <xmin>422.89</xmin>
      <ymin>693.83</ymin>
      <xmax>456.7</xmax>
      <ymax>732.9</ymax>
    </bndbox>
  </object>
  <object>
    <name>WHITE</name>
    <occluded>0</occluded>
    <bndbox>
      <xmin>682.24</xmin>
      <ymin>170.17</ymin>
      <xmax>723.1</xmax>
      <ymax>197.62</ymax>
    </bndbox>
  </object>
  <object>
    <name>WHITE</name>
    <occluded>0</occluded>
    <bndbox>
      <xmin>738.8</xmin>
      <ymin>213.0</ymin>
      <xmax>775.62</xmax>
      <ymax>250.69</ymax>
    </bndbox>
  </object>
  <object>
    <name>BLACK</name>
    <occluded>0</occluded>
    <bndbox>
      <xmin>546.4</xmin>
      <ymin>144.47</ymin>
      <xmax>587.94</xmax>
      <ymax>163.55</ymax>
    </bndbox>
  </object>
  <object>
    <name>WHITE</name>
    <occluded>0</occluded>
    <bndbox>
      <xmin>499.6</xmin>
      <ymin>171.92</ymin>
      <xmax>541.7</xmax>
      <ymax>198.74</ymax>
    </bndbox>
  </object>
  <object>
    <name>WHITE</name>
    <occluded>0</occluded>
    <bndbox>
      <xmin>454.99</xmin>
      <ymin>219.95</ymin>
      <xmax>496.16</xmax>
      <ymax>256.44</ymax>
    </bndbox>
  </object>
  <object>
    <name>WHITE</name>
    <occluded>0</occluded>
    <bndbox>
      <xmin>377.96</xmin>
      <ymin>265.8</ymin>
      <xmax>412.26</xmax>
      <ymax>303.23</ymax>
    </bndbox>
  </object>
  <object>
    <name>WHITE</name>
    <occluded>0</occluded>
    <bndbox>
      <xmin>333.48</xmin>
      <ymin>557.42</ymin>
      <xmax>361.24</xmax>
      <ymax>596.1</ymax>
    </bndbox>
  </object>
  <object>
    <name>WHITE</name>
    <occluded>0</occluded>
    <bndbox>
      <xmin>345.61</xmin>
      <ymin>500.97</ymin>
      <xmax>373.4</xmax>
      <ymax>543.7</ymax>
    </bndbox>
  </object>
  <object>
    <name>WHITE</name>
    <occluded>0</occluded>
    <bndbox>
      <xmin>770.34</xmin>
      <ymin>268.88</ymin>
      <xmax>805.82</xmax>
      <ymax>310.2</ymax>
    </bndbox>
  </object>
  <object>
    <name>WHITE</name>
    <occluded>0</occluded>
    <bndbox>
      <xmin>756.98</xmin>
      <ymin>594.02</ymin>
      <xmax>799.02</xmax>
      <ymax>623.98</ymax>
    </bndbox>
  </object>
  <object>
    <name>WHITE</name>
    <occluded>0</occluded>
    <bndbox>
      <xmin>472.33</xmin>
      <ymin>506.73</ymin>
      <xmax>513.67</xmax>
      <ymax>549.27</ymax>
    </bndbox>
  </object>
  <object>
    <name>WHITE</name>
    <occluded>0</occluded>
    <bndbox>
      <xmin>623.12</xmin>
      <ymin>559.46</ymin>
      <xmax>664.88</xmax>
      <ymax>602.54</ymax>
    </bndbox>
  </object>
  <object>
    <name>WHITE</name>
    <occluded>0</occluded>
    <bndbox>
      <xmin>679.0</xmin>
      <ymin>621.5</ymin>
      <xmax>719.0</xmax>
      <ymax>658.5</ymax>
    </bndbox>
  </object>
  <object>
    <name>WHITE</name>
    <occluded>0</occluded>
    <bndbox>
      <xmin>726.0</xmin>
      <ymin>534.0</ymin>
      <xmax>764.0</xmax>
      <ymax>576.0</ymax>
    </bndbox>
  </object>
  <object>
    <name>BLACK</name>
    <occluded>0</occluded>
    <bndbox>
      <xmin>756.18</xmin>
      <ymin>385.65</ymin>
      <xmax>796.6</xmax>
      <ymax>436.92</ymax>
    </bndbox>
  </object>
  <object>
    <name>WHITE</name>
    <occluded>0</occluded>
    <bndbox>
      <xmin>418.02</xmin>
      <ymin>205.73</ymin>
      <xmax>453.62</xmax>
      <ymax>233.43</ymax>
    </bndbox>
  </object>
  <object>
    <name>WHITE</name>
    <occluded>0</occluded>
    <bndbox>
      <xmin>830.88</xmin>
      <ymin>555.71</ymin>
      <xmax>857.73</xmax>
      <ymax>598.17</ymax>
    </bndbox>
  </object>
  <object>
    <name>WHITE</name>
    <occluded>0</occluded>
    <bndbox>
      <xmin>414.16</xmin>
      <ymin>295.94</ymin>
      <xmax>455.84</xmax>
      <ymax>324.06</ymax>
    </bndbox>
  </object>
  <object>
    <name>WHITE</name>
    <occluded>0</occluded>
    <bndbox>
      <xmin>497.79</xmin>
      <ymin>274.68</ymin>
      <xmax>540.21</xmax>
      <ymax>309.32</ymax>
    </bndbox>
  </object>
  <object>
    <name>WHITE</name>
    <occluded>0</occluded>
    <bndbox>
      <xmin>522.37</xmin>
      <ymin>792.48</ymin>
      <xmax>568.41</xmax>
      <ymax>822.8</ymax>
    </bndbox>
  </object>
  <object>
    <name>WHITE</name>
    <occluded>0</occluded>
    <bndbox>
      <xmin>594.78</xmin>
      <ymin>792.42</ymin>
      <xmax>637.41</xmax>
      <ymax>824.39</ymax>
    </bndbox>
  </object>
  <object>
    <name>WHITE</name>
    <occluded>0</occluded>
    <bndbox>
      <xmin>454.46</xmin>
      <ymin>807.07</ymin>
      <xmax>488.6</xmax>
      <ymax>836.72</ymax>
    </bndbox>
  </object>
  <object>
    <name>BLACK</name>
    <occluded>0</occluded>
    <bndbox>
      <xmin>611.96</xmin>
      <ymin>759.36</ymin>
      <xmax>655.07</xmax>
      <ymax>792.28</ymax>
    </bndbox>
  </object>
  <object>
    <name>WHITE</name>
    <occluded>0</occluded>
    <bndbox>
      <xmin>367.3</xmin>
      <ymin>633.53</ymin>
      <xmax>399.53</xmax>
      <ymax>671.22</ymax>
    </bndbox>
  </object>
  <object>
    <name>WHITE</name>
    <occluded>0</occluded>
    <bndbox>
      <xmin>383.68</xmin>
      <ymin>575.31</ymin>
      <xmax>416.17</xmax>
      <ymax>614.82</ymax>
    </bndbox>
  </object>
  <object>
    <name>WHITE</name>
    <occluded>0</occluded>
    <bndbox>
      <xmin>791.87</xmin>
      <ymin>737.91</ymin>
      <xmax>821.5</xmax>
      <ymax>776.12</ymax>
    </bndbox>
  </object>
  <object>
    <name>WHITE</name>
    <occluded>0</occluded>
    <bndbox>
      <xmin>809.0</xmin>
      <ymin>753.25</ymin>
      <xmax>840.22</xmax>
      <ymax>794.06</ymax>
    </bndbox>
  </object>
  <object>
    <name>WHITE</name>
    <occluded>0</occluded>
    <bndbox>
      <xmin>799.85</xmin>
      <ymin>636.76</ymin>
      <xmax>831.3</xmax>
      <ymax>676.26</ymax>
    </bndbox>
  </object>
  <object>
    <name>WHITE</name>
    <occluded>0</occluded>
    <bndbox>
      <xmin>853.19</xmin>
      <ymin>603.8</ymin>
      <xmax>877.44</xmax>
      <ymax>644.95</ymax>
    </bndbox>
  </object>
  <object>
    <name>WHITE</name>
    <occluded>0</occluded>
    <bndbox>
      <xmin>844.0</xmin>
      <ymin>479.8</ymin>
      <xmax>869.54</xmax>
      <ymax>523.14</ymax>
    </bndbox>
  </object>
  <object>
    <name>WHITE</name>
    <occluded>0</occluded>
    <bndbox>
      <xmin>856.93</xmin>
      <ymin>389.39</ymin>
      <xmax>878.6</xmax>
      <ymax>432.1</ymax>
    </bndbox>
  </object>
  <object>
    <name>WHITE</name>
    <occluded>0</occluded>
    <bndbox>
      <xmin>574.39</xmin>
      <ymin>838.89</ymin>
      <xmax>614.44</xmax>
      <ymax>870.71</ymax>
    </bndbox>
  </object>
  <object>
    <name>WHITE</name>
    <occluded>0</occluded>
    <bndbox>
      <xmin>464.43</xmin>
      <ymin>786.91</ymin>
      <xmax>503.51</xmax>
      <ymax>814.3</ymax>
    </bndbox>
  </object>
  <object>
    <name>WHITE</name>
    <occluded>0</occluded>
    <bndbox>
      <xmin>505.4</xmin>
      <ymin>417.0</ymin>
      <xmax>551.7</xmax>
      <ymax>465.1</ymax>
    </bndbox>
  </object>
  <object>
    <name>WHITE</name>
    <occluded>0</occluded>
    <bndbox>
      <xmin>544.5</xmin>
      <ymin>328.0</ymin>
      <xmax>589.7</xmax>
      <ymax>374.5</ymax>
    </bndbox>
  </object>
  <object>
    <name>WHITE</name>
    <occluded>0</occluded>
    <bndbox>
      <xmin>588.5</xmin>
      <ymin>255.0</ymin>
      <xmax>636.0</xmax>
      <ymax>296.2</ymax>
    </bndbox>
  </object>
  <object>
    <name>WHITE</name>
    <occluded>0</occluded>
    <bndbox>
      <xmin>422.59</xmin>
      <ymin>645.21</ymin>
      <xmax>461.0</xmax>
      <ymax>682.3</ymax>
    </bndbox>
  </object>
  <object>
    <name>WHITE</name>
    <occluded>0</occluded>
    <bndbox>
      <xmin>445.5</xmin>
      <ymin>576.43</ymin>
      <xmax>484.7</xmax>
      <ymax>622.2</ymax>
    </bndbox>
  </object>
  <object>
    <name>WHITE</name>
    <occluded>0</occluded>
    <bndbox>
      <xmin>586.6</xmin>
      <ymin>157.01</ymin>
      <xmax>629.62</xmax>
      <ymax>186.7</ymax>
    </bndbox>
  </object>
  <object>
    <name>WHITE</name>
    <occluded>0</occluded>
    <bndbox>
      <xmin>543.5</xmin>
      <ymin>206.5</ymin>
      <xmax>586.0</xmax>
      <ymax>237.6</ymax>
    </bndbox>
  </object>
  <object>
    <name>WHITE</name>
    <occluded>0</occluded>
    <bndbox>
      <xmin>458.34</xmin>
      <ymin>353.8</ymin>
      <xmax>501.66</xmax>
      <ymax>398.2</ymax>
    </bndbox>
  </object>
  <object>
    <name>WHITE</name>
    <occluded>0</occluded>
    <bndbox>
      <xmin>428.85</xmin>
      <ymin>435.0</ymin>
      <xmax>469.15</xmax>
      <ymax>480.5</ymax>
    </bndbox>
  </object>
</annotation>
