<annotation>
  <folder>AH</folder>
  <filename>AH_camera6.png</filename>
  <source>
    <database>Unknown</database>
    <annotation>Unknown</annotation>
    <image>Unknown</image>
  </source>
  <size>
    <width>1280</width>
    <height>960</height>
    <depth></depth>
  </size>
  <segmented>0</segmented>
  <object>
    <name>WHITE</name>
    <occluded>0</occluded>
    <bndbox>
      <xmin>520.0</xmin>
      <ymin>209.5</ymin>
      <xmax>562.0</xmax>
      <ymax>234.5</ymax>
    </bndbox>
  </object>
  <object>
    <name>WHITE</name>
    <occluded>0</occluded>
    <bndbox>
      <xmin>270.93</xmin>
      <ymin>316.39</ymin>
      <xmax>302.12</xmax>
      <ymax>353.04</ymax>
    </bndbox>
  </object>
  <object>
    <name>WHITE</name>
    <occluded>0</occluded>
    <bndbox>
      <xmin>243.64</xmin>
      <ymin>382.15</ymin>
      <xmax>273.53</xmax>
      <ymax>424.77</ymax>
    </bndbox>
  </object>
  <object>
    <name>WHITE</name>
    <occluded>0</occluded>
    <bndbox>
      <xmin>848.9</xmin>
      <ymin>386.2</ymin>
      <xmax>872.4</xmax>
      <ymax>428.4</ymax>
    </bndbox>
  </object>
  <object>
    <name>WHITE</name>
    <occluded>0</occluded>
    <bndbox>
      <xmin>394.38</xmin>
      <ymin>887.48</ymin>
      <xmax>433.7</xmax>
      <ymax>918.0</ymax>
    </bndbox>
  </object>
  <object>
    <name>WHITE</name>
    <occluded>0</occluded>
    <bndbox>
      <xmin>385.06</xmin>
      <ymin>848.94</ymin>
      <xmax>429.8</xmax>
      <ymax>879.3</ymax>
    </bndbox>
  </object>
  <object>
    <name>WHITE</name>
    <occluded>0</occluded>
    <bndbox>
      <xmin>445.26</xmin>
      <ymin>824.76</ymin>
      <xmax>492.0</xmax>
      <ymax>863.0</ymax>
    </bndbox>
  </object>
  <object>
    <name>WHITE</name>
    <occluded>0</occluded>
    <bndbox>
      <xmin>514.0</xmin>
      <ymin>825.88</ymin>
      <xmax>557.7</xmax>
      <ymax>860.0</ymax>
    </bndbox>
  </object>
  <object>
    <name>BLACK</name>
    <occluded>0</occluded>
    <bndbox>
      <xmin>566.2</xmin>
      <ymin>177.2</ymin>
      <xmax>608.8</xmax>
      <ymax>195.9</ymax>
    </bndbox>
  </object>
  <object>
    <name>WHITE</name>
    <occluded>0</occluded>
    <bndbox>
      <xmin>568.0</xmin>
      <ymin>270.0</ymin>
      <xmax>612.5</xmax>
      <ymax>308.4</ymax>
    </bndbox>
  </object>
  <object>
    <name>WHITE</name>
    <occluded>0</occluded>
    <bndbox>
      <xmin>519.7</xmin>
      <ymin>334.53</ymin>
      <xmax>569.5</xmax>
      <ymax>377.47</ymax>
    </bndbox>
  </object>
  <object>
    <name>WHITE</name>
    <occluded>0</occluded>
    <bndbox>
      <xmin>483.3</xmin>
      <ymin>397.0</ymin>
      <xmax>532.0</xmax>
      <ymax>442.9</ymax>
    </bndbox>
  </object>
  <object>
    <name>WHITE</name>
    <occluded>0</occluded>
    <bndbox>
      <xmin>444.3</xmin>
      <ymin>477.6</ymin>
      <xmax>492.4</xmax>
      <ymax>523.5</ymax>
    </bndbox>
  </object>
  <object>
    <name>WHITE</name>
    <occluded>0</occluded>
    <bndbox>
      <xmin>402.91</xmin>
      <ymin>545.34</ymin>
      <xmax>453.0</xmax>
      <ymax>591.4</ymax>
    </bndbox>
  </object>
  <object>
    <name>WHITE</name>
    <occluded>0</occluded>
    <bndbox>
      <xmin>812.1</xmin>
      <ymin>439.0</ymin>
      <xmax>843.3</xmax>
      <ymax>483.6</ymax>
    </bndbox>
  </object>
  <object>
    <name>WHITE</name>
    <occluded>0</occluded>
    <bndbox>
      <xmin>732.2</xmin>
      <ymin>565.1</ymin>
      <xmax>772.1</xmax>
      <ymax>607.2</ymax>
    </bndbox>
  </object>
  <object>
    <name>WHITE</name>
    <occluded>0</occluded>
    <bndbox>
      <xmin>663.0</xmin>
      <ymin>708.48</ymin>
      <xmax>705.74</xmax>
      <ymax>742.0</ymax>
    </bndbox>
  </object>
  <object>
    <name>WHITE</name>
    <occluded>0</occluded>
    <bndbox>
      <xmin>609.86</xmin>
      <ymin>762.19</ymin>
      <xmax>655.3</xmax>
      <ymax>799.2</ymax>
    </bndbox>
  </object>
  <object>
    <name>BLACK</name>
    <occluded>0</occluded>
    <bndbox>
      <xmin>572.26</xmin>
      <ymin>818.26</ymin>
      <xmax>619.1</xmax>
      <ymax>850.9</ymax>
    </bndbox>
  </object>
  <object>
    <name>WHITE</name>
    <occluded>0</occluded>
    <bndbox>
      <xmin>737.47</xmin>
      <ymin>415.43</ymin>
      <xmax>778.1</xmax>
      <ymax>460.9</ymax>
    </bndbox>
  </object>
  <object>
    <name>WHITE</name>
    <occluded>0</occluded>
    <bndbox>
      <xmin>692.5</xmin>
      <ymin>494.0</ymin>
      <xmax>736.0</xmax>
      <ymax>539.9</ymax>
    </bndbox>
  </object>
  <object>
    <name>WHITE</name>
    <occluded>0</occluded>
    <bndbox>
      <xmin>651.46</xmin>
      <ymin>575.27</ymin>
      <xmax>697.9</xmax>
      <ymax>617.0</ymax>
    </bndbox>
  </object>
  <object>
    <name>WHITE</name>
    <occluded>0</occluded>
    <bndbox>
      <xmin>619.13</xmin>
      <ymin>643.76</ymin>
      <xmax>666.4</xmax>
      <ymax>684.2</ymax>
    </bndbox>
  </object>
  <object>
    <name>WHITE</name>
    <occluded>0</occluded>
    <bndbox>
      <xmin>582.1</xmin>
      <ymin>705.4</ymin>
      <xmax>626.62</xmax>
      <ymax>746.8</ymax>
    </bndbox>
  </object>
  <object>
    <name>WHITE</name>
    <occluded>0</occluded>
    <bndbox>
      <xmin>530.55</xmin>
      <ymin>769.42</ymin>
      <xmax>579.1</xmax>
      <ymax>804.3</ymax>
    </bndbox>
  </object>
  <object>
    <name>WHITE</name>
    <occluded>0</occluded>
    <bndbox>
      <xmin>703.62</xmin>
      <ymin>329.43</ymin>
      <xmax>744.1</xmax>
      <ymax>375.8</ymax>
    </bndbox>
  </object>
  <object>
    <name>WHITE</name>
    <occluded>0</occluded>
    <bndbox>
      <xmin>654.0</xmin>
      <ymin>414.0</ymin>
      <xmax>700.2</xmax>
      <ymax>462.4</ymax>
    </bndbox>
  </object>
  <object>
    <name>WHITE</name>
    <occluded>0</occluded>
    <bndbox>
      <xmin>611.05</xmin>
      <ymin>495.35</ymin>
      <xmax>659.1</xmax>
      <ymax>546.8</ymax>
    </bndbox>
  </object>
  <object>
    <name>WHITE</name>
    <occluded>0</occluded>
    <bndbox>
      <xmin>570.9</xmin>
      <ymin>573.2</ymin>
      <xmax>619.3</xmax>
      <ymax>618.1</ymax>
    </bndbox>
  </object>
  <object>
    <name>WHITE</name>
    <occluded>0</occluded>
    <bndbox>
      <xmin>530.07</xmin>
      <ymin>641.32</ymin>
      <xmax>578.7</xmax>
      <ymax>683.0</ymax>
    </bndbox>
  </object>
  <object>
    <name>WHITE</name>
    <occluded>0</occluded>
    <bndbox>
      <xmin>481.86</xmin>
      <ymin>699.6</ymin>
      <xmax>528.5</xmax>
      <ymax>739.0</ymax>
    </bndbox>
  </object>
  <object>
    <name>WHITE</name>
    <occluded>0</occluded>
    <bndbox>
      <xmin>436.62</xmin>
      <ymin>751.98</ymin>
      <xmax>481.2</xmax>
      <ymax>791.7</ymax>
    </bndbox>
  </object>
  <object>
    <name>WHITE</name>
    <occluded>0</occluded>
    <bndbox>
      <xmin>655.2</xmin>
      <ymin>256.51</ymin>
      <xmax>698.7</xmax>
      <ymax>299.37</ymax>
    </bndbox>
  </object>
  <object>
    <name>WHITE</name>
    <occluded>0</occluded>
    <bndbox>
      <xmin>612.0</xmin>
      <ymin>337.9</ymin>
      <xmax>659.1</xmax>
      <ymax>382.1</ymax>
    </bndbox>
  </object>
  <object>
    <name>WHITE</name>
    <occluded>0</occluded>
    <bndbox>
      <xmin>570.4</xmin>
      <ymin>409.89</ymin>
      <xmax>614.87</xmax>
      <ymax>458.8</ymax>
    </bndbox>
  </object>
  <object>
    <name>WHITE</name>
    <occluded>0</occluded>
    <bndbox>
      <xmin>527.2</xmin>
      <ymin>492.6</ymin>
      <xmax>576.7</xmax>
      <ymax>540.2</ymax>
    </bndbox>
  </object>
  <object>
    <name>WHITE</name>
    <occluded>0</occluded>
    <bndbox>
      <xmin>486.5</xmin>
      <ymin>565.1</ymin>
      <xmax>534.8</xmax>
      <ymax>611.91</ymax>
    </bndbox>
  </object>
  <object>
    <name>WHITE</name>
    <occluded>0</occluded>
    <bndbox>
      <xmin>440.6</xmin>
      <ymin>622.52</ymin>
      <xmax>487.9</xmax>
      <ymax>665.9</ymax>
    </bndbox>
  </object>
  <object>
    <name>WHITE</name>
    <occluded>0</occluded>
    <bndbox>
      <xmin>394.4</xmin>
      <ymin>670.88</ymin>
      <xmax>439.0</xmax>
      <ymax>709.3</ymax>
    </bndbox>
  </object>
  <object>
    <name>WHITE</name>
    <occluded>0</occluded>
    <bndbox>
      <xmin>348.14</xmin>
      <ymin>700.15</ymin>
      <xmax>386.0</xmax>
      <ymax>742.2</ymax>
    </bndbox>
  </object>
  <object>
    <name>WHITE</name>
    <occluded>0</occluded>
    <bndbox>
      <xmin>605.89</xmin>
      <ymin>208.5</ymin>
      <xmax>652.5</xmax>
      <ymax>234.7</ymax>
    </bndbox>
  </object>
  <object>
    <name>BLACK</name>
    <occluded>0</occluded>
    <bndbox>
      <xmin>763.2</xmin>
      <ymin>490.91</ymin>
      <xmax>801.51</xmax>
      <ymax>539.9</ymax>
    </bndbox>
  </object>
  <object>
    <name>WHITE</name>
    <occluded>0</occluded>
    <bndbox>
      <xmin>740.4</xmin>
      <ymin>686.49</ymin>
      <xmax>779.51</xmax>
      <ymax>723.0</ymax>
    </bndbox>
  </object>
  <object>
    <name>WHITE</name>
    <occluded>0</occluded>
    <bndbox>
      <xmin>780.0</xmin>
      <ymin>603.43</ymin>
      <xmax>815.66</xmax>
      <ymax>645.7</ymax>
    </bndbox>
  </object>
  <object>
    <name>WHITE</name>
    <occluded>0</occluded>
    <bndbox>
      <xmin>810.6</xmin>
      <ymin>527.71</ymin>
      <xmax>841.53</xmax>
      <ymax>572.0</ymax>
    </bndbox>
  </object>
  <object>
    <name>WHITE</name>
    <occluded>0</occluded>
    <bndbox>
      <xmin>323.13</xmin>
      <ymin>502.38</ymin>
      <xmax>363.0</xmax>
      <ymax>551.0</ymax>
    </bndbox>
  </object>
  <object>
    <name>WHITE</name>
    <occluded>0</occluded>
    <bndbox>
      <xmin>477.0</xmin>
      <ymin>258.0</ymin>
      <xmax>523.7</xmax>
      <ymax>290.0</ymax>
    </bndbox>
  </object>
  <object>
    <name>WHITE</name>
    <occluded>0</occluded>
    <bndbox>
      <xmin>703.14</xmin>
      <ymin>643.44</ymin>
      <xmax>744.86</xmax>
      <ymax>674.56</ymax>
    </bndbox>
  </object>
  <object>
    <name>WHITE</name>
    <occluded>0</occluded>
    <bndbox>
      <xmin>231.94</xmin>
      <ymin>562.01</ymin>
      <xmax>265.99</xmax>
      <ymax>600.21</ymax>
    </bndbox>
  </object>
  <object>
    <name>WHITE</name>
    <occluded>0</occluded>
    <bndbox>
      <xmin>234.02</xmin>
      <ymin>466.88</ymin>
      <xmax>254.29</xmax>
      <ymax>511.84</ymax>
    </bndbox>
  </object>
  <object>
    <name>WHITE</name>
    <occluded>0</occluded>
    <bndbox>
      <xmin>269.37</xmin>
      <ymin>440.63</ymin>
      <xmax>301.6</xmax>
      <ymax>488.97</ymax>
    </bndbox>
  </object>
  <object>
    <name>WHITE</name>
    <occluded>0</occluded>
    <bndbox>
      <xmin>377.15</xmin>
      <ymin>271.72</ymin>
      <xmax>419.61</xmax>
      <ymax>303.34</ymax>
    </bndbox>
  </object>
  <object>
    <name>WHITE</name>
    <occluded>0</occluded>
    <bndbox>
      <xmin>314.85</xmin>
      <ymin>292.48</ymin>
      <xmax>351.24</xmax>
      <ymax>326.78</ymax>
    </bndbox>
  </object>
  <object>
    <name>WHITE</name>
    <occluded>0</occluded>
    <bndbox>
      <xmin>306.41</xmin>
      <ymin>620.77</ymin>
      <xmax>347.0</xmax>
      <ymax>666.2</ymax>
    </bndbox>
  </object>
  <object>
    <name>BLACK</name>
    <occluded>0</occluded>
    <bndbox>
      <xmin>370.0</xmin>
      <ymin>468.01</ymin>
      <xmax>417.8</xmax>
      <ymax>519.6</ymax>
    </bndbox>
  </object>
  <object>
    <name>WHITE</name>
    <occluded>0</occluded>
    <bndbox>
      <xmin>396.57</xmin>
      <ymin>398.5</ymin>
      <xmax>441.3</xmax>
      <ymax>445.6</ymax>
    </bndbox>
  </object>
  <object>
    <name>WHITE</name>
    <occluded>0</occluded>
    <bndbox>
      <xmin>428.6</xmin>
      <ymin>318.0</ymin>
      <xmax>476.5</xmax>
      <ymax>357.6</ymax>
    </bndbox>
  </object>
  <object>
    <name>WHITE</name>
    <occluded>0</occluded>
    <bndbox>
      <xmin>341.9</xmin>
      <ymin>339.68</ymin>
      <xmax>385.61</xmax>
      <ymax>381.0</ymax>
    </bndbox>
  </object>
  <object>
    <name>WHITE</name>
    <occluded>0</occluded>
    <bndbox>
      <xmin>286.1</xmin>
      <ymin>361.44</ymin>
      <xmax>322.15</xmax>
      <ymax>403.8</ymax>
    </bndbox>
  </object>
  <object>
    <name>WHITE</name>
    <occluded>0</occluded>
    <bndbox>
      <xmin>789.4</xmin>
      <ymin>357.0</ymin>
      <xmax>824.1</xmax>
      <ymax>401.1</ymax>
    </bndbox>
  </object>
  <object>
    <name>WHITE</name>
    <occluded>0</occluded>
    <bndbox>
      <xmin>349.51</xmin>
      <ymin>584.63</ymin>
      <xmax>395.5</xmax>
      <ymax>631.4</ymax>
    </bndbox>
  </object>
  <object>
    <name>WHITE</name>
    <occluded>0</occluded>
    <bndbox>
      <xmin>322.3</xmin>
      <ymin>415.46</ymin>
      <xmax>363.34</xmax>
      <ymax>461.4</ymax>
    </bndbox>
  </object>
  <object>
    <name>WHITE</name>
    <occluded>0</occluded>
    <bndbox>
      <xmin>341.71</xmin>
      <ymin>870.89</ymin>
      <xmax>379.88</xmax>
      <ymax>899.71</ymax>
    </bndbox>
  </object>
  <object>
    <name>WHITE</name>
    <occluded>0</occluded>
    <bndbox>
      <xmin>535.21</xmin>
      <ymin>871.64</ymin>
      <xmax>578.62</xmax>
      <ymax>904.58</ymax>
    </bndbox>
  </object>
  <object>
    <name>WHITE</name>
    <occluded>0</occluded>
    <bndbox>
      <xmin>464.1</xmin>
      <ymin>886.99</ymin>
      <xmax>505.64</xmax>
      <ymax>914.69</ymax>
    </bndbox>
  </object>
  <object>
    <name>WHITE</name>
    <occluded>0</occluded>
    <bndbox>
      <xmin>272.28</xmin>
      <ymin>526.49</ymin>
      <xmax>302.6</xmax>
      <ymax>572.9</ymax>
    </bndbox>
  </object>
  <object>
    <name>WHITE</name>
    <occluded>0</occluded>
    <bndbox>
      <xmin>838.69</xmin>
      <ymin>660.6</ymin>
      <xmax>863.64</xmax>
      <ymax>698.33</ymax>
    </bndbox>
  </object>
  <object>
    <name>WHITE</name>
    <occluded>0</occluded>
    <bndbox>
      <xmin>813.11</xmin>
      <ymin>639.7</ymin>
      <xmax>841.18</xmax>
      <ymax>679.0</ymax>
    </bndbox>
  </object>
  <object>
    <name>WHITE</name>
    <occluded>0</occluded>
    <bndbox>
      <xmin>793.81</xmin>
      <ymin>696.78</ymin>
      <xmax>825.28</xmax>
      <ymax>734.52</ymax>
    </bndbox>
  </object>
  <object>
    <name>WHITE</name>
    <occluded>0</occluded>
    <bndbox>
      <xmin>708.0</xmin>
      <ymin>859.01</ymin>
      <xmax>743.35</xmax>
      <ymax>883.44</ymax>
    </bndbox>
  </object>
  <object>
    <name>WHITE</name>
    <occluded>0</occluded>
    <bndbox>
      <xmin>632.53</xmin>
      <ymin>168.58</ymin>
      <xmax>673.38</xmax>
      <ymax>196.96</ymax>
    </bndbox>
  </object>
  <object>
    <name>WHITE</name>
    <occluded>0</occluded>
    <bndbox>
      <xmin>496.85</xmin>
      <ymin>175.44</ymin>
      <xmax>538.33</xmax>
      <ymax>195.09</ymax>
    </bndbox>
  </object>
  <object>
    <name>WHITE</name>
    <occluded>0</occluded>
    <bndbox>
      <xmin>427.3</xmin>
      <ymin>213.81</ymin>
      <xmax>471.28</xmax>
      <ymax>242.19</ymax>
    </bndbox>
  </object>
  <object>
    <name>WHITE</name>
    <occluded>0</occluded>
    <bndbox>
      <xmin>496.12</xmin>
      <ymin>924.35</ymin>
      <xmax>537.44</xmax>
      <ymax>942.28</ymax>
    </bndbox>
  </object>
  <object>
    <name>WHITE</name>
    <occluded>0</occluded>
    <bndbox>
      <xmin>395.01</xmin>
      <ymin>920.45</ymin>
      <xmax>432.96</xmax>
      <ymax>942.8</ymax>
    </bndbox>
  </object>
  <object>
    <name>WHITE</name>
    <occluded>0</occluded>
    <bndbox>
      <xmin>432.96</xmin>
      <ymin>922.27</ymin>
      <xmax>473.25</xmax>
      <ymax>945.4</ymax>
    </bndbox>
  </object>
  <object>
    <name>WHITE</name>
    <occluded>0</occluded>
    <bndbox>
      <xmin>576.95</xmin>
      <ymin>904.6</ymin>
      <xmax>615.7</xmax>
      <ymax>925.65</ymax>
    </bndbox>
  </object>
  <object>
    <name>WHITE</name>
    <occluded>0</occluded>
    <bndbox>
      <xmin>553.82</xmin>
      <ymin>931.11</ymin>
      <xmax>592.29</xmax>
      <ymax>952.16</ymax>
    </bndbox>
  </object>
  <object>
    <name>WHITE</name>
    <occluded>0</occluded>
    <bndbox>
      <xmin>660.59</xmin>
      <ymin>864.53</ymin>
      <xmax>695.77</xmax>
      <ymax>893.35</ymax>
    </bndbox>
  </object>
  <object>
    <name>WHITE</name>
    <occluded>0</occluded>
    <bndbox>
      <xmin>637.01</xmin>
      <ymin>891.86</ymin>
      <xmax>674.06</xmax>
      <ymax>925.17</ymax>
    </bndbox>
  </object>
  <object>
    <name>WHITE</name>
    <occluded>0</occluded>
    <bndbox>
      <xmin>610.06</xmin>
      <ymin>857.42</ymin>
      <xmax>650.49</xmax>
      <ymax>885.87</ymax>
    </bndbox>
  </object>
  <object>
    <name>WHITE</name>
    <occluded>0</occluded>
    <bndbox>
      <xmin>846.61</xmin>
      <ymin>556.99</ymin>
      <xmax>873.93</xmax>
      <ymax>599.28</ymax>
    </bndbox>
  </object>
  <object>
    <name>WHITE</name>
    <occluded>0</occluded>
    <bndbox>
      <xmin>858.21</xmin>
      <ymin>472.83</ymin>
      <xmax>880.98</xmax>
      <ymax>518.37</ymax>
    </bndbox>
  </object>
  <object>
    <name>WHITE</name>
    <occluded>0</occluded>
    <bndbox>
      <xmin>761.54</xmin>
      <ymin>276.26</ymin>
      <xmax>789.49</xmax>
      <ymax>315.25</ymax>
    </bndbox>
  </object>
</annotation>
