<annotation>
  <folder>AH</folder>
  <filename>AH_camera1.png</filename>
  <source>
    <database>Unknown</database>
    <annotation>Unknown</annotation>
    <image>Unknown</image>
  </source>
  <size>
    <width>960</width>
    <height>1280</height>
    <depth></depth>
  </size>
  <segmented>0</segmented>
  <object>
    <name>WHITE</name>
    <occluded>0</occluded>
    <bndbox>
      <xmin>243.04</xmin>
      <ymin>387.01</ymin>
      <xmax>267.49</xmax>
      <ymax>431.42</ymax>
    </bndbox>
  </object>
  <object>
    <name>WHITE</name>
    <occluded>0</occluded>
    <bndbox>
      <xmin>216.59</xmin>
      <ymin>459.37</ymin>
      <xmax>239.54</xmax>
      <ymax>506.28</ymax>
    </bndbox>
  </object>
  <object>
    <name>WHITE</name>
    <occluded>0</occluded>
    <bndbox>
      <xmin>732.09</xmin>
      <ymin>586.02</ymin>
      <xmax>763.03</xmax>
      <ymax>631.43</ymax>
    </bndbox>
  </object>
  <object>
    <name>WHITE</name>
    <occluded>0</occluded>
    <bndbox>
      <xmin>752.55</xmin>
      <ymin>459.27</ymin>
      <xmax>776.5</xmax>
      <ymax>500.19</ymax>
    </bndbox>
  </object>
  <object>
    <name>WHITE</name>
    <occluded>0</occluded>
    <bndbox>
      <xmin>699.15</xmin>
      <ymin>318.54</ymin>
      <xmax>731.09</xmax>
      <ymax>355.47</ymax>
    </bndbox>
  </object>
  <object>
    <name>WHITE</name>
    <occluded>0</occluded>
    <bndbox>
      <xmin>546.72</xmin>
      <ymin>211.37</ymin>
      <xmax>589.35</xmax>
      <ymax>230.77</ymax>
    </bndbox>
  </object>
  <object>
    <name>WHITE</name>
    <occluded>0</occluded>
    <bndbox>
      <xmin>629.6</xmin>
      <ymin>290.88</ymin>
      <xmax>668.28</xmax>
      <ymax>325.82</ymax>
    </bndbox>
  </object>
  <object>
    <name>WHITE</name>
    <occluded>0</occluded>
    <bndbox>
      <xmin>446.62</xmin>
      <ymin>206.05</ymin>
      <xmax>487.38</xmax>
      <ymax>226.43</ymax>
    </bndbox>
  </object>
  <object>
    <name>WHITE</name>
    <occluded>0</occluded>
    <bndbox>
      <xmin>584.28</xmin>
      <ymin>241.81</ymin>
      <xmax>625.45</xmax>
      <ymax>270.92</ymax>
    </bndbox>
  </object>
  <object>
    <name>WHITE</name>
    <occluded>0</occluded>
    <bndbox>
      <xmin>349.31</xmin>
      <ymin>276.3</ymin>
      <xmax>389.65</xmax>
      <ymax>312.09</ymax>
    </bndbox>
  </object>
  <object>
    <name>WHITE</name>
    <occluded>0</occluded>
    <bndbox>
      <xmin>393.81</xmin>
      <ymin>233.08</ymin>
      <xmax>434.56</xmax>
      <ymax>261.77</ymax>
    </bndbox>
  </object>
  <object>
    <name>WHITE</name>
    <occluded>0</occluded>
    <bndbox>
      <xmin>480.9</xmin>
      <ymin>303.0</ymin>
      <xmax>529.2</xmax>
      <ymax>342.8</ymax>
    </bndbox>
  </object>
  <object>
    <name>WHITE</name>
    <occluded>0</occluded>
    <bndbox>
      <xmin>535.0</xmin>
      <ymin>263.2</ymin>
      <xmax>578.6</xmax>
      <ymax>296.7</ymax>
    </bndbox>
  </object>
  <object>
    <name>WHITE</name>
    <occluded>0</occluded>
    <bndbox>
      <xmin>362.0</xmin>
      <ymin>540.5</ymin>
      <xmax>407.5</xmax>
      <ymax>588.5</ymax>
    </bndbox>
  </object>
  <object>
    <name>BLACK</name>
    <occluded>0</occluded>
    <bndbox>
      <xmin>436.7</xmin>
      <ymin>511.9</ymin>
      <xmax>488.9</xmax>
      <ymax>564.4</ymax>
    </bndbox>
  </object>
  <object>
    <name>WHITE</name>
    <occluded>0</occluded>
    <bndbox>
      <xmin>242.94</xmin>
      <ymin>598.17</ymin>
      <xmax>272.05</xmax>
      <ymax>642.25</ymax>
    </bndbox>
  </object>
  <object>
    <name>WHITE</name>
    <occluded>0</occluded>
    <bndbox>
      <xmin>206.76</xmin>
      <ymin>536.62</ymin>
      <xmax>229.63</xmax>
      <ymax>579.45</ymax>
    </bndbox>
  </object>
  <object>
    <name>WHITE</name>
    <occluded>0</occluded>
    <bndbox>
      <xmin>244.6</xmin>
      <ymin>685.91</ymin>
      <xmax>274.96</xmax>
      <ymax>725.83</ymax>
    </bndbox>
  </object>
  <object>
    <name>WHITE</name>
    <occluded>0</occluded>
    <bndbox>
      <xmin>462.26</xmin>
      <ymin>812.08</ymin>
      <xmax>507.59</xmax>
      <ymax>839.95</ymax>
    </bndbox>
  </object>
  <object>
    <name>WHITE</name>
    <occluded>0</occluded>
    <bndbox>
      <xmin>734.48</xmin>
      <ymin>663.97</ymin>
      <xmax>763.93</xmax>
      <ymax>702.9</ymax>
    </bndbox>
  </object>
  <object>
    <name>WHITE</name>
    <occluded>0</occluded>
    <bndbox>
      <xmin>539.79</xmin>
      <ymin>825.76</ymin>
      <xmax>582.07</xmax>
      <ymax>850.71</ymax>
    </bndbox>
  </object>
  <object>
    <name>BLACK</name>
    <occluded>0</occluded>
    <bndbox>
      <xmin>658.13</xmin>
      <ymin>268.44</ymin>
      <xmax>690.82</xmax>
      <ymax>303.33</ymax>
    </bndbox>
  </object>
  <object>
    <name>WHITE</name>
    <occluded>0</occluded>
    <bndbox>
      <xmin>230.98</xmin>
      <ymin>356.22</ymin>
      <xmax>254.89</xmax>
      <ymax>396.08</ymax>
    </bndbox>
  </object>
  <object>
    <name>WHITE</name>
    <occluded>0</occluded>
    <bndbox>
      <xmin>674.5</xmin>
      <ymin>578.0</ymin>
      <xmax>706.2</xmax>
      <ymax>620.0</ymax>
    </bndbox>
  </object>
  <object>
    <name>WHITE</name>
    <occluded>0</occluded>
    <bndbox>
      <xmin>538.3</xmin>
      <ymin>637.79</ymin>
      <xmax>583.66</xmax>
      <ymax>680.7</ymax>
    </bndbox>
  </object>
  <object>
    <name>WHITE</name>
    <occluded>0</occluded>
    <bndbox>
      <xmin>441.5</xmin>
      <ymin>594.0</ymin>
      <xmax>487.5</xmax>
      <ymax>640.5</ymax>
    </bndbox>
  </object>
  <object>
    <name>WHITE</name>
    <occluded>0</occluded>
    <bndbox>
      <xmin>549.45</xmin>
      <ymin>722.13</ymin>
      <xmax>591.93</xmax>
      <ymax>756.11</ymax>
    </bndbox>
  </object>
  <object>
    <name>WHITE</name>
    <occluded>0</occluded>
    <bndbox>
      <xmin>599.0</xmin>
      <ymin>555.5</ymin>
      <xmax>641.5</xmax>
      <ymax>600.5</ymax>
    </bndbox>
  </object>
  <object>
    <name>WHITE</name>
    <occluded>0</occluded>
    <bndbox>
      <xmin>432.5</xmin>
      <ymin>364.5</ymin>
      <xmax>477.0</xmax>
      <ymax>408.5</ymax>
    </bndbox>
  </object>
  <object>
    <name>WHITE</name>
    <occluded>0</occluded>
    <bndbox>
      <xmin>386.5</xmin>
      <ymin>453.0</ymin>
      <xmax>432.5</xmax>
      <ymax>495.0</ymax>
    </bndbox>
  </object>
  <object>
    <name>WHITE</name>
    <occluded>0</occluded>
    <bndbox>
      <xmin>492.0</xmin>
      <ymin>227.6</ymin>
      <xmax>535.4</xmax>
      <ymax>254.5</ymax>
    </bndbox>
  </object>
  <object>
    <name>WHITE</name>
    <occluded>0</occluded>
    <bndbox>
      <xmin>437.3</xmin>
      <ymin>258.3</ymin>
      <xmax>481.6</xmax>
      <ymax>290.2</ymax>
    </bndbox>
  </object>
  <object>
    <name>WHITE</name>
    <occluded>0</occluded>
    <bndbox>
      <xmin>385.64</xmin>
      <ymin>308.7</ymin>
      <xmax>430.9</xmax>
      <ymax>349.5</ymax>
    </bndbox>
  </object>
  <object>
    <name>WHITE</name>
    <occluded>0</occluded>
    <bndbox>
      <xmin>343.5</xmin>
      <ymin>397.0</ymin>
      <xmax>384.0</xmax>
      <ymax>444.0</ymax>
    </bndbox>
  </object>
  <object>
    <name>WHITE</name>
    <occluded>0</occluded>
    <bndbox>
      <xmin>302.15</xmin>
      <ymin>348.7</ymin>
      <xmax>345.5</xmax>
      <ymax>390.4</ymax>
    </bndbox>
  </object>
  <object>
    <name>WHITE</name>
    <occluded>0</occluded>
    <bndbox>
      <xmin>261.5</xmin>
      <ymin>426.0</ymin>
      <xmax>292.5</xmax>
      <ymax>470.0</ymax>
    </bndbox>
  </object>
  <object>
    <name>WHITE</name>
    <occluded>0</occluded>
    <bndbox>
      <xmin>297.9</xmin>
      <ymin>481.0</ymin>
      <xmax>338.65</xmax>
      <ymax>524.5</ymax>
    </bndbox>
  </object>
  <object>
    <name>WHITE</name>
    <occluded>0</occluded>
    <bndbox>
      <xmin>322.67</xmin>
      <ymin>797.97</ymin>
      <xmax>364.59</xmax>
      <ymax>825.52</ymax>
    </bndbox>
  </object>
  <object>
    <name>WHITE</name>
    <occluded>0</occluded>
    <bndbox>
      <xmin>297.5</xmin>
      <ymin>572.0</ymin>
      <xmax>330.5</xmax>
      <ymax>614.0</ymax>
    </bndbox>
  </object>
  <object>
    <name>WHITE</name>
    <occluded>0</occluded>
    <bndbox>
      <xmin>458.0</xmin>
      <ymin>756.5</ymin>
      <xmax>500.0</xmax>
      <ymax>787.5</ymax>
    </bndbox>
  </object>
  <object>
    <name>WHITE</name>
    <occluded>0</occluded>
    <bndbox>
      <xmin>621.79</xmin>
      <ymin>666.68</ymin>
      <xmax>664.21</xmax>
      <ymax>701.32</ymax>
    </bndbox>
  </object>
  <object>
    <name>WHITE</name>
    <occluded>0</occluded>
    <bndbox>
      <xmin>450.0</xmin>
      <ymin>683.5</ymin>
      <xmax>494.0</xmax>
      <ymax>722.5</ymax>
    </bndbox>
  </object>
  <object>
    <name>WHITE</name>
    <occluded>0</occluded>
    <bndbox>
      <xmin>682.1</xmin>
      <ymin>730.9</ymin>
      <xmax>719.6</xmax>
      <ymax>765.8</ymax>
    </bndbox>
  </object>
  <object>
    <name>WHITE</name>
    <occluded>0</occluded>
    <bndbox>
      <xmin>377.9</xmin>
      <ymin>783.1</ymin>
      <xmax>420.3</xmax>
      <ymax>816.4</ymax>
    </bndbox>
  </object>
  <object>
    <name>WHITE</name>
    <occluded>0</occluded>
    <bndbox>
      <xmin>542.0</xmin>
      <ymin>779.0</ymin>
      <xmax>587.8</xmax>
      <ymax>807.9</ymax>
    </bndbox>
  </object>
  <object>
    <name>WHITE</name>
    <occluded>0</occluded>
    <bndbox>
      <xmin>361.7</xmin>
      <ymin>728.4</ymin>
      <xmax>405.7</xmax>
      <ymax>763.5</ymax>
    </bndbox>
  </object>
  <object>
    <name>WHITE</name>
    <occluded>0</occluded>
    <bndbox>
      <xmin>737.6</xmin>
      <ymin>389.1</ymin>
      <xmax>759.4</xmax>
      <ymax>429.9</ymax>
    </bndbox>
  </object>
  <object>
    <name>WHITE</name>
    <occluded>0</occluded>
    <bndbox>
      <xmin>683.43</xmin>
      <ymin>662.0</ymin>
      <xmax>721.6</xmax>
      <ymax>707.0</ymax>
    </bndbox>
  </object>
  <object>
    <name>WHITE</name>
    <occluded>0</occluded>
    <bndbox>
      <xmin>300.8</xmin>
      <ymin>744.1</ymin>
      <xmax>342.6</xmax>
      <ymax>778.0</ymax>
    </bndbox>
  </object>
  <object>
    <name>WHITE</name>
    <occluded>0</occluded>
    <bndbox>
      <xmin>351.3</xmin>
      <ymin>642.4</ymin>
      <xmax>398.3</xmax>
      <ymax>685.6</ymax>
    </bndbox>
  </object>
  <object>
    <name>WHITE</name>
    <occluded>0</occluded>
    <bndbox>
      <xmin>285.6</xmin>
      <ymin>677.4</ymin>
      <xmax>326.5</xmax>
      <ymax>713.9</ymax>
    </bndbox>
  </object>
  <object>
    <name>WHITE</name>
    <occluded>0</occluded>
    <bndbox>
      <xmin>242.5</xmin>
      <ymin>512.0</ymin>
      <xmax>272.0</xmax>
      <ymax>553.5</ymax>
    </bndbox>
  </object>
  <object>
    <name>WHITE</name>
    <occluded>0</occluded>
    <bndbox>
      <xmin>723.0</xmin>
      <ymin>505.5</ymin>
      <xmax>753.5</xmax>
      <ymax>550.0</ymax>
    </bndbox>
  </object>
  <object>
    <name>WHITE</name>
    <occluded>0</occluded>
    <bndbox>
      <xmin>667.89</xmin>
      <ymin>482.71</ymin>
      <xmax>703.1</xmax>
      <ymax>528.3</ymax>
    </bndbox>
  </object>
  <object>
    <name>WHITE</name>
    <occluded>0</occluded>
    <bndbox>
      <xmin>591.2</xmin>
      <ymin>459.4</ymin>
      <xmax>631.8</xmax>
      <ymax>507.57</ymax>
    </bndbox>
  </object>
  <object>
    <name>WHITE</name>
    <occluded>0</occluded>
    <bndbox>
      <xmin>583.5</xmin>
      <ymin>325.5</ymin>
      <xmax>625.8</xmax>
      <ymax>366.7</ymax>
    </bndbox>
  </object>
  <object>
    <name>WHITE</name>
    <occluded>0</occluded>
    <bndbox>
      <xmin>675.0</xmin>
      <ymin>356.2</ymin>
      <xmax>710.0</xmax>
      <ymax>399.3</ymax>
    </bndbox>
  </object>
  <object>
    <name>WHITE</name>
    <occluded>0</occluded>
    <bndbox>
      <xmin>536.1</xmin>
      <ymin>381.95</ymin>
      <xmax>579.4</xmax>
      <ymax>428.0</ymax>
    </bndbox>
  </object>
  <object>
    <name>WHITE</name>
    <occluded>0</occluded>
    <bndbox>
      <xmin>636.23</xmin>
      <ymin>399.76</ymin>
      <xmax>677.8</xmax>
      <ymax>447.7</ymax>
    </bndbox>
  </object>
  <object>
    <name>WHITE</name>
    <occluded>0</occluded>
    <bndbox>
      <xmin>707.0</xmin>
      <ymin>429.5</ymin>
      <xmax>737.5</xmax>
      <ymax>474.0</ymax>
    </bndbox>
  </object>
  <object>
    <name>WHITE</name>
    <occluded>0</occluded>
    <bndbox>
      <xmin>482.0</xmin>
      <ymin>449.5</ymin>
      <xmax>531.0</xmax>
      <ymax>495.0</ymax>
    </bndbox>
  </object>
  <object>
    <name>WHITE</name>
    <occluded>0</occluded>
    <bndbox>
      <xmin>620.23</xmin>
      <ymin>727.3</ymin>
      <xmax>663.4</xmax>
      <ymax>763.9</ymax>
    </bndbox>
  </object>
  <object>
    <name>WHITE</name>
    <occluded>0</occluded>
    <bndbox>
      <xmin>613.02</xmin>
      <ymin>790.83</ymin>
      <xmax>653.8</xmax>
      <ymax>817.9</ymax>
    </bndbox>
  </object>
  <object>
    <name>WHITE</name>
    <occluded>0</occluded>
    <bndbox>
      <xmin>519.08</xmin>
      <ymin>538.08</ymin>
      <xmax>565.0</xmax>
      <ymax>583.6</ymax>
    </bndbox>
  </object>
</annotation>
