<annotation>
  <folder>AH</folder>
  <filename>AH_camera11.png</filename>
  <source>
    <database>Unknown</database>
    <annotation>Unknown</annotation>
    <image>Unknown</image>
  </source>
  <size>
    <width>1280</width>
    <height>960</height>
    <depth></depth>
  </size>
  <segmented>0</segmented>
  <object>
    <name>WHITE</name>
    <occluded>0</occluded>
    <bndbox>
      <xmin>425.4</xmin>
      <ymin>244.1</ymin>
      <xmax>469.8</xmax>
      <ymax>289.5</ymax>
    </bndbox>
  </object>
  <object>
    <name>WHITE</name>
    <occluded>0</occluded>
    <bndbox>
      <xmin>393.9</xmin>
      <ymin>202.3</ymin>
      <xmax>433.2</xmax>
      <ymax>242.2</ymax>
    </bndbox>
  </object>
  <object>
    <name>WHITE</name>
    <occluded>0</occluded>
    <bndbox>
      <xmin>533.4</xmin>
      <ymin>243.8</ymin>
      <xmax>580.2</xmax>
      <ymax>291.0</ymax>
    </bndbox>
  </object>
  <object>
    <name>WHITE</name>
    <occluded>0</occluded>
    <bndbox>
      <xmin>853.03</xmin>
      <ymin>317.31</ymin>
      <xmax>886.39</xmax>
      <ymax>361.28</ymax>
    </bndbox>
  </object>
  <object>
    <name>WHITE</name>
    <occluded>0</occluded>
    <bndbox>
      <xmin>876.44</xmin>
      <ymin>394.82</ymin>
      <xmax>906.0</xmax>
      <ymax>435.99</ymax>
    </bndbox>
  </object>
  <object>
    <name>BLACK</name>
    <occluded>0</occluded>
    <bndbox>
      <xmin>848.36</xmin>
      <ymin>450.58</ymin>
      <xmax>887.66</xmax>
      <ymax>498.49</ymax>
    </bndbox>
  </object>
  <object>
    <name>WHITE</name>
    <occluded>0</occluded>
    <bndbox>
      <xmin>893.53</xmin>
      <ymin>653.65</ymin>
      <xmax>911.72</xmax>
      <ymax>694.72</ymax>
    </bndbox>
  </object>
  <object>
    <name>WHITE</name>
    <occluded>0</occluded>
    <bndbox>
      <xmin>818.6</xmin>
      <ymin>527.5</ymin>
      <xmax>853.4</xmax>
      <ymax>575.2</ymax>
    </bndbox>
  </object>
  <object>
    <name>WHITE</name>
    <occluded>0</occluded>
    <bndbox>
      <xmin>800.6</xmin>
      <ymin>679.3</ymin>
      <xmax>830.8</xmax>
      <ymax>722.7</ymax>
    </bndbox>
  </object>
  <object>
    <name>WHITE</name>
    <occluded>0</occluded>
    <bndbox>
      <xmin>769.0</xmin>
      <ymin>612.4</ymin>
      <xmax>808.2</xmax>
      <ymax>660.2</ymax>
    </bndbox>
  </object>
  <object>
    <name>WHITE</name>
    <occluded>0</occluded>
    <bndbox>
      <xmin>750.5</xmin>
      <ymin>535.9</ymin>
      <xmax>791.6</xmax>
      <ymax>581.0</ymax>
    </bndbox>
  </object>
  <object>
    <name>WHITE</name>
    <occluded>0</occluded>
    <bndbox>
      <xmin>685.5</xmin>
      <ymin>460.5</ymin>
      <xmax>730.5</xmax>
      <ymax>511.5</ymax>
    </bndbox>
  </object>
  <object>
    <name>BLACK</name>
    <occluded>0</occluded>
    <bndbox>
      <xmin>729.5</xmin>
      <ymin>692.3</ymin>
      <xmax>770.0</xmax>
      <ymax>738.5</ymax>
    </bndbox>
  </object>
  <object>
    <name>WHITE</name>
    <occluded>0</occluded>
    <bndbox>
      <xmin>700.5</xmin>
      <ymin>614.5</ymin>
      <xmax>742.0</xmax>
      <ymax>667.0</ymax>
    </bndbox>
  </object>
  <object>
    <name>WHITE</name>
    <occluded>0</occluded>
    <bndbox>
      <xmin>673.0</xmin>
      <ymin>543.1</ymin>
      <xmax>718.5</xmax>
      <ymax>593.0</ymax>
    </bndbox>
  </object>
  <object>
    <name>WHITE</name>
    <occluded>0</occluded>
    <bndbox>
      <xmin>646.4</xmin>
      <ymin>631.2</ymin>
      <xmax>690.5</xmax>
      <ymax>682.2</ymax>
    </bndbox>
  </object>
  <object>
    <name>WHITE</name>
    <occluded>0</occluded>
    <bndbox>
      <xmin>593.1</xmin>
      <ymin>548.6</ymin>
      <xmax>644.2</xmax>
      <ymax>602.5</ymax>
    </bndbox>
  </object>
  <object>
    <name>WHITE</name>
    <occluded>0</occluded>
    <bndbox>
      <xmin>533.5</xmin>
      <ymin>487.3</ymin>
      <xmax>584.9</xmax>
      <ymax>538.7</ymax>
    </bndbox>
  </object>
  <object>
    <name>WHITE</name>
    <occluded>0</occluded>
    <bndbox>
      <xmin>884.7</xmin>
      <ymin>600.5</ymin>
      <xmax>907.2</xmax>
      <ymax>644.5</ymax>
    </bndbox>
  </object>
  <object>
    <name>WHITE</name>
    <occluded>0</occluded>
    <bndbox>
      <xmin>823.3</xmin>
      <ymin>374.5</ymin>
      <xmax>855.2</xmax>
      <ymax>418.5</ymax>
    </bndbox>
  </object>
  <object>
    <name>WHITE</name>
    <occluded>0</occluded>
    <bndbox>
      <xmin>816.5</xmin>
      <ymin>235.85</ymin>
      <xmax>848.5</xmax>
      <ymax>277.0</ymax>
    </bndbox>
  </object>
  <object>
    <name>WHITE</name>
    <occluded>0</occluded>
    <bndbox>
      <xmin>780.0</xmin>
      <ymin>283.86</ymin>
      <xmax>817.5</xmax>
      <ymax>326.14</ymax>
    </bndbox>
  </object>
  <object>
    <name>WHITE</name>
    <occluded>0</occluded>
    <bndbox>
      <xmin>872.74</xmin>
      <ymin>269.44</ymin>
      <xmax>900.47</xmax>
      <ymax>307.35</ymax>
    </bndbox>
  </object>
  <object>
    <name>WHITE</name>
    <occluded>0</occluded>
    <bndbox>
      <xmin>903.93</xmin>
      <ymin>353.05</ymin>
      <xmax>925.59</xmax>
      <ymax>392.47</ymax>
    </bndbox>
  </object>
  <object>
    <name>WHITE</name>
    <occluded>0</occluded>
    <bndbox>
      <xmin>744.5</xmin>
      <ymin>201.79</ymin>
      <xmax>780.2</xmax>
      <ymax>244.21</ymax>
    </bndbox>
  </object>
  <object>
    <name>WHITE</name>
    <occluded>0</occluded>
    <bndbox>
      <xmin>773.2</xmin>
      <ymin>163.49</ymin>
      <xmax>809.7</xmax>
      <ymax>204.51</ymax>
    </bndbox>
  </object>
  <object>
    <name>BLACK</name>
    <occluded>0</occluded>
    <bndbox>
      <xmin>607.5</xmin>
      <ymin>477.0</ymin>
      <xmax>660.7</xmax>
      <ymax>533.9</ymax>
    </bndbox>
  </object>
  <object>
    <name>WHITE</name>
    <occluded>0</occluded>
    <bndbox>
      <xmin>874.0</xmin>
      <ymin>537.0</ymin>
      <xmax>896.0</xmax>
      <ymax>579.0</ymax>
    </bndbox>
  </object>
  <object>
    <name>WHITE</name>
    <occluded>0</occluded>
    <bndbox>
      <xmin>787.47</xmin>
      <ymin>127.1</ymin>
      <xmax>821.53</xmax>
      <ymax>160.04</ymax>
    </bndbox>
  </object>
  <object>
    <name>WHITE</name>
    <occluded>0</occluded>
    <bndbox>
      <xmin>642.7</xmin>
      <ymin>283.38</ymin>
      <xmax>690.63</xmax>
      <ymax>327.7</ymax>
    </bndbox>
  </object>
  <object>
    <name>WHITE</name>
    <occluded>0</occluded>
    <bndbox>
      <xmin>701.1</xmin>
      <ymin>241.37</ymin>
      <xmax>741.6</xmax>
      <ymax>285.7</ymax>
    </bndbox>
  </object>
  <object>
    <name>WHITE</name>
    <occluded>0</occluded>
    <bndbox>
      <xmin>812.43</xmin>
      <ymin>441.98</ymin>
      <xmax>841.63</xmax>
      <ymax>489.88</ymax>
    </bndbox>
  </object>
  <object>
    <name>WHITE</name>
    <occluded>0</occluded>
    <bndbox>
      <xmin>753.6</xmin>
      <ymin>432.02</ymin>
      <xmax>789.76</xmax>
      <ymax>475.98</ymax>
    </bndbox>
  </object>
  <object>
    <name>WHITE</name>
    <occluded>0</occluded>
    <bndbox>
      <xmin>834.6</xmin>
      <ymin>609.2</ymin>
      <xmax>865.4</xmax>
      <ymax>655.6</ymax>
    </bndbox>
  </object>
  <object>
    <name>WHITE</name>
    <occluded>0</occluded>
    <bndbox>
      <xmin>862.2</xmin>
      <ymin>659.1</ymin>
      <xmax>886.5</xmax>
      <ymax>703.2</ymax>
    </bndbox>
  </object>
  <object>
    <name>WHITE</name>
    <occluded>0</occluded>
    <bndbox>
      <xmin>742.6</xmin>
      <ymin>339.31</ymin>
      <xmax>782.1</xmax>
      <ymax>382.69</ymax>
    </bndbox>
  </object>
  <object>
    <name>WHITE</name>
    <occluded>0</occluded>
    <bndbox>
      <xmin>832.53</xmin>
      <ymin>192.57</ymin>
      <xmax>865.41</xmax>
      <ymax>229.76</ymax>
    </bndbox>
  </object>
  <object>
    <name>WHITE</name>
    <occluded>0</occluded>
    <bndbox>
      <xmin>881.04</xmin>
      <ymin>219.54</ymin>
      <xmax>912.48</xmax>
      <ymax>258.47</ymax>
    </bndbox>
  </object>
  <object>
    <name>WHITE</name>
    <occluded>0</occluded>
    <bndbox>
      <xmin>614.18</xmin>
      <ymin>108.76</ymin>
      <xmax>658.72</xmax>
      <ymax>137.95</ymax>
    </bndbox>
  </object>
  <object>
    <name>WHITE</name>
    <occluded>0</occluded>
    <bndbox>
      <xmin>724.9</xmin>
      <ymin>99.8</ymin>
      <xmax>764.2</xmax>
      <ymax>129.4</ymax>
    </bndbox>
  </object>
  <object>
    <name>WHITE</name>
    <occluded>0</occluded>
    <bndbox>
      <xmin>334.97</xmin>
      <ymin>228.15</ymin>
      <xmax>364.91</xmax>
      <ymax>266.7</ymax>
    </bndbox>
  </object>
  <object>
    <name>WHITE</name>
    <occluded>0</occluded>
    <bndbox>
      <xmin>383.68</xmin>
      <ymin>162.08</ymin>
      <xmax>416.02</xmax>
      <ymax>195.31</ymax>
    </bndbox>
  </object>
  <object>
    <name>WHITE</name>
    <occluded>0</occluded>
    <bndbox>
      <xmin>456.42</xmin>
      <ymin>139.8</ymin>
      <xmax>497.2</xmax>
      <ymax>172.7</ymax>
    </bndbox>
  </object>
  <object>
    <name>WHITE</name>
    <occluded>0</occluded>
    <bndbox>
      <xmin>523.6</xmin>
      <ymin>97.04</ymin>
      <xmax>565.1</xmax>
      <ymax>122.2</ymax>
    </bndbox>
  </object>
  <object>
    <name>BLACK</name>
    <occluded>0</occluded>
    <bndbox>
      <xmin>373.2</xmin>
      <ymin>312.0</ymin>
      <xmax>411.5</xmax>
      <ymax>357.9</ymax>
    </bndbox>
  </object>
  <object>
    <name>WHITE</name>
    <occluded>0</occluded>
    <bndbox>
      <xmin>489.53</xmin>
      <ymin>178.9</ymin>
      <xmax>533.6</xmax>
      <ymax>222.1</ymax>
    </bndbox>
  </object>
  <object>
    <name>WHITE</name>
    <occluded>0</occluded>
    <bndbox>
      <xmin>547.4</xmin>
      <ymin>137.3</ymin>
      <xmax>591.7</xmax>
      <ymax>171.3</ymax>
    </bndbox>
  </object>
  <object>
    <name>WHITE</name>
    <occluded>0</occluded>
    <bndbox>
      <xmin>603.5</xmin>
      <ymin>202.9</ymin>
      <xmax>648.1</xmax>
      <ymax>242.1</ymax>
    </bndbox>
  </object>
  <object>
    <name>WHITE</name>
    <occluded>0</occluded>
    <bndbox>
      <xmin>707.1</xmin>
      <ymin>129.9</ymin>
      <xmax>746.3</xmax>
      <ymax>170.2</ymax>
    </bndbox>
  </object>
  <object>
    <name>WHITE</name>
    <occluded>0</occluded>
    <bndbox>
      <xmin>654.8</xmin>
      <ymin>165.6</ymin>
      <xmax>698.9</xmax>
      <ymax>201.1</ymax>
    </bndbox>
  </object>
  <object>
    <name>BLACK</name>
    <occluded>0</occluded>
    <bndbox>
      <xmin>658.34</xmin>
      <ymin>87.43</ymin>
      <xmax>700.64</xmax>
      <ymax>115.87</ymax>
    </bndbox>
  </object>
</annotation>
