<annotation>
  <folder>AH</folder>
  <filename>AH_camera2.png</filename>
  <source>
    <database>Unknown</database>
    <annotation>Unknown</annotation>
    <image>Unknown</image>
  </source>
  <size>
    <width>960</width>
    <height>1280</height>
    <depth></depth>
  </size>
  <segmented>0</segmented>
  <object>
    <name>WHITE</name>
    <occluded>0</occluded>
    <bndbox>
      <xmin>207.63</xmin>
      <ymin>668.65</ymin>
      <xmax>236.74</xmax>
      <ymax>716.89</ymax>
    </bndbox>
  </object>
  <object>
    <name>WHITE</name>
    <occluded>0</occluded>
    <bndbox>
      <xmin>229.25</xmin>
      <ymin>745.17</ymin>
      <xmax>267.93</xmax>
      <ymax>783.43</ymax>
    </bndbox>
  </object>
  <object>
    <name>WHITE</name>
    <occluded>0</occluded>
    <bndbox>
      <xmin>723.26</xmin>
      <ymin>665.41</ymin>
      <xmax>749.46</xmax>
      <ymax>709.49</ymax>
    </bndbox>
  </object>
  <object>
    <name>WHITE</name>
    <occluded>0</occluded>
    <bndbox>
      <xmin>377.59</xmin>
      <ymin>291.21</ymin>
      <xmax>416.86</xmax>
      <ymax>315.47</ymax>
    </bndbox>
  </object>
  <object>
    <name>WHITE</name>
    <occluded>0</occluded>
    <bndbox>
      <xmin>280.81</xmin>
      <ymin>394.04</ymin>
      <xmax>317.74</xmax>
      <ymax>430.97</ymax>
    </bndbox>
  </object>
  <object>
    <name>WHITE</name>
    <occluded>0</occluded>
    <bndbox>
      <xmin>699.0</xmin>
      <ymin>382.02</ymin>
      <xmax>728.45</xmax>
      <ymax>421.94</ymax>
    </bndbox>
  </object>
  <object>
    <name>WHITE</name>
    <occluded>0</occluded>
    <bndbox>
      <xmin>654.59</xmin>
      <ymin>401.48</ymin>
      <xmax>692.02</xmax>
      <ymax>438.41</ymax>
    </bndbox>
  </object>
  <object>
    <name>WHITE</name>
    <occluded>0</occluded>
    <bndbox>
      <xmin>564.76</xmin>
      <ymin>293.69</ymin>
      <xmax>603.69</xmax>
      <ymax>316.19</ymax>
    </bndbox>
  </object>
  <object>
    <name>WHITE</name>
    <occluded>0</occluded>
    <bndbox>
      <xmin>306.9</xmin>
      <ymin>760.3</ymin>
      <xmax>351.1</xmax>
      <ymax>803.7</ymax>
    </bndbox>
  </object>
  <object>
    <name>WHITE</name>
    <occluded>0</occluded>
    <bndbox>
      <xmin>354.72</xmin>
      <ymin>706.95</ymin>
      <xmax>403.8</xmax>
      <ymax>754.0</ymax>
    </bndbox>
  </object>
  <object>
    <name>WHITE</name>
    <occluded>0</occluded>
    <bndbox>
      <xmin>422.6</xmin>
      <ymin>649.48</ymin>
      <xmax>470.95</xmax>
      <ymax>696.0</ymax>
    </bndbox>
  </object>
  <object>
    <name>WHITE</name>
    <occluded>0</occluded>
    <bndbox>
      <xmin>499.4</xmin>
      <ymin>571.7</ymin>
      <xmax>546.1</xmax>
      <ymax>623.3</ymax>
    </bndbox>
  </object>
  <object>
    <name>WHITE</name>
    <occluded>0</occluded>
    <bndbox>
      <xmin>560.5</xmin>
      <ymin>515.0</ymin>
      <xmax>605.5</xmax>
      <ymax>563.5</ymax>
    </bndbox>
  </object>
  <object>
    <name>WHITE</name>
    <occluded>0</occluded>
    <bndbox>
      <xmin>609.8</xmin>
      <ymin>460.08</ymin>
      <xmax>651.8</xmax>
      <ymax>503.92</ymax>
    </bndbox>
  </object>
  <object>
    <name>WHITE</name>
    <occluded>0</occluded>
    <bndbox>
      <xmin>538.0</xmin>
      <ymin>661.5</ymin>
      <xmax>588.0</xmax>
      <ymax>710.0</ymax>
    </bndbox>
  </object>
  <object>
    <name>WHITE</name>
    <occluded>0</occluded>
    <bndbox>
      <xmin>383.0</xmin>
      <ymin>567.5</ymin>
      <xmax>427.0</xmax>
      <ymax>612.5</ymax>
    </bndbox>
  </object>
  <object>
    <name>WHITE</name>
    <occluded>0</occluded>
    <bndbox>
      <xmin>313.5</xmin>
      <ymin>629.0</ymin>
      <xmax>352.5</xmax>
      <ymax>673.0</ymax>
    </bndbox>
  </object>
  <object>
    <name>WHITE</name>
    <occluded>0</occluded>
    <bndbox>
      <xmin>468.0</xmin>
      <ymin>374.0</ymin>
      <xmax>512.0</xmax>
      <ymax>410.0</ymax>
    </bndbox>
  </object>
  <object>
    <name>WHITE</name>
    <occluded>0</occluded>
    <bndbox>
      <xmin>289.47</xmin>
      <ymin>556.94</ymin>
      <xmax>326.53</xmax>
      <ymax>601.06</ymax>
    </bndbox>
  </object>
  <object>
    <name>WHITE</name>
    <occluded>0</occluded>
    <bndbox>
      <xmin>407.44</xmin>
      <ymin>779.86</ymin>
      <xmax>448.6</xmax>
      <ymax>823.1</ymax>
    </bndbox>
  </object>
  <object>
    <name>WHITE</name>
    <occluded>0</occluded>
    <bndbox>
      <xmin>468.5</xmin>
      <ymin>732.0</ymin>
      <xmax>517.0</xmax>
      <ymax>777.0</ymax>
    </bndbox>
  </object>
  <object>
    <name>WHITE</name>
    <occluded>0</occluded>
    <bndbox>
      <xmin>302.23</xmin>
      <ymin>941.4</ymin>
      <xmax>335.8</xmax>
      <ymax>978.4</ymax>
    </bndbox>
  </object>
  <object>
    <name>WHITE</name>
    <occluded>0</occluded>
    <bndbox>
      <xmin>608.68</xmin>
      <ymin>339.1</ymin>
      <xmax>649.6</xmax>
      <ymax>370.04</ymax>
    </bndbox>
  </object>
  <object>
    <name>WHITE</name>
    <occluded>0</occluded>
    <bndbox>
      <xmin>591.09</xmin>
      <ymin>742.97</ymin>
      <xmax>634.91</xmax>
      <ymax>779.03</ymax>
    </bndbox>
  </object>
  <object>
    <name>WHITE</name>
    <occluded>0</occluded>
    <bndbox>
      <xmin>223.91</xmin>
      <ymin>916.53</ymin>
      <xmax>253.37</xmax>
      <ymax>951.18</ymax>
    </bndbox>
  </object>
  <object>
    <name>WHITE</name>
    <occluded>0</occluded>
    <bndbox>
      <xmin>211.78</xmin>
      <ymin>858.31</ymin>
      <xmax>238.12</xmax>
      <ymax>899.55</ymax>
    </bndbox>
  </object>
  <object>
    <name>WHITE</name>
    <occluded>0</occluded>
    <bndbox>
      <xmin>687.52</xmin>
      <ymin>729.84</ymin>
      <xmax>718.96</xmax>
      <ymax>774.75</ymax>
    </bndbox>
  </object>
  <object>
    <name>WHITE</name>
    <occluded>0</occluded>
    <bndbox>
      <xmin>699.0</xmin>
      <ymin>783.74</ymin>
      <xmax>730.4</xmax>
      <ymax>827.2</ymax>
    </bndbox>
  </object>
  <object>
    <name>WHITE</name>
    <occluded>0</occluded>
    <bndbox>
      <xmin>750.56</xmin>
      <ymin>521.6</ymin>
      <xmax>773.44</xmax>
      <ymax>564.22</ymax>
    </bndbox>
  </object>
  <object>
    <name>WHITE</name>
    <occluded>0</occluded>
    <bndbox>
      <xmin>728.67</xmin>
      <ymin>444.33</ymin>
      <xmax>755.82</xmax>
      <ymax>482.45</ymax>
    </bndbox>
  </object>
  <object>
    <name>WHITE</name>
    <occluded>0</occluded>
    <bndbox>
      <xmin>592.97</xmin>
      <ymin>965.66</ymin>
      <xmax>635.38</xmax>
      <ymax>1001.01</ymax>
    </bndbox>
  </object>
  <object>
    <name>WHITE</name>
    <occluded>0</occluded>
    <bndbox>
      <xmin>309.48</xmin>
      <ymin>432.6</ymin>
      <xmax>352.52</xmax>
      <ymax>475.4</ymax>
    </bndbox>
  </object>
  <object>
    <name>WHITE</name>
    <occluded>0</occluded>
    <bndbox>
      <xmin>226.5</xmin>
      <ymin>540.5</ymin>
      <xmax>257.5</xmax>
      <ymax>584.0</ymax>
    </bndbox>
  </object>
  <object>
    <name>BLACK</name>
    <occluded>0</occluded>
    <bndbox>
      <xmin>278.2</xmin>
      <ymin>497.6</ymin>
      <xmax>316.8</xmax>
      <ymax>542.4</ymax>
    </bndbox>
  </object>
  <object>
    <name>BLACK</name>
    <occluded>0</occluded>
    <bndbox>
      <xmin>253.0</xmin>
      <ymin>912.6</ymin>
      <xmax>285.5</xmax>
      <ymax>944.0</ymax>
    </bndbox>
  </object>
  <object>
    <name>WHITE</name>
    <occluded>0</occluded>
    <bndbox>
      <xmin>566.0</xmin>
      <ymin>383.43</ymin>
      <xmax>609.0</xmax>
      <ymax>425.1</ymax>
    </bndbox>
  </object>
  <object>
    <name>WHITE</name>
    <occluded>0</occluded>
    <bndbox>
      <xmin>510.5</xmin>
      <ymin>441.9</ymin>
      <xmax>555.5</xmax>
      <ymax>486.5</ymax>
    </bndbox>
  </object>
  <object>
    <name>WHITE</name>
    <occluded>0</occluded>
    <bndbox>
      <xmin>447.0</xmin>
      <ymin>502.1</ymin>
      <xmax>496.7</xmax>
      <ymax>548.3</ymax>
    </bndbox>
  </object>
  <object>
    <name>BLACK</name>
    <occluded>0</occluded>
    <bndbox>
      <xmin>459.6</xmin>
      <ymin>861.97</ymin>
      <xmax>505.7</xmax>
      <ymax>898.0</ymax>
    </bndbox>
  </object>
  <object>
    <name>WHITE</name>
    <occluded>0</occluded>
    <bndbox>
      <xmin>522.08</xmin>
      <ymin>795.5</ymin>
      <xmax>561.9</xmax>
      <ymax>838.52</ymax>
    </bndbox>
  </object>
  <object>
    <name>WHITE</name>
    <occluded>0</occluded>
    <bndbox>
      <xmin>270.7</xmin>
      <ymin>955.9</ymin>
      <xmax>298.7</xmax>
      <ymax>993.7</ymax>
    </bndbox>
  </object>
  <object>
    <name>WHITE</name>
    <occluded>0</occluded>
    <bndbox>
      <xmin>262.43</xmin>
      <ymin>693.41</ymin>
      <xmax>300.7</xmax>
      <ymax>740.3</ymax>
    </bndbox>
  </object>
  <object>
    <name>WHITE</name>
    <occluded>0</occluded>
    <bndbox>
      <xmin>518.2</xmin>
      <ymin>320.54</ymin>
      <xmax>564.8</xmax>
      <ymax>363.46</ymax>
    </bndbox>
  </object>
  <object>
    <name>WHITE</name>
    <occluded>0</occluded>
    <bndbox>
      <xmin>407.6</xmin>
      <ymin>434.8</ymin>
      <xmax>454.7</xmax>
      <ymax>477.4</ymax>
    </bndbox>
  </object>
  <object>
    <name>WHITE</name>
    <occluded>0</occluded>
    <bndbox>
      <xmin>349.2</xmin>
      <ymin>495.3</ymin>
      <xmax>395.3</xmax>
      <ymax>540.7</ymax>
    </bndbox>
  </object>
  <object>
    <name>WHITE</name>
    <occluded>0</occluded>
    <bndbox>
      <xmin>244.71</xmin>
      <ymin>615.22</ymin>
      <xmax>275.9</xmax>
      <ymax>663.8</ymax>
    </bndbox>
  </object>
  <object>
    <name>WHITE</name>
    <occluded>0</occluded>
    <bndbox>
      <xmin>696.28</xmin>
      <ymin>478.08</ymin>
      <xmax>727.0</xmax>
      <ymax>526.2</ymax>
    </bndbox>
  </object>
  <object>
    <name>WHITE</name>
    <occluded>0</occluded>
    <bndbox>
      <xmin>652.95</xmin>
      <ymin>532.43</ymin>
      <xmax>695.8</xmax>
      <ymax>580.1</ymax>
    </bndbox>
  </object>
  <object>
    <name>WHITE</name>
    <occluded>0</occluded>
    <bndbox>
      <xmin>605.0</xmin>
      <ymin>594.5</ymin>
      <xmax>647.9</xmax>
      <ymax>645.7</ymax>
    </bndbox>
  </object>
  <object>
    <name>WHITE</name>
    <occluded>0</occluded>
    <bndbox>
      <xmin>640.02</xmin>
      <ymin>668.8</ymin>
      <xmax>683.98</xmax>
      <ymax>716.0</ymax>
    </bndbox>
  </object>
  <object>
    <name>WHITE</name>
    <occluded>0</occluded>
    <bndbox>
      <xmin>693.34</xmin>
      <ymin>606.91</ymin>
      <xmax>727.3</xmax>
      <ymax>652.8</ymax>
    </bndbox>
  </object>
  <object>
    <name>BLACK</name>
    <occluded>0</occluded>
    <bndbox>
      <xmin>717.93</xmin>
      <ymin>547.93</ymin>
      <xmax>747.7</xmax>
      <ymax>596.7</ymax>
    </bndbox>
  </object>
  <object>
    <name>WHITE</name>
    <occluded>0</occluded>
    <bndbox>
      <xmin>627.5</xmin>
      <ymin>797.2</ymin>
      <xmax>672.5</xmax>
      <ymax>831.3</ymax>
    </bndbox>
  </object>
  <object>
    <name>WHITE</name>
    <occluded>0</occluded>
    <bndbox>
      <xmin>472.5</xmin>
      <ymin>279.0</ymin>
      <xmax>517.5</xmax>
      <ymax>298.5</ymax>
    </bndbox>
  </object>
  <object>
    <name>WHITE</name>
    <occluded>0</occluded>
    <bndbox>
      <xmin>420.9</xmin>
      <ymin>315.41</ymin>
      <xmax>465.09</xmax>
      <ymax>344.6</ymax>
    </bndbox>
  </object>
  <object>
    <name>WHITE</name>
    <occluded>0</occluded>
    <bndbox>
      <xmin>366.79</xmin>
      <ymin>367.9</ymin>
      <xmax>411.2</xmax>
      <ymax>403.56</ymax>
    </bndbox>
  </object>
  <object>
    <name>WHITE</name>
    <occluded>0</occluded>
    <bndbox>
      <xmin>240.76</xmin>
      <ymin>464.6</ymin>
      <xmax>279.2</xmax>
      <ymax>510.4</ymax>
    </bndbox>
  </object>
</annotation>
