<annotation>
  <folder>AH</folder>
  <filename>AH_camera3.png</filename>
  <source>
    <database>Unknown</database>
    <annotation>Unknown</annotation>
    <image>Unknown</image>
  </source>
  <size>
    <width>1280</width>
    <height>960</height>
    <depth></depth>
  </size>
  <segmented>0</segmented>
  <object>
    <name>WHITE</name>
    <occluded>0</occluded>
    <bndbox>
      <xmin>783.17</xmin>
      <ymin>227.93</ymin>
      <xmax>826.84</xmax>
      <ymax>256.0</ymax>
    </bndbox>
  </object>
  <object>
    <name>WHITE</name>
    <occluded>0</occluded>
    <bndbox>
      <xmin>714.25</xmin>
      <ymin>592.01</ymin>
      <xmax>762.4</xmax>
      <ymax>637.9</ymax>
    </bndbox>
  </object>
  <object>
    <name>WHITE</name>
    <occluded>0</occluded>
    <bndbox>
      <xmin>746.5</xmin>
      <ymin>941.6</ymin>
      <xmax>790.7</xmax>
      <ymax>960.0</ymax>
    </bndbox>
  </object>
  <object>
    <name>WHITE</name>
    <occluded>0</occluded>
    <bndbox>
      <xmin>669.33</xmin>
      <ymin>921.94</ymin>
      <xmax>709.22</xmax>
      <ymax>954.82</ymax>
    </bndbox>
  </object>
  <object>
    <name>WHITE</name>
    <occluded>0</occluded>
    <bndbox>
      <xmin>630.39</xmin>
      <ymin>855.78</ymin>
      <xmax>672.68</xmax>
      <ymax>893.58</ymax>
    </bndbox>
  </object>
  <object>
    <name>WHITE</name>
    <occluded>0</occluded>
    <bndbox>
      <xmin>704.49</xmin>
      <ymin>877.11</ymin>
      <xmax>752.03</xmax>
      <ymax>911.91</ymax>
    </bndbox>
  </object>
  <object>
    <name>WHITE</name>
    <occluded>0</occluded>
    <bndbox>
      <xmin>903.23</xmin>
      <ymin>887.21</ymin>
      <xmax>942.53</xmax>
      <ymax>925.39</ymax>
    </bndbox>
  </object>
  <object>
    <name>WHITE</name>
    <occluded>0</occluded>
    <bndbox>
      <xmin>947.4</xmin>
      <ymin>829.2</ymin>
      <xmax>984.82</xmax>
      <ymax>866.63</ymax>
    </bndbox>
  </object>
  <object>
    <name>WHITE</name>
    <occluded>0</occluded>
    <bndbox>
      <xmin>953.24</xmin>
      <ymin>602.17</ymin>
      <xmax>985.05</xmax>
      <ymax>649.32</ymax>
    </bndbox>
  </object>
  <object>
    <name>WHITE</name>
    <occluded>0</occluded>
    <bndbox>
      <xmin>1024.8</xmin>
      <ymin>592.6</ymin>
      <xmax>1051.0</xmax>
      <ymax>637.83</ymax>
    </bndbox>
  </object>
  <object>
    <name>WHITE</name>
    <occluded>0</occluded>
    <bndbox>
      <xmin>1024.5</xmin>
      <ymin>467.58</ymin>
      <xmax>1045.08</xmax>
      <ymax>513.99</ymax>
    </bndbox>
  </object>
  <object>
    <name>WHITE</name>
    <occluded>0</occluded>
    <bndbox>
      <xmin>911.8</xmin>
      <ymin>315.25</ymin>
      <xmax>951.48</xmax>
      <ymax>352.67</ymax>
    </bndbox>
  </object>
  <object>
    <name>WHITE</name>
    <occluded>0</occluded>
    <bndbox>
      <xmin>967.2</xmin>
      <ymin>349.31</ymin>
      <xmax>998.64</xmax>
      <ymax>387.48</ymax>
    </bndbox>
  </object>
  <object>
    <name>WHITE</name>
    <occluded>0</occluded>
    <bndbox>
      <xmin>830.25</xmin>
      <ymin>283.81</ymin>
      <xmax>872.92</xmax>
      <ymax>318.99</ymax>
    </bndbox>
  </object>
  <object>
    <name>WHITE</name>
    <occluded>0</occluded>
    <bndbox>
      <xmin>648.38</xmin>
      <ymin>286.88</ymin>
      <xmax>698.5</xmax>
      <ymax>325.2</ymax>
    </bndbox>
  </object>
  <object>
    <name>WHITE</name>
    <occluded>0</occluded>
    <bndbox>
      <xmin>808.55</xmin>
      <ymin>726.34</ymin>
      <xmax>851.45</xmax>
      <ymax>770.7</ymax>
    </bndbox>
  </object>
  <object>
    <name>WHITE</name>
    <occluded>0</occluded>
    <bndbox>
      <xmin>859.3</xmin>
      <ymin>643.5</ymin>
      <xmax>900.8</xmax>
      <ymax>687.0</ymax>
    </bndbox>
  </object>
  <object>
    <name>WHITE</name>
    <occluded>0</occluded>
    <bndbox>
      <xmin>910.52</xmin>
      <ymin>551.24</ymin>
      <xmax>951.5</xmax>
      <ymax>598.5</ymax>
    </bndbox>
  </object>
  <object>
    <name>WHITE</name>
    <occluded>0</occluded>
    <bndbox>
      <xmin>939.41</xmin>
      <ymin>462.56</ymin>
      <xmax>973.6</xmax>
      <ymax>510.7</ymax>
    </bndbox>
  </object>
  <object>
    <name>WHITE</name>
    <occluded>0</occluded>
    <bndbox>
      <xmin>933.4</xmin>
      <ymin>382.5</ymin>
      <xmax>970.8</xmax>
      <ymax>424.6</ymax>
    </bndbox>
  </object>
  <object>
    <name>WHITE</name>
    <occluded>0</occluded>
    <bndbox>
      <xmin>906.3</xmin>
      <ymin>689.1</ymin>
      <xmax>942.0</xmax>
      <ymax>727.9</ymax>
    </bndbox>
  </object>
  <object>
    <name>WHITE</name>
    <occluded>0</occluded>
    <bndbox>
      <xmin>979.9</xmin>
      <ymin>507.62</ymin>
      <xmax>1012.2</xmax>
      <ymax>554.5</ymax>
    </bndbox>
  </object>
  <object>
    <name>WHITE</name>
    <occluded>0</occluded>
    <bndbox>
      <xmin>988.43</xmin>
      <ymin>422.34</ymin>
      <xmax>1013.86</xmax>
      <ymax>469.27</ymax>
    </bndbox>
  </object>
  <object>
    <name>WHITE</name>
    <occluded>0</occluded>
    <bndbox>
      <xmin>644.76</xmin>
      <ymin>187.75</ymin>
      <xmax>693.2</xmax>
      <ymax>208.9</ymax>
    </bndbox>
  </object>
  <object>
    <name>WHITE</name>
    <occluded>0</occluded>
    <bndbox>
      <xmin>607.92</xmin>
      <ymin>225.96</ymin>
      <xmax>649.3</xmax>
      <ymax>254.7</ymax>
    </bndbox>
  </object>
  <object>
    <name>WHITE</name>
    <occluded>0</occluded>
    <bndbox>
      <xmin>558.81</xmin>
      <ymin>276.69</ymin>
      <xmax>601.8</xmax>
      <ymax>316.4</ymax>
    </bndbox>
  </object>
  <object>
    <name>WHITE</name>
    <occluded>0</occluded>
    <bndbox>
      <xmin>405.4</xmin>
      <ymin>427.25</ymin>
      <xmax>428.3</xmax>
      <ymax>469.2</ymax>
    </bndbox>
  </object>
  <object>
    <name>WHITE</name>
    <occluded>0</occluded>
    <bndbox>
      <xmin>449.49</xmin>
      <ymin>381.21</ymin>
      <xmax>485.0</xmax>
      <ymax>423.5</ymax>
    </bndbox>
  </object>
  <object>
    <name>WHITE</name>
    <occluded>0</occluded>
    <bndbox>
      <xmin>524.08</xmin>
      <ymin>353.26</ymin>
      <xmax>568.3</xmax>
      <ymax>393.4</ymax>
    </bndbox>
  </object>
  <object>
    <name>WHITE</name>
    <occluded>0</occluded>
    <bndbox>
      <xmin>408.63</xmin>
      <ymin>514.38</ymin>
      <xmax>437.6</xmax>
      <ymax>557.6</ymax>
    </bndbox>
  </object>
  <object>
    <name>WHITE</name>
    <occluded>0</occluded>
    <bndbox>
      <xmin>448.0</xmin>
      <ymin>468.01</ymin>
      <xmax>483.7</xmax>
      <ymax>518.4</ymax>
    </bndbox>
  </object>
  <object>
    <name>BLACK</name>
    <occluded>0</occluded>
    <bndbox>
      <xmin>495.63</xmin>
      <ymin>425.13</ymin>
      <xmax>539.5</xmax>
      <ymax>475.2</ymax>
    </bndbox>
  </object>
  <object>
    <name>WHITE</name>
    <occluded>0</occluded>
    <bndbox>
      <xmin>467.8</xmin>
      <ymin>553.2</ymin>
      <xmax>504.7</xmax>
      <ymax>597.2</ymax>
    </bndbox>
  </object>
  <object>
    <name>WHITE</name>
    <occluded>0</occluded>
    <bndbox>
      <xmin>519.6</xmin>
      <ymin>502.05</ymin>
      <xmax>561.7</xmax>
      <ymax>548.2</ymax>
    </bndbox>
  </object>
  <object>
    <name>WHITE</name>
    <occluded>0</occluded>
    <bndbox>
      <xmin>563.9</xmin>
      <ymin>426.0</ymin>
      <xmax>609.5</xmax>
      <ymax>471.5</ymax>
    </bndbox>
  </object>
  <object>
    <name>WHITE</name>
    <occluded>0</occluded>
    <bndbox>
      <xmin>607.87</xmin>
      <ymin>352.21</ymin>
      <xmax>655.2</xmax>
      <ymax>394.79</ymax>
    </bndbox>
  </object>
  <object>
    <name>WHITE</name>
    <occluded>0</occluded>
    <bndbox>
      <xmin>497.51</xmin>
      <ymin>642.88</ymin>
      <xmax>537.0</xmax>
      <ymax>683.6</ymax>
    </bndbox>
  </object>
  <object>
    <name>WHITE</name>
    <occluded>0</occluded>
    <bndbox>
      <xmin>543.04</xmin>
      <ymin>583.49</ymin>
      <xmax>588.3</xmax>
      <ymax>626.9</ymax>
    </bndbox>
  </object>
  <object>
    <name>WHITE</name>
    <occluded>0</occluded>
    <bndbox>
      <xmin>594.15</xmin>
      <ymin>513.55</ymin>
      <xmax>639.35</xmax>
      <ymax>559.35</ymax>
    </bndbox>
  </object>
  <object>
    <name>WHITE</name>
    <occluded>0</occluded>
    <bndbox>
      <xmin>646.0</xmin>
      <ymin>430.0</ymin>
      <xmax>694.9</xmax>
      <ymax>478.0</ymax>
    </bndbox>
  </object>
  <object>
    <name>WHITE</name>
    <occluded>0</occluded>
    <bndbox>
      <xmin>691.48</xmin>
      <ymin>347.68</ymin>
      <xmax>737.6</xmax>
      <ymax>395.97</ymax>
    </bndbox>
  </object>
  <object>
    <name>WHITE</name>
    <occluded>0</occluded>
    <bndbox>
      <xmin>739.9</xmin>
      <ymin>283.4</ymin>
      <xmax>786.4</xmax>
      <ymax>323.1</ymax>
    </bndbox>
  </object>
  <object>
    <name>WHITE</name>
    <occluded>0</occluded>
    <bndbox>
      <xmin>575.64</xmin>
      <ymin>661.28</ymin>
      <xmax>618.95</xmax>
      <ymax>705.75</ymax>
    </bndbox>
  </object>
  <object>
    <name>WHITE</name>
    <occluded>0</occluded>
    <bndbox>
      <xmin>624.1</xmin>
      <ymin>590.92</ymin>
      <xmax>672.25</xmax>
      <ymax>635.34</ymax>
    </bndbox>
  </object>
  <object>
    <name>WHITE</name>
    <occluded>0</occluded>
    <bndbox>
      <xmin>675.86</xmin>
      <ymin>514.64</ymin>
      <xmax>725.8</xmax>
      <ymax>563.9</ymax>
    </bndbox>
  </object>
  <object>
    <name>WHITE</name>
    <occluded>0</occluded>
    <bndbox>
      <xmin>724.94</xmin>
      <ymin>431.12</ymin>
      <xmax>781.6</xmax>
      <ymax>482.6</ymax>
    </bndbox>
  </object>
  <object>
    <name>WHITE</name>
    <occluded>0</occluded>
    <bndbox>
      <xmin>775.2</xmin>
      <ymin>345.72</ymin>
      <xmax>824.1</xmax>
      <ymax>390.28</ymax>
    </bndbox>
  </object>
  <object>
    <name>WHITE</name>
    <occluded>0</occluded>
    <bndbox>
      <xmin>482.94</xmin>
      <ymin>842.55</ymin>
      <xmax>512.8</xmax>
      <ymax>882.0</ymax>
    </bndbox>
  </object>
  <object>
    <name>WHITE</name>
    <occluded>0</occluded>
    <bndbox>
      <xmin>622.1</xmin>
      <ymin>728.5</ymin>
      <xmax>668.0</xmax>
      <ymax>771.4</ymax>
    </bndbox>
  </object>
  <object>
    <name>WHITE</name>
    <occluded>0</occluded>
    <bndbox>
      <xmin>662.37</xmin>
      <ymin>662.8</ymin>
      <xmax>708.97</xmax>
      <ymax>706.03</ymax>
    </bndbox>
  </object>
  <object>
    <name>WHITE</name>
    <occluded>0</occluded>
    <bndbox>
      <xmin>694.01</xmin>
      <ymin>233.75</ymin>
      <xmax>742.7</xmax>
      <ymax>265.2</ymax>
    </bndbox>
  </object>
  <object>
    <name>WHITE</name>
    <occluded>0</occluded>
    <bndbox>
      <xmin>854.13</xmin>
      <ymin>497.0</ymin>
      <xmax>902.2</xmax>
      <ymax>546.2</ymax>
    </bndbox>
  </object>
  <object>
    <name>BLACK</name>
    <occluded>0</occluded>
    <bndbox>
      <xmin>883.46</xmin>
      <ymin>422.61</ymin>
      <xmax>930.3</xmax>
      <ymax>473.0</ymax>
    </bndbox>
  </object>
  <object>
    <name>WHITE</name>
    <occluded>0</occluded>
    <bndbox>
      <xmin>721.4</xmin>
      <ymin>812.2</ymin>
      <xmax>769.9</xmax>
      <ymax>851.8</ymax>
    </bndbox>
  </object>
  <object>
    <name>WHITE</name>
    <occluded>0</occluded>
    <bndbox>
      <xmin>796.25</xmin>
      <ymin>812.6</ymin>
      <xmax>842.75</xmax>
      <ymax>858.6</ymax>
    </bndbox>
  </object>
  <object>
    <name>WHITE</name>
    <occluded>0</occluded>
    <bndbox>
      <xmin>614.3</xmin>
      <ymin>930.6</ymin>
      <xmax>651.0</xmax>
      <ymax>960.0</ymax>
    </bndbox>
  </object>
  <object>
    <name>WHITE</name>
    <occluded>0</occluded>
    <bndbox>
      <xmin>858.2</xmin>
      <ymin>844.2</ymin>
      <xmax>899.8</xmax>
      <ymax>881.8</ymax>
    </bndbox>
  </object>
  <object>
    <name>WHITE</name>
    <occluded>0</occluded>
    <bndbox>
      <xmin>777.0</xmin>
      <ymin>896.5</ymin>
      <xmax>824.1</xmax>
      <ymax>928.1</ymax>
    </bndbox>
  </object>
  <object>
    <name>WHITE</name>
    <occluded>0</occluded>
    <bndbox>
      <xmin>853.75</xmin>
      <ymin>897.3</ymin>
      <xmax>894.25</xmax>
      <ymax>931.7</ymax>
    </bndbox>
  </object>
  <object>
    <name>WHITE</name>
    <occluded>0</occluded>
    <bndbox>
      <xmin>809.97</xmin>
      <ymin>582.79</ymin>
      <xmax>860.0</xmax>
      <ymax>630.1</ymax>
    </bndbox>
  </object>
  <object>
    <name>WHITE</name>
    <occluded>0</occluded>
    <bndbox>
      <xmin>443.06</xmin>
      <ymin>665.53</ymin>
      <xmax>474.5</xmax>
      <ymax>706.33</ymax>
    </bndbox>
  </object>
  <object>
    <name>WHITE</name>
    <occluded>0</occluded>
    <bndbox>
      <xmin>436.33</xmin>
      <ymin>602.65</ymin>
      <xmax>470.76</xmax>
      <ymax>644.57</ymax>
    </bndbox>
  </object>
  <object>
    <name>WHITE</name>
    <occluded>0</occluded>
    <bndbox>
      <xmin>379.44</xmin>
      <ymin>559.24</ymin>
      <xmax>409.75</xmax>
      <ymax>601.53</ymax>
    </bndbox>
  </object>
  <object>
    <name>WHITE</name>
    <occluded>0</occluded>
    <bndbox>
      <xmin>370.83</xmin>
      <ymin>472.03</ymin>
      <xmax>390.29</xmax>
      <ymax>512.83</ymax>
    </bndbox>
  </object>
  <object>
    <name>WHITE</name>
    <occluded>0</occluded>
    <bndbox>
      <xmin>450.55</xmin>
      <ymin>270.3</ymin>
      <xmax>480.49</xmax>
      <ymax>303.61</ymax>
    </bndbox>
  </object>
  <object>
    <name>WHITE</name>
    <occluded>0</occluded>
    <bndbox>
      <xmin>418.73</xmin>
      <ymin>342.53</ymin>
      <xmax>446.43</xmax>
      <ymax>378.84</ymax>
    </bndbox>
  </object>
  <object>
    <name>WHITE</name>
    <occluded>0</occluded>
    <bndbox>
      <xmin>474.88</xmin>
      <ymin>306.98</ymin>
      <xmax>512.3</xmax>
      <ymax>345.53</ymax>
    </bndbox>
  </object>
  <object>
    <name>BLACK</name>
    <occluded>0</occluded>
    <bndbox>
      <xmin>430.86</xmin>
      <ymin>807.76</ymin>
      <xmax>466.42</xmax>
      <ymax>849.3</ymax>
    </bndbox>
  </object>
  <object>
    <name>BLACK</name>
    <occluded>0</occluded>
    <bndbox>
      <xmin>916.19</xmin>
      <ymin>845.61</ymin>
      <xmax>945.2</xmax>
      <ymax>877.74</ymax>
    </bndbox>
  </object>
  <object>
    <name>WHITE</name>
    <occluded>0</occluded>
    <bndbox>
      <xmin>405.14</xmin>
      <ymin>725.44</ymin>
      <xmax>435.86</xmax>
      <ymax>761.01</ymax>
    </bndbox>
  </object>
  <object>
    <name>WHITE</name>
    <occluded>0</occluded>
    <bndbox>
      <xmin>707.48</xmin>
      <ymin>735.0</ymin>
      <xmax>753.38</xmax>
      <ymax>781.47</ymax>
    </bndbox>
  </object>
  <object>
    <name>BLACK</name>
    <occluded>0</occluded>
    <bndbox>
      <xmin>657.1</xmin>
      <ymin>799.6</ymin>
      <xmax>706.7</xmax>
      <ymax>845.5</ymax>
    </bndbox>
  </object>
  <object>
    <name>WHITE</name>
    <occluded>0</occluded>
    <bndbox>
      <xmin>766.38</xmin>
      <ymin>511.5</ymin>
      <xmax>815.2</xmax>
      <ymax>559.5</ymax>
    </bndbox>
  </object>
  <object>
    <name>WHITE</name>
    <occluded>0</occluded>
    <bndbox>
      <xmin>815.26</xmin>
      <ymin>423.1</ymin>
      <xmax>863.66</xmax>
      <ymax>472.0</ymax>
    </bndbox>
  </object>
  <object>
    <name>WHITE</name>
    <occluded>0</occluded>
    <bndbox>
      <xmin>864.26</xmin>
      <ymin>354.71</ymin>
      <xmax>908.0</xmax>
      <ymax>398.5</ymax>
    </bndbox>
  </object>
  <object>
    <name>WHITE</name>
    <occluded>0</occluded>
    <bndbox>
      <xmin>539.0</xmin>
      <ymin>884.7</ymin>
      <xmax>576.4</xmax>
      <ymax>917.7</ymax>
    </bndbox>
  </object>
  <object>
    <name>WHITE</name>
    <occluded>0</occluded>
    <bndbox>
      <xmin>448.79</xmin>
      <ymin>787.96</ymin>
      <xmax>482.21</xmax>
      <ymax>827.84</ymax>
    </bndbox>
  </object>
  <object>
    <name>WHITE</name>
    <occluded>0</occluded>
    <bndbox>
      <xmin>401.89</xmin>
      <ymin>635.96</ymin>
      <xmax>429.96</xmax>
      <ymax>674.51</ymax>
    </bndbox>
  </object>
  <object>
    <name>WHITE</name>
    <occluded>0</occluded>
    <bndbox>
      <xmin>761.6</xmin>
      <ymin>658.3</ymin>
      <xmax>811.5</xmax>
      <ymax>703.9</ymax>
    </bndbox>
  </object>
  <object>
    <name>WHITE</name>
    <occluded>0</occluded>
    <bndbox>
      <xmin>589.0</xmin>
      <ymin>887.3</ymin>
      <xmax>629.0</xmax>
      <ymax>918.2</ymax>
    </bndbox>
  </object>
  <object>
    <name>WHITE</name>
    <occluded>0</occluded>
    <bndbox>
      <xmin>404.6</xmin>
      <ymin>757.24</ymin>
      <xmax>433.16</xmax>
      <ymax>794.42</ymax>
    </bndbox>
  </object>
</annotation>
