<annotation>
  <folder>AH</folder>
  <filename>AH_camera10.png</filename>
  <source>
    <database>Unknown</database>
    <annotation>Unknown</annotation>
    <image>Unknown</image>
  </source>
  <size>
    <width>1280</width>
    <height>960</height>
    <depth></depth>
  </size>
  <segmented>0</segmented>
  <object>
    <name>BLACK</name>
    <occluded>0</occluded>
    <bndbox>
      <xmin>648.25</xmin>
      <ymin>124.04</ymin>
      <xmax>698.77</xmax>
      <ymax>156.79</ymax>
    </bndbox>
  </object>
  <object>
    <name>WHITE</name>
    <occluded>0</occluded>
    <bndbox>
      <xmin>798.14</xmin>
      <ymin>102.55</ymin>
      <xmax>839.62</xmax>
      <ymax>128.13</ymax>
    </bndbox>
  </object>
  <object>
    <name>WHITE</name>
    <occluded>0</occluded>
    <bndbox>
      <xmin>968.09</xmin>
      <ymin>338.0</ymin>
      <xmax>997.7</xmax>
      <ymax>387.41</ymax>
    </bndbox>
  </object>
  <object>
    <name>WHITE</name>
    <occluded>0</occluded>
    <bndbox>
      <xmin>724.44</xmin>
      <ymin>108.85</ymin>
      <xmax>770.29</xmax>
      <ymax>134.43</ymax>
    </bndbox>
  </object>
  <object>
    <name>WHITE</name>
    <occluded>0</occluded>
    <bndbox>
      <xmin>709.16</xmin>
      <ymin>156.57</ymin>
      <xmax>756.25</xmax>
      <ymax>194.31</ymax>
    </bndbox>
  </object>
  <object>
    <name>WHITE</name>
    <occluded>0</occluded>
    <bndbox>
      <xmin>580.66</xmin>
      <ymin>133.18</ymin>
      <xmax>624.63</xmax>
      <ymax>164.68</ymax>
    </bndbox>
  </object>
  <object>
    <name>WHITE</name>
    <occluded>0</occluded>
    <bndbox>
      <xmin>513.6</xmin>
      <ymin>155.64</ymin>
      <xmax>555.08</xmax>
      <ymax>183.71</ymax>
    </bndbox>
  </object>
  <object>
    <name>WHITE</name>
    <occluded>0</occluded>
    <bndbox>
      <xmin>455.9</xmin>
      <ymin>178.41</ymin>
      <xmax>494.89</xmax>
      <ymax>212.71</ymax>
    </bndbox>
  </object>
  <object>
    <name>WHITE</name>
    <occluded>0</occluded>
    <bndbox>
      <xmin>370.04</xmin>
      <ymin>255.39</ymin>
      <xmax>400.14</xmax>
      <ymax>295.81</ymax>
    </bndbox>
  </object>
  <object>
    <name>WHITE</name>
    <occluded>0</occluded>
    <bndbox>
      <xmin>771.6</xmin>
      <ymin>199.5</ymin>
      <xmax>818.83</xmax>
      <ymax>241.12</ymax>
    </bndbox>
  </object>
  <object>
    <name>WHITE</name>
    <occluded>0</occluded>
    <bndbox>
      <xmin>821.4</xmin>
      <ymin>561.5</ymin>
      <xmax>871.26</xmax>
      <ymax>613.18</ymax>
    </bndbox>
  </object>
  <object>
    <name>WHITE</name>
    <occluded>0</occluded>
    <bndbox>
      <xmin>885.1</xmin>
      <ymin>332.9</ymin>
      <xmax>931.0</xmax>
      <ymax>378.2</ymax>
    </bndbox>
  </object>
  <object>
    <name>BLACK</name>
    <occluded>0</occluded>
    <bndbox>
      <xmin>891.4</xmin>
      <ymin>605.8</ymin>
      <xmax>945.7</xmax>
      <ymax>666.2</ymax>
    </bndbox>
  </object>
  <object>
    <name>WHITE</name>
    <occluded>0</occluded>
    <bndbox>
      <xmin>910.5</xmin>
      <ymin>553.5</ymin>
      <xmax>952.7</xmax>
      <ymax>600.5</ymax>
    </bndbox>
  </object>
  <object>
    <name>WHITE</name>
    <occluded>0</occluded>
    <bndbox>
      <xmin>933.0</xmin>
      <ymin>472.0</ymin>
      <xmax>970.4</xmax>
      <ymax>519.3</ymax>
    </bndbox>
  </object>
  <object>
    <name>BLACK</name>
    <occluded>0</occluded>
    <bndbox>
      <xmin>959.3</xmin>
      <ymin>411.6</ymin>
      <xmax>985.0</xmax>
      <ymax>464.4</ymax>
    </bndbox>
  </object>
  <object>
    <name>WHITE</name>
    <occluded>0</occluded>
    <bndbox>
      <xmin>804.5</xmin>
      <ymin>342.0</ymin>
      <xmax>853.5</xmax>
      <ymax>387.6</ymax>
    </bndbox>
  </object>
  <object>
    <name>WHITE</name>
    <occluded>0</occluded>
    <bndbox>
      <xmin>389.02</xmin>
      <ymin>732.44</ymin>
      <xmax>421.0</xmax>
      <ymax>778.5</ymax>
    </bndbox>
  </object>
  <object>
    <name>BLACK</name>
    <occluded>0</occluded>
    <bndbox>
      <xmin>454.4</xmin>
      <ymin>789.0</ymin>
      <xmax>502.5</xmax>
      <ymax>837.3</ymax>
    </bndbox>
  </object>
  <object>
    <name>WHITE</name>
    <occluded>0</occluded>
    <bndbox>
      <xmin>395.5</xmin>
      <ymin>634.0</ymin>
      <xmax>429.6</xmax>
      <ymax>683.6</ymax>
    </bndbox>
  </object>
  <object>
    <name>WHITE</name>
    <occluded>0</occluded>
    <bndbox>
      <xmin>432.4</xmin>
      <ymin>703.79</ymin>
      <xmax>475.4</xmax>
      <ymax>751.6</ymax>
    </bndbox>
  </object>
  <object>
    <name>WHITE</name>
    <occluded>0</occluded>
    <bndbox>
      <xmin>774.6</xmin>
      <ymin>487.74</ymin>
      <xmax>824.7</xmax>
      <ymax>534.26</ymax>
    </bndbox>
  </object>
  <object>
    <name>WHITE</name>
    <occluded>0</occluded>
    <bndbox>
      <xmin>729.5</xmin>
      <ymin>570.85</ymin>
      <xmax>782.3</xmax>
      <ymax>624.1</ymax>
    </bndbox>
  </object>
  <object>
    <name>WHITE</name>
    <occluded>0</occluded>
    <bndbox>
      <xmin>703.85</xmin>
      <ymin>652.85</ymin>
      <xmax>752.2</xmax>
      <ymax>703.0</ymax>
    </bndbox>
  </object>
  <object>
    <name>WHITE</name>
    <occluded>0</occluded>
    <bndbox>
      <xmin>791.0</xmin>
      <ymin>145.0</ymin>
      <xmax>835.2</xmax>
      <ymax>177.3</ymax>
    </bndbox>
  </object>
  <object>
    <name>WHITE</name>
    <occluded>0</occluded>
    <bndbox>
      <xmin>801.9</xmin>
      <ymin>628.3</ymin>
      <xmax>854.9</xmax>
      <ymax>680.0</ymax>
    </bndbox>
  </object>
  <object>
    <name>WHITE</name>
    <occluded>0</occluded>
    <bndbox>
      <xmin>856.8</xmin>
      <ymin>197.1</ymin>
      <xmax>899.6</xmax>
      <ymax>234.8</ymax>
    </bndbox>
  </object>
  <object>
    <name>WHITE</name>
    <occluded>0</occluded>
    <bndbox>
      <xmin>831.4</xmin>
      <ymin>261.3</ymin>
      <xmax>875.56</xmax>
      <ymax>306.78</ymax>
    </bndbox>
  </object>
  <object>
    <name>WHITE</name>
    <occluded>0</occluded>
    <bndbox>
      <xmin>741.29</xmin>
      <ymin>281.82</ymin>
      <xmax>782.71</xmax>
      <ymax>328.18</ymax>
    </bndbox>
  </object>
  <object>
    <name>WHITE</name>
    <occluded>0</occluded>
    <bndbox>
      <xmin>610.89</xmin>
      <ymin>614.96</ymin>
      <xmax>659.11</xmax>
      <ymax>663.04</ymax>
    </bndbox>
  </object>
  <object>
    <name>WHITE</name>
    <occluded>0</occluded>
    <bndbox>
      <xmin>587.26</xmin>
      <ymin>249.14</ymin>
      <xmax>632.74</xmax>
      <ymax>286.86</ymax>
    </bndbox>
  </object>
  <object>
    <name>WHITE</name>
    <occluded>0</occluded>
    <bndbox>
      <xmin>537.08</xmin>
      <ymin>196.0</ymin>
      <xmax>581.6</xmax>
      <ymax>235.9</ymax>
    </bndbox>
  </object>
  <object>
    <name>WHITE</name>
    <occluded>0</occluded>
    <bndbox>
      <xmin>507.73</xmin>
      <ymin>265.4</ymin>
      <xmax>552.7</xmax>
      <ymax>311.3</ymax>
    </bndbox>
  </object>
  <object>
    <name>WHITE</name>
    <occluded>0</occluded>
    <bndbox>
      <xmin>474.73</xmin>
      <ymin>343.6</ymin>
      <xmax>519.3</xmax>
      <ymax>386.3</ymax>
    </bndbox>
  </object>
  <object>
    <name>WHITE</name>
    <occluded>0</occluded>
    <bndbox>
      <xmin>784.86</xmin>
      <ymin>410.3</ymin>
      <xmax>829.14</xmax>
      <ymax>457.7</ymax>
    </bndbox>
  </object>
  <object>
    <name>WHITE</name>
    <occluded>0</occluded>
    <bndbox>
      <xmin>474.9</xmin>
      <ymin>217.1</ymin>
      <xmax>513.7</xmax>
      <ymax>255.2</ymax>
    </bndbox>
  </object>
  <object>
    <name>WHITE</name>
    <occluded>0</occluded>
    <bndbox>
      <xmin>508.1</xmin>
      <ymin>407.4</ymin>
      <xmax>550.2</xmax>
      <ymax>452.6</ymax>
    </bndbox>
  </object>
  <object>
    <name>WHITE</name>
    <occluded>0</occluded>
    <bndbox>
      <xmin>513.53</xmin>
      <ymin>663.15</ymin>
      <xmax>558.47</xmax>
      <ymax>710.85</ymax>
    </bndbox>
  </object>
  <object>
    <name>WHITE</name>
    <occluded>0</occluded>
    <bndbox>
      <xmin>871.5</xmin>
      <ymin>407.0</ymin>
      <xmax>912.5</xmax>
      <ymax>453.0</ymax>
    </bndbox>
  </object>
  <object>
    <name>WHITE</name>
    <occluded>0</occluded>
    <bndbox>
      <xmin>856.08</xmin>
      <ymin>476.67</ymin>
      <xmax>899.92</xmax>
      <ymax>523.33</ymax>
    </bndbox>
  </object>
  <object>
    <name>WHITE</name>
    <occluded>0</occluded>
    <bndbox>
      <xmin>509.0</xmin>
      <ymin>748.0</ymin>
      <xmax>558.8</xmax>
      <ymax>798.5</ymax>
    </bndbox>
  </object>
  <object>
    <name>WHITE</name>
    <occluded>0</occluded>
    <bndbox>
      <xmin>425.5</xmin>
      <ymin>513.5</ymin>
      <xmax>465.0</xmax>
      <ymax>561.6</ymax>
    </bndbox>
  </object>
  <object>
    <name>WHITE</name>
    <occluded>0</occluded>
    <bndbox>
      <xmin>604.5</xmin>
      <ymin>689.5</ymin>
      <xmax>651.9</xmax>
      <ymax>740.7</ymax>
    </bndbox>
  </object>
  <object>
    <name>WHITE</name>
    <occluded>0</occluded>
    <bndbox>
      <xmin>451.0</xmin>
      <ymin>589.5</ymin>
      <xmax>493.9</xmax>
      <ymax>641.9</ymax>
    </bndbox>
  </object>
  <object>
    <name>BLACK</name>
    <occluded>0</occluded>
    <bndbox>
      <xmin>480.3</xmin>
      <ymin>486.5</ymin>
      <xmax>515.8</xmax>
      <ymax>541.0</ymax>
    </bndbox>
  </object>
  <object>
    <name>WHITE</name>
    <occluded>0</occluded>
    <bndbox>
      <xmin>552.12</xmin>
      <ymin>332.0</ymin>
      <xmax>600.1</xmax>
      <ymax>376.9</ymax>
    </bndbox>
  </object>
  <object>
    <name>WHITE</name>
    <occluded>0</occluded>
    <bndbox>
      <xmin>615.0</xmin>
      <ymin>177.5</ymin>
      <xmax>660.4</xmax>
      <ymax>217.7</ymax>
    </bndbox>
  </object>
  <object>
    <name>WHITE</name>
    <occluded>0</occluded>
    <bndbox>
      <xmin>528.0</xmin>
      <ymin>562.0</ymin>
      <xmax>576.5</xmax>
      <ymax>613.6</ymax>
    </bndbox>
  </object>
  <object>
    <name>WHITE</name>
    <occluded>0</occluded>
    <bndbox>
      <xmin>640.74</xmin>
      <ymin>312.98</ymin>
      <xmax>692.5</xmax>
      <ymax>358.4</ymax>
    </bndbox>
  </object>
  <object>
    <name>WHITE</name>
    <occluded>0</occluded>
    <bndbox>
      <xmin>680.5</xmin>
      <ymin>225.5</ymin>
      <xmax>725.5</xmax>
      <ymax>266.7</ymax>
    </bndbox>
  </object>
  <object>
    <name>WHITE</name>
    <occluded>0</occluded>
    <bndbox>
      <xmin>731.5</xmin>
      <ymin>355.5</ymin>
      <xmax>778.5</xmax>
      <ymax>400.5</ymax>
    </bndbox>
  </object>
  <object>
    <name>WHITE</name>
    <occluded>0</occluded>
    <bndbox>
      <xmin>334.41</xmin>
      <ymin>597.33</ymin>
      <xmax>365.85</xmax>
      <ymax>644.49</ymax>
    </bndbox>
  </object>
  <object>
    <name>WHITE</name>
    <occluded>0</occluded>
    <bndbox>
      <xmin>975.21</xmin>
      <ymin>556.13</ymin>
      <xmax>1008.48</xmax>
      <ymax>604.74</ymax>
    </bndbox>
  </object>
  <object>
    <name>WHITE</name>
    <occluded>0</occluded>
    <bndbox>
      <xmin>915.07</xmin>
      <ymin>264.33</ymin>
      <xmax>953.75</xmax>
      <ymax>307.06</ymax>
    </bndbox>
  </object>
  <object>
    <name>WHITE</name>
    <occluded>0</occluded>
    <bndbox>
      <xmin>1014.1</xmin>
      <ymin>610.45</ymin>
      <xmax>1048.93</xmax>
      <ymax>652.82</ymax>
    </bndbox>
  </object>
  <object>
    <name>WHITE</name>
    <occluded>0</occluded>
    <bndbox>
      <xmin>967.01</xmin>
      <ymin>608.69</ymin>
      <xmax>1005.56</xmax>
      <ymax>645.08</ymax>
    </bndbox>
  </object>
  <object>
    <name>WHITE</name>
    <occluded>0</occluded>
    <bndbox>
      <xmin>1005.77</xmin>
      <ymin>424.08</ymin>
      <xmax>1034.47</xmax>
      <ymax>470.25</ymax>
    </bndbox>
  </object>
  <object>
    <name>WHITE</name>
    <occluded>0</occluded>
    <bndbox>
      <xmin>368.54</xmin>
      <ymin>762.61</ymin>
      <xmax>404.03</xmax>
      <ymax>811.57</ymax>
    </bndbox>
  </object>
  <object>
    <name>WHITE</name>
    <occluded>0</occluded>
    <bndbox>
      <xmin>352.38</xmin>
      <ymin>675.48</ymin>
      <xmax>377.98</xmax>
      <ymax>723.54</ymax>
    </bndbox>
  </object>
  <object>
    <name>WHITE</name>
    <occluded>0</occluded>
    <bndbox>
      <xmin>865.11</xmin>
      <ymin>145.03</ymin>
      <xmax>902.85</xmax>
      <ymax>181.84</ymax>
    </bndbox>
  </object>
  <object>
    <name>WHITE</name>
    <occluded>0</occluded>
    <bndbox>
      <xmin>371.24</xmin>
      <ymin>537.15</ymin>
      <xmax>407.17</xmax>
      <ymax>582.06</ymax>
    </bndbox>
  </object>
  <object>
    <name>WHITE</name>
    <occluded>0</occluded>
    <bndbox>
      <xmin>437.71</xmin>
      <ymin>429.8</ymin>
      <xmax>476.33</xmax>
      <ymax>476.96</ymax>
    </bndbox>
  </object>
  <object>
    <name>WHITE</name>
    <occluded>0</occluded>
    <bndbox>
      <xmin>370.79</xmin>
      <ymin>447.32</ymin>
      <xmax>401.78</xmax>
      <ymax>490.44</ymax>
    </bndbox>
  </object>
  <object>
    <name>WHITE</name>
    <occluded>0</occluded>
    <bndbox>
      <xmin>404.03</xmin>
      <ymin>366.03</ymin>
      <xmax>435.46</xmax>
      <ymax>409.15</ymax>
    </bndbox>
  </object>
  <object>
    <name>WHITE</name>
    <occluded>0</occluded>
    <bndbox>
      <xmin>353.72</xmin>
      <ymin>373.66</ymin>
      <xmax>379.3</xmax>
      <ymax>418.4</ymax>
    </bndbox>
  </object>
  <object>
    <name>WHITE</name>
    <occluded>0</occluded>
    <bndbox>
      <xmin>438.61</xmin>
      <ymin>288.33</ymin>
      <xmax>477.2</xmax>
      <ymax>329.6</ymax>
    </bndbox>
  </object>
  <object>
    <name>WHITE</name>
    <occluded>0</occluded>
    <bndbox>
      <xmin>383.37</xmin>
      <ymin>305.85</ymin>
      <xmax>411.66</xmax>
      <ymax>348.06</ymax>
    </bndbox>
  </object>
  <object>
    <name>WHITE</name>
    <occluded>0</occluded>
    <bndbox>
      <xmin>417.5</xmin>
      <ymin>239.2</ymin>
      <xmax>452.0</xmax>
      <ymax>278.9</ymax>
    </bndbox>
  </object>
</annotation>
