<annotation>
  <folder>AH</folder>
  <filename>AH_camera4.png</filename>
  <source>
    <database>Unknown</database>
    <annotation>Unknown</annotation>
    <image>Unknown</image>
  </source>
  <size>
    <width>1280</width>
    <height>960</height>
    <depth></depth>
  </size>
  <segmented>0</segmented>
  <object>
    <name>WHITE</name>
    <occluded>0</occluded>
    <bndbox>
      <xmin>460.3</xmin>
      <ymin>683.52</ymin>
      <xmax>488.15</xmax>
      <ymax>722.59</ymax>
    </bndbox>
  </object>
  <object>
    <name>WHITE</name>
    <occluded>0</occluded>
    <bndbox>
      <xmin>472.88</xmin>
      <ymin>624.68</ymin>
      <xmax>509.71</xmax>
      <ymax>668.7</ymax>
    </bndbox>
  </object>
  <object>
    <name>WHITE</name>
    <occluded>0</occluded>
    <bndbox>
      <xmin>500.3</xmin>
      <ymin>571.7</ymin>
      <xmax>537.55</xmax>
      <ymax>614.35</ymax>
    </bndbox>
  </object>
  <object>
    <name>WHITE</name>
    <occluded>0</occluded>
    <bndbox>
      <xmin>525.5</xmin>
      <ymin>848.3</ymin>
      <xmax>562.04</xmax>
      <ymax>887.31</ymax>
    </bndbox>
  </object>
  <object>
    <name>WHITE</name>
    <occluded>0</occluded>
    <bndbox>
      <xmin>922.59</xmin>
      <ymin>568.87</ymin>
      <xmax>957.52</xmax>
      <ymax>612.53</ymax>
    </bndbox>
  </object>
  <object>
    <name>WHITE</name>
    <occluded>0</occluded>
    <bndbox>
      <xmin>949.72</xmin>
      <ymin>632.18</ymin>
      <xmax>977.17</xmax>
      <ymax>671.48</ymax>
    </bndbox>
  </object>
  <object>
    <name>WHITE</name>
    <occluded>0</occluded>
    <bndbox>
      <xmin>664.34</xmin>
      <ymin>842.4</ymin>
      <xmax>708.63</xmax>
      <ymax>881.7</ymax>
    </bndbox>
  </object>
  <object>
    <name>WHITE</name>
    <occluded>0</occluded>
    <bndbox>
      <xmin>875.8</xmin>
      <ymin>794.06</ymin>
      <xmax>902.32</xmax>
      <ymax>833.98</ymax>
    </bndbox>
  </object>
  <object>
    <name>WHITE</name>
    <occluded>0</occluded>
    <bndbox>
      <xmin>842.43</xmin>
      <ymin>848.01</ymin>
      <xmax>873.31</xmax>
      <ymax>886.69</ymax>
    </bndbox>
  </object>
  <object>
    <name>WHITE</name>
    <occluded>0</occluded>
    <bndbox>
      <xmin>492.46</xmin>
      <ymin>332.03</ymin>
      <xmax>525.25</xmax>
      <ymax>372.0</ymax>
    </bndbox>
  </object>
  <object>
    <name>WHITE</name>
    <occluded>0</occluded>
    <bndbox>
      <xmin>498.3</xmin>
      <ymin>268.7</ymin>
      <xmax>526.14</xmax>
      <ymax>303.73</ymax>
    </bndbox>
  </object>
  <object>
    <name>WHITE</name>
    <occluded>0</occluded>
    <bndbox>
      <xmin>465.06</xmin>
      <ymin>318.56</ymin>
      <xmax>492.46</xmax>
      <ymax>356.28</ymax>
    </bndbox>
  </object>
  <object>
    <name>WHITE</name>
    <occluded>0</occluded>
    <bndbox>
      <xmin>441.71</xmin>
      <ymin>385.92</ymin>
      <xmax>465.96</xmax>
      <ymax>427.25</ymax>
    </bndbox>
  </object>
  <object>
    <name>WHITE</name>
    <occluded>0</occluded>
    <bndbox>
      <xmin>434.07</xmin>
      <ymin>463.62</ymin>
      <xmax>455.18</xmax>
      <ymax>506.74</ymax>
    </bndbox>
  </object>
  <object>
    <name>WHITE</name>
    <occluded>0</occluded>
    <bndbox>
      <xmin>408.92</xmin>
      <ymin>524.71</ymin>
      <xmax>432.28</xmax>
      <ymax>569.17</ymax>
    </bndbox>
  </object>
  <object>
    <name>WHITE</name>
    <occluded>0</occluded>
    <bndbox>
      <xmin>499.64</xmin>
      <ymin>756.91</ymin>
      <xmax>526.59</xmax>
      <ymax>793.73</ymax>
    </bndbox>
  </object>
  <object>
    <name>WHITE</name>
    <occluded>0</occluded>
    <bndbox>
      <xmin>893.62</xmin>
      <ymin>246.07</ymin>
      <xmax>930.9</xmax>
      <ymax>278.4</ymax>
    </bndbox>
  </object>
  <object>
    <name>BLACK</name>
    <occluded>0</occluded>
    <bndbox>
      <xmin>803.0</xmin>
      <ymin>894.09</ymin>
      <xmax>838.3</xmax>
      <ymax>934.4</ymax>
    </bndbox>
  </object>
  <object>
    <name>WHITE</name>
    <occluded>0</occluded>
    <bndbox>
      <xmin>655.7</xmin>
      <ymin>297.2</ymin>
      <xmax>701.2</xmax>
      <ymax>335.5</ymax>
    </bndbox>
  </object>
  <object>
    <name>WHITE</name>
    <occluded>0</occluded>
    <bndbox>
      <xmin>693.65</xmin>
      <ymin>247.7</ymin>
      <xmax>740.1</xmax>
      <ymax>277.9</ymax>
    </bndbox>
  </object>
  <object>
    <name>WHITE</name>
    <occluded>0</occluded>
    <bndbox>
      <xmin>516.26</xmin>
      <ymin>277.68</ymin>
      <xmax>549.95</xmax>
      <ymax>310.47</ymax>
    </bndbox>
  </object>
  <object>
    <name>WHITE</name>
    <occluded>0</occluded>
    <bndbox>
      <xmin>566.57</xmin>
      <ymin>300.59</ymin>
      <xmax>605.64</xmax>
      <ymax>338.77</ymax>
    </bndbox>
  </object>
  <object>
    <name>WHITE</name>
    <occluded>0</occluded>
    <bndbox>
      <xmin>558.03</xmin>
      <ymin>228.28</ymin>
      <xmax>603.84</xmax>
      <ymax>259.27</ymax>
    </bndbox>
  </object>
  <object>
    <name>WHITE</name>
    <occluded>0</occluded>
    <bndbox>
      <xmin>734.99</xmin>
      <ymin>211.66</ymin>
      <xmax>776.76</xmax>
      <ymax>236.37</ymax>
    </bndbox>
  </object>
  <object>
    <name>WHITE</name>
    <occluded>0</occluded>
    <bndbox>
      <xmin>784.45</xmin>
      <ymin>249.2</ymin>
      <xmax>827.78</xmax>
      <ymax>277.01</ymax>
    </bndbox>
  </object>
  <object>
    <name>WHITE</name>
    <occluded>0</occluded>
    <bndbox>
      <xmin>992.56</xmin>
      <ymin>351.7</ymin>
      <xmax>1016.37</xmax>
      <ymax>389.88</ymax>
    </bndbox>
  </object>
  <object>
    <name>WHITE</name>
    <occluded>0</occluded>
    <bndbox>
      <xmin>1024.0</xmin>
      <ymin>397.96</ymin>
      <xmax>1045.11</xmax>
      <ymax>437.49</ymax>
    </bndbox>
  </object>
  <object>
    <name>WHITE</name>
    <occluded>0</occluded>
    <bndbox>
      <xmin>940.42</xmin>
      <ymin>305.8</ymin>
      <xmax>972.31</xmax>
      <ymax>341.28</ymax>
    </bndbox>
  </object>
  <object>
    <name>WHITE</name>
    <occluded>0</occluded>
    <bndbox>
      <xmin>917.96</xmin>
      <ymin>337.69</ymin>
      <xmax>953.0</xmax>
      <ymax>373.17</ymax>
    </bndbox>
  </object>
  <object>
    <name>WHITE</name>
    <occluded>0</occluded>
    <bndbox>
      <xmin>878.89</xmin>
      <ymin>272.56</ymin>
      <xmax>913.03</xmax>
      <ymax>306.7</ymax>
    </bndbox>
  </object>
  <object>
    <name>WHITE</name>
    <occluded>0</occluded>
    <bndbox>
      <xmin>834.9</xmin>
      <ymin>298.6</ymin>
      <xmax>875.75</xmax>
      <ymax>337.69</ymax>
    </bndbox>
  </object>
  <object>
    <name>WHITE</name>
    <occluded>0</occluded>
    <bndbox>
      <xmin>949.85</xmin>
      <ymin>406.85</ymin>
      <xmax>978.6</xmax>
      <ymax>446.38</ymax>
    </bndbox>
  </object>
  <object>
    <name>WHITE</name>
    <occluded>0</occluded>
    <bndbox>
      <xmin>991.17</xmin>
      <ymin>460.75</ymin>
      <xmax>1012.28</xmax>
      <ymax>504.76</ymax>
    </bndbox>
  </object>
  <object>
    <name>BLACK</name>
    <occluded>0</occluded>
    <bndbox>
      <xmin>915.72</xmin>
      <ymin>436.5</ymin>
      <xmax>950.3</xmax>
      <ymax>484.55</ymax>
    </bndbox>
  </object>
  <object>
    <name>WHITE</name>
    <occluded>0</occluded>
    <bndbox>
      <xmin>953.89</xmin>
      <ymin>490.39</ymin>
      <xmax>981.74</xmax>
      <ymax>534.41</ymax>
    </bndbox>
  </object>
  <object>
    <name>WHITE</name>
    <occluded>0</occluded>
    <bndbox>
      <xmin>446.83</xmin>
      <ymin>547.88</ymin>
      <xmax>480.96</xmax>
      <ymax>595.49</ymax>
    </bndbox>
  </object>
  <object>
    <name>WHITE</name>
    <occluded>0</occluded>
    <bndbox>
      <xmin>847.91</xmin>
      <ymin>429.14</ymin>
      <xmax>886.09</xmax>
      <ymax>470.86</ymax>
    </bndbox>
  </object>
  <object>
    <name>WHITE</name>
    <occluded>0</occluded>
    <bndbox>
      <xmin>475.5</xmin>
      <ymin>494.5</ymin>
      <xmax>504.5</xmax>
      <ymax>535.5</ymax>
    </bndbox>
  </object>
  <object>
    <name>WHITE</name>
    <occluded>0</occluded>
    <bndbox>
      <xmin>908.8</xmin>
      <ymin>854.73</ymin>
      <xmax>944.52</xmax>
      <ymax>895.1</ymax>
    </bndbox>
  </object>
  <object>
    <name>WHITE</name>
    <occluded>0</occluded>
    <bndbox>
      <xmin>508.87</xmin>
      <ymin>703.85</ymin>
      <xmax>543.4</xmax>
      <ymax>746.6</ymax>
    </bndbox>
  </object>
  <object>
    <name>WHITE</name>
    <occluded>0</occluded>
    <bndbox>
      <xmin>644.5</xmin>
      <ymin>876.76</ymin>
      <xmax>688.49</xmax>
      <ymax>916.1</ymax>
    </bndbox>
  </object>
  <object>
    <name>WHITE</name>
    <occluded>0</occluded>
    <bndbox>
      <xmin>624.3</xmin>
      <ymin>910.39</ymin>
      <xmax>666.06</xmax>
      <ymax>949.9</ymax>
    </bndbox>
  </object>
  <object>
    <name>WHITE</name>
    <occluded>0</occluded>
    <bndbox>
      <xmin>885.75</xmin>
      <ymin>369.29</ymin>
      <xmax>923.1</xmax>
      <ymax>406.7</ymax>
    </bndbox>
  </object>
  <object>
    <name>WHITE</name>
    <occluded>0</occluded>
    <bndbox>
      <xmin>810.1</xmin>
      <ymin>508.0</ymin>
      <xmax>853.3</xmax>
      <ymax>555.5</ymax>
    </bndbox>
  </object>
  <object>
    <name>WHITE</name>
    <occluded>0</occluded>
    <bndbox>
      <xmin>765.1</xmin>
      <ymin>586.3</ymin>
      <xmax>811.6</xmax>
      <ymax>631.5</ymax>
    </bndbox>
  </object>
  <object>
    <name>WHITE</name>
    <occluded>0</occluded>
    <bndbox>
      <xmin>716.8</xmin>
      <ymin>663.8</ymin>
      <xmax>764.5</xmax>
      <ymax>706.5</ymax>
    </bndbox>
  </object>
  <object>
    <name>WHITE</name>
    <occluded>0</occluded>
    <bndbox>
      <xmin>664.82</xmin>
      <ymin>728.32</ymin>
      <xmax>715.5</xmax>
      <ymax>773.7</ymax>
    </bndbox>
  </object>
  <object>
    <name>WHITE</name>
    <occluded>0</occluded>
    <bndbox>
      <xmin>630.06</xmin>
      <ymin>790.36</ymin>
      <xmax>668.79</xmax>
      <ymax>827.4</ymax>
    </bndbox>
  </object>
  <object>
    <name>WHITE</name>
    <occluded>0</occluded>
    <bndbox>
      <xmin>596.18</xmin>
      <ymin>838.12</ymin>
      <xmax>637.9</xmax>
      <ymax>874.7</ymax>
    </bndbox>
  </object>
  <object>
    <name>WHITE</name>
    <occluded>0</occluded>
    <bndbox>
      <xmin>580.58</xmin>
      <ymin>864.44</ymin>
      <xmax>616.9</xmax>
      <ymax>905.1</ymax>
    </bndbox>
  </object>
  <object>
    <name>WHITE</name>
    <occluded>0</occluded>
    <bndbox>
      <xmin>801.3</xmin>
      <ymin>359.16</ymin>
      <xmax>844.2</xmax>
      <ymax>402.7</ymax>
    </bndbox>
  </object>
  <object>
    <name>WHITE</name>
    <occluded>0</occluded>
    <bndbox>
      <xmin>716.33</xmin>
      <ymin>506.88</ymin>
      <xmax>765.5</xmax>
      <ymax>558.3</ymax>
    </bndbox>
  </object>
  <object>
    <name>WHITE</name>
    <occluded>0</occluded>
    <bndbox>
      <xmin>892.2</xmin>
      <ymin>642.56</ymin>
      <xmax>927.65</xmax>
      <ymax>685.4</ymax>
    </bndbox>
  </object>
  <object>
    <name>WHITE</name>
    <occluded>0</occluded>
    <bndbox>
      <xmin>665.32</xmin>
      <ymin>591.62</ymin>
      <xmax>712.3</xmax>
      <ymax>638.0</ymax>
    </bndbox>
  </object>
  <object>
    <name>WHITE</name>
    <occluded>0</occluded>
    <bndbox>
      <xmin>618.5</xmin>
      <ymin>663.5</ymin>
      <xmax>664.5</xmax>
      <ymax>707.2</ymax>
    </bndbox>
  </object>
  <object>
    <name>WHITE</name>
    <occluded>0</occluded>
    <bndbox>
      <xmin>843.7</xmin>
      <ymin>710.74</ymin>
      <xmax>880.7</xmax>
      <ymax>753.4</ymax>
    </bndbox>
  </object>
  <object>
    <name>WHITE</name>
    <occluded>0</occluded>
    <bndbox>
      <xmin>794.1</xmin>
      <ymin>781.95</ymin>
      <xmax>839.42</xmax>
      <ymax>813.7</ymax>
    </bndbox>
  </object>
  <object>
    <name>WHITE</name>
    <occluded>0</occluded>
    <bndbox>
      <xmin>573.3</xmin>
      <ymin>722.66</ymin>
      <xmax>617.03</xmax>
      <ymax>765.08</ymax>
    </bndbox>
  </object>
  <object>
    <name>WHITE</name>
    <occluded>0</occluded>
    <bndbox>
      <xmin>741.5</xmin>
      <ymin>841.16</ymin>
      <xmax>784.4</xmax>
      <ymax>873.2</ymax>
    </bndbox>
  </object>
  <object>
    <name>WHITE</name>
    <occluded>0</occluded>
    <bndbox>
      <xmin>709.2</xmin>
      <ymin>883.88</ymin>
      <xmax>749.8</xmax>
      <ymax>917.5</ymax>
    </bndbox>
  </object>
  <object>
    <name>WHITE</name>
    <occluded>0</occluded>
    <bndbox>
      <xmin>688.8</xmin>
      <ymin>915.77</ymin>
      <xmax>728.68</xmax>
      <ymax>955.2</ymax>
    </bndbox>
  </object>
  <object>
    <name>WHITE</name>
    <occluded>0</occluded>
    <bndbox>
      <xmin>894.0</xmin>
      <ymin>507.6</ymin>
      <xmax>930.0</xmax>
      <ymax>551.5</ymax>
    </bndbox>
  </object>
  <object>
    <name>WHITE</name>
    <occluded>0</occluded>
    <bndbox>
      <xmin>854.79</xmin>
      <ymin>583.0</ymin>
      <xmax>894.4</xmax>
      <ymax>626.1</ymax>
    </bndbox>
  </object>
  <object>
    <name>WHITE</name>
    <occluded>0</occluded>
    <bndbox>
      <xmin>817.0</xmin>
      <ymin>655.79</ymin>
      <xmax>858.26</xmax>
      <ymax>697.8</ymax>
    </bndbox>
  </object>
  <object>
    <name>WHITE</name>
    <occluded>0</occluded>
    <bndbox>
      <xmin>770.6</xmin>
      <ymin>730.76</ymin>
      <xmax>813.26</xmax>
      <ymax>768.2</ymax>
    </bndbox>
  </object>
  <object>
    <name>WHITE</name>
    <occluded>0</occluded>
    <bndbox>
      <xmin>747.3</xmin>
      <ymin>912.6</ymin>
      <xmax>784.8</xmax>
      <ymax>950.6</ymax>
    </bndbox>
  </object>
  <object>
    <name>WHITE</name>
    <occluded>0</occluded>
    <bndbox>
      <xmin>773.2</xmin>
      <ymin>870.0</ymin>
      <xmax>814.9</xmax>
      <ymax>907.1</ymax>
    </bndbox>
  </object>
  <object>
    <name>WHITE</name>
    <occluded>0</occluded>
    <bndbox>
      <xmin>816.2</xmin>
      <ymin>820.63</ymin>
      <xmax>850.51</xmax>
      <ymax>855.3</ymax>
    </bndbox>
  </object>
  <object>
    <name>WHITE</name>
    <occluded>0</occluded>
    <bndbox>
      <xmin>894.5</xmin>
      <ymin>704.08</ymin>
      <xmax>931.01</xmax>
      <ymax>743.3</ymax>
    </bndbox>
  </object>
  <object>
    <name>WHITE</name>
    <occluded>0</occluded>
    <bndbox>
      <xmin>973.25</xmin>
      <ymin>378.12</ymin>
      <xmax>999.4</xmax>
      <ymax>417.7</ymax>
    </bndbox>
  </object>
  <object>
    <name>WHITE</name>
    <occluded>0</occluded>
    <bndbox>
      <xmin>555.69</xmin>
      <ymin>775.48</ymin>
      <xmax>594.5</xmax>
      <ymax>816.2</ymax>
    </bndbox>
  </object>
  <object>
    <name>WHITE</name>
    <occluded>0</occluded>
    <bndbox>
      <xmin>861.35</xmin>
      <ymin>875.2</ymin>
      <xmax>896.81</xmax>
      <ymax>916.08</ymax>
    </bndbox>
  </object>
  <object>
    <name>WHITE</name>
    <occluded>0</occluded>
    <bndbox>
      <xmin>757.8</xmin>
      <ymin>426.46</ymin>
      <xmax>808.4</xmax>
      <ymax>473.5</ymax>
    </bndbox>
  </object>
  <object>
    <name>WHITE</name>
    <occluded>0</occluded>
    <bndbox>
      <xmin>475.0</xmin>
      <ymin>413.0</ymin>
      <xmax>503.2</xmax>
      <ymax>455.7</ymax>
    </bndbox>
  </object>
  <object>
    <name>BLACK</name>
    <occluded>0</occluded>
    <bndbox>
      <xmin>511.15</xmin>
      <ymin>440.01</ymin>
      <xmax>556.0</xmax>
      <ymax>490.9</ymax>
    </bndbox>
  </object>
  <object>
    <name>WHITE</name>
    <occluded>0</occluded>
    <bndbox>
      <xmin>538.8</xmin>
      <ymin>505.15</ymin>
      <xmax>579.8</xmax>
      <ymax>550.4</ymax>
    </bndbox>
  </object>
  <object>
    <name>WHITE</name>
    <occluded>0</occluded>
    <bndbox>
      <xmin>578.57</xmin>
      <ymin>433.34</ymin>
      <xmax>627.4</xmax>
      <ymax>479.1</ymax>
    </bndbox>
  </object>
  <object>
    <name>WHITE</name>
    <occluded>0</occluded>
    <bndbox>
      <xmin>617.92</xmin>
      <ymin>354.59</ymin>
      <xmax>660.08</xmax>
      <ymax>397.0</ymax>
    </bndbox>
  </object>
  <object>
    <name>WHITE</name>
    <occluded>0</occluded>
    <bndbox>
      <xmin>530.98</xmin>
      <ymin>372.1</ymin>
      <xmax>573.02</xmax>
      <ymax>414.1</ymax>
    </bndbox>
  </object>
  <object>
    <name>WHITE</name>
    <occluded>0</occluded>
    <bndbox>
      <xmin>538.92</xmin>
      <ymin>647.74</ymin>
      <xmax>582.0</xmax>
      <ymax>693.8</ymax>
    </bndbox>
  </object>
  <object>
    <name>WHITE</name>
    <occluded>0</occluded>
    <bndbox>
      <xmin>566.5</xmin>
      <ymin>582.0</ymin>
      <xmax>607.3</xmax>
      <ymax>627.1</ymax>
    </bndbox>
  </object>
  <object>
    <name>WHITE</name>
    <occluded>0</occluded>
    <bndbox>
      <xmin>621.06</xmin>
      <ymin>506.01</ymin>
      <xmax>674.7</xmax>
      <ymax>557.5</ymax>
    </bndbox>
  </object>
  <object>
    <name>WHITE</name>
    <occluded>0</occluded>
    <bndbox>
      <xmin>535.58</xmin>
      <ymin>815.17</ymin>
      <xmax>572.3</xmax>
      <ymax>854.8</ymax>
    </bndbox>
  </object>
  <object>
    <name>WHITE</name>
    <occluded>0</occluded>
    <bndbox>
      <xmin>665.08</xmin>
      <ymin>429.43</ymin>
      <xmax>713.9</xmax>
      <ymax>475.3</ymax>
    </bndbox>
  </object>
  <object>
    <name>WHITE</name>
    <occluded>0</occluded>
    <bndbox>
      <xmin>709.6</xmin>
      <ymin>352.25</ymin>
      <xmax>759.8</xmax>
      <ymax>397.5</ymax>
    </bndbox>
  </object>
  <object>
    <name>WHITE</name>
    <occluded>0</occluded>
    <bndbox>
      <xmin>744.05</xmin>
      <ymin>293.19</ymin>
      <xmax>794.0</xmax>
      <ymax>338.4</ymax>
    </bndbox>
  </object>
  <object>
    <name>BLACK</name>
    <occluded>0</occluded>
    <bndbox>
      <xmin>711.7</xmin>
      <ymin>795.86</ymin>
      <xmax>759.2</xmax>
      <ymax>834.7</ymax>
    </bndbox>
  </object>
</annotation>
