<annotation>
  <folder>AH</folder>
  <filename>AH_camera8.png</filename>
  <source>
    <database>Unknown</database>
    <annotation>Unknown</annotation>
    <image>Unknown</image>
  </source>
  <size>
    <width>1280</width>
    <height>960</height>
    <depth></depth>
  </size>
  <segmented>0</segmented>
  <object>
    <name>WHITE</name>
    <occluded>0</occluded>
    <bndbox>
      <xmin>822.13</xmin>
      <ymin>634.37</ymin>
      <xmax>869.85</xmax>
      <ymax>685.83</ymax>
    </bndbox>
  </object>
  <object>
    <name>WHITE</name>
    <occluded>0</occluded>
    <bndbox>
      <xmin>928.05</xmin>
      <ymin>507.27</ymin>
      <xmax>962.04</xmax>
      <ymax>545.32</ymax>
    </bndbox>
  </object>
  <object>
    <name>WHITE</name>
    <occluded>0</occluded>
    <bndbox>
      <xmin>912.89</xmin>
      <ymin>422.96</ymin>
      <xmax>945.08</xmax>
      <ymax>467.88</ymax>
    </bndbox>
  </object>
  <object>
    <name>WHITE</name>
    <occluded>0</occluded>
    <bndbox>
      <xmin>889.09</xmin>
      <ymin>306.03</ymin>
      <xmax>920.9</xmax>
      <ymax>343.46</ymax>
    </bndbox>
  </object>
  <object>
    <name>WHITE</name>
    <occluded>0</occluded>
    <bndbox>
      <xmin>845.27</xmin>
      <ymin>404.8</ymin>
      <xmax>886.5</xmax>
      <ymax>446.4</ymax>
    </bndbox>
  </object>
  <object>
    <name>WHITE</name>
    <occluded>0</occluded>
    <bndbox>
      <xmin>843.24</xmin>
      <ymin>251.14</ymin>
      <xmax>878.49</xmax>
      <ymax>280.15</ymax>
    </bndbox>
  </object>
  <object>
    <name>WHITE</name>
    <occluded>0</occluded>
    <bndbox>
      <xmin>874.33</xmin>
      <ymin>349.44</ymin>
      <xmax>907.2</xmax>
      <ymax>394.1</ymax>
    </bndbox>
  </object>
  <object>
    <name>WHITE</name>
    <occluded>0</occluded>
    <bndbox>
      <xmin>556.89</xmin>
      <ymin>177.91</ymin>
      <xmax>603.05</xmax>
      <ymax>209.1</ymax>
    </bndbox>
  </object>
  <object>
    <name>WHITE</name>
    <occluded>0</occluded>
    <bndbox>
      <xmin>501.68</xmin>
      <ymin>220.01</ymin>
      <xmax>547.22</xmax>
      <ymax>257.44</ymax>
    </bndbox>
  </object>
  <object>
    <name>WHITE</name>
    <occluded>0</occluded>
    <bndbox>
      <xmin>472.92</xmin>
      <ymin>175.87</ymin>
      <xmax>513.79</xmax>
      <ymax>204.16</ymax>
    </bndbox>
  </object>
  <object>
    <name>WHITE</name>
    <occluded>0</occluded>
    <bndbox>
      <xmin>416.33</xmin>
      <ymin>224.82</ymin>
      <xmax>459.0</xmax>
      <ymax>258.96</ymax>
    </bndbox>
  </object>
  <object>
    <name>WHITE</name>
    <occluded>0</occluded>
    <bndbox>
      <xmin>344.92</xmin>
      <ymin>256.26</ymin>
      <xmax>379.05</xmax>
      <ymax>290.84</ymax>
    </bndbox>
  </object>
  <object>
    <name>WHITE</name>
    <occluded>0</occluded>
    <bndbox>
      <xmin>365.38</xmin>
      <ymin>296.87</ymin>
      <xmax>404.92</xmax>
      <ymax>335.59</ymax>
    </bndbox>
  </object>
  <object>
    <name>WHITE</name>
    <occluded>0</occluded>
    <bndbox>
      <xmin>299.65</xmin>
      <ymin>325.2</ymin>
      <xmax>330.84</xmax>
      <ymax>366.27</ymax>
    </bndbox>
  </object>
  <object>
    <name>WHITE</name>
    <occluded>0</occluded>
    <bndbox>
      <xmin>318.1</xmin>
      <ymin>371.2</ymin>
      <xmax>356.05</xmax>
      <ymax>409.41</ymax>
    </bndbox>
  </object>
  <object>
    <name>WHITE</name>
    <occluded>0</occluded>
    <bndbox>
      <xmin>290.06</xmin>
      <ymin>457.17</ymin>
      <xmax>321.87</xmax>
      <ymax>500.21</ymax>
    </bndbox>
  </object>
  <object>
    <name>WHITE</name>
    <occluded>0</occluded>
    <bndbox>
      <xmin>595.0</xmin>
      <ymin>559.5</ymin>
      <xmax>646.0</xmax>
      <ymax>611.2</ymax>
    </bndbox>
  </object>
  <object>
    <name>WHITE</name>
    <occluded>0</occluded>
    <bndbox>
      <xmin>789.38</xmin>
      <ymin>532.38</ymin>
      <xmax>835.9</xmax>
      <ymax>582.0</ymax>
    </bndbox>
  </object>
  <object>
    <name>BLACK</name>
    <occluded>0</occluded>
    <bndbox>
      <xmin>818.5</xmin>
      <ymin>459.26</ymin>
      <xmax>861.5</xmax>
      <ymax>505.2</ymax>
    </bndbox>
  </object>
  <object>
    <name>WHITE</name>
    <occluded>0</occluded>
    <bndbox>
      <xmin>900.9</xmin>
      <ymin>665.8</ymin>
      <xmax>939.5</xmax>
      <ymax>713.0</ymax>
    </bndbox>
  </object>
  <object>
    <name>WHITE</name>
    <occluded>0</occluded>
    <bndbox>
      <xmin>744.09</xmin>
      <ymin>678.97</ymin>
      <xmax>792.2</xmax>
      <ymax>729.5</ymax>
    </bndbox>
  </object>
  <object>
    <name>WHITE</name>
    <occluded>0</occluded>
    <bndbox>
      <xmin>731.08</xmin>
      <ymin>594.07</ymin>
      <xmax>781.7</xmax>
      <ymax>647.9</ymax>
    </bndbox>
  </object>
  <object>
    <name>WHITE</name>
    <occluded>0</occluded>
    <bndbox>
      <xmin>862.32</xmin>
      <ymin>560.95</ymin>
      <xmax>905.6</xmax>
      <ymax>610.3</ymax>
    </bndbox>
  </object>
  <object>
    <name>WHITE</name>
    <occluded>0</occluded>
    <bndbox>
      <xmin>874.2</xmin>
      <ymin>482.5</ymin>
      <xmax>912.07</xmax>
      <ymax>528.32</ymax>
    </bndbox>
  </object>
  <object>
    <name>WHITE</name>
    <occluded>0</occluded>
    <bndbox>
      <xmin>948.45</xmin>
      <ymin>696.43</ymin>
      <xmax>980.88</xmax>
      <ymax>743.84</ymax>
    </bndbox>
  </object>
  <object>
    <name>WHITE</name>
    <occluded>0</occluded>
    <bndbox>
      <xmin>923.8</xmin>
      <ymin>599.75</ymin>
      <xmax>961.54</xmax>
      <ymax>649.65</ymax>
    </bndbox>
  </object>
  <object>
    <name>WHITE</name>
    <occluded>0</occluded>
    <bndbox>
      <xmin>484.1</xmin>
      <ymin>342.36</ymin>
      <xmax>529.9</xmax>
      <ymax>381.64</ymax>
    </bndbox>
  </object>
  <object>
    <name>WHITE</name>
    <occluded>0</occluded>
    <bndbox>
      <xmin>388.96</xmin>
      <ymin>623.79</ymin>
      <xmax>437.04</xmax>
      <ymax>666.21</ymax>
    </bndbox>
  </object>
  <object>
    <name>WHITE</name>
    <occluded>0</occluded>
    <bndbox>
      <xmin>549.33</xmin>
      <ymin>625.23</ymin>
      <xmax>600.67</xmax>
      <ymax>670.77</ymax>
    </bndbox>
  </object>
  <object>
    <name>BLACK</name>
    <occluded>0</occluded>
    <bndbox>
      <xmin>604.18</xmin>
      <ymin>152.85</ymin>
      <xmax>650.3</xmax>
      <ymax>179.6</ymax>
    </bndbox>
  </object>
  <object>
    <name>WHITE</name>
    <occluded>0</occluded>
    <bndbox>
      <xmin>452.7</xmin>
      <ymin>274.6</ymin>
      <xmax>498.4</xmax>
      <ymax>314.3</ymax>
    </bndbox>
  </object>
  <object>
    <name>WHITE</name>
    <occluded>0</occluded>
    <bndbox>
      <xmin>720.27</xmin>
      <ymin>320.68</ymin>
      <xmax>762.9</xmax>
      <ymax>361.8</ymax>
    </bndbox>
  </object>
  <object>
    <name>WHITE</name>
    <occluded>0</occluded>
    <bndbox>
      <xmin>757.72</xmin>
      <ymin>264.84</ymin>
      <xmax>797.5</xmax>
      <ymax>304.1</ymax>
    </bndbox>
  </object>
  <object>
    <name>WHITE</name>
    <occluded>0</occluded>
    <bndbox>
      <xmin>785.9</xmin>
      <ymin>230.4</ymin>
      <xmax>821.39</xmax>
      <ymax>262.31</ymax>
    </bndbox>
  </object>
  <object>
    <name>BLACK</name>
    <occluded>0</occluded>
    <bndbox>
      <xmin>343.7</xmin>
      <ymin>427.39</ymin>
      <xmax>388.48</xmax>
      <ymax>477.2</ymax>
    </bndbox>
  </object>
  <object>
    <name>WHITE</name>
    <occluded>0</occluded>
    <bndbox>
      <xmin>311.6</xmin>
      <ymin>510.29</ymin>
      <xmax>351.43</xmax>
      <ymax>558.7</ymax>
    </bndbox>
  </object>
  <object>
    <name>WHITE</name>
    <occluded>0</occluded>
    <bndbox>
      <xmin>295.2</xmin>
      <ymin>571.95</ymin>
      <xmax>331.96</xmax>
      <ymax>614.9</ymax>
    </bndbox>
  </object>
  <object>
    <name>WHITE</name>
    <occluded>0</occluded>
    <bndbox>
      <xmin>646.4</xmin>
      <ymin>642.71</ymin>
      <xmax>697.5</xmax>
      <ymax>691.9</ymax>
    </bndbox>
  </object>
  <object>
    <name>BLACK</name>
    <occluded>0</occluded>
    <bndbox>
      <xmin>460.22</xmin>
      <ymin>616.97</ymin>
      <xmax>516.9</xmax>
      <ymax>663.5</ymax>
    </bndbox>
  </object>
  <object>
    <name>WHITE</name>
    <occluded>0</occluded>
    <bndbox>
      <xmin>509.6</xmin>
      <ymin>554.57</ymin>
      <xmax>561.7</xmax>
      <ymax>602.57</ymax>
    </bndbox>
  </object>
  <object>
    <name>WHITE</name>
    <occluded>0</occluded>
    <bndbox>
      <xmin>539.93</xmin>
      <ymin>476.87</ymin>
      <xmax>589.83</xmax>
      <ymax>523.5</ymax>
    </bndbox>
  </object>
  <object>
    <name>WHITE</name>
    <occluded>0</occluded>
    <bndbox>
      <xmin>826.7</xmin>
      <ymin>285.6</ymin>
      <xmax>863.11</xmax>
      <ymax>325.42</ymax>
    </bndbox>
  </object>
  <object>
    <name>WHITE</name>
    <occluded>0</occluded>
    <bndbox>
      <xmin>837.62</xmin>
      <ymin>725.05</ymin>
      <xmax>883.4</xmax>
      <ymax>778.6</ymax>
    </bndbox>
  </object>
  <object>
    <name>WHITE</name>
    <occluded>0</occluded>
    <bndbox>
      <xmin>457.2</xmin>
      <ymin>473.6</ymin>
      <xmax>505.69</xmax>
      <ymax>522.6</ymax>
    </bndbox>
  </object>
  <object>
    <name>WHITE</name>
    <occluded>0</occluded>
    <bndbox>
      <xmin>552.0</xmin>
      <ymin>350.5</ymin>
      <xmax>601.4</xmax>
      <ymax>392.9</ymax>
    </bndbox>
  </object>
  <object>
    <name>WHITE</name>
    <occluded>0</occluded>
    <bndbox>
      <xmin>633.51</xmin>
      <ymin>305.19</ymin>
      <xmax>680.9</xmax>
      <ymax>346.8</ymax>
    </bndbox>
  </object>
  <object>
    <name>WHITE</name>
    <occluded>0</occluded>
    <bndbox>
      <xmin>682.69</xmin>
      <ymin>249.23</ymin>
      <xmax>725.9</xmax>
      <ymax>289.3</ymax>
    </bndbox>
  </object>
  <object>
    <name>WHITE</name>
    <occluded>0</occluded>
    <bndbox>
      <xmin>718.8</xmin>
      <ymin>208.7</ymin>
      <xmax>759.91</xmax>
      <ymax>241.72</ymax>
    </bndbox>
  </object>
  <object>
    <name>WHITE</name>
    <occluded>0</occluded>
    <bndbox>
      <xmin>645.6</xmin>
      <ymin>193.9</ymin>
      <xmax>691.38</xmax>
      <ymax>228.47</ymax>
    </bndbox>
  </object>
  <object>
    <name>WHITE</name>
    <occluded>0</occluded>
    <bndbox>
      <xmin>589.39</xmin>
      <ymin>231.13</ymin>
      <xmax>638.2</xmax>
      <ymax>266.6</ymax>
    </bndbox>
  </object>
  <object>
    <name>WHITE</name>
    <occluded>0</occluded>
    <bndbox>
      <xmin>547.5</xmin>
      <ymin>287.0</ymin>
      <xmax>595.9</xmax>
      <ymax>325.5</ymax>
    </bndbox>
  </object>
  <object>
    <name>WHITE</name>
    <occluded>0</occluded>
    <bndbox>
      <xmin>371.52</xmin>
      <ymin>484.32</ymin>
      <xmax>418.48</xmax>
      <ymax>531.7</ymax>
    </bndbox>
  </object>
  <object>
    <name>WHITE</name>
    <occluded>0</occluded>
    <bndbox>
      <xmin>347.5</xmin>
      <ymin>563.5</ymin>
      <xmax>389.9</xmax>
      <ymax>610.4</ymax>
    </bndbox>
  </object>
  <object>
    <name>WHITE</name>
    <occluded>0</occluded>
    <bndbox>
      <xmin>323.9</xmin>
      <ymin>629.5</ymin>
      <xmax>365.69</xmax>
      <ymax>657.3</ymax>
    </bndbox>
  </object>
  <object>
    <name>WHITE</name>
    <occluded>0</occluded>
    <bndbox>
      <xmin>400.37</xmin>
      <ymin>350.38</ymin>
      <xmax>445.63</xmax>
      <ymax>383.62</ymax>
    </bndbox>
  </object>
  <object>
    <name>WHITE</name>
    <occluded>0</occluded>
    <bndbox>
      <xmin>432.0</xmin>
      <ymin>408.0</ymin>
      <xmax>476.0</xmax>
      <ymax>450.0</ymax>
    </bndbox>
  </object>
  <object>
    <name>WHITE</name>
    <occluded>0</occluded>
    <bndbox>
      <xmin>517.74</xmin>
      <ymin>410.77</ymin>
      <xmax>564.26</xmax>
      <ymax>449.23</ymax>
    </bndbox>
  </object>
  <object>
    <name>BLACK</name>
    <occluded>0</occluded>
    <bndbox>
      <xmin>895.6</xmin>
      <ymin>761.6</ymin>
      <xmax>936.43</xmax>
      <ymax>815.86</ymax>
    </bndbox>
  </object>
  <object>
    <name>WHITE</name>
    <occluded>0</occluded>
    <bndbox>
      <xmin>773.75</xmin>
      <ymin>386.55</ymin>
      <xmax>819.8</xmax>
      <ymax>431.2</ymax>
    </bndbox>
  </object>
  <object>
    <name>WHITE</name>
    <occluded>0</occluded>
    <bndbox>
      <xmin>795.45</xmin>
      <ymin>331.92</ymin>
      <xmax>839.8</xmax>
      <ymax>374.8</ymax>
    </bndbox>
  </object>
  <object>
    <name>WHITE</name>
    <occluded>0</occluded>
    <bndbox>
      <xmin>420.14</xmin>
      <ymin>555.92</ymin>
      <xmax>471.3</xmax>
      <ymax>601.3</ymax>
    </bndbox>
  </object>
</annotation>
