<annotation>
  <folder>AH</folder>
  <filename>AH_camera7.png</filename>
  <source>
    <database>Unknown</database>
    <annotation>Unknown</annotation>
    <image>Unknown</image>
  </source>
  <size>
    <width>1280</width>
    <height>960</height>
    <depth></depth>
  </size>
  <segmented>0</segmented>
  <object>
    <name>WHITE</name>
    <occluded>0</occluded>
    <bndbox>
      <xmin>321.41</xmin>
      <ymin>460.23</ymin>
      <xmax>355.7</xmax>
      <ymax>511.6</ymax>
    </bndbox>
  </object>
  <object>
    <name>WHITE</name>
    <occluded>0</occluded>
    <bndbox>
      <xmin>302.2</xmin>
      <ymin>555.99</ymin>
      <xmax>326.13</xmax>
      <ymax>608.1</ymax>
    </bndbox>
  </object>
  <object>
    <name>WHITE</name>
    <occluded>0</occluded>
    <bndbox>
      <xmin>454.5</xmin>
      <ymin>384.35</ymin>
      <xmax>505.67</xmax>
      <ymax>434.2</ymax>
    </bndbox>
  </object>
  <object>
    <name>WHITE</name>
    <occluded>0</occluded>
    <bndbox>
      <xmin>488.32</xmin>
      <ymin>570.27</ymin>
      <xmax>546.6</xmax>
      <ymax>631.4</ymax>
    </bndbox>
  </object>
  <object>
    <name>WHITE</name>
    <occluded>0</occluded>
    <bndbox>
      <xmin>379.6</xmin>
      <ymin>460.98</ymin>
      <xmax>421.02</xmax>
      <ymax>514.9</ymax>
    </bndbox>
  </object>
  <object>
    <name>WHITE</name>
    <occluded>0</occluded>
    <bndbox>
      <xmin>325.9</xmin>
      <ymin>635.66</ymin>
      <xmax>359.96</xmax>
      <ymax>687.2</ymax>
    </bndbox>
  </object>
  <object>
    <name>WHITE</name>
    <occluded>0</occluded>
    <bndbox>
      <xmin>539.2</xmin>
      <ymin>492.25</ymin>
      <xmax>598.0</xmax>
      <ymax>548.9</ymax>
    </bndbox>
  </object>
  <object>
    <name>WHITE</name>
    <occluded>0</occluded>
    <bndbox>
      <xmin>607.5</xmin>
      <ymin>433.4</ymin>
      <xmax>663.5</xmax>
      <ymax>489.2</ymax>
    </bndbox>
  </object>
  <object>
    <name>WHITE</name>
    <occluded>0</occluded>
    <bndbox>
      <xmin>465.8</xmin>
      <ymin>175.66</ymin>
      <xmax>515.93</xmax>
      <ymax>215.05</ymax>
    </bndbox>
  </object>
  <object>
    <name>BLACK</name>
    <occluded>0</occluded>
    <bndbox>
      <xmin>384.3</xmin>
      <ymin>644.14</ymin>
      <xmax>424.1</xmax>
      <ymax>702.5</ymax>
    </bndbox>
  </object>
  <object>
    <name>WHITE</name>
    <occluded>0</occluded>
    <bndbox>
      <xmin>419.49</xmin>
      <ymin>550.13</ymin>
      <xmax>468.6</xmax>
      <ymax>606.4</ymax>
    </bndbox>
  </object>
  <object>
    <name>WHITE</name>
    <occluded>0</occluded>
    <bndbox>
      <xmin>264.55</xmin>
      <ymin>472.37</ymin>
      <xmax>303.45</xmax>
      <ymax>517.63</ymax>
    </bndbox>
  </object>
  <object>
    <name>WHITE</name>
    <occluded>0</occluded>
    <bndbox>
      <xmin>632.83</xmin>
      <ymin>204.87</ymin>
      <xmax>684.5</xmax>
      <ymax>254.7</ymax>
    </bndbox>
  </object>
  <object>
    <name>WHITE</name>
    <occluded>0</occluded>
    <bndbox>
      <xmin>692.22</xmin>
      <ymin>156.06</ymin>
      <xmax>735.8</xmax>
      <ymax>200.6</ymax>
    </bndbox>
  </object>
  <object>
    <name>WHITE</name>
    <occluded>0</occluded>
    <bndbox>
      <xmin>736.4</xmin>
      <ymin>134.8</ymin>
      <xmax>777.78</xmax>
      <ymax>168.96</ymax>
    </bndbox>
  </object>
  <object>
    <name>WHITE</name>
    <occluded>0</occluded>
    <bndbox>
      <xmin>734.27</xmin>
      <ymin>230.02</ymin>
      <xmax>785.3</xmax>
      <ymax>274.6</ymax>
    </bndbox>
  </object>
  <object>
    <name>WHITE</name>
    <occluded>0</occluded>
    <bndbox>
      <xmin>454.92</xmin>
      <ymin>469.57</ymin>
      <xmax>514.1</xmax>
      <ymax>525.6</ymax>
    </bndbox>
  </object>
  <object>
    <name>WHITE</name>
    <occluded>0</occluded>
    <bndbox>
      <xmin>257.3</xmin>
      <ymin>554.51</ymin>
      <xmax>279.72</xmax>
      <ymax>605.5</ymax>
    </bndbox>
  </object>
  <object>
    <name>BLACK</name>
    <occluded>0</occluded>
    <bndbox>
      <xmin>530.2</xmin>
      <ymin>403.42</ymin>
      <xmax>589.51</xmax>
      <ymax>462.1</ymax>
    </bndbox>
  </object>
  <object>
    <name>WHITE</name>
    <occluded>0</occluded>
    <bndbox>
      <xmin>515.8</xmin>
      <ymin>218.26</ymin>
      <xmax>569.24</xmax>
      <ymax>267.6</ymax>
    </bndbox>
  </object>
  <object>
    <name>WHITE</name>
    <occluded>0</occluded>
    <bndbox>
      <xmin>434.9</xmin>
      <ymin>134.06</ymin>
      <xmax>478.92</xmax>
      <ymax>173.7</ymax>
    </bndbox>
  </object>
  <object>
    <name>WHITE</name>
    <occluded>0</occluded>
    <bndbox>
      <xmin>393.6</xmin>
      <ymin>352.41</ymin>
      <xmax>437.92</xmax>
      <ymax>396.8</ymax>
    </bndbox>
  </object>
  <object>
    <name>WHITE</name>
    <occluded>0</occluded>
    <bndbox>
      <xmin>573.2</xmin>
      <ymin>150.75</ymin>
      <xmax>627.3</xmax>
      <ymax>188.8</ymax>
    </bndbox>
  </object>
  <object>
    <name>WHITE</name>
    <occluded>0</occluded>
    <bndbox>
      <xmin>336.72</xmin>
      <ymin>301.35</ymin>
      <xmax>371.34</xmax>
      <ymax>344.4</ymax>
    </bndbox>
  </object>
  <object>
    <name>WHITE</name>
    <occluded>0</occluded>
    <bndbox>
      <xmin>353.65</xmin>
      <ymin>544.3</ymin>
      <xmax>393.7</xmax>
      <ymax>598.95</ymax>
    </bndbox>
  </object>
  <object>
    <name>WHITE</name>
    <occluded>0</occluded>
    <bndbox>
      <xmin>277.3</xmin>
      <ymin>625.52</ymin>
      <xmax>302.0</xmax>
      <ymax>675.3</ymax>
    </bndbox>
  </object>
  <object>
    <name>WHITE</name>
    <occluded>0</occluded>
    <bndbox>
      <xmin>281.86</xmin>
      <ymin>332.31</ymin>
      <xmax>317.04</xmax>
      <ymax>374.98</ymax>
    </bndbox>
  </object>
  <object>
    <name>WHITE</name>
    <occluded>0</occluded>
    <bndbox>
      <xmin>387.97</xmin>
      <ymin>212.14</ymin>
      <xmax>427.47</xmax>
      <ymax>254.76</ymax>
    </bndbox>
  </object>
  <object>
    <name>WHITE</name>
    <occluded>0</occluded>
    <bndbox>
      <xmin>790.41</xmin>
      <ymin>202.28</ymin>
      <xmax>822.3</xmax>
      <ymax>248.09</ymax>
    </bndbox>
  </object>
  <object>
    <name>WHITE</name>
    <occluded>0</occluded>
    <bndbox>
      <xmin>834.43</xmin>
      <ymin>278.63</ymin>
      <xmax>855.98</xmax>
      <ymax>328.93</ymax>
    </bndbox>
  </object>
  <object>
    <name>WHITE</name>
    <occluded>0</occluded>
    <bndbox>
      <xmin>334.23</xmin>
      <ymin>369.35</ymin>
      <xmax>372.28</xmax>
      <ymax>416.44</ymax>
    </bndbox>
  </object>
  <object>
    <name>WHITE</name>
    <occluded>0</occluded>
    <bndbox>
      <xmin>290.25</xmin>
      <ymin>380.89</ymin>
      <xmax>322.69</xmax>
      <ymax>429.86</ymax>
    </bndbox>
  </object>
  <object>
    <name>WHITE</name>
    <occluded>0</occluded>
    <bndbox>
      <xmin>884.28</xmin>
      <ymin>349.14</ymin>
      <xmax>907.63</xmax>
      <ymax>396.75</ymax>
    </bndbox>
  </object>
  <object>
    <name>WHITE</name>
    <occluded>0</occluded>
    <bndbox>
      <xmin>867.91</xmin>
      <ymin>575.69</ymin>
      <xmax>890.82</xmax>
      <ymax>622.85</ymax>
    </bndbox>
  </object>
  <object>
    <name>WHITE</name>
    <occluded>0</occluded>
    <bndbox>
      <xmin>307.13</xmin>
      <ymin>208.5</ymin>
      <xmax>339.62</xmax>
      <ymax>248.26</ymax>
    </bndbox>
  </object>
  <object>
    <name>WHITE</name>
    <occluded>0</occluded>
    <bndbox>
      <xmin>319.87</xmin>
      <ymin>252.94</ymin>
      <xmax>351.32</xmax>
      <ymax>295.31</ymax>
    </bndbox>
  </object>
  <object>
    <name>WHITE</name>
    <occluded>0</occluded>
    <bndbox>
      <xmin>366.2</xmin>
      <ymin>174.1</ymin>
      <xmax>400.4</xmax>
      <ymax>212.87</ymax>
    </bndbox>
  </object>
  <object>
    <name>WHITE</name>
    <occluded>0</occluded>
    <bndbox>
      <xmin>357.75</xmin>
      <ymin>138.58</ymin>
      <xmax>393.7</xmax>
      <ymax>173.88</ymax>
    </bndbox>
  </object>
  <object>
    <name>WHITE</name>
    <occluded>0</occluded>
    <bndbox>
      <xmin>530.68</xmin>
      <ymin>108.72</ymin>
      <xmax>583.08</xmax>
      <ymax>140.54</ymax>
    </bndbox>
  </object>
  <object>
    <name>WHITE</name>
    <occluded>0</occluded>
    <bndbox>
      <xmin>632.33</xmin>
      <ymin>105.5</ymin>
      <xmax>683.98</xmax>
      <ymax>138.06</ymax>
    </bndbox>
  </object>
  <object>
    <name>WHITE</name>
    <occluded>0</occluded>
    <bndbox>
      <xmin>584.8</xmin>
      <ymin>69.2</ymin>
      <xmax>633.46</xmax>
      <ymax>98.39</ymax>
    </bndbox>
  </object>
  <object>
    <name>WHITE</name>
    <occluded>0</occluded>
    <bndbox>
      <xmin>488.61</xmin>
      <ymin>78.18</ymin>
      <xmax>531.65</xmax>
      <ymax>107.0</ymax>
    </bndbox>
  </object>
  <object>
    <name>BLACK</name>
    <occluded>0</occluded>
    <bndbox>
      <xmin>803.44</xmin>
      <ymin>312.31</ymin>
      <xmax>837.57</xmax>
      <ymax>362.17</ymax>
    </bndbox>
  </object>
  <object>
    <name>WHITE</name>
    <occluded>0</occluded>
    <bndbox>
      <xmin>413.76</xmin>
      <ymin>262.37</ymin>
      <xmax>460.55</xmax>
      <ymax>304.16</ymax>
    </bndbox>
  </object>
</annotation>
