<annotation>
  <folder>AH</folder>
  <filename>AH_camera9.png</filename>
  <source>
    <database>Unknown</database>
    <annotation>Unknown</annotation>
    <image>Unknown</image>
  </source>
  <size>
    <width>960</width>
    <height>1280</height>
    <depth></depth>
  </size>
  <segmented>0</segmented>
  <object>
    <name>WHITE</name>
    <occluded>0</occluded>
    <bndbox>
      <xmin>374.34</xmin>
      <ymin>760.31</ymin>
      <xmax>417.9</xmax>
      <ymax>802.15</ymax>
    </bndbox>
  </object>
  <object>
    <name>WHITE</name>
    <occluded>0</occluded>
    <bndbox>
      <xmin>713.52</xmin>
      <ymin>547.26</ymin>
      <xmax>738.89</xmax>
      <ymax>592.18</ymax>
    </bndbox>
  </object>
  <object>
    <name>WHITE</name>
    <occluded>0</occluded>
    <bndbox>
      <xmin>381.64</xmin>
      <ymin>713.0</ymin>
      <xmax>426.36</xmax>
      <ymax>755.57</ymax>
    </bndbox>
  </object>
  <object>
    <name>WHITE</name>
    <occluded>0</occluded>
    <bndbox>
      <xmin>554.3</xmin>
      <ymin>498.5</ymin>
      <xmax>598.7</xmax>
      <ymax>540.7</ymax>
    </bndbox>
  </object>
  <object>
    <name>WHITE</name>
    <occluded>0</occluded>
    <bndbox>
      <xmin>408.9</xmin>
      <ymin>639.5</ymin>
      <xmax>454.3</xmax>
      <ymax>687.4</ymax>
    </bndbox>
  </object>
  <object>
    <name>WHITE</name>
    <occluded>0</occluded>
    <bndbox>
      <xmin>440.24</xmin>
      <ymin>566.65</ymin>
      <xmax>485.34</xmax>
      <ymax>611.89</ymax>
    </bndbox>
  </object>
  <object>
    <name>WHITE</name>
    <occluded>0</occluded>
    <bndbox>
      <xmin>471.3</xmin>
      <ymin>498.0</ymin>
      <xmax>516.2</xmax>
      <ymax>538.6</ymax>
    </bndbox>
  </object>
  <object>
    <name>WHITE</name>
    <occluded>0</occluded>
    <bndbox>
      <xmin>534.96</xmin>
      <ymin>383.81</ymin>
      <xmax>577.8</xmax>
      <ymax>415.2</ymax>
    </bndbox>
  </object>
  <object>
    <name>WHITE</name>
    <occluded>0</occluded>
    <bndbox>
      <xmin>580.2</xmin>
      <ymin>349.1</ymin>
      <xmax>614.65</xmax>
      <ymax>377.95</ymax>
    </bndbox>
  </object>
  <object>
    <name>WHITE</name>
    <occluded>0</occluded>
    <bndbox>
      <xmin>635.3</xmin>
      <ymin>653.4</ymin>
      <xmax>674.7</xmax>
      <ymax>692.71</ymax>
    </bndbox>
  </object>
  <object>
    <name>WHITE</name>
    <occluded>0</occluded>
    <bndbox>
      <xmin>693.11</xmin>
      <ymin>431.19</ymin>
      <xmax>720.5</xmax>
      <ymax>465.4</ymax>
    </bndbox>
  </object>
  <object>
    <name>WHITE</name>
    <occluded>0</occluded>
    <bndbox>
      <xmin>448.0</xmin>
      <ymin>742.5</ymin>
      <xmax>492.0</xmax>
      <ymax>785.5</ymax>
    </bndbox>
  </object>
  <object>
    <name>WHITE</name>
    <occluded>0</occluded>
    <bndbox>
      <xmin>511.5</xmin>
      <ymin>438.5</ymin>
      <xmax>552.5</xmax>
      <ymax>471.5</ymax>
    </bndbox>
  </object>
  <object>
    <name>WHITE</name>
    <occluded>0</occluded>
    <bndbox>
      <xmin>456.09</xmin>
      <ymin>697.86</ymin>
      <xmax>499.91</xmax>
      <ymax>742.14</ymax>
    </bndbox>
  </object>
  <object>
    <name>WHITE</name>
    <occluded>0</occluded>
    <bndbox>
      <xmin>496.13</xmin>
      <ymin>341.08</ymin>
      <xmax>539.44</xmax>
      <ymax>367.07</ymax>
    </bndbox>
  </object>
  <object>
    <name>WHITE</name>
    <occluded>0</occluded>
    <bndbox>
      <xmin>643.5</xmin>
      <ymin>372.0</ymin>
      <xmax>676.77</xmax>
      <ymax>400.55</ymax>
    </bndbox>
  </object>
  <object>
    <name>WHITE</name>
    <occluded>0</occluded>
    <bndbox>
      <xmin>524.27</xmin>
      <ymin>567.3</ymin>
      <xmax>568.4</xmax>
      <ymax>607.88</ymax>
    </bndbox>
  </object>
  <object>
    <name>BLACK</name>
    <occluded>0</occluded>
    <bndbox>
      <xmin>272.25</xmin>
      <ymin>813.05</ymin>
      <xmax>301.36</xmax>
      <ymax>860.52</ymax>
    </bndbox>
  </object>
  <object>
    <name>WHITE</name>
    <occluded>0</occluded>
    <bndbox>
      <xmin>194.28</xmin>
      <ymin>684.13</ymin>
      <xmax>215.77</xmax>
      <ymax>727.45</ymax>
    </bndbox>
  </object>
  <object>
    <name>WHITE</name>
    <occluded>0</occluded>
    <bndbox>
      <xmin>204.37</xmin>
      <ymin>615.69</ymin>
      <xmax>222.73</xmax>
      <ymax>656.58</ymax>
    </bndbox>
  </object>
  <object>
    <name>WHITE</name>
    <occluded>0</occluded>
    <bndbox>
      <xmin>699.87</xmin>
      <ymin>661.67</ymin>
      <xmax>724.65</xmax>
      <ymax>706.2</ymax>
    </bndbox>
  </object>
  <object>
    <name>BLACK</name>
    <occluded>0</occluded>
    <bndbox>
      <xmin>680.04</xmin>
      <ymin>594.7</ymin>
      <xmax>712.77</xmax>
      <ymax>640.66</ymax>
    </bndbox>
  </object>
  <object>
    <name>WHITE</name>
    <occluded>0</occluded>
    <bndbox>
      <xmin>235.8</xmin>
      <ymin>574.17</ymin>
      <xmax>260.4</xmax>
      <ymax>615.75</ymax>
    </bndbox>
  </object>
  <object>
    <name>WHITE</name>
    <occluded>0</occluded>
    <bndbox>
      <xmin>410.46</xmin>
      <ymin>344.75</ymin>
      <xmax>455.86</xmax>
      <ymax>370.4</ymax>
    </bndbox>
  </object>
  <object>
    <name>WHITE</name>
    <occluded>0</occluded>
    <bndbox>
      <xmin>230.94</xmin>
      <ymin>453.57</ymin>
      <xmax>261.84</xmax>
      <ymax>491.98</ymax>
    </bndbox>
  </object>
  <object>
    <name>WHITE</name>
    <occluded>0</occluded>
    <bndbox>
      <xmin>381.83</xmin>
      <ymin>318.28</ymin>
      <xmax>421.54</xmax>
      <ymax>342.1</ymax>
    </bndbox>
  </object>
  <object>
    <name>WHITE</name>
    <occluded>0</occluded>
    <bndbox>
      <xmin>516.84</xmin>
      <ymin>315.63</ymin>
      <xmax>555.83</xmax>
      <ymax>335.84</ymax>
    </bndbox>
  </object>
  <object>
    <name>WHITE</name>
    <occluded>0</occluded>
    <bndbox>
      <xmin>330.7</xmin>
      <ymin>355.6</ymin>
      <xmax>370.7</xmax>
      <ymax>387.2</ymax>
    </bndbox>
  </object>
  <object>
    <name>WHITE</name>
    <occluded>0</occluded>
    <bndbox>
      <xmin>291.8</xmin>
      <ymin>414.13</ymin>
      <xmax>333.19</xmax>
      <ymax>448.2</ymax>
    </bndbox>
  </object>
  <object>
    <name>WHITE</name>
    <occluded>0</occluded>
    <bndbox>
      <xmin>257.5</xmin>
      <ymin>490.5</ymin>
      <xmax>291.04</xmax>
      <ymax>532.4</ymax>
    </bndbox>
  </object>
  <object>
    <name>WHITE</name>
    <occluded>0</occluded>
    <bndbox>
      <xmin>232.0</xmin>
      <ymin>711.92</ymin>
      <xmax>257.8</xmax>
      <ymax>754.6</ymax>
    </bndbox>
  </object>
  <object>
    <name>WHITE</name>
    <occluded>0</occluded>
    <bndbox>
      <xmin>264.9</xmin>
      <ymin>387.26</ymin>
      <xmax>300.72</xmax>
      <ymax>419.4</ymax>
    </bndbox>
  </object>
  <object>
    <name>WHITE</name>
    <occluded>0</occluded>
    <bndbox>
      <xmin>207.0</xmin>
      <ymin>747.0</ymin>
      <xmax>228.5</xmax>
      <ymax>788.7</ymax>
    </bndbox>
  </object>
  <object>
    <name>WHITE</name>
    <occluded>0</occluded>
    <bndbox>
      <xmin>459.11</xmin>
      <ymin>380.73</ymin>
      <xmax>505.3</xmax>
      <ymax>416.0</ymax>
    </bndbox>
  </object>
  <object>
    <name>WHITE</name>
    <occluded>0</occluded>
    <bndbox>
      <xmin>387.92</xmin>
      <ymin>508.17</ymin>
      <xmax>433.3</xmax>
      <ymax>547.6</ymax>
    </bndbox>
  </object>
  <object>
    <name>WHITE</name>
    <occluded>0</occluded>
    <bndbox>
      <xmin>353.0</xmin>
      <ymin>584.0</ymin>
      <xmax>395.0</xmax>
      <ymax>628.6</ymax>
    </bndbox>
  </object>
  <object>
    <name>WHITE</name>
    <occluded>0</occluded>
    <bndbox>
      <xmin>335.5</xmin>
      <ymin>655.5</ymin>
      <xmax>377.1</xmax>
      <ymax>698.5</ymax>
    </bndbox>
  </object>
  <object>
    <name>WHITE</name>
    <occluded>0</occluded>
    <bndbox>
      <xmin>603.32</xmin>
      <ymin>575.79</ymin>
      <xmax>642.5</xmax>
      <ymax>618.21</ymax>
    </bndbox>
  </object>
  <object>
    <name>WHITE</name>
    <occluded>0</occluded>
    <bndbox>
      <xmin>643.05</xmin>
      <ymin>516.45</ymin>
      <xmax>678.5</xmax>
      <ymax>553.9</ymax>
    </bndbox>
  </object>
  <object>
    <name>WHITE</name>
    <occluded>0</occluded>
    <bndbox>
      <xmin>671.99</xmin>
      <ymin>472.86</ymin>
      <xmax>704.6</xmax>
      <ymax>511.2</ymax>
    </bndbox>
  </object>
  <object>
    <name>WHITE</name>
    <occluded>0</occluded>
    <bndbox>
      <xmin>278.19</xmin>
      <ymin>676.07</ymin>
      <xmax>309.19</xmax>
      <ymax>719.07</ymax>
    </bndbox>
  </object>
  <object>
    <name>BLACK</name>
    <occluded>0</occluded>
    <bndbox>
      <xmin>273.07</xmin>
      <ymin>612.61</ymin>
      <xmax>321.2</xmax>
      <ymax>661.5</ymax>
    </bndbox>
  </object>
  <object>
    <name>WHITE</name>
    <occluded>0</occluded>
    <bndbox>
      <xmin>242.27</xmin>
      <ymin>796.14</ymin>
      <xmax>259.73</xmax>
      <ymax>837.86</ymax>
    </bndbox>
  </object>
  <object>
    <name>WHITE</name>
    <occluded>0</occluded>
    <bndbox>
      <xmin>418.0</xmin>
      <ymin>439.0</ymin>
      <xmax>460.0</xmax>
      <ymax>473.0</ymax>
    </bndbox>
  </object>
  <object>
    <name>WHITE</name>
    <occluded>0</occluded>
    <bndbox>
      <xmin>485.76</xmin>
      <ymin>637.86</ymin>
      <xmax>528.24</xmax>
      <ymax>682.14</ymax>
    </bndbox>
  </object>
  <object>
    <name>WHITE</name>
    <occluded>0</occluded>
    <bndbox>
      <xmin>317.0</xmin>
      <ymin>737.0</ymin>
      <xmax>353.0</xmax>
      <ymax>781.0</ymax>
    </bndbox>
  </object>
  <object>
    <name>WHITE</name>
    <occluded>0</occluded>
    <bndbox>
      <xmin>299.76</xmin>
      <ymin>534.45</ymin>
      <xmax>342.24</xmax>
      <ymax>567.55</ymax>
    </bndbox>
  </object>
  <object>
    <name>WHITE</name>
    <occluded>0</occluded>
    <bndbox>
      <xmin>266.0</xmin>
      <ymin>759.5</ymin>
      <xmax>294.0</xmax>
      <ymax>802.5</ymax>
    </bndbox>
  </object>
  <object>
    <name>WHITE</name>
    <occluded>0</occluded>
    <bndbox>
      <xmin>563.88</xmin>
      <ymin>638.31</ymin>
      <xmax>604.12</xmax>
      <ymax>681.69</ymax>
    </bndbox>
  </object>
  <object>
    <name>WHITE</name>
    <occluded>0</occluded>
    <bndbox>
      <xmin>532.5</xmin>
      <ymin>693.5</ymin>
      <xmax>575.5</xmax>
      <ymax>736.5</ymax>
    </bndbox>
  </object>
  <object>
    <name>WHITE</name>
    <occluded>0</occluded>
    <bndbox>
      <xmin>380.65</xmin>
      <ymin>387.3</ymin>
      <xmax>429.8</xmax>
      <ymax>419.9</ymax>
    </bndbox>
  </object>
  <object>
    <name>WHITE</name>
    <occluded>0</occluded>
    <bndbox>
      <xmin>318.19</xmin>
      <ymin>784.08</ymin>
      <xmax>358.0</xmax>
      <ymax>818.7</ymax>
    </bndbox>
  </object>
  <object>
    <name>WHITE</name>
    <occluded>0</occluded>
    <bndbox>
      <xmin>330.18</xmin>
      <ymin>452.81</ymin>
      <xmax>371.9</xmax>
      <ymax>492.1</ymax>
    </bndbox>
  </object>
  <object>
    <name>WHITE</name>
    <occluded>0</occluded>
    <bndbox>
      <xmin>598.2</xmin>
      <ymin>445.9</ymin>
      <xmax>637.06</xmax>
      <ymax>483.63</ymax>
    </bndbox>
  </object>
  <object>
    <name>WHITE</name>
    <occluded>0</occluded>
    <bndbox>
      <xmin>626.17</xmin>
      <ymin>404.74</ymin>
      <xmax>661.1</xmax>
      <ymax>438.3</ymax>
    </bndbox>
  </object>
</annotation>
