<annotation>
  <folder>DD</folder>
  <filename>DD_camera6.png</filename>
  <source>
    <database>Unknown</database>
    <annotation>Unknown</annotation>
    <image>Unknown</image>
  </source>
  <size>
    <width>1280</width>
    <height>960</height>
    <depth></depth>
  </size>
  <segmented>0</segmented>
  <object>
    <name>WHITE</name>
    <occluded>0</occluded>
    <bndbox>
      <xmin>776.2</xmin>
      <ymin>649.6</ymin>
      <xmax>808.91</xmax>
      <ymax>689.0</ymax>
    </bndbox>
  </object>
  <object>
    <name>WHITE</name>
    <occluded>0</occluded>
    <bndbox>
      <xmin>636.0</xmin>
      <ymin>902.05</ymin>
      <xmax>672.31</xmax>
      <ymax>934.5</ymax>
    </bndbox>
  </object>
  <object>
    <name>WHITE</name>
    <occluded>0</occluded>
    <bndbox>
      <xmin>541.7</xmin>
      <ymin>686.9</ymin>
      <xmax>588.6</xmax>
      <ymax>730.3</ymax>
    </bndbox>
  </object>
  <object>
    <name>WHITE</name>
    <occluded>0</occluded>
    <bndbox>
      <xmin>555.6</xmin>
      <ymin>605.5</ymin>
      <xmax>608.61</xmax>
      <ymax>654.8</ymax>
    </bndbox>
  </object>
  <object>
    <name>WHITE</name>
    <occluded>0</occluded>
    <bndbox>
      <xmin>704.04</xmin>
      <ymin>701.6</ymin>
      <xmax>744.2</xmax>
      <ymax>740.57</ymax>
    </bndbox>
  </object>
  <object>
    <name>WHITE</name>
    <occluded>0</occluded>
    <bndbox>
      <xmin>595.4</xmin>
      <ymin>510.9</ymin>
      <xmax>646.77</xmax>
      <ymax>561.8</ymax>
    </bndbox>
  </object>
  <object>
    <name>WHITE</name>
    <occluded>0</occluded>
    <bndbox>
      <xmin>635.0</xmin>
      <ymin>435.0</ymin>
      <xmax>682.1</xmax>
      <ymax>480.5</ymax>
    </bndbox>
  </object>
  <object>
    <name>BLACK</name>
    <occluded>0</occluded>
    <bndbox>
      <xmin>539.66</xmin>
      <ymin>860.8</ymin>
      <xmax>588.1</xmax>
      <ymax>893.6</ymax>
    </bndbox>
  </object>
  <object>
    <name>WHITE</name>
    <occluded>0</occluded>
    <bndbox>
      <xmin>560.4</xmin>
      <ymin>804.4</ymin>
      <xmax>606.0</xmax>
      <ymax>839.0</ymax>
    </bndbox>
  </object>
  <object>
    <name>WHITE</name>
    <occluded>0</occluded>
    <bndbox>
      <xmin>594.57</xmin>
      <ymin>742.0</ymin>
      <xmax>642.6</xmax>
      <ymax>784.5</ymax>
    </bndbox>
  </object>
  <object>
    <name>WHITE</name>
    <occluded>0</occluded>
    <bndbox>
      <xmin>688.8</xmin>
      <ymin>372.65</ymin>
      <xmax>730.9</xmax>
      <ymax>414.7</ymax>
    </bndbox>
  </object>
  <object>
    <name>WHITE</name>
    <occluded>0</occluded>
    <bndbox>
      <xmin>630.17</xmin>
      <ymin>671.7</ymin>
      <xmax>675.5</xmax>
      <ymax>713.42</ymax>
    </bndbox>
  </object>
  <object>
    <name>WHITE</name>
    <occluded>0</occluded>
    <bndbox>
      <xmin>340.31</xmin>
      <ymin>729.69</ymin>
      <xmax>381.9</xmax>
      <ymax>770.8</ymax>
    </bndbox>
  </object>
  <object>
    <name>WHITE</name>
    <occluded>0</occluded>
    <bndbox>
      <xmin>519.2</xmin>
      <ymin>287.74</ymin>
      <xmax>564.79</xmax>
      <ymax>308.45</ymax>
    </bndbox>
  </object>
  <object>
    <name>WHITE</name>
    <occluded>0</occluded>
    <bndbox>
      <xmin>477.88</xmin>
      <ymin>338.37</ymin>
      <xmax>522.4</xmax>
      <ymax>372.0</ymax>
    </bndbox>
  </object>
  <object>
    <name>WHITE</name>
    <occluded>0</occluded>
    <bndbox>
      <xmin>432.25</xmin>
      <ymin>392.12</ymin>
      <xmax>478.2</xmax>
      <ymax>432.1</ymax>
    </bndbox>
  </object>
  <object>
    <name>WHITE</name>
    <occluded>0</occluded>
    <bndbox>
      <xmin>395.6</xmin>
      <ymin>453.9</ymin>
      <xmax>442.07</xmax>
      <ymax>494.74</ymax>
    </bndbox>
  </object>
  <object>
    <name>WHITE</name>
    <occluded>0</occluded>
    <bndbox>
      <xmin>358.54</xmin>
      <ymin>528.7</ymin>
      <xmax>400.96</xmax>
      <ymax>574.3</ymax>
    </bndbox>
  </object>
  <object>
    <name>WHITE</name>
    <occluded>0</occluded>
    <bndbox>
      <xmin>325.9</xmin>
      <ymin>597.0</ymin>
      <xmax>364.0</xmax>
      <ymax>643.0</ymax>
    </bndbox>
  </object>
  <object>
    <name>WHITE</name>
    <occluded>0</occluded>
    <bndbox>
      <xmin>286.66</xmin>
      <ymin>648.63</ymin>
      <xmax>325.0</xmax>
      <ymax>694.1</ymax>
    </bndbox>
  </object>
  <object>
    <name>WHITE</name>
    <occluded>0</occluded>
    <bndbox>
      <xmin>376.39</xmin>
      <ymin>681.43</ymin>
      <xmax>413.84</xmax>
      <ymax>722.42</ymax>
    </bndbox>
  </object>
  <object>
    <name>WHITE</name>
    <occluded>0</occluded>
    <bndbox>
      <xmin>264.67</xmin>
      <ymin>693.96</ymin>
      <xmax>298.7</xmax>
      <ymax>735.9</ymax>
    </bndbox>
  </object>
  <object>
    <name>BLACK</name>
    <occluded>0</occluded>
    <bndbox>
      <xmin>301.1</xmin>
      <ymin>527.26</ymin>
      <xmax>340.61</xmax>
      <ymax>576.0</ymax>
    </bndbox>
  </object>
  <object>
    <name>WHITE</name>
    <occluded>0</occluded>
    <bndbox>
      <xmin>719.27</xmin>
      <ymin>447.2</ymin>
      <xmax>759.0</xmax>
      <ymax>492.67</ymax>
    </bndbox>
  </object>
  <object>
    <name>WHITE</name>
    <occluded>0</occluded>
    <bndbox>
      <xmin>732.57</xmin>
      <ymin>533.06</ymin>
      <xmax>768.9</xmax>
      <ymax>582.6</ymax>
    </bndbox>
  </object>
  <object>
    <name>WHITE</name>
    <occluded>0</occluded>
    <bndbox>
      <xmin>712.6</xmin>
      <ymin>621.8</ymin>
      <xmax>755.2</xmax>
      <ymax>664.44</ymax>
    </bndbox>
  </object>
  <object>
    <name>WHITE</name>
    <occluded>0</occluded>
    <bndbox>
      <xmin>597.0</xmin>
      <ymin>362.6</ymin>
      <xmax>643.7</xmax>
      <ymax>402.0</ymax>
    </bndbox>
  </object>
  <object>
    <name>WHITE</name>
    <occluded>0</occluded>
    <bndbox>
      <xmin>358.7</xmin>
      <ymin>397.39</ymin>
      <xmax>400.34</xmax>
      <ymax>436.5</ymax>
    </bndbox>
  </object>
  <object>
    <name>WHITE</name>
    <occluded>0</occluded>
    <bndbox>
      <xmin>509.3</xmin>
      <ymin>751.4</ymin>
      <xmax>555.45</xmax>
      <ymax>792.04</ymax>
    </bndbox>
  </object>
  <object>
    <name>WHITE</name>
    <occluded>0</occluded>
    <bndbox>
      <xmin>265.3</xmin>
      <ymin>484.6</ymin>
      <xmax>295.3</xmax>
      <ymax>531.2</ymax>
    </bndbox>
  </object>
  <object>
    <name>WHITE</name>
    <occluded>0</occluded>
    <bndbox>
      <xmin>321.47</xmin>
      <ymin>460.79</ymin>
      <xmax>363.2</xmax>
      <ymax>508.4</ymax>
    </bndbox>
  </object>
  <object>
    <name>WHITE</name>
    <occluded>0</occluded>
    <bndbox>
      <xmin>261.74</xmin>
      <ymin>567.25</ymin>
      <xmax>289.0</xmax>
      <ymax>612.6</ymax>
    </bndbox>
  </object>
  <object>
    <name>WHITE</name>
    <occluded>0</occluded>
    <bndbox>
      <xmin>479.96</xmin>
      <ymin>810.62</ymin>
      <xmax>526.3</xmax>
      <ymax>849.9</ymax>
    </bndbox>
  </object>
  <object>
    <name>WHITE</name>
    <occluded>0</occluded>
    <bndbox>
      <xmin>519.85</xmin>
      <ymin>916.54</ymin>
      <xmax>559.9</xmax>
      <ymax>946.9</ymax>
    </bndbox>
  </object>
  <object>
    <name>WHITE</name>
    <occluded>0</occluded>
    <bndbox>
      <xmin>419.3</xmin>
      <ymin>885.3</ymin>
      <xmax>463.08</xmax>
      <ymax>914.72</ymax>
    </bndbox>
  </object>
  <object>
    <name>WHITE</name>
    <occluded>0</occluded>
    <bndbox>
      <xmin>382.95</xmin>
      <ymin>915.59</ymin>
      <xmax>422.0</xmax>
      <ymax>950.9</ymax>
    </bndbox>
  </object>
  <object>
    <name>BLACK</name>
    <occluded>0</occluded>
    <bndbox>
      <xmin>344.5</xmin>
      <ymin>918.5</ymin>
      <xmax>373.3</xmax>
      <ymax>952.2</ymax>
    </bndbox>
  </object>
  <object>
    <name>WHITE</name>
    <occluded>0</occluded>
    <bndbox>
      <xmin>760.42</xmin>
      <ymin>390.9</ymin>
      <xmax>792.2</xmax>
      <ymax>434.3</ymax>
    </bndbox>
  </object>
  <object>
    <name>WHITE</name>
    <occluded>0</occluded>
    <bndbox>
      <xmin>763.17</xmin>
      <ymin>706.2</ymin>
      <xmax>799.9</xmax>
      <ymax>749.02</ymax>
    </bndbox>
  </object>
  <object>
    <name>WHITE</name>
    <occluded>0</occluded>
    <bndbox>
      <xmin>652.22</xmin>
      <ymin>580.19</ymin>
      <xmax>698.9</xmax>
      <ymax>628.1</ymax>
    </bndbox>
  </object>
  <object>
    <name>BLACK</name>
    <occluded>0</occluded>
    <bndbox>
      <xmin>667.64</xmin>
      <ymin>501.76</ymin>
      <xmax>717.2</xmax>
      <ymax>553.7</ymax>
    </bndbox>
  </object>
  <object>
    <name>WHITE</name>
    <occluded>0</occluded>
    <bndbox>
      <xmin>546.0</xmin>
      <ymin>441.8</ymin>
      <xmax>591.5</xmax>
      <ymax>488.0</ymax>
    </bndbox>
  </object>
  <object>
    <name>WHITE</name>
    <occluded>0</occluded>
    <bndbox>
      <xmin>513.0</xmin>
      <ymin>528.5</ymin>
      <xmax>564.9</xmax>
      <ymax>579.9</ymax>
    </bndbox>
  </object>
  <object>
    <name>WHITE</name>
    <occluded>0</occluded>
    <bndbox>
      <xmin>478.0</xmin>
      <ymin>614.31</ymin>
      <xmax>524.1</xmax>
      <ymax>660.05</ymax>
    </bndbox>
  </object>
  <object>
    <name>WHITE</name>
    <occluded>0</occluded>
    <bndbox>
      <xmin>453.55</xmin>
      <ymin>692.3</ymin>
      <xmax>499.2</xmax>
      <ymax>735.3</ymax>
    </bndbox>
  </object>
  <object>
    <name>WHITE</name>
    <occluded>0</occluded>
    <bndbox>
      <xmin>419.3</xmin>
      <ymin>750.31</ymin>
      <xmax>463.4</xmax>
      <ymax>789.4</ymax>
    </bndbox>
  </object>
  <object>
    <name>WHITE</name>
    <occluded>0</occluded>
    <bndbox>
      <xmin>398.24</xmin>
      <ymin>807.48</ymin>
      <xmax>442.6</xmax>
      <ymax>844.1</ymax>
    </bndbox>
  </object>
  <object>
    <name>WHITE</name>
    <occluded>0</occluded>
    <bndbox>
      <xmin>558.0</xmin>
      <ymin>316.4</ymin>
      <xmax>603.4</xmax>
      <ymax>348.0</ymax>
    </bndbox>
  </object>
  <object>
    <name>WHITE</name>
    <occluded>0</occluded>
    <bndbox>
      <xmin>513.25</xmin>
      <ymin>384.63</ymin>
      <xmax>561.1</xmax>
      <ymax>426.5</ymax>
    </bndbox>
  </object>
  <object>
    <name>WHITE</name>
    <occluded>0</occluded>
    <bndbox>
      <xmin>470.07</xmin>
      <ymin>453.74</ymin>
      <xmax>517.2</xmax>
      <ymax>498.0</ymax>
    </bndbox>
  </object>
  <object>
    <name>WHITE</name>
    <occluded>0</occluded>
    <bndbox>
      <xmin>432.76</xmin>
      <ymin>537.4</ymin>
      <xmax>480.3</xmax>
      <ymax>583.7</ymax>
    </bndbox>
  </object>
  <object>
    <name>WHITE</name>
    <occluded>0</occluded>
    <bndbox>
      <xmin>401.39</xmin>
      <ymin>612.7</ymin>
      <xmax>447.0</xmax>
      <ymax>660.3</ymax>
    </bndbox>
  </object>
  <object>
    <name>WHITE</name>
    <occluded>0</occluded>
    <bndbox>
      <xmin>820.89</xmin>
      <ymin>421.24</ymin>
      <xmax>843.72</xmax>
      <ymax>465.41</ymax>
    </bndbox>
  </object>
  <object>
    <name>WHITE</name>
    <occluded>0</occluded>
    <bndbox>
      <xmin>552.23</xmin>
      <ymin>254.74</ymin>
      <xmax>591.22</xmax>
      <ymax>273.97</ymax>
    </bndbox>
  </object>
  <object>
    <name>WHITE</name>
    <occluded>0</occluded>
    <bndbox>
      <xmin>445.82</xmin>
      <ymin>301.09</ymin>
      <xmax>488.48</xmax>
      <ymax>325.35</ymax>
    </bndbox>
  </object>
  <object>
    <name>WHITE</name>
    <occluded>0</occluded>
    <bndbox>
      <xmin>798.15</xmin>
      <ymin>741.14</ymin>
      <xmax>828.26</xmax>
      <ymax>777.31</ymax>
    </bndbox>
  </object>
  <object>
    <name>WHITE</name>
    <occluded>0</occluded>
    <bndbox>
      <xmin>679.59</xmin>
      <ymin>280.73</ymin>
      <xmax>717.8</xmax>
      <ymax>305.94</ymax>
    </bndbox>
  </object>
  <object>
    <name>WHITE</name>
    <occluded>0</occluded>
    <bndbox>
      <xmin>319.82</xmin>
      <ymin>364.83</ymin>
      <xmax>358.49</xmax>
      <ymax>396.33</ymax>
    </bndbox>
  </object>
  <object>
    <name>WHITE</name>
    <occluded>0</occluded>
    <bndbox>
      <xmin>400.29</xmin>
      <ymin>341.43</ymin>
      <xmax>439.9</xmax>
      <ymax>372.62</ymax>
    </bndbox>
  </object>
  <object>
    <name>WHITE</name>
    <occluded>0</occluded>
    <bndbox>
      <xmin>605.68</xmin>
      <ymin>278.64</ymin>
      <xmax>649.47</xmax>
      <ymax>304.09</ymax>
    </bndbox>
  </object>
  <object>
    <name>WHITE</name>
    <occluded>0</occluded>
    <bndbox>
      <xmin>656.21</xmin>
      <ymin>316.82</ymin>
      <xmax>699.25</xmax>
      <ymax>349.38</ymax>
    </bndbox>
  </object>
  <object>
    <name>WHITE</name>
    <occluded>0</occluded>
    <bndbox>
      <xmin>721.33</xmin>
      <ymin>323.93</ymin>
      <xmax>757.64</xmax>
      <ymax>357.99</ymax>
    </bndbox>
  </object>
  <object>
    <name>WHITE</name>
    <occluded>0</occluded>
    <bndbox>
      <xmin>838.48</xmin>
      <ymin>503.58</ymin>
      <xmax>860.94</xmax>
      <ymax>547.75</ymax>
    </bndbox>
  </object>
  <object>
    <name>WHITE</name>
    <occluded>0</occluded>
    <bndbox>
      <xmin>787.6</xmin>
      <ymin>471.39</ymin>
      <xmax>818.27</xmax>
      <ymax>517.43</ymax>
    </bndbox>
  </object>
  <object>
    <name>WHITE</name>
    <occluded>0</occluded>
    <bndbox>
      <xmin>280.81</xmin>
      <ymin>421.05</ymin>
      <xmax>314.5</xmax>
      <ymax>460.73</ymax>
    </bndbox>
  </object>
  <object>
    <name>WHITE</name>
    <occluded>0</occluded>
    <bndbox>
      <xmin>832.49</xmin>
      <ymin>592.1</ymin>
      <xmax>859.44</xmax>
      <ymax>635.51</ymax>
    </bndbox>
  </object>
  <object>
    <name>WHITE</name>
    <occluded>0</occluded>
    <bndbox>
      <xmin>787.96</xmin>
      <ymin>558.79</ymin>
      <xmax>824.64</xmax>
      <ymax>603.33</ymax>
    </bndbox>
  </object>
  <object>
    <name>WHITE</name>
    <occluded>0</occluded>
    <bndbox>
      <xmin>817.3</xmin>
      <ymin>668.82</ymin>
      <xmax>847.09</xmax>
      <ymax>711.49</ymax>
    </bndbox>
  </object>
  <object>
    <name>WHITE</name>
    <occluded>0</occluded>
    <bndbox>
      <xmin>583.8</xmin>
      <ymin>888.53</ymin>
      <xmax>627.46</xmax>
      <ymax>920.33</ymax>
    </bndbox>
  </object>
</annotation>
