<annotation>
  <folder>DD</folder>
  <filename>DD_camera11.png</filename>
  <source>
    <database>Unknown</database>
    <annotation>Unknown</annotation>
    <image>Unknown</image>
  </source>
  <size>
    <width>1280</width>
    <height>960</height>
    <depth></depth>
  </size>
  <segmented>0</segmented>
  <object>
    <name>WHITE</name>
    <occluded>0</occluded>
    <bndbox>
      <xmin>451.1</xmin>
      <ymin>264.3</ymin>
      <xmax>492.35</xmax>
      <ymax>306.47</ymax>
    </bndbox>
  </object>
  <object>
    <name>BLACK</name>
    <occluded>0</occluded>
    <bndbox>
      <xmin>395.3</xmin>
      <ymin>411.54</ymin>
      <xmax>430.52</xmax>
      <ymax>458.2</ymax>
    </bndbox>
  </object>
  <object>
    <name>WHITE</name>
    <occluded>0</occluded>
    <bndbox>
      <xmin>819.5</xmin>
      <ymin>652.25</ymin>
      <xmax>842.58</xmax>
      <ymax>701.6</ymax>
    </bndbox>
  </object>
  <object>
    <name>WHITE</name>
    <occluded>0</occluded>
    <bndbox>
      <xmin>466.1</xmin>
      <ymin>170.79</ymin>
      <xmax>506.17</xmax>
      <ymax>201.7</ymax>
    </bndbox>
  </object>
  <object>
    <name>WHITE</name>
    <occluded>0</occluded>
    <bndbox>
      <xmin>494.7</xmin>
      <ymin>204.5</ymin>
      <xmax>539.47</xmax>
      <ymax>241.91</ymax>
    </bndbox>
  </object>
  <object>
    <name>WHITE</name>
    <occluded>0</occluded>
    <bndbox>
      <xmin>509.6</xmin>
      <ymin>311.12</ymin>
      <xmax>558.9</xmax>
      <ymax>359.2</ymax>
    </bndbox>
  </object>
  <object>
    <name>WHITE</name>
    <occluded>0</occluded>
    <bndbox>
      <xmin>847.7</xmin>
      <ymin>721.95</ymin>
      <xmax>882.33</xmax>
      <ymax>764.4</ymax>
    </bndbox>
  </object>
  <object>
    <name>BLACK</name>
    <occluded>0</occluded>
    <bndbox>
      <xmin>630.24</xmin>
      <ymin>551.81</ymin>
      <xmax>684.6</xmax>
      <ymax>606.1</ymax>
    </bndbox>
  </object>
  <object>
    <name>WHITE</name>
    <occluded>0</occluded>
    <bndbox>
      <xmin>779.85</xmin>
      <ymin>573.73</ymin>
      <xmax>815.4</xmax>
      <ymax>626.13</ymax>
    </bndbox>
  </object>
  <object>
    <name>WHITE</name>
    <occluded>0</occluded>
    <bndbox>
      <xmin>708.3</xmin>
      <ymin>611.8</ymin>
      <xmax>759.57</xmax>
      <ymax>665.26</ymax>
    </bndbox>
  </object>
  <object>
    <name>WHITE</name>
    <occluded>0</occluded>
    <bndbox>
      <xmin>753.24</xmin>
      <ymin>681.92</ymin>
      <xmax>789.5</xmax>
      <ymax>732.1</ymax>
    </bndbox>
  </object>
  <object>
    <name>BLACK</name>
    <occluded>0</occluded>
    <bndbox>
      <xmin>784.2</xmin>
      <ymin>750.65</ymin>
      <xmax>818.0</xmax>
      <ymax>799.5</ymax>
    </bndbox>
  </object>
  <object>
    <name>WHITE</name>
    <occluded>0</occluded>
    <bndbox>
      <xmin>702.0</xmin>
      <ymin>517.88</ymin>
      <xmax>751.53</xmax>
      <ymax>571.63</ymax>
    </bndbox>
  </object>
  <object>
    <name>WHITE</name>
    <occluded>0</occluded>
    <bndbox>
      <xmin>414.75</xmin>
      <ymin>336.42</ymin>
      <xmax>450.0</xmax>
      <ymax>383.6</ymax>
    </bndbox>
  </object>
  <object>
    <name>WHITE</name>
    <occluded>0</occluded>
    <bndbox>
      <xmin>647.38</xmin>
      <ymin>662.76</ymin>
      <xmax>702.2</xmax>
      <ymax>713.2</ymax>
    </bndbox>
  </object>
  <object>
    <name>WHITE</name>
    <occluded>0</occluded>
    <bndbox>
      <xmin>572.7</xmin>
      <ymin>595.8</ymin>
      <xmax>624.3</xmax>
      <ymax>649.3</ymax>
    </bndbox>
  </object>
  <object>
    <name>WHITE</name>
    <occluded>0</occluded>
    <bndbox>
      <xmin>882.38</xmin>
      <ymin>526.89</ymin>
      <xmax>906.5</xmax>
      <ymax>574.0</ymax>
    </bndbox>
  </object>
  <object>
    <name>WHITE</name>
    <occluded>0</occluded>
    <bndbox>
      <xmin>830.85</xmin>
      <ymin>307.66</ymin>
      <xmax>866.9</xmax>
      <ymax>352.6</ymax>
    </bndbox>
  </object>
  <object>
    <name>WHITE</name>
    <occluded>0</occluded>
    <bndbox>
      <xmin>808.5</xmin>
      <ymin>377.14</ymin>
      <xmax>846.0</xmax>
      <ymax>422.6</ymax>
    </bndbox>
  </object>
  <object>
    <name>WHITE</name>
    <occluded>0</occluded>
    <bndbox>
      <xmin>793.9</xmin>
      <ymin>145.0</ymin>
      <xmax>827.97</xmax>
      <ymax>172.63</ymax>
    </bndbox>
  </object>
  <object>
    <name>WHITE</name>
    <occluded>0</occluded>
    <bndbox>
      <xmin>788.8</xmin>
      <ymin>183.1</ymin>
      <xmax>824.39</xmax>
      <ymax>219.01</ymax>
    </bndbox>
  </object>
  <object>
    <name>WHITE</name>
    <occluded>0</occluded>
    <bndbox>
      <xmin>781.5</xmin>
      <ymin>235.3</ymin>
      <xmax>819.14</xmax>
      <ymax>277.92</ymax>
    </bndbox>
  </object>
  <object>
    <name>WHITE</name>
    <occluded>0</occluded>
    <bndbox>
      <xmin>750.6</xmin>
      <ymin>295.1</ymin>
      <xmax>793.29</xmax>
      <ymax>339.92</ymax>
    </bndbox>
  </object>
  <object>
    <name>WHITE</name>
    <occluded>0</occluded>
    <bndbox>
      <xmin>727.55</xmin>
      <ymin>363.42</ymin>
      <xmax>774.7</xmax>
      <ymax>410.8</ymax>
    </bndbox>
  </object>
  <object>
    <name>WHITE</name>
    <occluded>0</occluded>
    <bndbox>
      <xmin>728.8</xmin>
      <ymin>136.6</ymin>
      <xmax>769.46</xmax>
      <ymax>160.23</ymax>
    </bndbox>
  </object>
  <object>
    <name>WHITE</name>
    <occluded>0</occluded>
    <bndbox>
      <xmin>722.75</xmin>
      <ymin>170.1</ymin>
      <xmax>763.0</xmax>
      <ymax>204.0</ymax>
    </bndbox>
  </object>
  <object>
    <name>WHITE</name>
    <occluded>0</occluded>
    <bndbox>
      <xmin>704.15</xmin>
      <ymin>220.78</ymin>
      <xmax>747.5</xmax>
      <ymax>259.9</ymax>
    </bndbox>
  </object>
  <object>
    <name>WHITE</name>
    <occluded>0</occluded>
    <bndbox>
      <xmin>668.2</xmin>
      <ymin>274.53</ymin>
      <xmax>713.8</xmax>
      <ymax>317.47</ymax>
    </bndbox>
  </object>
  <object>
    <name>WHITE</name>
    <occluded>0</occluded>
    <bndbox>
      <xmin>629.81</xmin>
      <ymin>331.38</ymin>
      <xmax>679.2</xmax>
      <ymax>381.9</ymax>
    </bndbox>
  </object>
  <object>
    <name>WHITE</name>
    <occluded>0</occluded>
    <bndbox>
      <xmin>599.72</xmin>
      <ymin>208.64</ymin>
      <xmax>646.9</xmax>
      <ymax>246.2</ymax>
    </bndbox>
  </object>
  <object>
    <name>WHITE</name>
    <occluded>0</occluded>
    <bndbox>
      <xmin>560.8</xmin>
      <ymin>264.2</ymin>
      <xmax>611.97</xmax>
      <ymax>309.26</ymax>
    </bndbox>
  </object>
  <object>
    <name>WHITE</name>
    <occluded>0</occluded>
    <bndbox>
      <xmin>337.95</xmin>
      <ymin>329.68</ymin>
      <xmax>360.69</xmax>
      <ymax>372.56</ymax>
    </bndbox>
  </object>
  <object>
    <name>WHITE</name>
    <occluded>0</occluded>
    <bndbox>
      <xmin>358.39</xmin>
      <ymin>362.94</ymin>
      <xmax>386.46</xmax>
      <ymax>407.64</ymax>
    </bndbox>
  </object>
  <object>
    <name>WHITE</name>
    <occluded>0</occluded>
    <bndbox>
      <xmin>381.13</xmin>
      <ymin>292.72</ymin>
      <xmax>412.72</xmax>
      <ymax>338.15</ymax>
    </bndbox>
  </object>
  <object>
    <name>WHITE</name>
    <occluded>0</occluded>
    <bndbox>
      <xmin>418.91</xmin>
      <ymin>224.86</ymin>
      <xmax>456.09</xmax>
      <ymax>262.58</ymax>
    </bndbox>
  </object>
  <object>
    <name>BLACK</name>
    <occluded>0</occluded>
    <bndbox>
      <xmin>589.35</xmin>
      <ymin>130.39</ymin>
      <xmax>637.43</xmax>
      <ymax>161.06</ymax>
    </bndbox>
  </object>
  <object>
    <name>WHITE</name>
    <occluded>0</occluded>
    <bndbox>
      <xmin>546.2</xmin>
      <ymin>158.46</ymin>
      <xmax>592.73</xmax>
      <ymax>191.73</ymax>
    </bndbox>
  </object>
  <object>
    <name>WHITE</name>
    <occluded>0</occluded>
    <bndbox>
      <xmin>652.77</xmin>
      <ymin>125.98</ymin>
      <xmax>699.55</xmax>
      <ymax>154.05</ymax>
    </bndbox>
  </object>
  <object>
    <name>WHITE</name>
    <occluded>0</occluded>
    <bndbox>
      <xmin>819.0</xmin>
      <ymin>457.0</ymin>
      <xmax>851.0</xmax>
      <ymax>501.0</ymax>
    </bndbox>
  </object>
  <object>
    <name>WHITE</name>
    <occluded>0</occluded>
    <bndbox>
      <xmin>640.03</xmin>
      <ymin>160.54</ymin>
      <xmax>686.82</xmax>
      <ymax>195.11</ymax>
    </bndbox>
  </object>
  <object>
    <name>WHITE</name>
    <occluded>0</occluded>
    <bndbox>
      <xmin>845.14</xmin>
      <ymin>195.62</ymin>
      <xmax>878.52</xmax>
      <ymax>229.0</ymax>
    </bndbox>
  </object>
  <object>
    <name>WHITE</name>
    <occluded>0</occluded>
    <bndbox>
      <xmin>850.13</xmin>
      <ymin>251.45</ymin>
      <xmax>882.26</xmax>
      <ymax>292.93</ymax>
    </bndbox>
  </object>
  <object>
    <name>WHITE</name>
    <occluded>0</occluded>
    <bndbox>
      <xmin>870.22</xmin>
      <ymin>384.0</ymin>
      <xmax>902.79</xmax>
      <ymax>428.54</ymax>
    </bndbox>
  </object>
  <object>
    <name>WHITE</name>
    <occluded>0</occluded>
    <bndbox>
      <xmin>902.11</xmin>
      <ymin>593.26</ymin>
      <xmax>921.95</xmax>
      <ymax>638.92</ymax>
    </bndbox>
  </object>
  <object>
    <name>WHITE</name>
    <occluded>0</occluded>
    <bndbox>
      <xmin>921.95</xmin>
      <ymin>644.16</ymin>
      <xmax>943.28</xmax>
      <ymax>689.07</ymax>
    </bndbox>
  </object>
  <object>
    <name>BLACK</name>
    <occluded>0</occluded>
    <bndbox>
      <xmin>853.46</xmin>
      <ymin>452.91</ymin>
      <xmax>891.63</xmax>
      <ymax>503.8</ymax>
    </bndbox>
  </object>
  <object>
    <name>WHITE</name>
    <occluded>0</occluded>
    <bndbox>
      <xmin>834.74</xmin>
      <ymin>542.36</ymin>
      <xmax>864.68</xmax>
      <ymax>592.88</ymax>
    </bndbox>
  </object>
  <object>
    <name>WHITE</name>
    <occluded>0</occluded>
    <bndbox>
      <xmin>516.53</xmin>
      <ymin>131.4</ymin>
      <xmax>562.98</xmax>
      <ymax>158.73</ymax>
    </bndbox>
  </object>
  <object>
    <name>WHITE</name>
    <occluded>0</occluded>
    <bndbox>
      <xmin>896.05</xmin>
      <ymin>207.8</ymin>
      <xmax>923.44</xmax>
      <ymax>245.08</ymax>
    </bndbox>
  </object>
  <object>
    <name>WHITE</name>
    <occluded>0</occluded>
    <bndbox>
      <xmin>903.01</xmin>
      <ymin>265.47</ymin>
      <xmax>929.58</xmax>
      <ymax>310.38</ymax>
    </bndbox>
  </object>
  <object>
    <name>WHITE</name>
    <occluded>0</occluded>
    <bndbox>
      <xmin>862.1</xmin>
      <ymin>625.9</ymin>
      <xmax>890.87</xmax>
      <ymax>674.37</ymax>
    </bndbox>
  </object>
  <object>
    <name>WHITE</name>
    <occluded>0</occluded>
    <bndbox>
      <xmin>887.38</xmin>
      <ymin>671.14</ymin>
      <xmax>910.0</xmax>
      <ymax>716.9</ymax>
    </bndbox>
  </object>
  <object>
    <name>WHITE</name>
    <occluded>0</occluded>
    <bndbox>
      <xmin>748.29</xmin>
      <ymin>460.73</ymin>
      <xmax>792.8</xmax>
      <ymax>510.0</ymax>
    </bndbox>
  </object>
  <object>
    <name>WHITE</name>
    <occluded>0</occluded>
    <bndbox>
      <xmin>697.12</xmin>
      <ymin>725.0</ymin>
      <xmax>747.2</xmax>
      <ymax>775.9</ymax>
    </bndbox>
  </object>
</annotation>
