<annotation>
  <folder>DD</folder>
  <filename>DD_camera1.png</filename>
  <source>
    <database>Unknown</database>
    <annotation>Unknown</annotation>
    <image>Unknown</image>
  </source>
  <size>
    <width>960</width>
    <height>1280</height>
    <depth></depth>
  </size>
  <segmented>0</segmented>
  <object>
    <name>WHITE</name>
    <occluded>0</occluded>
    <bndbox>
      <xmin>653.87</xmin>
      <ymin>609.22</ymin>
      <xmax>684.29</xmax>
      <ymax>649.16</ymax>
    </bndbox>
  </object>
  <object>
    <name>WHITE</name>
    <occluded>0</occluded>
    <bndbox>
      <xmin>697.56</xmin>
      <ymin>549.0</ymin>
      <xmax>722.1</xmax>
      <ymax>591.83</ymax>
    </bndbox>
  </object>
  <object>
    <name>WHITE</name>
    <occluded>0</occluded>
    <bndbox>
      <xmin>557.59</xmin>
      <ymin>775.99</ymin>
      <xmax>595.7</xmax>
      <ymax>804.47</ymax>
    </bndbox>
  </object>
  <object>
    <name>WHITE</name>
    <occluded>0</occluded>
    <bndbox>
      <xmin>394.01</xmin>
      <ymin>792.23</ymin>
      <xmax>435.16</xmax>
      <ymax>813.41</ymax>
    </bndbox>
  </object>
  <object>
    <name>WHITE</name>
    <occluded>0</occluded>
    <bndbox>
      <xmin>183.75</xmin>
      <ymin>479.3</ymin>
      <xmax>205.7</xmax>
      <ymax>520.6</ymax>
    </bndbox>
  </object>
  <object>
    <name>WHITE</name>
    <occluded>0</occluded>
    <bndbox>
      <xmin>541.3</xmin>
      <ymin>246.0</ymin>
      <xmax>577.26</xmax>
      <ymax>276.02</ymax>
    </bndbox>
  </object>
  <object>
    <name>WHITE</name>
    <occluded>0</occluded>
    <bndbox>
      <xmin>507.6</xmin>
      <ymin>277.47</ymin>
      <xmax>549.3</xmax>
      <ymax>314.2</ymax>
    </bndbox>
  </object>
  <object>
    <name>WHITE</name>
    <occluded>0</occluded>
    <bndbox>
      <xmin>459.11</xmin>
      <ymin>322.11</ymin>
      <xmax>506.3</xmax>
      <ymax>362.1</ymax>
    </bndbox>
  </object>
  <object>
    <name>WHITE</name>
    <occluded>0</occluded>
    <bndbox>
      <xmin>384.11</xmin>
      <ymin>455.65</ymin>
      <xmax>434.9</xmax>
      <ymax>505.5</ymax>
    </bndbox>
  </object>
  <object>
    <name>WHITE</name>
    <occluded>0</occluded>
    <bndbox>
      <xmin>224.18</xmin>
      <ymin>349.92</ymin>
      <xmax>255.08</xmax>
      <ymax>386.34</ymax>
    </bndbox>
  </object>
  <object>
    <name>WHITE</name>
    <occluded>0</occluded>
    <bndbox>
      <xmin>371.0</xmin>
      <ymin>688.0</ymin>
      <xmax>411.0</xmax>
      <ymax>722.0</ymax>
    </bndbox>
  </object>
  <object>
    <name>WHITE</name>
    <occluded>0</occluded>
    <bndbox>
      <xmin>688.15</xmin>
      <ymin>472.28</ymin>
      <xmax>713.1</xmax>
      <ymax>513.52</ymax>
    </bndbox>
  </object>
  <object>
    <name>WHITE</name>
    <occluded>0</occluded>
    <bndbox>
      <xmin>359.53</xmin>
      <ymin>225.56</ymin>
      <xmax>396.8</xmax>
      <ymax>247.79</ymax>
    </bndbox>
  </object>
  <object>
    <name>WHITE</name>
    <occluded>0</occluded>
    <bndbox>
      <xmin>279.16</xmin>
      <ymin>322.36</ymin>
      <xmax>314.59</xmax>
      <ymax>361.8</ymax>
    </bndbox>
  </object>
  <object>
    <name>WHITE</name>
    <occluded>0</occluded>
    <bndbox>
      <xmin>303.1</xmin>
      <ymin>356.41</ymin>
      <xmax>338.39</xmax>
      <ymax>395.1</ymax>
    </bndbox>
  </object>
  <object>
    <name>WHITE</name>
    <occluded>0</occluded>
    <bndbox>
      <xmin>333.06</xmin>
      <ymin>403.76</ymin>
      <xmax>375.34</xmax>
      <ymax>444.78</ymax>
    </bndbox>
  </object>
  <object>
    <name>WHITE</name>
    <occluded>0</occluded>
    <bndbox>
      <xmin>414.87</xmin>
      <ymin>385.46</ymin>
      <xmax>463.3</xmax>
      <ymax>431.3</ymax>
    </bndbox>
  </object>
  <object>
    <name>WHITE</name>
    <occluded>0</occluded>
    <bndbox>
      <xmin>506.29</xmin>
      <ymin>216.89</ymin>
      <xmax>545.2</xmax>
      <ymax>238.3</ymax>
    </bndbox>
  </object>
  <object>
    <name>WHITE</name>
    <occluded>0</occluded>
    <bndbox>
      <xmin>469.1</xmin>
      <ymin>234.38</ymin>
      <xmax>509.0</xmax>
      <ymax>262.1</ymax>
    </bndbox>
  </object>
  <object>
    <name>WHITE</name>
    <occluded>0</occluded>
    <bndbox>
      <xmin>424.79</xmin>
      <ymin>270.58</ymin>
      <xmax>468.2</xmax>
      <ymax>306.4</ymax>
    </bndbox>
  </object>
  <object>
    <name>WHITE</name>
    <occluded>0</occluded>
    <bndbox>
      <xmin>381.8</xmin>
      <ymin>340.5</ymin>
      <xmax>423.34</xmax>
      <ymax>377.17</ymax>
    </bndbox>
  </object>
  <object>
    <name>WHITE</name>
    <occluded>0</occluded>
    <bndbox>
      <xmin>431.0</xmin>
      <ymin>210.19</ymin>
      <xmax>474.2</xmax>
      <ymax>230.2</ymax>
    </bndbox>
  </object>
  <object>
    <name>WHITE</name>
    <occluded>0</occluded>
    <bndbox>
      <xmin>393.58</xmin>
      <ymin>235.27</ymin>
      <xmax>437.9</xmax>
      <ymax>263.6</ymax>
    </bndbox>
  </object>
  <object>
    <name>BLACK</name>
    <occluded>0</occluded>
    <bndbox>
      <xmin>181.15</xmin>
      <ymin>543.7</ymin>
      <xmax>199.63</xmax>
      <ymax>584.71</ymax>
    </bndbox>
  </object>
  <object>
    <name>WHITE</name>
    <occluded>0</occluded>
    <bndbox>
      <xmin>244.8</xmin>
      <ymin>383.37</ymin>
      <xmax>275.29</xmax>
      <ymax>422.0</ymax>
    </bndbox>
  </object>
  <object>
    <name>WHITE</name>
    <occluded>0</occluded>
    <bndbox>
      <xmin>612.0</xmin>
      <ymin>289.28</ymin>
      <xmax>646.42</xmax>
      <ymax>325.13</ymax>
    </bndbox>
  </object>
  <object>
    <name>WHITE</name>
    <occluded>0</occluded>
    <bndbox>
      <xmin>347.01</xmin>
      <ymin>297.63</ymin>
      <xmax>384.62</xmax>
      <ymax>332.73</ymax>
    </bndbox>
  </object>
  <object>
    <name>WHITE</name>
    <occluded>0</occluded>
    <bndbox>
      <xmin>268.78</xmin>
      <ymin>424.8</ymin>
      <xmax>303.2</xmax>
      <ymax>466.9</ymax>
    </bndbox>
  </object>
  <object>
    <name>WHITE</name>
    <occluded>0</occluded>
    <bndbox>
      <xmin>446.4</xmin>
      <ymin>650.6</ymin>
      <xmax>491.8</xmax>
      <ymax>691.0</ymax>
    </bndbox>
  </object>
  <object>
    <name>WHITE</name>
    <occluded>0</occluded>
    <bndbox>
      <xmin>241.51</xmin>
      <ymin>586.44</ymin>
      <xmax>275.59</xmax>
      <ymax>629.18</ymax>
    </bndbox>
  </object>
  <object>
    <name>WHITE</name>
    <occluded>0</occluded>
    <bndbox>
      <xmin>248.44</xmin>
      <ymin>656.62</ymin>
      <xmax>281.07</xmax>
      <ymax>695.89</ymax>
    </bndbox>
  </object>
  <object>
    <name>BLACK</name>
    <occluded>0</occluded>
    <bndbox>
      <xmin>438.75</xmin>
      <ymin>771.85</ymin>
      <xmax>483.52</xmax>
      <ymax>797.87</ymax>
    </bndbox>
  </object>
  <object>
    <name>WHITE</name>
    <occluded>0</occluded>
    <bndbox>
      <xmin>509.14</xmin>
      <ymin>756.71</ymin>
      <xmax>552.76</xmax>
      <ymax>785.12</ymax>
    </bndbox>
  </object>
  <object>
    <name>WHITE</name>
    <occluded>0</occluded>
    <bndbox>
      <xmin>520.0</xmin>
      <ymin>466.0</ymin>
      <xmax>559.0</xmax>
      <ymax>506.0</ymax>
    </bndbox>
  </object>
  <object>
    <name>WHITE</name>
    <occluded>0</occluded>
    <bndbox>
      <xmin>581.0</xmin>
      <ymin>421.0</ymin>
      <xmax>616.0</xmax>
      <ymax>459.0</ymax>
    </bndbox>
  </object>
  <object>
    <name>WHITE</name>
    <occluded>0</occluded>
    <bndbox>
      <xmin>208.59</xmin>
      <ymin>521.21</ymin>
      <xmax>233.71</xmax>
      <ymax>564.24</ymax>
    </bndbox>
  </object>
  <object>
    <name>WHITE</name>
    <occluded>0</occluded>
    <bndbox>
      <xmin>258.8</xmin>
      <ymin>501.97</ymin>
      <xmax>296.05</xmax>
      <ymax>547.6</ymax>
    </bndbox>
  </object>
  <object>
    <name>WHITE</name>
    <occluded>0</occluded>
    <bndbox>
      <xmin>317.69</xmin>
      <ymin>477.25</ymin>
      <xmax>363.5</xmax>
      <ymax>524.5</ymax>
    </bndbox>
  </object>
  <object>
    <name>WHITE</name>
    <occluded>0</occluded>
    <bndbox>
      <xmin>223.3</xmin>
      <ymin>444.24</ymin>
      <xmax>255.59</xmax>
      <ymax>484.2</ymax>
    </bndbox>
  </object>
  <object>
    <name>WHITE</name>
    <occluded>0</occluded>
    <bndbox>
      <xmin>297.0</xmin>
      <ymin>571.5</ymin>
      <xmax>337.0</xmax>
      <ymax>618.0</ymax>
    </bndbox>
  </object>
  <object>
    <name>WHITE</name>
    <occluded>0</occluded>
    <bndbox>
      <xmin>365.54</xmin>
      <ymin>541.0</ymin>
      <xmax>410.4</xmax>
      <ymax>587.82</ymax>
    </bndbox>
  </object>
  <object>
    <name>WHITE</name>
    <occluded>0</occluded>
    <bndbox>
      <xmin>450.4</xmin>
      <ymin>505.3</ymin>
      <xmax>499.7</xmax>
      <ymax>552.2</ymax>
    </bndbox>
  </object>
  <object>
    <name>WHITE</name>
    <occluded>0</occluded>
    <bndbox>
      <xmin>297.9</xmin>
      <ymin>639.5</ymin>
      <xmax>338.05</xmax>
      <ymax>682.22</ymax>
    </bndbox>
  </object>
  <object>
    <name>WHITE</name>
    <occluded>0</occluded>
    <bndbox>
      <xmin>362.4</xmin>
      <ymin>620.8</ymin>
      <xmax>408.5</xmax>
      <ymax>664.37</ymax>
    </bndbox>
  </object>
  <object>
    <name>WHITE</name>
    <occluded>0</occluded>
    <bndbox>
      <xmin>448.9</xmin>
      <ymin>577.4</ymin>
      <xmax>493.42</xmax>
      <ymax>625.36</ymax>
    </bndbox>
  </object>
  <object>
    <name>WHITE</name>
    <occluded>0</occluded>
    <bndbox>
      <xmin>303.89</xmin>
      <ymin>707.84</ymin>
      <xmax>341.0</xmax>
      <ymax>737.6</ymax>
    </bndbox>
  </object>
  <object>
    <name>WHITE</name>
    <occluded>0</occluded>
    <bndbox>
      <xmin>443.4</xmin>
      <ymin>725.82</ymin>
      <xmax>488.42</xmax>
      <ymax>756.82</ymax>
    </bndbox>
  </object>
  <object>
    <name>WHITE</name>
    <occluded>0</occluded>
    <bndbox>
      <xmin>326.43</xmin>
      <ymin>762.5</ymin>
      <xmax>364.9</xmax>
      <ymax>791.0</ymax>
    </bndbox>
  </object>
  <object>
    <name>WHITE</name>
    <occluded>0</occluded>
    <bndbox>
      <xmin>373.73</xmin>
      <ymin>748.8</ymin>
      <xmax>415.8</xmax>
      <ymax>778.2</ymax>
    </bndbox>
  </object>
  <object>
    <name>WHITE</name>
    <occluded>0</occluded>
    <bndbox>
      <xmin>519.8</xmin>
      <ymin>691.6</ymin>
      <xmax>563.21</xmax>
      <ymax>730.6</ymax>
    </bndbox>
  </object>
  <object>
    <name>WHITE</name>
    <occluded>0</occluded>
    <bndbox>
      <xmin>531.3</xmin>
      <ymin>630.2</ymin>
      <xmax>576.19</xmax>
      <ymax>670.21</ymax>
    </bndbox>
  </object>
  <object>
    <name>WHITE</name>
    <occluded>0</occluded>
    <bndbox>
      <xmin>534.17</xmin>
      <ymin>551.09</ymin>
      <xmax>579.8</xmax>
      <ymax>598.7</ymax>
    </bndbox>
  </object>
  <object>
    <name>WHITE</name>
    <occluded>0</occluded>
    <bndbox>
      <xmin>584.1</xmin>
      <ymin>722.06</ymin>
      <xmax>625.55</xmax>
      <ymax>754.0</ymax>
    </bndbox>
  </object>
  <object>
    <name>WHITE</name>
    <occluded>0</occluded>
    <bndbox>
      <xmin>593.88</xmin>
      <ymin>653.77</ymin>
      <xmax>634.12</xmax>
      <ymax>698.0</ymax>
    </bndbox>
  </object>
  <object>
    <name>WHITE</name>
    <occluded>0</occluded>
    <bndbox>
      <xmin>597.08</xmin>
      <ymin>587.88</ymin>
      <xmax>639.4</xmax>
      <ymax>631.1</ymax>
    </bndbox>
  </object>
  <object>
    <name>WHITE</name>
    <occluded>0</occluded>
    <bndbox>
      <xmin>584.28</xmin>
      <ymin>496.08</ymin>
      <xmax>625.8</xmax>
      <ymax>539.1</ymax>
    </bndbox>
  </object>
  <object>
    <name>WHITE</name>
    <occluded>0</occluded>
    <bndbox>
      <xmin>647.3</xmin>
      <ymin>676.7</ymin>
      <xmax>680.1</xmax>
      <ymax>715.3</ymax>
    </bndbox>
  </object>
  <object>
    <name>WHITE</name>
    <occluded>0</occluded>
    <bndbox>
      <xmin>643.6</xmin>
      <ymin>524.4</ymin>
      <xmax>678.0</xmax>
      <ymax>566.0</ymax>
    </bndbox>
  </object>
  <object>
    <name>WHITE</name>
    <occluded>0</occluded>
    <bndbox>
      <xmin>646.16</xmin>
      <ymin>447.41</ymin>
      <xmax>677.5</xmax>
      <ymax>492.8</ymax>
    </bndbox>
  </object>
  <object>
    <name>WHITE</name>
    <occluded>0</occluded>
    <bndbox>
      <xmin>499.29</xmin>
      <ymin>391.91</ymin>
      <xmax>543.0</xmax>
      <ymax>435.0</ymax>
    </bndbox>
  </object>
  <object>
    <name>WHITE</name>
    <occluded>0</occluded>
    <bndbox>
      <xmin>675.71</xmin>
      <ymin>409.7</ymin>
      <xmax>702.16</xmax>
      <ymax>450.02</ymax>
    </bndbox>
  </object>
  <object>
    <name>WHITE</name>
    <occluded>0</occluded>
    <bndbox>
      <xmin>613.36</xmin>
      <ymin>377.25</ymin>
      <xmax>654.0</xmax>
      <ymax>414.8</ymax>
    </bndbox>
  </object>
  <object>
    <name>WHITE</name>
    <occluded>0</occluded>
    <bndbox>
      <xmin>540.79</xmin>
      <ymin>349.3</ymin>
      <xmax>580.96</xmax>
      <ymax>389.38</ymax>
    </bndbox>
  </object>
  <object>
    <name>WHITE</name>
    <occluded>0</occluded>
    <bndbox>
      <xmin>645.96</xmin>
      <ymin>345.97</ymin>
      <xmax>677.0</xmax>
      <ymax>383.6</ymax>
    </bndbox>
  </object>
  <object>
    <name>WHITE</name>
    <occluded>0</occluded>
    <bndbox>
      <xmin>584.67</xmin>
      <ymin>311.36</ymin>
      <xmax>617.6</xmax>
      <ymax>350.0</ymax>
    </bndbox>
  </object>
  <object>
    <name>BLACK</name>
    <occluded>0</occluded>
    <bndbox>
      <xmin>455.99</xmin>
      <ymin>436.71</ymin>
      <xmax>503.3</xmax>
      <ymax>484.3</ymax>
    </bndbox>
  </object>
</annotation>
