<annotation>
  <folder>DD</folder>
  <filename>DD_camera2.png</filename>
  <source>
    <database>Unknown</database>
    <annotation>Unknown</annotation>
    <image>Unknown</image>
  </source>
  <size>
    <width>960</width>
    <height>1280</height>
    <depth></depth>
  </size>
  <segmented>0</segmented>
  <object>
    <name>WHITE</name>
    <occluded>0</occluded>
    <bndbox>
      <xmin>611.4</xmin>
      <ymin>780.4</ymin>
      <xmax>656.44</xmax>
      <ymax>824.15</ymax>
    </bndbox>
  </object>
  <object>
    <name>BLACK</name>
    <occluded>0</occluded>
    <bndbox>
      <xmin>676.48</xmin>
      <ymin>644.81</ymin>
      <xmax>716.2</xmax>
      <ymax>694.0</ymax>
    </bndbox>
  </object>
  <object>
    <name>WHITE</name>
    <occluded>0</occluded>
    <bndbox>
      <xmin>621.5</xmin>
      <ymin>882.55</ymin>
      <xmax>664.42</xmax>
      <ymax>917.9</ymax>
    </bndbox>
  </object>
  <object>
    <name>WHITE</name>
    <occluded>0</occluded>
    <bndbox>
      <xmin>723.81</xmin>
      <ymin>684.87</ymin>
      <xmax>757.1</xmax>
      <ymax>732.4</ymax>
    </bndbox>
  </object>
  <object>
    <name>WHITE</name>
    <occluded>0</occluded>
    <bndbox>
      <xmin>717.8</xmin>
      <ymin>607.6</ymin>
      <xmax>751.47</xmax>
      <ymax>653.27</ymax>
    </bndbox>
  </object>
  <object>
    <name>WHITE</name>
    <occluded>0</occluded>
    <bndbox>
      <xmin>688.67</xmin>
      <ymin>532.66</ymin>
      <xmax>724.9</xmax>
      <ymax>572.4</ymax>
    </bndbox>
  </object>
  <object>
    <name>WHITE</name>
    <occluded>0</occluded>
    <bndbox>
      <xmin>502.0</xmin>
      <ymin>339.4</ymin>
      <xmax>545.0</xmax>
      <ymax>361.8</ymax>
    </bndbox>
  </object>
  <object>
    <name>WHITE</name>
    <occluded>0</occluded>
    <bndbox>
      <xmin>453.7</xmin>
      <ymin>406.2</ymin>
      <xmax>496.0</xmax>
      <ymax>439.02</ymax>
    </bndbox>
  </object>
  <object>
    <name>WHITE</name>
    <occluded>0</occluded>
    <bndbox>
      <xmin>408.0</xmin>
      <ymin>452.3</ymin>
      <xmax>449.64</xmax>
      <ymax>486.03</ymax>
    </bndbox>
  </object>
  <object>
    <name>BLACK</name>
    <occluded>0</occluded>
    <bndbox>
      <xmin>493.51</xmin>
      <ymin>369.8</ymin>
      <xmax>539.2</xmax>
      <ymax>397.9</ymax>
    </bndbox>
  </object>
  <object>
    <name>WHITE</name>
    <occluded>0</occluded>
    <bndbox>
      <xmin>488.0</xmin>
      <ymin>460.0</ymin>
      <xmax>530.0</xmax>
      <ymax>493.0</ymax>
    </bndbox>
  </object>
  <object>
    <name>WHITE</name>
    <occluded>0</occluded>
    <bndbox>
      <xmin>332.8</xmin>
      <ymin>858.1</ymin>
      <xmax>369.09</xmax>
      <ymax>894.89</ymax>
    </bndbox>
  </object>
  <object>
    <name>WHITE</name>
    <occluded>0</occluded>
    <bndbox>
      <xmin>573.7</xmin>
      <ymin>453.0</ymin>
      <xmax>614.9</xmax>
      <ymax>487.71</ymax>
    </bndbox>
  </object>
  <object>
    <name>WHITE</name>
    <occluded>0</occluded>
    <bndbox>
      <xmin>525.96</xmin>
      <ymin>514.93</ymin>
      <xmax>569.2</xmax>
      <ymax>558.35</ymax>
    </bndbox>
  </object>
  <object>
    <name>WHITE</name>
    <occluded>0</occluded>
    <bndbox>
      <xmin>474.0</xmin>
      <ymin>577.0</ymin>
      <xmax>520.0</xmax>
      <ymax>619.0</ymax>
    </bndbox>
  </object>
  <object>
    <name>WHITE</name>
    <occluded>0</occluded>
    <bndbox>
      <xmin>429.87</xmin>
      <ymin>636.2</ymin>
      <xmax>476.9</xmax>
      <ymax>684.0</ymax>
    </bndbox>
  </object>
  <object>
    <name>WHITE</name>
    <occluded>0</occluded>
    <bndbox>
      <xmin>381.9</xmin>
      <ymin>700.5</ymin>
      <xmax>427.4</xmax>
      <ymax>745.7</ymax>
    </bndbox>
  </object>
  <object>
    <name>WHITE</name>
    <occluded>0</occluded>
    <bndbox>
      <xmin>337.93</xmin>
      <ymin>756.87</ymin>
      <xmax>376.5</xmax>
      <ymax>801.1</ymax>
    </bndbox>
  </object>
  <object>
    <name>WHITE</name>
    <occluded>0</occluded>
    <bndbox>
      <xmin>533.84</xmin>
      <ymin>406.29</ymin>
      <xmax>577.4</xmax>
      <ymax>434.9</ymax>
    </bndbox>
  </object>
  <object>
    <name>WHITE</name>
    <occluded>0</occluded>
    <bndbox>
      <xmin>435.0</xmin>
      <ymin>515.0</ymin>
      <xmax>479.0</xmax>
      <ymax>553.4</ymax>
    </bndbox>
  </object>
  <object>
    <name>WHITE</name>
    <occluded>0</occluded>
    <bndbox>
      <xmin>395.0</xmin>
      <ymin>580.0</ymin>
      <xmax>438.3</xmax>
      <ymax>624.0</ymax>
    </bndbox>
  </object>
  <object>
    <name>WHITE</name>
    <occluded>0</occluded>
    <bndbox>
      <xmin>351.18</xmin>
      <ymin>633.29</ymin>
      <xmax>389.2</xmax>
      <ymax>678.0</ymax>
    </bndbox>
  </object>
  <object>
    <name>WHITE</name>
    <occluded>0</occluded>
    <bndbox>
      <xmin>374.9</xmin>
      <ymin>830.82</ymin>
      <xmax>416.9</xmax>
      <ymax>867.3</ymax>
    </bndbox>
  </object>
  <object>
    <name>WHITE</name>
    <occluded>0</occluded>
    <bndbox>
      <xmin>424.57</xmin>
      <ymin>886.26</ymin>
      <xmax>471.3</xmax>
      <ymax>924.9</ymax>
    </bndbox>
  </object>
  <object>
    <name>WHITE</name>
    <occluded>0</occluded>
    <bndbox>
      <xmin>423.09</xmin>
      <ymin>773.56</ymin>
      <xmax>472.0</xmax>
      <ymax>819.0</ymax>
    </bndbox>
  </object>
  <object>
    <name>WHITE</name>
    <occluded>0</occluded>
    <bndbox>
      <xmin>469.38</xmin>
      <ymin>707.05</ymin>
      <xmax>522.8</xmax>
      <ymax>759.1</ymax>
    </bndbox>
  </object>
  <object>
    <name>WHITE</name>
    <occluded>0</occluded>
    <bndbox>
      <xmin>514.43</xmin>
      <ymin>639.5</ymin>
      <xmax>560.0</xmax>
      <ymax>686.14</ymax>
    </bndbox>
  </object>
  <object>
    <name>WHITE</name>
    <occluded>0</occluded>
    <bndbox>
      <xmin>557.98</xmin>
      <ymin>585.2</ymin>
      <xmax>602.9</xmax>
      <ymax>630.42</ymax>
    </bndbox>
  </object>
  <object>
    <name>WHITE</name>
    <occluded>0</occluded>
    <bndbox>
      <xmin>468.1</xmin>
      <ymin>845.7</ymin>
      <xmax>514.19</xmax>
      <ymax>886.44</ymax>
    </bndbox>
  </object>
  <object>
    <name>WHITE</name>
    <occluded>0</occluded>
    <bndbox>
      <xmin>515.56</xmin>
      <ymin>782.74</ymin>
      <xmax>563.3</xmax>
      <ymax>829.5</ymax>
    </bndbox>
  </object>
  <object>
    <name>WHITE</name>
    <occluded>0</occluded>
    <bndbox>
      <xmin>559.8</xmin>
      <ymin>711.8</ymin>
      <xmax>607.2</xmax>
      <ymax>758.6</ymax>
    </bndbox>
  </object>
  <object>
    <name>WHITE</name>
    <occluded>0</occluded>
    <bndbox>
      <xmin>602.8</xmin>
      <ymin>645.3</ymin>
      <xmax>645.39</xmax>
      <ymax>692.34</ymax>
    </bndbox>
  </object>
  <object>
    <name>WHITE</name>
    <occluded>0</occluded>
    <bndbox>
      <xmin>648.7</xmin>
      <ymin>576.0</ymin>
      <xmax>689.0</xmax>
      <ymax>622.9</ymax>
    </bndbox>
  </object>
  <object>
    <name>WHITE</name>
    <occluded>0</occluded>
    <bndbox>
      <xmin>512.8</xmin>
      <ymin>898.09</ymin>
      <xmax>562.6</xmax>
      <ymax>935.0</ymax>
    </bndbox>
  </object>
  <object>
    <name>WHITE</name>
    <occluded>0</occluded>
    <bndbox>
      <xmin>567.53</xmin>
      <ymin>846.3</ymin>
      <xmax>614.2</xmax>
      <ymax>887.76</ymax>
    </bndbox>
  </object>
  <object>
    <name>WHITE</name>
    <occluded>0</occluded>
    <bndbox>
      <xmin>652.8</xmin>
      <ymin>711.55</ymin>
      <xmax>694.5</xmax>
      <ymax>758.0</ymax>
    </bndbox>
  </object>
  <object>
    <name>WHITE</name>
    <occluded>0</occluded>
    <bndbox>
      <xmin>300.97</xmin>
      <ymin>522.59</ymin>
      <xmax>332.16</xmax>
      <ymax>563.02</ymax>
    </bndbox>
  </object>
  <object>
    <name>WHITE</name>
    <occluded>0</occluded>
    <bndbox>
      <xmin>771.12</xmin>
      <ymin>652.2</ymin>
      <xmax>794.23</xmax>
      <ymax>697.25</ymax>
    </bndbox>
  </object>
  <object>
    <name>WHITE</name>
    <occluded>0</occluded>
    <bndbox>
      <xmin>252.17</xmin>
      <ymin>558.98</ymin>
      <xmax>275.85</xmax>
      <ymax>599.7</ymax>
    </bndbox>
  </object>
  <object>
    <name>WHITE</name>
    <occluded>0</occluded>
    <bndbox>
      <xmin>285.09</xmin>
      <ymin>488.8</ymin>
      <xmax>309.63</xmax>
      <ymax>528.66</ymax>
    </bndbox>
  </object>
  <object>
    <name>WHITE</name>
    <occluded>0</occluded>
    <bndbox>
      <xmin>372.59</xmin>
      <ymin>414.58</ymin>
      <xmax>415.62</xmax>
      <ymax>448.08</ymax>
    </bndbox>
  </object>
  <object>
    <name>WHITE</name>
    <occluded>0</occluded>
    <bndbox>
      <xmin>329.85</xmin>
      <ymin>465.99</ymin>
      <xmax>372.88</xmax>
      <ymax>505.84</ymax>
    </bndbox>
  </object>
  <object>
    <name>WHITE</name>
    <occluded>0</occluded>
    <bndbox>
      <xmin>362.2</xmin>
      <ymin>507.0</ymin>
      <xmax>397.43</xmax>
      <ymax>547.14</ymax>
    </bndbox>
  </object>
  <object>
    <name>WHITE</name>
    <occluded>0</occluded>
    <bndbox>
      <xmin>272.67</xmin>
      <ymin>590.75</ymin>
      <xmax>294.04</xmax>
      <ymax>636.09</ymax>
    </bndbox>
  </object>
  <object>
    <name>WHITE</name>
    <occluded>0</occluded>
    <bndbox>
      <xmin>262.85</xmin>
      <ymin>664.97</ymin>
      <xmax>283.07</xmax>
      <ymax>711.75</ymax>
    </bndbox>
  </object>
  <object>
    <name>BLACK</name>
    <occluded>0</occluded>
    <bndbox>
      <xmin>296.35</xmin>
      <ymin>629.73</ymin>
      <xmax>328.99</xmax>
      <ymax>676.52</ymax>
    </bndbox>
  </object>
  <object>
    <name>WHITE</name>
    <occluded>0</occluded>
    <bndbox>
      <xmin>439.01</xmin>
      <ymin>368.09</ymin>
      <xmax>477.71</xmax>
      <ymax>394.37</ymax>
    </bndbox>
  </object>
  <object>
    <name>WHITE</name>
    <occluded>0</occluded>
    <bndbox>
      <xmin>564.35</xmin>
      <ymin>367.22</ymin>
      <xmax>608.54</xmax>
      <ymax>388.88</ymax>
    </bndbox>
  </object>
  <object>
    <name>WHITE</name>
    <occluded>0</occluded>
    <bndbox>
      <xmin>630.2</xmin>
      <ymin>372.71</ymin>
      <xmax>669.47</xmax>
      <ymax>396.68</ymax>
    </bndbox>
  </object>
  <object>
    <name>WHITE</name>
    <occluded>0</occluded>
    <bndbox>
      <xmin>623.55</xmin>
      <ymin>415.16</ymin>
      <xmax>662.54</xmax>
      <ymax>446.6</ymax>
    </bndbox>
  </object>
  <object>
    <name>WHITE</name>
    <occluded>0</occluded>
    <bndbox>
      <xmin>691.13</xmin>
      <ymin>433.35</ymin>
      <xmax>725.5</xmax>
      <ymax>469.45</ymax>
    </bndbox>
  </object>
  <object>
    <name>WHITE</name>
    <occluded>0</occluded>
    <bndbox>
      <xmin>740.22</xmin>
      <ymin>463.1</ymin>
      <xmax>771.7</xmax>
      <ymax>498.91</ymax>
    </bndbox>
  </object>
  <object>
    <name>WHITE</name>
    <occluded>0</occluded>
    <bndbox>
      <xmin>659.65</xmin>
      <ymin>472.34</ymin>
      <xmax>697.48</xmax>
      <ymax>509.02</ymax>
    </bndbox>
  </object>
  <object>
    <name>WHITE</name>
    <occluded>0</occluded>
    <bndbox>
      <xmin>725.21</xmin>
      <ymin>497.47</ymin>
      <xmax>755.53</xmax>
      <ymax>536.74</ymax>
    </bndbox>
  </object>
  <object>
    <name>WHITE</name>
    <occluded>0</occluded>
    <bndbox>
      <xmin>755.82</xmin>
      <ymin>575.15</ymin>
      <xmax>786.14</xmax>
      <ymax>619.91</ymax>
    </bndbox>
  </object>
  <object>
    <name>WHITE</name>
    <occluded>0</occluded>
    <bndbox>
      <xmin>738.15</xmin>
      <ymin>798.19</ymin>
      <xmax>765.87</xmax>
      <ymax>838.88</ymax>
    </bndbox>
  </object>
  <object>
    <name>WHITE</name>
    <occluded>0</occluded>
    <bndbox>
      <xmin>307.13</xmin>
      <ymin>691.97</ymin>
      <xmax>339.86</xmax>
      <ymax>738.66</ymax>
    </bndbox>
  </object>
  <object>
    <name>WHITE</name>
    <occluded>0</occluded>
    <bndbox>
      <xmin>274.16</xmin>
      <ymin>736.01</ymin>
      <xmax>299.91</xmax>
      <ymax>779.81</ymax>
    </bndbox>
  </object>
  <object>
    <name>WHITE</name>
    <occluded>0</occluded>
    <bndbox>
      <xmin>271.51</xmin>
      <ymin>825.06</ymin>
      <xmax>294.86</xmax>
      <ymax>866.21</ymax>
    </bndbox>
  </object>
  <object>
    <name>WHITE</name>
    <occluded>0</occluded>
    <bndbox>
      <xmin>298.47</xmin>
      <ymin>800.27</ymin>
      <xmax>330.24</xmax>
      <ymax>841.9</ymax>
    </bndbox>
  </object>
  <object>
    <name>WHITE</name>
    <occluded>0</occluded>
    <bndbox>
      <xmin>702.46</xmin>
      <ymin>760.25</ymin>
      <xmax>735.2</xmax>
      <ymax>806.46</ymax>
    </bndbox>
  </object>
  <object>
    <name>WHITE</name>
    <occluded>0</occluded>
    <bndbox>
      <xmin>699.62</xmin>
      <ymin>864.26</ymin>
      <xmax>742.65</xmax>
      <ymax>897.18</ymax>
    </bndbox>
  </object>
  <object>
    <name>WHITE</name>
    <occluded>0</occluded>
    <bndbox>
      <xmin>670.16</xmin>
      <ymin>831.05</ymin>
      <xmax>706.26</xmax>
      <ymax>872.35</ymax>
    </bndbox>
  </object>
  <object>
    <name>BLACK</name>
    <occluded>0</occluded>
    <bndbox>
      <xmin>473.6</xmin>
      <ymin>935.15</ymin>
      <xmax>519.73</xmax>
      <ymax>970.85</ymax>
    </bndbox>
  </object>
  <object>
    <name>WHITE</name>
    <occluded>0</occluded>
    <bndbox>
      <xmin>616.53</xmin>
      <ymin>513.29</ymin>
      <xmax>650.47</xmax>
      <ymax>555.71</ymax>
    </bndbox>
  </object>
  <object>
    <name>WHITE</name>
    <occluded>0</occluded>
    <bndbox>
      <xmin>326.49</xmin>
      <ymin>575.44</ymin>
      <xmax>367.51</xmax>
      <ymax>606.56</ymax>
    </bndbox>
  </object>
</annotation>
