<annotation>
  <folder>DD</folder>
  <filename>DD_camera5.png</filename>
  <source>
    <database>Unknown</database>
    <annotation>Unknown</annotation>
    <image>Unknown</image>
  </source>
  <size>
    <width>1280</width>
    <height>960</height>
    <depth></depth>
  </size>
  <segmented>0</segmented>
  <object>
    <name>WHITE</name>
    <occluded>0</occluded>
    <bndbox>
      <xmin>443.21</xmin>
      <ymin>377.83</ymin>
      <xmax>485.59</xmax>
      <ymax>415.77</ymax>
    </bndbox>
  </object>
  <object>
    <name>WHITE</name>
    <occluded>0</occluded>
    <bndbox>
      <xmin>409.0</xmin>
      <ymin>454.0</ymin>
      <xmax>447.0</xmax>
      <ymax>497.0</ymax>
    </bndbox>
  </object>
  <object>
    <name>WHITE</name>
    <occluded>0</occluded>
    <bndbox>
      <xmin>453.42</xmin>
      <ymin>723.35</ymin>
      <xmax>497.0</xmax>
      <ymax>762.5</ymax>
    </bndbox>
  </object>
  <object>
    <name>WHITE</name>
    <occluded>0</occluded>
    <bndbox>
      <xmin>446.88</xmin>
      <ymin>773.77</ymin>
      <xmax>490.1</xmax>
      <ymax>810.3</ymax>
    </bndbox>
  </object>
  <object>
    <name>WHITE</name>
    <occluded>0</occluded>
    <bndbox>
      <xmin>429.4</xmin>
      <ymin>811.2</ymin>
      <xmax>456.03</xmax>
      <ymax>848.56</ymax>
    </bndbox>
  </object>
  <object>
    <name>WHITE</name>
    <occluded>0</occluded>
    <bndbox>
      <xmin>428.07</xmin>
      <ymin>844.99</ymin>
      <xmax>459.6</xmax>
      <ymax>878.9</ymax>
    </bndbox>
  </object>
  <object>
    <name>WHITE</name>
    <occluded>0</occluded>
    <bndbox>
      <xmin>704.2</xmin>
      <ymin>748.84</ymin>
      <xmax>737.0</xmax>
      <ymax>783.4</ymax>
    </bndbox>
  </object>
  <object>
    <name>WHITE</name>
    <occluded>0</occluded>
    <bndbox>
      <xmin>564.5</xmin>
      <ymin>856.5</ymin>
      <xmax>601.74</xmax>
      <ymax>894.58</ymax>
    </bndbox>
  </object>
  <object>
    <name>WHITE</name>
    <occluded>0</occluded>
    <bndbox>
      <xmin>732.9</xmin>
      <ymin>346.8</ymin>
      <xmax>765.7</xmax>
      <ymax>387.9</ymax>
    </bndbox>
  </object>
  <object>
    <name>WHITE</name>
    <occluded>0</occluded>
    <bndbox>
      <xmin>736.0</xmin>
      <ymin>418.4</ymin>
      <xmax>772.43</xmax>
      <ymax>461.07</ymax>
    </bndbox>
  </object>
  <object>
    <name>WHITE</name>
    <occluded>0</occluded>
    <bndbox>
      <xmin>641.6</xmin>
      <ymin>647.6</ymin>
      <xmax>687.09</xmax>
      <ymax>689.81</ymax>
    </bndbox>
  </object>
  <object>
    <name>WHITE</name>
    <occluded>0</occluded>
    <bndbox>
      <xmin>606.2</xmin>
      <ymin>718.4</ymin>
      <xmax>652.2</xmax>
      <ymax>756.3</ymax>
    </bndbox>
  </object>
  <object>
    <name>WHITE</name>
    <occluded>0</occluded>
    <bndbox>
      <xmin>573.6</xmin>
      <ymin>783.0</ymin>
      <xmax>615.91</xmax>
      <ymax>817.0</ymax>
    </bndbox>
  </object>
  <object>
    <name>WHITE</name>
    <occluded>0</occluded>
    <bndbox>
      <xmin>533.39</xmin>
      <ymin>833.13</ymin>
      <xmax>579.6</xmax>
      <ymax>863.6</ymax>
    </bndbox>
  </object>
  <object>
    <name>WHITE</name>
    <occluded>0</occluded>
    <bndbox>
      <xmin>619.2</xmin>
      <ymin>258.71</ymin>
      <xmax>659.7</xmax>
      <ymax>292.6</ymax>
    </bndbox>
  </object>
  <object>
    <name>WHITE</name>
    <occluded>0</occluded>
    <bndbox>
      <xmin>776.75</xmin>
      <ymin>474.26</ymin>
      <xmax>805.5</xmax>
      <ymax>519.9</ymax>
    </bndbox>
  </object>
  <object>
    <name>WHITE</name>
    <occluded>0</occluded>
    <bndbox>
      <xmin>678.94</xmin>
      <ymin>701.34</ymin>
      <xmax>721.6</xmax>
      <ymax>742.2</ymax>
    </bndbox>
  </object>
  <object>
    <name>WHITE</name>
    <occluded>0</occluded>
    <bndbox>
      <xmin>787.12</xmin>
      <ymin>395.83</ymin>
      <xmax>815.4</xmax>
      <ymax>434.8</ymax>
    </bndbox>
  </object>
  <object>
    <name>WHITE</name>
    <occluded>0</occluded>
    <bndbox>
      <xmin>620.11</xmin>
      <ymin>842.79</ymin>
      <xmax>658.6</xmax>
      <ymax>881.4</ymax>
    </bndbox>
  </object>
  <object>
    <name>WHITE</name>
    <occluded>0</occluded>
    <bndbox>
      <xmin>665.72</xmin>
      <ymin>804.07</ymin>
      <xmax>700.7</xmax>
      <ymax>834.9</ymax>
    </bndbox>
  </object>
  <object>
    <name>WHITE</name>
    <occluded>0</occluded>
    <bndbox>
      <xmin>639.18</xmin>
      <ymin>768.1</ymin>
      <xmax>678.8</xmax>
      <ymax>803.94</ymax>
    </bndbox>
  </object>
  <object>
    <name>WHITE</name>
    <occluded>0</occluded>
    <bndbox>
      <xmin>493.0</xmin>
      <ymin>442.0</ymin>
      <xmax>535.0</xmax>
      <ymax>485.0</ymax>
    </bndbox>
  </object>
  <object>
    <name>WHITE</name>
    <occluded>0</occluded>
    <bndbox>
      <xmin>480.03</xmin>
      <ymin>666.75</ymin>
      <xmax>526.9</xmax>
      <ymax>711.74</ymax>
    </bndbox>
  </object>
  <object>
    <name>WHITE</name>
    <occluded>0</occluded>
    <bndbox>
      <xmin>658.3</xmin>
      <ymin>315.4</ymin>
      <xmax>699.2</xmax>
      <ymax>357.5</ymax>
    </bndbox>
  </object>
  <object>
    <name>WHITE</name>
    <occluded>0</occluded>
    <bndbox>
      <xmin>570.95</xmin>
      <ymin>305.96</ymin>
      <xmax>615.0</xmax>
      <ymax>343.5</ymax>
    </bndbox>
  </object>
  <object>
    <name>WHITE</name>
    <occluded>0</occluded>
    <bndbox>
      <xmin>519.26</xmin>
      <ymin>364.88</ymin>
      <xmax>569.7</xmax>
      <ymax>410.2</ymax>
    </bndbox>
  </object>
  <object>
    <name>WHITE</name>
    <occluded>0</occluded>
    <bndbox>
      <xmin>397.3</xmin>
      <ymin>727.42</ymin>
      <xmax>438.7</xmax>
      <ymax>764.1</ymax>
    </bndbox>
  </object>
  <object>
    <name>WHITE</name>
    <occluded>0</occluded>
    <bndbox>
      <xmin>412.0</xmin>
      <ymin>671.17</ymin>
      <xmax>452.6</xmax>
      <ymax>713.8</ymax>
    </bndbox>
  </object>
  <object>
    <name>WHITE</name>
    <occluded>0</occluded>
    <bndbox>
      <xmin>343.0</xmin>
      <ymin>347.1</ymin>
      <xmax>376.24</xmax>
      <ymax>386.6</ymax>
    </bndbox>
  </object>
  <object>
    <name>WHITE</name>
    <occluded>0</occluded>
    <bndbox>
      <xmin>431.0</xmin>
      <ymin>603.0</ymin>
      <xmax>472.4</xmax>
      <ymax>645.7</ymax>
    </bndbox>
  </object>
  <object>
    <name>WHITE</name>
    <occluded>0</occluded>
    <bndbox>
      <xmin>461.9</xmin>
      <ymin>524.1</ymin>
      <xmax>506.0</xmax>
      <ymax>568.0</ymax>
    </bndbox>
  </object>
  <object>
    <name>BLACK</name>
    <occluded>0</occluded>
    <bndbox>
      <xmin>318.1</xmin>
      <ymin>410.64</ymin>
      <xmax>347.04</xmax>
      <ymax>456.7</ymax>
    </bndbox>
  </object>
  <object>
    <name>WHITE</name>
    <occluded>0</occluded>
    <bndbox>
      <xmin>366.6</xmin>
      <ymin>390.54</ymin>
      <xmax>408.2</xmax>
      <ymax>437.5</ymax>
    </bndbox>
  </object>
  <object>
    <name>WHITE</name>
    <occluded>0</occluded>
    <bndbox>
      <xmin>406.26</xmin>
      <ymin>325.38</ymin>
      <xmax>447.96</xmax>
      <ymax>366.7</ymax>
    </bndbox>
  </object>
  <object>
    <name>WHITE</name>
    <occluded>0</occluded>
    <bndbox>
      <xmin>453.7</xmin>
      <ymin>274.9</ymin>
      <xmax>494.87</xmax>
      <ymax>308.0</ymax>
    </bndbox>
  </object>
  <object>
    <name>WHITE</name>
    <occluded>0</occluded>
    <bndbox>
      <xmin>499.67</xmin>
      <ymin>240.8</ymin>
      <xmax>540.3</xmax>
      <ymax>263.13</ymax>
    </bndbox>
  </object>
  <object>
    <name>WHITE</name>
    <occluded>0</occluded>
    <bndbox>
      <xmin>383.0</xmin>
      <ymin>532.0</ymin>
      <xmax>422.2</xmax>
      <ymax>577.9</ymax>
    </bndbox>
  </object>
  <object>
    <name>WHITE</name>
    <occluded>0</occluded>
    <bndbox>
      <xmin>485.6</xmin>
      <ymin>307.37</ymin>
      <xmax>530.75</xmax>
      <ymax>345.5</ymax>
    </bndbox>
  </object>
  <object>
    <name>WHITE</name>
    <occluded>0</occluded>
    <bndbox>
      <xmin>535.88</xmin>
      <ymin>265.5</ymin>
      <xmax>578.0</xmax>
      <ymax>298.87</ymax>
    </bndbox>
  </object>
  <object>
    <name>WHITE</name>
    <occluded>0</occluded>
    <bndbox>
      <xmin>516.22</xmin>
      <ymin>869.72</ymin>
      <xmax>559.5</xmax>
      <ymax>899.3</ymax>
    </bndbox>
  </object>
  <object>
    <name>BLACK</name>
    <occluded>0</occluded>
    <bndbox>
      <xmin>680.14</xmin>
      <ymin>373.76</ymin>
      <xmax>725.1</xmax>
      <ymax>420.7</ymax>
    </bndbox>
  </object>
  <object>
    <name>WHITE</name>
    <occluded>0</occluded>
    <bndbox>
      <xmin>656.6</xmin>
      <ymin>432.5</ymin>
      <xmax>698.0</xmax>
      <ymax>476.0</ymax>
    </bndbox>
  </object>
  <object>
    <name>WHITE</name>
    <occluded>0</occluded>
    <bndbox>
      <xmin>639.6</xmin>
      <ymin>504.3</ymin>
      <xmax>680.0</xmax>
      <ymax>550.0</ymax>
    </bndbox>
  </object>
  <object>
    <name>WHITE</name>
    <occluded>0</occluded>
    <bndbox>
      <xmin>604.8</xmin>
      <ymin>587.6</ymin>
      <xmax>649.16</xmax>
      <ymax>630.14</ymax>
    </bndbox>
  </object>
  <object>
    <name>WHITE</name>
    <occluded>0</occluded>
    <bndbox>
      <xmin>360.12</xmin>
      <ymin>659.88</ymin>
      <xmax>390.81</xmax>
      <ymax>703.29</ymax>
    </bndbox>
  </object>
  <object>
    <name>WHITE</name>
    <occluded>0</occluded>
    <bndbox>
      <xmin>716.06</xmin>
      <ymin>824.56</ymin>
      <xmax>751.99</xmax>
      <ymax>861.24</ymax>
    </bndbox>
  </object>
  <object>
    <name>BLACK</name>
    <occluded>0</occluded>
    <bndbox>
      <xmin>523.57</xmin>
      <ymin>727.27</ymin>
      <xmax>573.2</xmax>
      <ymax>765.0</ymax>
    </bndbox>
  </object>
  <object>
    <name>WHITE</name>
    <occluded>0</occluded>
    <bndbox>
      <xmin>724.67</xmin>
      <ymin>791.25</ymin>
      <xmax>754.61</xmax>
      <ymax>827.55</ymax>
    </bndbox>
  </object>
  <object>
    <name>WHITE</name>
    <occluded>0</occluded>
    <bndbox>
      <xmin>746.38</xmin>
      <ymin>683.83</ymin>
      <xmax>776.69</xmax>
      <ymax>722.76</ymax>
    </bndbox>
  </object>
  <object>
    <name>WHITE</name>
    <occluded>0</occluded>
    <bndbox>
      <xmin>759.85</xmin>
      <ymin>729.12</ymin>
      <xmax>788.67</xmax>
      <ymax>767.29</ymax>
    </bndbox>
  </object>
  <object>
    <name>WHITE</name>
    <occluded>0</occluded>
    <bndbox>
      <xmin>718.3</xmin>
      <ymin>635.18</ymin>
      <xmax>756.85</xmax>
      <ymax>674.85</ymax>
    </bndbox>
  </object>
  <object>
    <name>WHITE</name>
    <occluded>0</occluded>
    <bndbox>
      <xmin>778.94</xmin>
      <ymin>615.71</ymin>
      <xmax>807.38</xmax>
      <ymax>657.63</ymax>
    </bndbox>
  </object>
  <object>
    <name>WHITE</name>
    <occluded>0</occluded>
    <bndbox>
      <xmin>798.4</xmin>
      <ymin>666.24</ymin>
      <xmax>821.98</xmax>
      <ymax>698.8</ymax>
    </bndbox>
  </object>
  <object>
    <name>WHITE</name>
    <occluded>0</occluded>
    <bndbox>
      <xmin>753.49</xmin>
      <ymin>553.96</ymin>
      <xmax>788.67</xmax>
      <ymax>599.62</ymax>
    </bndbox>
  </object>
  <object>
    <name>WHITE</name>
    <occluded>0</occluded>
    <bndbox>
      <xmin>366.11</xmin>
      <ymin>608.6</ymin>
      <xmax>401.29</xmax>
      <ymax>651.65</ymax>
    </bndbox>
  </object>
  <object>
    <name>WHITE</name>
    <occluded>0</occluded>
    <bndbox>
      <xmin>316.33</xmin>
      <ymin>607.11</ymin>
      <xmax>342.16</xmax>
      <ymax>647.15</ymax>
    </bndbox>
  </object>
  <object>
    <name>WHITE</name>
    <occluded>0</occluded>
    <bndbox>
      <xmin>366.11</xmin>
      <ymin>608.98</ymin>
      <xmax>401.29</xmax>
      <ymax>651.27</ymax>
    </bndbox>
  </object>
  <object>
    <name>WHITE</name>
    <occluded>0</occluded>
    <bndbox>
      <xmin>341.41</xmin>
      <ymin>468.62</ymin>
      <xmax>373.6</xmax>
      <ymax>513.91</ymax>
    </bndbox>
  </object>
  <object>
    <name>WHITE</name>
    <occluded>0</occluded>
    <bndbox>
      <xmin>320.45</xmin>
      <ymin>536.37</ymin>
      <xmax>346.27</xmax>
      <ymax>577.91</ymax>
    </bndbox>
  </object>
  <object>
    <name>WHITE</name>
    <occluded>0</occluded>
    <bndbox>
      <xmin>701.09</xmin>
      <ymin>287.48</ymin>
      <xmax>738.89</xmax>
      <ymax>320.04</ymax>
    </bndbox>
  </object>
  <object>
    <name>WHITE</name>
    <occluded>0</occluded>
    <bndbox>
      <xmin>772.57</xmin>
      <ymin>329.39</ymin>
      <xmax>799.52</xmax>
      <ymax>368.69</ymax>
    </bndbox>
  </object>
  <object>
    <name>WHITE</name>
    <occluded>0</occluded>
    <bndbox>
      <xmin>824.6</xmin>
      <ymin>457.77</ymin>
      <xmax>840.69</xmax>
      <ymax>501.93</ymax>
    </bndbox>
  </object>
  <object>
    <name>WHITE</name>
    <occluded>0</occluded>
    <bndbox>
      <xmin>817.17</xmin>
      <ymin>538.46</ymin>
      <xmax>839.31</xmax>
      <ymax>584.31</ymax>
    </bndbox>
  </object>
  <object>
    <name>WHITE</name>
    <occluded>0</occluded>
    <bndbox>
      <xmin>293.41</xmin>
      <ymin>466.96</ymin>
      <xmax>311.87</xmax>
      <ymax>507.5</ymax>
    </bndbox>
  </object>
  <object>
    <name>WHITE</name>
    <occluded>0</occluded>
    <bndbox>
      <xmin>294.35</xmin>
      <ymin>391.86</ymin>
      <xmax>319.69</xmax>
      <ymax>432.15</ymax>
    </bndbox>
  </object>
  <object>
    <name>WHITE</name>
    <occluded>0</occluded>
    <bndbox>
      <xmin>583.32</xmin>
      <ymin>233.36</ymin>
      <xmax>623.29</xmax>
      <ymax>254.46</ymax>
    </bndbox>
  </object>
  <object>
    <name>WHITE</name>
    <occluded>0</occluded>
    <bndbox>
      <xmin>508.9</xmin>
      <ymin>594.6</ymin>
      <xmax>555.87</xmax>
      <ymax>639.37</ymax>
    </bndbox>
  </object>
  <object>
    <name>WHITE</name>
    <occluded>0</occluded>
    <bndbox>
      <xmin>543.3</xmin>
      <ymin>514.1</ymin>
      <xmax>588.87</xmax>
      <ymax>560.25</ymax>
    </bndbox>
  </object>
  <object>
    <name>WHITE</name>
    <occluded>0</occluded>
    <bndbox>
      <xmin>574.13</xmin>
      <ymin>433.38</ymin>
      <xmax>618.7</xmax>
      <ymax>477.5</ymax>
    </bndbox>
  </object>
  <object>
    <name>WHITE</name>
    <occluded>0</occluded>
    <bndbox>
      <xmin>608.0</xmin>
      <ymin>367.0</ymin>
      <xmax>654.6</xmax>
      <ymax>409.0</ymax>
    </bndbox>
  </object>
  <object>
    <name>BLACK</name>
    <occluded>0</occluded>
    <bndbox>
      <xmin>470.61</xmin>
      <ymin>856.35</ymin>
      <xmax>505.3</xmax>
      <ymax>894.2</ymax>
    </bndbox>
  </object>
  <object>
    <name>WHITE</name>
    <occluded>0</occluded>
    <bndbox>
      <xmin>475.5</xmin>
      <ymin>824.4</ymin>
      <xmax>514.27</xmax>
      <ymax>857.9</ymax>
    </bndbox>
  </object>
  <object>
    <name>WHITE</name>
    <occluded>0</occluded>
    <bndbox>
      <xmin>504.78</xmin>
      <ymin>778.17</ymin>
      <xmax>547.6</xmax>
      <ymax>813.2</ymax>
    </bndbox>
  </object>
  <object>
    <name>WHITE</name>
    <occluded>0</occluded>
    <bndbox>
      <xmin>385.05</xmin>
      <ymin>288.04</ymin>
      <xmax>421.77</xmax>
      <ymax>318.35</ymax>
    </bndbox>
  </object>
  <object>
    <name>WHITE</name>
    <occluded>0</occluded>
    <bndbox>
      <xmin>563.5</xmin>
      <ymin>661.9</ymin>
      <xmax>607.75</xmax>
      <ymax>702.38</ymax>
    </bndbox>
  </object>
  <object>
    <name>WHITE</name>
    <occluded>0</occluded>
    <bndbox>
      <xmin>385.95</xmin>
      <ymin>798.36</ymin>
      <xmax>421.13</xmax>
      <ymax>833.92</ymax>
    </bndbox>
  </object>
  <object>
    <name>WHITE</name>
    <occluded>0</occluded>
    <bndbox>
      <xmin>395.68</xmin>
      <ymin>769.17</ymin>
      <xmax>434.23</xmax>
      <ymax>800.61</ymax>
    </bndbox>
  </object>
  <object>
    <name>WHITE</name>
    <occluded>0</occluded>
    <bndbox>
      <xmin>606.0</xmin>
      <ymin>826.55</ymin>
      <xmax>645.8</xmax>
      <ymax>852.05</ymax>
    </bndbox>
  </object>
  <object>
    <name>WHITE</name>
    <occluded>0</occluded>
    <bndbox>
      <xmin>712.0</xmin>
      <ymin>497.0</ymin>
      <xmax>747.0</xmax>
      <ymax>539.0</ymax>
    </bndbox>
  </object>
  <object>
    <name>WHITE</name>
    <occluded>0</occluded>
    <bndbox>
      <xmin>681.65</xmin>
      <ymin>575.38</ymin>
      <xmax>723.71</xmax>
      <ymax>611.43</ymax>
    </bndbox>
  </object>
</annotation>
