<annotation>
  <folder>DD</folder>
  <filename>DD_camera7.png</filename>
  <source>
    <database>Unknown</database>
    <annotation>Unknown</annotation>
    <image>Unknown</image>
  </source>
  <size>
    <width>1280</width>
    <height>960</height>
    <depth></depth>
  </size>
  <segmented>0</segmented>
  <object>
    <name>WHITE</name>
    <occluded>0</occluded>
    <bndbox>
      <xmin>435.0</xmin>
      <ymin>222.49</ymin>
      <xmax>475.52</xmax>
      <ymax>259.8</ymax>
    </bndbox>
  </object>
  <object>
    <name>WHITE</name>
    <occluded>0</occluded>
    <bndbox>
      <xmin>405.5</xmin>
      <ymin>350.04</ymin>
      <xmax>440.84</xmax>
      <ymax>396.8</ymax>
    </bndbox>
  </object>
  <object>
    <name>WHITE</name>
    <occluded>0</occluded>
    <bndbox>
      <xmin>377.64</xmin>
      <ymin>245.18</ymin>
      <xmax>414.76</xmax>
      <ymax>280.74</ymax>
    </bndbox>
  </object>
  <object>
    <name>WHITE</name>
    <occluded>0</occluded>
    <bndbox>
      <xmin>910.04</xmin>
      <ymin>413.57</ymin>
      <xmax>931.75</xmax>
      <ymax>458.48</ymax>
    </bndbox>
  </object>
  <object>
    <name>WHITE</name>
    <occluded>0</occluded>
    <bndbox>
      <xmin>882.72</xmin>
      <ymin>333.85</ymin>
      <xmax>913.04</xmax>
      <ymax>375.02</ymax>
    </bndbox>
  </object>
  <object>
    <name>WHITE</name>
    <occluded>0</occluded>
    <bndbox>
      <xmin>720.51</xmin>
      <ymin>155.62</ymin>
      <xmax>763.18</xmax>
      <ymax>178.82</ymax>
    </bndbox>
  </object>
  <object>
    <name>WHITE</name>
    <occluded>0</occluded>
    <bndbox>
      <xmin>330.64</xmin>
      <ymin>324.0</ymin>
      <xmax>358.71</xmax>
      <ymax>367.66</ymax>
    </bndbox>
  </object>
  <object>
    <name>WHITE</name>
    <occluded>0</occluded>
    <bndbox>
      <xmin>343.74</xmin>
      <ymin>372.34</ymin>
      <xmax>374.0</xmax>
      <ymax>419.44</ymax>
    </bndbox>
  </object>
  <object>
    <name>WHITE</name>
    <occluded>0</occluded>
    <bndbox>
      <xmin>382.1</xmin>
      <ymin>295.93</ymin>
      <xmax>414.85</xmax>
      <ymax>341.15</ymax>
    </bndbox>
  </object>
  <object>
    <name>WHITE</name>
    <occluded>0</occluded>
    <bndbox>
      <xmin>312.24</xmin>
      <ymin>456.87</ymin>
      <xmax>341.56</xmax>
      <ymax>502.71</ymax>
    </bndbox>
  </object>
  <object>
    <name>WHITE</name>
    <occluded>0</occluded>
    <bndbox>
      <xmin>846.83</xmin>
      <ymin>373.34</ymin>
      <xmax>885.5</xmax>
      <ymax>424.49</ymax>
    </bndbox>
  </object>
  <object>
    <name>WHITE</name>
    <occluded>0</occluded>
    <bndbox>
      <xmin>921.06</xmin>
      <ymin>481.57</ymin>
      <xmax>945.08</xmax>
      <ymax>528.35</ymax>
    </bndbox>
  </object>
  <object>
    <name>BLACK</name>
    <occluded>0</occluded>
    <bndbox>
      <xmin>558.42</xmin>
      <ymin>165.0</ymin>
      <xmax>602.2</xmax>
      <ymax>196.2</ymax>
    </bndbox>
  </object>
  <object>
    <name>WHITE</name>
    <occluded>0</occluded>
    <bndbox>
      <xmin>356.6</xmin>
      <ymin>513.94</ymin>
      <xmax>382.43</xmax>
      <ymax>565.7</ymax>
    </bndbox>
  </object>
  <object>
    <name>WHITE</name>
    <occluded>0</occluded>
    <bndbox>
      <xmin>402.17</xmin>
      <ymin>512.8</ymin>
      <xmax>436.6</xmax>
      <ymax>564.3</ymax>
    </bndbox>
  </object>
  <object>
    <name>WHITE</name>
    <occluded>0</occluded>
    <bndbox>
      <xmin>335.65</xmin>
      <ymin>609.47</ymin>
      <xmax>370.9</xmax>
      <ymax>659.1</ymax>
    </bndbox>
  </object>
  <object>
    <name>WHITE</name>
    <occluded>0</occluded>
    <bndbox>
      <xmin>439.9</xmin>
      <ymin>552.98</ymin>
      <xmax>489.8</xmax>
      <ymax>608.1</ymax>
    </bndbox>
  </object>
  <object>
    <name>WHITE</name>
    <occluded>0</occluded>
    <bndbox>
      <xmin>386.1</xmin>
      <ymin>623.04</ymin>
      <xmax>414.07</xmax>
      <ymax>675.4</ymax>
    </bndbox>
  </object>
  <object>
    <name>WHITE</name>
    <occluded>0</occluded>
    <bndbox>
      <xmin>871.6</xmin>
      <ymin>693.4</ymin>
      <xmax>906.38</xmax>
      <ymax>744.4</ymax>
    </bndbox>
  </object>
  <object>
    <name>WHITE</name>
    <occluded>0</occluded>
    <bndbox>
      <xmin>696.7</xmin>
      <ymin>183.4</ymin>
      <xmax>738.57</xmax>
      <ymax>212.62</ymax>
    </bndbox>
  </object>
  <object>
    <name>WHITE</name>
    <occluded>0</occluded>
    <bndbox>
      <xmin>644.82</xmin>
      <ymin>326.46</ymin>
      <xmax>699.4</xmax>
      <ymax>380.1</ymax>
    </bndbox>
  </object>
  <object>
    <name>WHITE</name>
    <occluded>0</occluded>
    <bndbox>
      <xmin>711.5</xmin>
      <ymin>274.83</ymin>
      <xmax>759.9</xmax>
      <ymax>321.5</ymax>
    </bndbox>
  </object>
  <object>
    <name>WHITE</name>
    <occluded>0</occluded>
    <bndbox>
      <xmin>756.98</xmin>
      <ymin>230.3</ymin>
      <xmax>799.6</xmax>
      <ymax>268.5</ymax>
    </bndbox>
  </object>
  <object>
    <name>WHITE</name>
    <occluded>0</occluded>
    <bndbox>
      <xmin>782.2</xmin>
      <ymin>198.5</ymin>
      <xmax>817.69</xmax>
      <ymax>230.62</ymax>
    </bndbox>
  </object>
  <object>
    <name>WHITE</name>
    <occluded>0</occluded>
    <bndbox>
      <xmin>766.8</xmin>
      <ymin>345.0</ymin>
      <xmax>808.38</xmax>
      <ymax>392.34</ymax>
    </bndbox>
  </object>
  <object>
    <name>WHITE</name>
    <occluded>0</occluded>
    <bndbox>
      <xmin>806.8</xmin>
      <ymin>299.13</ymin>
      <xmax>846.3</xmax>
      <ymax>344.38</ymax>
    </bndbox>
  </object>
  <object>
    <name>WHITE</name>
    <occluded>0</occluded>
    <bndbox>
      <xmin>835.4</xmin>
      <ymin>259.1</ymin>
      <xmax>871.13</xmax>
      <ymax>299.31</ymax>
    </bndbox>
  </object>
  <object>
    <name>BLACK</name>
    <occluded>0</occluded>
    <bndbox>
      <xmin>805.17</xmin>
      <ymin>428.64</ymin>
      <xmax>849.4</xmax>
      <ymax>481.2</ymax>
    </bndbox>
  </object>
  <object>
    <name>WHITE</name>
    <occluded>0</occluded>
    <bndbox>
      <xmin>505.8</xmin>
      <ymin>201.89</ymin>
      <xmax>548.48</xmax>
      <ymax>241.9</ymax>
    </bndbox>
  </object>
  <object>
    <name>WHITE</name>
    <occluded>0</occluded>
    <bndbox>
      <xmin>495.6</xmin>
      <ymin>166.44</ymin>
      <xmax>536.45</xmax>
      <ymax>197.0</ymax>
    </bndbox>
  </object>
  <object>
    <name>WHITE</name>
    <occluded>0</occluded>
    <bndbox>
      <xmin>356.9</xmin>
      <ymin>434.43</ymin>
      <xmax>396.17</xmax>
      <ymax>482.2</ymax>
    </bndbox>
  </object>
  <object>
    <name>WHITE</name>
    <occluded>0</occluded>
    <bndbox>
      <xmin>445.0</xmin>
      <ymin>271.28</ymin>
      <xmax>486.25</xmax>
      <ymax>314.6</ymax>
    </bndbox>
  </object>
  <object>
    <name>WHITE</name>
    <occluded>0</occluded>
    <bndbox>
      <xmin>365.1</xmin>
      <ymin>704.8</ymin>
      <xmax>395.57</xmax>
      <ymax>755.89</ymax>
    </bndbox>
  </object>
  <object>
    <name>WHITE</name>
    <occluded>0</occluded>
    <bndbox>
      <xmin>352.72</xmin>
      <ymin>767.91</ymin>
      <xmax>393.8</xmax>
      <ymax>813.6</ymax>
    </bndbox>
  </object>
  <object>
    <name>BLACK</name>
    <occluded>0</occluded>
    <bndbox>
      <xmin>508.01</xmin>
      <ymin>573.51</ymin>
      <xmax>565.8</xmax>
      <ymax>632.4</ymax>
    </bndbox>
  </object>
  <object>
    <name>WHITE</name>
    <occluded>0</occluded>
    <bndbox>
      <xmin>416.26</xmin>
      <ymin>722.61</ymin>
      <xmax>461.7</xmax>
      <ymax>772.6</ymax>
    </bndbox>
  </object>
  <object>
    <name>BLACK</name>
    <occluded>0</occluded>
    <bndbox>
      <xmin>398.47</xmin>
      <ymin>798.32</ymin>
      <xmax>434.7</xmax>
      <ymax>847.7</ymax>
    </bndbox>
  </object>
  <object>
    <name>WHITE</name>
    <occluded>0</occluded>
    <bndbox>
      <xmin>582.4</xmin>
      <ymin>609.08</ymin>
      <xmax>637.8</xmax>
      <ymax>665.9</ymax>
    </bndbox>
  </object>
  <object>
    <name>WHITE</name>
    <occluded>0</occluded>
    <bndbox>
      <xmin>510.53</xmin>
      <ymin>670.33</ymin>
      <xmax>562.6</xmax>
      <ymax>725.5</ymax>
    </bndbox>
  </object>
  <object>
    <name>WHITE</name>
    <occluded>0</occluded>
    <bndbox>
      <xmin>419.8</xmin>
      <ymin>415.93</ymin>
      <xmax>464.09</xmax>
      <ymax>463.8</ymax>
    </bndbox>
  </object>
  <object>
    <name>WHITE</name>
    <occluded>0</occluded>
    <bndbox>
      <xmin>477.5</xmin>
      <ymin>316.53</ymin>
      <xmax>523.98</xmax>
      <ymax>363.7</ymax>
    </bndbox>
  </object>
  <object>
    <name>WHITE</name>
    <occluded>0</occluded>
    <bndbox>
      <xmin>542.9</xmin>
      <ymin>243.39</ymin>
      <xmax>591.06</xmax>
      <ymax>281.6</ymax>
    </bndbox>
  </object>
  <object>
    <name>WHITE</name>
    <occluded>0</occluded>
    <bndbox>
      <xmin>595.83</xmin>
      <ymin>186.08</ymin>
      <xmax>644.2</xmax>
      <ymax>220.3</ymax>
    </bndbox>
  </object>
  <object>
    <name>WHITE</name>
    <occluded>0</occluded>
    <bndbox>
      <xmin>519.0</xmin>
      <ymin>356.45</ymin>
      <xmax>571.56</xmax>
      <ymax>404.4</ymax>
    </bndbox>
  </object>
  <object>
    <name>WHITE</name>
    <occluded>0</occluded>
    <bndbox>
      <xmin>658.96</xmin>
      <ymin>219.09</ymin>
      <xmax>704.96</xmax>
      <ymax>253.09</ymax>
    </bndbox>
  </object>
  <object>
    <name>WHITE</name>
    <occluded>0</occluded>
    <bndbox>
      <xmin>594.95</xmin>
      <ymin>287.99</ymin>
      <xmax>642.63</xmax>
      <ymax>327.61</ymax>
    </bndbox>
  </object>
  <object>
    <name>WHITE</name>
    <occluded>0</occluded>
    <bndbox>
      <xmin>466.43</xmin>
      <ymin>732.5</ymin>
      <xmax>514.37</xmax>
      <ymax>783.42</ymax>
    </bndbox>
  </object>
  <object>
    <name>WHITE</name>
    <occluded>0</occluded>
    <bndbox>
      <xmin>445.21</xmin>
      <ymin>643.89</ymin>
      <xmax>487.92</xmax>
      <ymax>693.67</ymax>
    </bndbox>
  </object>
</annotation>
