<annotation>
  <folder>DD</folder>
  <filename>DD_camera4.png</filename>
  <source>
    <database>Unknown</database>
    <annotation>Unknown</annotation>
    <image>Unknown</image>
  </source>
  <size>
    <width>1280</width>
    <height>960</height>
    <depth></depth>
  </size>
  <segmented>0</segmented>
  <object>
    <name>WHITE</name>
    <occluded>0</occluded>
    <bndbox>
      <xmin>463.61</xmin>
      <ymin>417.91</ymin>
      <xmax>488.69</xmax>
      <ymax>457.96</ymax>
    </bndbox>
  </object>
  <object>
    <name>WHITE</name>
    <occluded>0</occluded>
    <bndbox>
      <xmin>488.31</xmin>
      <ymin>350.92</ymin>
      <xmax>511.52</xmax>
      <ymax>392.08</ymax>
    </bndbox>
  </object>
  <object>
    <name>WHITE</name>
    <occluded>0</occluded>
    <bndbox>
      <xmin>577.76</xmin>
      <ymin>289.53</ymin>
      <xmax>618.93</xmax>
      <ymax>316.86</ymax>
    </bndbox>
  </object>
  <object>
    <name>WHITE</name>
    <occluded>0</occluded>
    <bndbox>
      <xmin>811.31</xmin>
      <ymin>324.72</ymin>
      <xmax>850.23</xmax>
      <ymax>352.04</ymax>
    </bndbox>
  </object>
  <object>
    <name>WHITE</name>
    <occluded>0</occluded>
    <bndbox>
      <xmin>846.49</xmin>
      <ymin>370.0</ymin>
      <xmax>880.18</xmax>
      <ymax>403.31</ymax>
    </bndbox>
  </object>
  <object>
    <name>WHITE</name>
    <occluded>0</occluded>
    <bndbox>
      <xmin>620.8</xmin>
      <ymin>309.37</ymin>
      <xmax>661.97</xmax>
      <ymax>343.06</ymax>
    </bndbox>
  </object>
  <object>
    <name>WHITE</name>
    <occluded>0</occluded>
    <bndbox>
      <xmin>573.65</xmin>
      <ymin>362.52</ymin>
      <xmax>612.2</xmax>
      <ymax>402.57</ymax>
    </bndbox>
  </object>
  <object>
    <name>WHITE</name>
    <occluded>0</occluded>
    <bndbox>
      <xmin>683.52</xmin>
      <ymin>876.68</ymin>
      <xmax>725.63</xmax>
      <ymax>906.93</ymax>
    </bndbox>
  </object>
  <object>
    <name>WHITE</name>
    <occluded>0</occluded>
    <bndbox>
      <xmin>886.54</xmin>
      <ymin>362.52</ymin>
      <xmax>920.19</xmax>
      <ymax>395.45</ymax>
    </bndbox>
  </object>
  <object>
    <name>WHITE</name>
    <occluded>0</occluded>
    <bndbox>
      <xmin>926.21</xmin>
      <ymin>557.89</ymin>
      <xmax>952.04</xmax>
      <ymax>598.69</ymax>
    </bndbox>
  </object>
  <object>
    <name>BLACK</name>
    <occluded>0</occluded>
    <bndbox>
      <xmin>936.37</xmin>
      <ymin>752.17</ymin>
      <xmax>967.25</xmax>
      <ymax>785.23</ymax>
    </bndbox>
  </object>
  <object>
    <name>WHITE</name>
    <occluded>0</occluded>
    <bndbox>
      <xmin>463.76</xmin>
      <ymin>581.87</ymin>
      <xmax>489.33</xmax>
      <ymax>621.17</ymax>
    </bndbox>
  </object>
  <object>
    <name>WHITE</name>
    <occluded>0</occluded>
    <bndbox>
      <xmin>961.32</xmin>
      <ymin>538.35</ymin>
      <xmax>984.53</xmax>
      <ymax>582.14</ymax>
    </bndbox>
  </object>
  <object>
    <name>WHITE</name>
    <occluded>0</occluded>
    <bndbox>
      <xmin>428.05</xmin>
      <ymin>552.21</ymin>
      <xmax>451.18</xmax>
      <ymax>594.57</ymax>
    </bndbox>
  </object>
  <object>
    <name>WHITE</name>
    <occluded>0</occluded>
    <bndbox>
      <xmin>726.87</xmin>
      <ymin>835.2</ymin>
      <xmax>767.42</xmax>
      <ymax>866.38</ymax>
    </bndbox>
  </object>
  <object>
    <name>WHITE</name>
    <occluded>0</occluded>
    <bndbox>
      <xmin>661.06</xmin>
      <ymin>829.89</ymin>
      <xmax>705.98</xmax>
      <ymax>866.7</ymax>
    </bndbox>
  </object>
  <object>
    <name>WHITE</name>
    <occluded>0</occluded>
    <bndbox>
      <xmin>542.96</xmin>
      <ymin>326.59</ymin>
      <xmax>581.13</xmax>
      <ymax>359.15</ymax>
    </bndbox>
  </object>
  <object>
    <name>WHITE</name>
    <occluded>0</occluded>
    <bndbox>
      <xmin>865.7</xmin>
      <ymin>557.08</ymin>
      <xmax>900.01</xmax>
      <ymax>599.81</ymax>
    </bndbox>
  </object>
  <object>
    <name>WHITE</name>
    <occluded>0</occluded>
    <bndbox>
      <xmin>454.25</xmin>
      <ymin>498.75</ymin>
      <xmax>485.69</xmax>
      <ymax>541.42</ymax>
    </bndbox>
  </object>
  <object>
    <name>WHITE</name>
    <occluded>0</occluded>
    <bndbox>
      <xmin>507.4</xmin>
      <ymin>380.86</ymin>
      <xmax>541.46</xmax>
      <ymax>419.03</ymax>
    </bndbox>
  </object>
  <object>
    <name>BLACK</name>
    <occluded>0</occluded>
    <bndbox>
      <xmin>636.74</xmin>
      <ymin>780.3</ymin>
      <xmax>683.21</xmax>
      <ymax>818.35</ymax>
    </bndbox>
  </object>
  <object>
    <name>WHITE</name>
    <occluded>0</occluded>
    <bndbox>
      <xmin>723.13</xmin>
      <ymin>786.85</ymin>
      <xmax>763.99</xmax>
      <ymax>819.91</ymax>
    </bndbox>
  </object>
  <object>
    <name>WHITE</name>
    <occluded>0</occluded>
    <bndbox>
      <xmin>785.41</xmin>
      <ymin>832.08</ymin>
      <xmax>825.46</xmax>
      <ymax>864.27</ymax>
    </bndbox>
  </object>
  <object>
    <name>WHITE</name>
    <occluded>0</occluded>
    <bndbox>
      <xmin>464.28</xmin>
      <ymin>699.59</ymin>
      <xmax>488.24</xmax>
      <ymax>739.26</ymax>
    </bndbox>
  </object>
  <object>
    <name>WHITE</name>
    <occluded>0</occluded>
    <bndbox>
      <xmin>887.06</xmin>
      <ymin>691.42</ymin>
      <xmax>920.3</xmax>
      <ymax>730.5</ymax>
    </bndbox>
  </object>
  <object>
    <name>WHITE</name>
    <occluded>0</occluded>
    <bndbox>
      <xmin>880.36</xmin>
      <ymin>623.82</ymin>
      <xmax>913.11</xmax>
      <ymax>663.43</ymax>
    </bndbox>
  </object>
  <object>
    <name>WHITE</name>
    <occluded>0</occluded>
    <bndbox>
      <xmin>497.88</xmin>
      <ymin>528.75</ymin>
      <xmax>533.9</xmax>
      <ymax>571.7</ymax>
    </bndbox>
  </object>
  <object>
    <name>WHITE</name>
    <occluded>0</occluded>
    <bndbox>
      <xmin>494.1</xmin>
      <ymin>448.93</ymin>
      <xmax>527.58</xmax>
      <ymax>491.4</ymax>
    </bndbox>
  </object>
  <object>
    <name>BLACK</name>
    <occluded>0</occluded>
    <bndbox>
      <xmin>541.54</xmin>
      <ymin>415.31</ymin>
      <xmax>578.1</xmax>
      <ymax>460.6</ymax>
    </bndbox>
  </object>
  <object>
    <name>BLACK</name>
    <occluded>0</occluded>
    <bndbox>
      <xmin>685.6</xmin>
      <ymin>912.03</ymin>
      <xmax>726.73</xmax>
      <ymax>936.6</ymax>
    </bndbox>
  </object>
  <object>
    <name>WHITE</name>
    <occluded>0</occluded>
    <bndbox>
      <xmin>743.5</xmin>
      <ymin>875.96</ymin>
      <xmax>783.23</xmax>
      <ymax>907.0</ymax>
    </bndbox>
  </object>
  <object>
    <name>WHITE</name>
    <occluded>0</occluded>
    <bndbox>
      <xmin>745.3</xmin>
      <ymin>911.62</ymin>
      <xmax>784.13</xmax>
      <ymax>939.8</ymax>
    </bndbox>
  </object>
  <object>
    <name>WHITE</name>
    <occluded>0</occluded>
    <bndbox>
      <xmin>702.8</xmin>
      <ymin>517.93</ymin>
      <xmax>750.57</xmax>
      <ymax>565.7</ymax>
    </bndbox>
  </object>
  <object>
    <name>WHITE</name>
    <occluded>0</occluded>
    <bndbox>
      <xmin>724.6</xmin>
      <ymin>597.77</ymin>
      <xmax>770.5</xmax>
      <ymax>641.7</ymax>
    </bndbox>
  </object>
  <object>
    <name>WHITE</name>
    <occluded>0</occluded>
    <bndbox>
      <xmin>786.64</xmin>
      <ymin>536.35</ymin>
      <xmax>831.8</xmax>
      <ymax>581.3</ymax>
    </bndbox>
  </object>
  <object>
    <name>WHITE</name>
    <occluded>0</occluded>
    <bndbox>
      <xmin>841.33</xmin>
      <ymin>481.7</ymin>
      <xmax>882.6</xmax>
      <ymax>525.1</ymax>
    </bndbox>
  </object>
  <object>
    <name>WHITE</name>
    <occluded>0</occluded>
    <bndbox>
      <xmin>880.49</xmin>
      <ymin>435.98</ymin>
      <xmax>913.4</xmax>
      <ymax>477.3</ymax>
    </bndbox>
  </object>
  <object>
    <name>WHITE</name>
    <occluded>0</occluded>
    <bndbox>
      <xmin>524.75</xmin>
      <ymin>863.77</ymin>
      <xmax>557.2</xmax>
      <ymax>902.2</ymax>
    </bndbox>
  </object>
  <object>
    <name>WHITE</name>
    <occluded>0</occluded>
    <bndbox>
      <xmin>594.64</xmin>
      <ymin>814.53</ymin>
      <xmax>635.2</xmax>
      <ymax>853.88</ymax>
    </bndbox>
  </object>
  <object>
    <name>WHITE</name>
    <occluded>0</occluded>
    <bndbox>
      <xmin>693.7</xmin>
      <ymin>734.01</ymin>
      <xmax>739.53</xmax>
      <ymax>769.0</ymax>
    </bndbox>
  </object>
  <object>
    <name>WHITE</name>
    <occluded>0</occluded>
    <bndbox>
      <xmin>751.09</xmin>
      <ymin>682.58</ymin>
      <xmax>792.42</xmax>
      <ymax>720.8</ymax>
    </bndbox>
  </object>
  <object>
    <name>WHITE</name>
    <occluded>0</occluded>
    <bndbox>
      <xmin>804.75</xmin>
      <ymin>617.6</ymin>
      <xmax>845.77</xmax>
      <ymax>657.8</ymax>
    </bndbox>
  </object>
  <object>
    <name>BLACK</name>
    <occluded>0</occluded>
    <bndbox>
      <xmin>899.76</xmin>
      <ymin>501.89</ymin>
      <xmax>929.4</xmax>
      <ymax>550.5</ymax>
    </bndbox>
  </object>
  <object>
    <name>WHITE</name>
    <occluded>0</occluded>
    <bndbox>
      <xmin>574.91</xmin>
      <ymin>889.25</ymin>
      <xmax>613.7</xmax>
      <ymax>924.1</ymax>
    </bndbox>
  </object>
  <object>
    <name>WHITE</name>
    <occluded>0</occluded>
    <bndbox>
      <xmin>819.2</xmin>
      <ymin>687.3</ymin>
      <xmax>856.8</xmax>
      <ymax>726.6</ymax>
    </bndbox>
  </object>
  <object>
    <name>WHITE</name>
    <occluded>0</occluded>
    <bndbox>
      <xmin>766.1</xmin>
      <ymin>740.18</ymin>
      <xmax>809.53</xmax>
      <ymax>778.7</ymax>
    </bndbox>
  </object>
  <object>
    <name>WHITE</name>
    <occluded>0</occluded>
    <bndbox>
      <xmin>669.99</xmin>
      <ymin>657.27</ymin>
      <xmax>714.2</xmax>
      <ymax>700.1</ymax>
    </bndbox>
  </object>
  <object>
    <name>WHITE</name>
    <occluded>0</occluded>
    <bndbox>
      <xmin>601.14</xmin>
      <ymin>711.83</ymin>
      <xmax>643.42</xmax>
      <ymax>752.84</ymax>
    </bndbox>
  </object>
  <object>
    <name>WHITE</name>
    <occluded>0</occluded>
    <bndbox>
      <xmin>567.7</xmin>
      <ymin>759.2</ymin>
      <xmax>607.11</xmax>
      <ymax>794.96</ymax>
    </bndbox>
  </object>
  <object>
    <name>WHITE</name>
    <occluded>0</occluded>
    <bndbox>
      <xmin>533.8</xmin>
      <ymin>794.6</ymin>
      <xmax>568.75</xmax>
      <ymax>831.19</ymax>
    </bndbox>
  </object>
  <object>
    <name>WHITE</name>
    <occluded>0</occluded>
    <bndbox>
      <xmin>513.2</xmin>
      <ymin>828.6</ymin>
      <xmax>548.8</xmax>
      <ymax>860.5</ymax>
    </bndbox>
  </object>
  <object>
    <name>WHITE</name>
    <occluded>0</occluded>
    <bndbox>
      <xmin>806.6</xmin>
      <ymin>407.51</ymin>
      <xmax>848.6</xmax>
      <ymax>448.49</ymax>
    </bndbox>
  </object>
  <object>
    <name>WHITE</name>
    <occluded>0</occluded>
    <bndbox>
      <xmin>759.9</xmin>
      <ymin>454.0</ymin>
      <xmax>804.84</xmax>
      <ymax>497.61</ymax>
    </bndbox>
  </object>
  <object>
    <name>WHITE</name>
    <occluded>0</occluded>
    <bndbox>
      <xmin>549.98</xmin>
      <ymin>476.92</ymin>
      <xmax>591.1</xmax>
      <ymax>522.1</ymax>
    </bndbox>
  </object>
  <object>
    <name>WHITE</name>
    <occluded>0</occluded>
    <bndbox>
      <xmin>602.87</xmin>
      <ymin>418.11</ymin>
      <xmax>643.89</xmax>
      <ymax>461.3</ymax>
    </bndbox>
  </object>
  <object>
    <name>WHITE</name>
    <occluded>0</occluded>
    <bndbox>
      <xmin>649.25</xmin>
      <ymin>360.63</ymin>
      <xmax>694.1</xmax>
      <ymax>400.0</ymax>
    </bndbox>
  </object>
  <object>
    <name>WHITE</name>
    <occluded>0</occluded>
    <bndbox>
      <xmin>694.63</xmin>
      <ymin>324.76</ymin>
      <xmax>740.6</xmax>
      <ymax>361.2</ymax>
    </bndbox>
  </object>
  <object>
    <name>WHITE</name>
    <occluded>0</occluded>
    <bndbox>
      <xmin>741.3</xmin>
      <ymin>302.6</ymin>
      <xmax>781.67</xmax>
      <ymax>330.99</ymax>
    </bndbox>
  </object>
  <object>
    <name>WHITE</name>
    <occluded>0</occluded>
    <bndbox>
      <xmin>476.21</xmin>
      <ymin>655.94</ymin>
      <xmax>507.3</xmax>
      <ymax>696.7</ymax>
    </bndbox>
  </object>
  <object>
    <name>WHITE</name>
    <occluded>0</occluded>
    <bndbox>
      <xmin>512.23</xmin>
      <ymin>611.12</ymin>
      <xmax>547.3</xmax>
      <ymax>651.12</ymax>
    </bndbox>
  </object>
  <object>
    <name>WHITE</name>
    <occluded>0</occluded>
    <bndbox>
      <xmin>624.13</xmin>
      <ymin>492.88</ymin>
      <xmax>671.1</xmax>
      <ymax>538.2</ymax>
    </bndbox>
  </object>
  <object>
    <name>WHITE</name>
    <occluded>0</occluded>
    <bndbox>
      <xmin>681.3</xmin>
      <ymin>435.58</ymin>
      <xmax>727.4</xmax>
      <ymax>478.8</ymax>
    </bndbox>
  </object>
  <object>
    <name>WHITE</name>
    <occluded>0</occluded>
    <bndbox>
      <xmin>772.52</xmin>
      <ymin>349.92</ymin>
      <xmax>814.4</xmax>
      <ymax>384.5</ymax>
    </bndbox>
  </object>
  <object>
    <name>WHITE</name>
    <occluded>0</occluded>
    <bndbox>
      <xmin>507.89</xmin>
      <ymin>728.57</ymin>
      <xmax>540.4</xmax>
      <ymax>769.1</ymax>
    </bndbox>
  </object>
  <object>
    <name>WHITE</name>
    <occluded>0</occluded>
    <bndbox>
      <xmin>529.7</xmin>
      <ymin>685.5</ymin>
      <xmax>567.1</xmax>
      <ymax>725.4</ymax>
    </bndbox>
  </object>
  <object>
    <name>WHITE</name>
    <occluded>0</occluded>
    <bndbox>
      <xmin>581.5</xmin>
      <ymin>640.9</ymin>
      <xmax>622.75</xmax>
      <ymax>684.02</ymax>
    </bndbox>
  </object>
  <object>
    <name>WHITE</name>
    <occluded>0</occluded>
    <bndbox>
      <xmin>637.99</xmin>
      <ymin>579.23</ymin>
      <xmax>684.7</xmax>
      <ymax>624.4</ymax>
    </bndbox>
  </object>
  <object>
    <name>WHITE</name>
    <occluded>0</occluded>
    <bndbox>
      <xmin>663.0</xmin>
      <ymin>284.0</ymin>
      <xmax>704.7</xmax>
      <ymax>305.0</ymax>
    </bndbox>
  </object>
  <object>
    <name>WHITE</name>
    <occluded>0</occluded>
    <bndbox>
      <xmin>558.0</xmin>
      <ymin>555.0</ymin>
      <xmax>595.0</xmax>
      <ymax>596.0</ymax>
    </bndbox>
  </object>
  <object>
    <name>WHITE</name>
    <occluded>0</occluded>
    <bndbox>
      <xmin>732.0</xmin>
      <ymin>382.0</ymin>
      <xmax>772.0</xmax>
      <ymax>416.0</ymax>
    </bndbox>
  </object>
  <object>
    <name>WHITE</name>
    <occluded>0</occluded>
    <bndbox>
      <xmin>621.12</xmin>
      <ymin>876.0</ymin>
      <xmax>659.12</xmax>
      <ymax>900.0</ymax>
    </bndbox>
  </object>
  <object>
    <name>WHITE</name>
    <occluded>0</occluded>
    <bndbox>
      <xmin>630.33</xmin>
      <ymin>912.96</ymin>
      <xmax>667.33</xmax>
      <ymax>933.96</ymax>
    </bndbox>
  </object>
  <object>
    <name>WHITE</name>
    <occluded>0</occluded>
    <bndbox>
      <xmin>930.5</xmin>
      <ymin>482.0</ymin>
      <xmax>957.4</xmax>
      <ymax>524.1</ymax>
    </bndbox>
  </object>
  <object>
    <name>WHITE</name>
    <occluded>0</occluded>
    <bndbox>
      <xmin>916.04</xmin>
      <ymin>413.64</ymin>
      <xmax>944.5</xmax>
      <ymax>450.2</ymax>
    </bndbox>
  </object>
  <object>
    <name>WHITE</name>
    <occluded>0</occluded>
    <bndbox>
      <xmin>783.84</xmin>
      <ymin>795.07</ymin>
      <xmax>822.1</xmax>
      <ymax>830.3</ymax>
    </bndbox>
  </object>
  <object>
    <name>WHITE</name>
    <occluded>0</occluded>
    <bndbox>
      <xmin>832.1</xmin>
      <ymin>740.56</ymin>
      <xmax>868.31</xmax>
      <ymax>779.7</ymax>
    </bndbox>
  </object>
  <object>
    <name>WHITE</name>
    <occluded>0</occluded>
    <bndbox>
      <xmin>960.92</xmin>
      <ymin>467.81</ymin>
      <xmax>982.0</xmax>
      <ymax>509.2</ymax>
    </bndbox>
  </object>
</annotation>
