<annotation>
  <folder>DD</folder>
  <filename>DD_camera10.png</filename>
  <source>
    <database>Unknown</database>
    <annotation>Unknown</annotation>
    <image>Unknown</image>
  </source>
  <size>
    <width>1280</width>
    <height>960</height>
    <depth></depth>
  </size>
  <segmented>0</segmented>
  <object>
    <name>WHITE</name>
    <occluded>0</occluded>
    <bndbox>
      <xmin>772.16</xmin>
      <ymin>138.96</ymin>
      <xmax>812.96</xmax>
      <ymax>166.29</ymax>
    </bndbox>
  </object>
  <object>
    <name>WHITE</name>
    <occluded>0</occluded>
    <bndbox>
      <xmin>941.12</xmin>
      <ymin>376.95</ymin>
      <xmax>978.8</xmax>
      <ymax>423.73</ymax>
    </bndbox>
  </object>
  <object>
    <name>WHITE</name>
    <occluded>0</occluded>
    <bndbox>
      <xmin>922.92</xmin>
      <ymin>436.94</ymin>
      <xmax>961.65</xmax>
      <ymax>484.76</ymax>
    </bndbox>
  </object>
  <object>
    <name>WHITE</name>
    <occluded>0</occluded>
    <bndbox>
      <xmin>368.13</xmin>
      <ymin>540.52</ymin>
      <xmax>416.47</xmax>
      <ymax>586.68</ymax>
    </bndbox>
  </object>
  <object>
    <name>WHITE</name>
    <occluded>0</occluded>
    <bndbox>
      <xmin>326.65</xmin>
      <ymin>579.81</ymin>
      <xmax>357.84</xmax>
      <ymax>629.41</ymax>
    </bndbox>
  </object>
  <object>
    <name>WHITE</name>
    <occluded>0</occluded>
    <bndbox>
      <xmin>385.86</xmin>
      <ymin>844.25</ymin>
      <xmax>421.21</xmax>
      <ymax>889.47</ymax>
    </bndbox>
  </object>
  <object>
    <name>WHITE</name>
    <occluded>0</occluded>
    <bndbox>
      <xmin>378.33</xmin>
      <ymin>786.03</ymin>
      <xmax>422.25</xmax>
      <ymax>839.83</ymax>
    </bndbox>
  </object>
  <object>
    <name>WHITE</name>
    <occluded>0</occluded>
    <bndbox>
      <xmin>389.71</xmin>
      <ymin>261.57</ymin>
      <xmax>422.46</xmax>
      <ymax>300.56</ymax>
    </bndbox>
  </object>
  <object>
    <name>WHITE</name>
    <occluded>0</occluded>
    <bndbox>
      <xmin>307.42</xmin>
      <ymin>655.86</ymin>
      <xmax>330.06</xmax>
      <ymax>707.06</ymax>
    </bndbox>
  </object>
  <object>
    <name>WHITE</name>
    <occluded>0</occluded>
    <bndbox>
      <xmin>324.15</xmin>
      <ymin>490.03</ymin>
      <xmax>348.86</xmax>
      <ymax>538.69</ymax>
    </bndbox>
  </object>
  <object>
    <name>WHITE</name>
    <occluded>0</occluded>
    <bndbox>
      <xmin>337.25</xmin>
      <ymin>408.07</ymin>
      <xmax>363.83</xmax>
      <ymax>455.97</ymax>
    </bndbox>
  </object>
  <object>
    <name>WHITE</name>
    <occluded>0</occluded>
    <bndbox>
      <xmin>360.83</xmin>
      <ymin>332.09</ymin>
      <xmax>391.15</xmax>
      <ymax>374.01</ymax>
    </bndbox>
  </object>
  <object>
    <name>WHITE</name>
    <occluded>0</occluded>
    <bndbox>
      <xmin>390.4</xmin>
      <ymin>371.39</ymin>
      <xmax>428.58</xmax>
      <ymax>421.17</ymax>
    </bndbox>
  </object>
  <object>
    <name>WHITE</name>
    <occluded>0</occluded>
    <bndbox>
      <xmin>372.81</xmin>
      <ymin>459.34</ymin>
      <xmax>406.87</xmax>
      <ymax>506.88</ymax>
    </bndbox>
  </object>
  <object>
    <name>WHITE</name>
    <occluded>0</occluded>
    <bndbox>
      <xmin>521.6</xmin>
      <ymin>181.74</ymin>
      <xmax>565.24</xmax>
      <ymax>221.4</ymax>
    </bndbox>
  </object>
  <object>
    <name>WHITE</name>
    <occluded>0</occluded>
    <bndbox>
      <xmin>918.5</xmin>
      <ymin>565.0</ymin>
      <xmax>961.4</xmax>
      <ymax>613.0</ymax>
    </bndbox>
  </object>
  <object>
    <name>WHITE</name>
    <occluded>0</occluded>
    <bndbox>
      <xmin>541.95</xmin>
      <ymin>614.51</ymin>
      <xmax>597.9</xmax>
      <ymax>670.4</ymax>
    </bndbox>
  </object>
  <object>
    <name>WHITE</name>
    <occluded>0</occluded>
    <bndbox>
      <xmin>651.5</xmin>
      <ymin>320.5</ymin>
      <xmax>704.1</xmax>
      <ymax>361.5</ymax>
    </bndbox>
  </object>
  <object>
    <name>WHITE</name>
    <occluded>0</occluded>
    <bndbox>
      <xmin>665.3</xmin>
      <ymin>256.5</ymin>
      <xmax>713.5</xmax>
      <ymax>299.5</ymax>
    </bndbox>
  </object>
  <object>
    <name>WHITE</name>
    <occluded>0</occluded>
    <bndbox>
      <xmin>684.31</xmin>
      <ymin>187.41</ymin>
      <xmax>733.4</xmax>
      <ymax>217.5</ymax>
    </bndbox>
  </object>
  <object>
    <name>WHITE</name>
    <occluded>0</occluded>
    <bndbox>
      <xmin>697.6</xmin>
      <ymin>134.7</ymin>
      <xmax>742.14</xmax>
      <ymax>161.88</ymax>
    </bndbox>
  </object>
  <object>
    <name>WHITE</name>
    <occluded>0</occluded>
    <bndbox>
      <xmin>652.5</xmin>
      <ymin>554.2</ymin>
      <xmax>706.98</xmax>
      <ymax>605.79</ymax>
    </bndbox>
  </object>
  <object>
    <name>WHITE</name>
    <occluded>0</occluded>
    <bndbox>
      <xmin>704.76</xmin>
      <ymin>449.62</ymin>
      <xmax>756.9</xmax>
      <ymax>499.6</ymax>
    </bndbox>
  </object>
  <object>
    <name>WHITE</name>
    <occluded>0</occluded>
    <bndbox>
      <xmin>715.4</xmin>
      <ymin>378.3</ymin>
      <xmax>766.5</xmax>
      <ymax>426.0</ymax>
    </bndbox>
  </object>
  <object>
    <name>WHITE</name>
    <occluded>0</occluded>
    <bndbox>
      <xmin>740.1</xmin>
      <ymin>307.6</ymin>
      <xmax>787.0</xmax>
      <ymax>347.2</ymax>
    </bndbox>
  </object>
  <object>
    <name>WHITE</name>
    <occluded>0</occluded>
    <bndbox>
      <xmin>755.4</xmin>
      <ymin>235.8</ymin>
      <xmax>801.18</xmax>
      <ymax>272.16</ymax>
    </bndbox>
  </object>
  <object>
    <name>WHITE</name>
    <occluded>0</occluded>
    <bndbox>
      <xmin>772.6</xmin>
      <ymin>175.7</ymin>
      <xmax>818.1</xmax>
      <ymax>206.45</ymax>
    </bndbox>
  </object>
  <object>
    <name>WHITE</name>
    <occluded>0</occluded>
    <bndbox>
      <xmin>712.13</xmin>
      <ymin>608.13</ymin>
      <xmax>765.9</xmax>
      <ymax>663.7</ymax>
    </bndbox>
  </object>
  <object>
    <name>WHITE</name>
    <occluded>0</occluded>
    <bndbox>
      <xmin>728.36</xmin>
      <ymin>525.0</ymin>
      <xmax>783.5</xmax>
      <ymax>579.6</ymax>
    </bndbox>
  </object>
  <object>
    <name>WHITE</name>
    <occluded>0</occluded>
    <bndbox>
      <xmin>779.0</xmin>
      <ymin>430.7</ymin>
      <xmax>832.6</xmax>
      <ymax>482.0</ymax>
    </bndbox>
  </object>
  <object>
    <name>WHITE</name>
    <occluded>0</occluded>
    <bndbox>
      <xmin>792.2</xmin>
      <ymin>360.31</ymin>
      <xmax>836.8</xmax>
      <ymax>407.69</ymax>
    </bndbox>
  </object>
  <object>
    <name>WHITE</name>
    <occluded>0</occluded>
    <bndbox>
      <xmin>821.4</xmin>
      <ymin>293.8</ymin>
      <xmax>867.43</xmax>
      <ymax>332.48</ymax>
    </bndbox>
  </object>
  <object>
    <name>WHITE</name>
    <occluded>0</occluded>
    <bndbox>
      <xmin>838.9</xmin>
      <ymin>229.72</ymin>
      <xmax>879.9</xmax>
      <ymax>267.6</ymax>
    </bndbox>
  </object>
  <object>
    <name>WHITE</name>
    <occluded>0</occluded>
    <bndbox>
      <xmin>843.7</xmin>
      <ymin>185.9</ymin>
      <xmax>880.3</xmax>
      <ymax>220.62</ymax>
    </bndbox>
  </object>
  <object>
    <name>BLACK</name>
    <occluded>0</occluded>
    <bndbox>
      <xmin>790.2</xmin>
      <ymin>582.05</ymin>
      <xmax>847.7</xmax>
      <ymax>636.0</ymax>
    </bndbox>
  </object>
  <object>
    <name>WHITE</name>
    <occluded>0</occluded>
    <bndbox>
      <xmin>814.24</xmin>
      <ymin>504.78</ymin>
      <xmax>864.7</xmax>
      <ymax>556.8</ymax>
    </bndbox>
  </object>
  <object>
    <name>WHITE</name>
    <occluded>0</occluded>
    <bndbox>
      <xmin>856.21</xmin>
      <ymin>421.8</ymin>
      <xmax>900.8</xmax>
      <ymax>471.8</ymax>
    </bndbox>
  </object>
  <object>
    <name>BLACK</name>
    <occluded>0</occluded>
    <bndbox>
      <xmin>873.19</xmin>
      <ymin>359.79</ymin>
      <xmax>917.7</xmax>
      <ymax>407.2</ymax>
    </bndbox>
  </object>
  <object>
    <name>WHITE</name>
    <occluded>0</occluded>
    <bndbox>
      <xmin>900.8</xmin>
      <ymin>297.8</ymin>
      <xmax>938.1</xmax>
      <ymax>339.13</ymax>
    </bndbox>
  </object>
  <object>
    <name>WHITE</name>
    <occluded>0</occluded>
    <bndbox>
      <xmin>911.5</xmin>
      <ymin>248.5</ymin>
      <xmax>943.47</xmax>
      <ymax>289.03</ymax>
    </bndbox>
  </object>
  <object>
    <name>WHITE</name>
    <occluded>0</occluded>
    <bndbox>
      <xmin>869.82</xmin>
      <ymin>574.92</ymin>
      <xmax>912.3</xmax>
      <ymax>624.56</ymax>
    </bndbox>
  </object>
  <object>
    <name>WHITE</name>
    <occluded>0</occluded>
    <bndbox>
      <xmin>333.91</xmin>
      <ymin>737.97</ymin>
      <xmax>361.8</xmax>
      <ymax>788.5</ymax>
    </bndbox>
  </object>
  <object>
    <name>BLACK</name>
    <occluded>0</occluded>
    <bndbox>
      <xmin>458.61</xmin>
      <ymin>840.27</ymin>
      <xmax>511.6</xmax>
      <ymax>892.8</ymax>
    </bndbox>
  </object>
  <object>
    <name>WHITE</name>
    <occluded>0</occluded>
    <bndbox>
      <xmin>357.83</xmin>
      <ymin>677.47</ymin>
      <xmax>399.1</xmax>
      <ymax>728.7</ymax>
    </bndbox>
  </object>
  <object>
    <name>WHITE</name>
    <occluded>0</occluded>
    <bndbox>
      <xmin>419.26</xmin>
      <ymin>732.92</ymin>
      <xmax>470.5</xmax>
      <ymax>787.4</ymax>
    </bndbox>
  </object>
  <object>
    <name>WHITE</name>
    <occluded>0</occluded>
    <bndbox>
      <xmin>490.15</xmin>
      <ymin>786.2</ymin>
      <xmax>542.6</xmax>
      <ymax>837.0</ymax>
    </bndbox>
  </object>
  <object>
    <name>WHITE</name>
    <occluded>0</occluded>
    <bndbox>
      <xmin>407.5</xmin>
      <ymin>617.0</ymin>
      <xmax>453.4</xmax>
      <ymax>667.6</ymax>
    </bndbox>
  </object>
  <object>
    <name>WHITE</name>
    <occluded>0</occluded>
    <bndbox>
      <xmin>471.44</xmin>
      <ymin>681.5</ymin>
      <xmax>522.9</xmax>
      <ymax>736.5</ymax>
    </bndbox>
  </object>
  <object>
    <name>WHITE</name>
    <occluded>0</occluded>
    <bndbox>
      <xmin>895.57</xmin>
      <ymin>503.77</ymin>
      <xmax>932.43</xmax>
      <ymax>552.23</ymax>
    </bndbox>
  </object>
  <object>
    <name>WHITE</name>
    <occluded>0</occluded>
    <bndbox>
      <xmin>625.92</xmin>
      <ymin>654.75</ymin>
      <xmax>674.08</xmax>
      <ymax>703.25</ymax>
    </bndbox>
  </object>
  <object>
    <name>WHITE</name>
    <occluded>0</occluded>
    <bndbox>
      <xmin>609.5</xmin>
      <ymin>155.5</ymin>
      <xmax>652.5</xmax>
      <ymax>180.5</ymax>
    </bndbox>
  </object>
  <object>
    <name>WHITE</name>
    <occluded>0</occluded>
    <bndbox>
      <xmin>580.5</xmin>
      <ymin>219.5</ymin>
      <xmax>625.5</xmax>
      <ymax>254.5</ymax>
    </bndbox>
  </object>
  <object>
    <name>WHITE</name>
    <occluded>0</occluded>
    <bndbox>
      <xmin>559.4</xmin>
      <ymin>708.14</ymin>
      <xmax>612.72</xmax>
      <ymax>762.1</ymax>
    </bndbox>
  </object>
  <object>
    <name>WHITE</name>
    <occluded>0</occluded>
    <bndbox>
      <xmin>421.1</xmin>
      <ymin>295.5</ymin>
      <xmax>457.62</xmax>
      <ymax>339.2</ymax>
    </bndbox>
  </object>
  <object>
    <name>WHITE</name>
    <occluded>0</occluded>
    <bndbox>
      <xmin>444.4</xmin>
      <ymin>224.89</ymin>
      <xmax>482.3</xmax>
      <ymax>261.5</ymax>
    </bndbox>
  </object>
  <object>
    <name>WHITE</name>
    <occluded>0</occluded>
    <bndbox>
      <xmin>555.9</xmin>
      <ymin>140.78</ymin>
      <xmax>600.65</xmax>
      <ymax>168.8</ymax>
    </bndbox>
  </object>
  <object>
    <name>BLACK</name>
    <occluded>0</occluded>
    <bndbox>
      <xmin>420.87</xmin>
      <ymin>509.42</ymin>
      <xmax>460.75</xmax>
      <ymax>561.4</ymax>
    </bndbox>
  </object>
  <object>
    <name>WHITE</name>
    <occluded>0</occluded>
    <bndbox>
      <xmin>435.1</xmin>
      <ymin>424.38</ymin>
      <xmax>474.87</xmax>
      <ymax>471.7</ymax>
    </bndbox>
  </object>
  <object>
    <name>WHITE</name>
    <occluded>0</occluded>
    <bndbox>
      <xmin>461.0</xmin>
      <ymin>345.07</ymin>
      <xmax>504.51</xmax>
      <ymax>387.8</ymax>
    </bndbox>
  </object>
  <object>
    <name>WHITE</name>
    <occluded>0</occluded>
    <bndbox>
      <xmin>492.1</xmin>
      <ymin>259.89</ymin>
      <xmax>534.35</xmax>
      <ymax>303.2</ymax>
    </bndbox>
  </object>
  <object>
    <name>WHITE</name>
    <occluded>0</occluded>
    <bndbox>
      <xmin>473.76</xmin>
      <ymin>566.12</ymin>
      <xmax>521.6</xmax>
      <ymax>617.8</ymax>
    </bndbox>
  </object>
  <object>
    <name>WHITE</name>
    <occluded>0</occluded>
    <bndbox>
      <xmin>570.38</xmin>
      <ymin>290.38</ymin>
      <xmax>619.5</xmax>
      <ymax>334.58</ymax>
    </bndbox>
  </object>
</annotation>
