<annotation>
  <folder>DD</folder>
  <filename>DD_camera9.png</filename>
  <source>
    <database>Unknown</database>
    <annotation>Unknown</annotation>
    <image>Unknown</image>
  </source>
  <size>
    <width>960</width>
    <height>1280</height>
    <depth></depth>
  </size>
  <segmented>0</segmented>
  <object>
    <name>WHITE</name>
    <occluded>0</occluded>
    <bndbox>
      <xmin>444.75</xmin>
      <ymin>449.9</ymin>
      <xmax>485.75</xmax>
      <ymax>484.64</ymax>
    </bndbox>
  </object>
  <object>
    <name>WHITE</name>
    <occluded>0</occluded>
    <bndbox>
      <xmin>417.53</xmin>
      <ymin>706.09</ymin>
      <xmax>460.46</xmax>
      <ymax>749.92</ymax>
    </bndbox>
  </object>
  <object>
    <name>WHITE</name>
    <occluded>0</occluded>
    <bndbox>
      <xmin>434.17</xmin>
      <ymin>572.23</ymin>
      <xmax>477.17</xmax>
      <ymax>612.23</ymax>
    </bndbox>
  </object>
  <object>
    <name>WHITE</name>
    <occluded>0</occluded>
    <bndbox>
      <xmin>343.75</xmin>
      <ymin>704.28</ymin>
      <xmax>385.75</xmax>
      <ymax>747.28</ymax>
    </bndbox>
  </object>
  <object>
    <name>WHITE</name>
    <occluded>0</occluded>
    <bndbox>
      <xmin>353.79</xmin>
      <ymin>569.95</ymin>
      <xmax>394.79</xmax>
      <ymax>607.95</ymax>
    </bndbox>
  </object>
  <object>
    <name>WHITE</name>
    <occluded>0</occluded>
    <bndbox>
      <xmin>282.05</xmin>
      <ymin>586.26</ymin>
      <xmax>322.85</xmax>
      <ymax>621.04</ymax>
    </bndbox>
  </object>
  <object>
    <name>WHITE</name>
    <occluded>0</occluded>
    <bndbox>
      <xmin>459.9</xmin>
      <ymin>642.9</ymin>
      <xmax>504.08</xmax>
      <ymax>686.29</ymax>
    </bndbox>
  </object>
  <object>
    <name>WHITE</name>
    <occluded>0</occluded>
    <bndbox>
      <xmin>220.06</xmin>
      <ymin>731.37</ymin>
      <xmax>258.18</xmax>
      <ymax>777.11</ymax>
    </bndbox>
  </object>
  <object>
    <name>WHITE</name>
    <occluded>0</occluded>
    <bndbox>
      <xmin>391.7</xmin>
      <ymin>503.2</ymin>
      <xmax>434.75</xmax>
      <ymax>541.02</ymax>
    </bndbox>
  </object>
  <object>
    <name>WHITE</name>
    <occluded>0</occluded>
    <bndbox>
      <xmin>553.3</xmin>
      <ymin>529.54</ymin>
      <xmax>593.9</xmax>
      <ymax>570.69</ymax>
    </bndbox>
  </object>
  <object>
    <name>WHITE</name>
    <occluded>0</occluded>
    <bndbox>
      <xmin>490.6</xmin>
      <ymin>786.77</ymin>
      <xmax>531.6</xmax>
      <ymax>830.77</ymax>
    </bndbox>
  </object>
  <object>
    <name>WHITE</name>
    <occluded>0</occluded>
    <bndbox>
      <xmin>537.91</xmin>
      <ymin>660.34</ymin>
      <xmax>580.5</xmax>
      <ymax>701.73</ymax>
    </bndbox>
  </object>
  <object>
    <name>WHITE</name>
    <occluded>0</occluded>
    <bndbox>
      <xmin>487.57</xmin>
      <ymin>719.26</ymin>
      <xmax>530.57</xmax>
      <ymax>762.26</ymax>
    </bndbox>
  </object>
  <object>
    <name>WHITE</name>
    <occluded>0</occluded>
    <bndbox>
      <xmin>421.3</xmin>
      <ymin>769.6</ymin>
      <xmax>465.3</xmax>
      <ymax>813.6</ymax>
    </bndbox>
  </object>
  <object>
    <name>WHITE</name>
    <occluded>0</occluded>
    <bndbox>
      <xmin>515.32</xmin>
      <ymin>587.79</ymin>
      <xmax>554.92</xmax>
      <ymax>630.21</ymax>
    </bndbox>
  </object>
  <object>
    <name>WHITE</name>
    <occluded>0</occluded>
    <bndbox>
      <xmin>707.28</xmin>
      <ymin>660.81</ymin>
      <xmax>723.57</xmax>
      <ymax>700.66</ymax>
    </bndbox>
  </object>
  <object>
    <name>WHITE</name>
    <occluded>0</occluded>
    <bndbox>
      <xmin>649.3</xmin>
      <ymin>653.36</ymin>
      <xmax>672.82</xmax>
      <ymax>694.11</ymax>
    </bndbox>
  </object>
  <object>
    <name>WHITE</name>
    <occluded>0</occluded>
    <bndbox>
      <xmin>212.03</xmin>
      <ymin>802.22</ymin>
      <xmax>247.24</xmax>
      <ymax>848.93</ymax>
    </bndbox>
  </object>
  <object>
    <name>WHITE</name>
    <occluded>0</occluded>
    <bndbox>
      <xmin>249.04</xmin>
      <ymin>526.42</ymin>
      <xmax>284.38</xmax>
      <ymax>565.58</ymax>
    </bndbox>
  </object>
  <object>
    <name>WHITE</name>
    <occluded>0</occluded>
    <bndbox>
      <xmin>288.9</xmin>
      <ymin>464.04</ymin>
      <xmax>330.13</xmax>
      <ymax>498.34</ymax>
    </bndbox>
  </object>
  <object>
    <name>WHITE</name>
    <occluded>0</occluded>
    <bndbox>
      <xmin>226.51</xmin>
      <ymin>493.84</ymin>
      <xmax>256.31</xmax>
      <ymax>529.19</ymax>
    </bndbox>
  </object>
  <object>
    <name>WHITE</name>
    <occluded>0</occluded>
    <bndbox>
      <xmin>407.02</xmin>
      <ymin>407.25</ymin>
      <xmax>451.2</xmax>
      <ymax>436.42</ymax>
    </bndbox>
  </object>
  <object>
    <name>WHITE</name>
    <occluded>0</occluded>
    <bndbox>
      <xmin>484.99</xmin>
      <ymin>409.56</ymin>
      <xmax>527.15</xmax>
      <ymax>439.59</ymax>
    </bndbox>
  </object>
  <object>
    <name>WHITE</name>
    <occluded>0</occluded>
    <bndbox>
      <xmin>461.31</xmin>
      <ymin>379.23</ymin>
      <xmax>503.76</xmax>
      <ymax>402.05</ymax>
    </bndbox>
  </object>
  <object>
    <name>BLACK</name>
    <occluded>0</occluded>
    <bndbox>
      <xmin>423.48</xmin>
      <ymin>363.35</ymin>
      <xmax>462.75</xmax>
      <ymax>380.68</ymax>
    </bndbox>
  </object>
  <object>
    <name>WHITE</name>
    <occluded>0</occluded>
    <bndbox>
      <xmin>372.94</xmin>
      <ymin>380.68</ymin>
      <xmax>414.24</xmax>
      <ymax>401.76</ymax>
    </bndbox>
  </object>
  <object>
    <name>WHITE</name>
    <occluded>0</occluded>
    <bndbox>
      <xmin>265.9</xmin>
      <ymin>432.51</ymin>
      <xmax>300.35</xmax>
      <ymax>463.79</ymax>
    </bndbox>
  </object>
  <object>
    <name>WHITE</name>
    <occluded>0</occluded>
    <bndbox>
      <xmin>199.61</xmin>
      <ymin>567.0</ymin>
      <xmax>228.69</xmax>
      <ymax>603.27</ymax>
    </bndbox>
  </object>
  <object>
    <name>BLACK</name>
    <occluded>0</occluded>
    <bndbox>
      <xmin>218.22</xmin>
      <ymin>606.93</ymin>
      <xmax>254.72</xmax>
      <ymax>651.6</ymax>
    </bndbox>
  </object>
  <object>
    <name>WHITE</name>
    <occluded>0</occluded>
    <bndbox>
      <xmin>548.24</xmin>
      <ymin>747.53</ymin>
      <xmax>590.11</xmax>
      <ymax>783.92</ymax>
    </bndbox>
  </object>
  <object>
    <name>WHITE</name>
    <occluded>0</occluded>
    <bndbox>
      <xmin>549.39</xmin>
      <ymin>810.49</ymin>
      <xmax>587.51</xmax>
      <ymax>858.14</ymax>
    </bndbox>
  </object>
  <object>
    <name>BLACK</name>
    <occluded>0</occluded>
    <bndbox>
      <xmin>596.18</xmin>
      <ymin>833.88</ymin>
      <xmax>629.39</xmax>
      <ymax>880.09</ymax>
    </bndbox>
  </object>
  <object>
    <name>WHITE</name>
    <occluded>0</occluded>
    <bndbox>
      <xmin>644.69</xmin>
      <ymin>807.02</ymin>
      <xmax>667.8</xmax>
      <ymax>850.63</ymax>
    </bndbox>
  </object>
  <object>
    <name>WHITE</name>
    <occluded>0</occluded>
    <bndbox>
      <xmin>632.56</xmin>
      <ymin>875.76</ymin>
      <xmax>659.13</xmax>
      <ymax>921.38</ymax>
    </bndbox>
  </object>
  <object>
    <name>WHITE</name>
    <occluded>0</occluded>
    <bndbox>
      <xmin>662.82</xmin>
      <ymin>548.63</ymin>
      <xmax>687.42</xmax>
      <ymax>590.21</ymax>
    </bndbox>
  </object>
  <object>
    <name>WHITE</name>
    <occluded>0</occluded>
    <bndbox>
      <xmin>674.95</xmin>
      <ymin>623.48</ymin>
      <xmax>698.17</xmax>
      <ymax>663.68</ymax>
    </bndbox>
  </object>
  <object>
    <name>WHITE</name>
    <occluded>0</occluded>
    <bndbox>
      <xmin>633.57</xmin>
      <ymin>472.98</ymin>
      <xmax>663.72</xmax>
      <ymax>508.67</ymax>
    </bndbox>
  </object>
  <object>
    <name>WHITE</name>
    <occluded>0</occluded>
    <bndbox>
      <xmin>686.49</xmin>
      <ymin>700.31</ymin>
      <xmax>705.2</xmax>
      <ymax>738.09</ymax>
    </bndbox>
  </object>
  <object>
    <name>WHITE</name>
    <occluded>0</occluded>
    <bndbox>
      <xmin>676.44</xmin>
      <ymin>759.23</ymin>
      <xmax>700.35</xmax>
      <ymax>801.16</ymax>
    </bndbox>
  </object>
  <object>
    <name>WHITE</name>
    <occluded>0</occluded>
    <bndbox>
      <xmin>158.69</xmin>
      <ymin>742.8</ymin>
      <xmax>180.87</xmax>
      <ymax>786.5</ymax>
    </bndbox>
  </object>
  <object>
    <name>WHITE</name>
    <occluded>0</occluded>
    <bndbox>
      <xmin>192.42</xmin>
      <ymin>759.98</ymin>
      <xmax>213.21</xmax>
      <ymax>806.76</ymax>
    </bndbox>
  </object>
  <object>
    <name>WHITE</name>
    <occluded>0</occluded>
    <bndbox>
      <xmin>202.52</xmin>
      <ymin>675.94</ymin>
      <xmax>239.49</xmax>
      <ymax>718.39</ymax>
    </bndbox>
  </object>
  <object>
    <name>WHITE</name>
    <occluded>0</occluded>
    <bndbox>
      <xmin>293.82</xmin>
      <ymin>759.68</ymin>
      <xmax>337.3</xmax>
      <ymax>795.4</ymax>
    </bndbox>
  </object>
  <object>
    <name>WHITE</name>
    <occluded>0</occluded>
    <bndbox>
      <xmin>569.5</xmin>
      <ymin>437.0</ymin>
      <xmax>605.45</xmax>
      <ymax>470.78</ymax>
    </bndbox>
  </object>
  <object>
    <name>WHITE</name>
    <occluded>0</occluded>
    <bndbox>
      <xmin>382.92</xmin>
      <ymin>637.57</ymin>
      <xmax>429.6</xmax>
      <ymax>682.2</ymax>
    </bndbox>
  </object>
  <object>
    <name>WHITE</name>
    <occluded>0</occluded>
    <bndbox>
      <xmin>471.6</xmin>
      <ymin>510.07</ymin>
      <xmax>512.9</xmax>
      <ymax>552.09</ymax>
    </bndbox>
  </object>
  <object>
    <name>WHITE</name>
    <occluded>0</occluded>
    <bndbox>
      <xmin>528.98</xmin>
      <ymin>466.04</ymin>
      <xmax>568.0</xmax>
      <ymax>502.0</ymax>
    </bndbox>
  </object>
  <object>
    <name>WHITE</name>
    <occluded>0</occluded>
    <bndbox>
      <xmin>337.77</xmin>
      <ymin>411.2</ymin>
      <xmax>377.8</xmax>
      <ymax>434.83</ymax>
    </bndbox>
  </object>
  <object>
    <name>WHITE</name>
    <occluded>0</occluded>
    <bndbox>
      <xmin>244.3</xmin>
      <ymin>654.71</ymin>
      <xmax>285.78</xmax>
      <ymax>698.3</ymax>
    </bndbox>
  </object>
  <object>
    <name>WHITE</name>
    <occluded>0</occluded>
    <bndbox>
      <xmin>316.03</xmin>
      <ymin>510.54</ymin>
      <xmax>354.8</xmax>
      <ymax>546.9</ymax>
    </bndbox>
  </object>
  <object>
    <name>WHITE</name>
    <occluded>0</occluded>
    <bndbox>
      <xmin>363.32</xmin>
      <ymin>451.41</ymin>
      <xmax>403.3</xmax>
      <ymax>481.9</ymax>
    </bndbox>
  </object>
  <object>
    <name>WHITE</name>
    <occluded>0</occluded>
    <bndbox>
      <xmin>274.5</xmin>
      <ymin>712.0</ymin>
      <xmax>318.0</xmax>
      <ymax>755.0</ymax>
    </bndbox>
  </object>
  <object>
    <name>WHITE</name>
    <occluded>0</occluded>
    <bndbox>
      <xmin>308.29</xmin>
      <ymin>638.38</ymin>
      <xmax>350.4</xmax>
      <ymax>681.4</ymax>
    </bndbox>
  </object>
  <object>
    <name>WHITE</name>
    <occluded>0</occluded>
    <bndbox>
      <xmin>601.64</xmin>
      <ymin>687.7</ymin>
      <xmax>634.2</xmax>
      <ymax>729.7</ymax>
    </bndbox>
  </object>
  <object>
    <name>BLACK</name>
    <occluded>0</occluded>
    <bndbox>
      <xmin>583.52</xmin>
      <ymin>612.04</ymin>
      <xmax>624.5</xmax>
      <ymax>658.6</ymax>
    </bndbox>
  </object>
  <object>
    <name>WHITE</name>
    <occluded>0</occluded>
    <bndbox>
      <xmin>603.68</xmin>
      <ymin>500.69</ymin>
      <xmax>641.3</xmax>
      <ymax>540.0</ymax>
    </bndbox>
  </object>
  <object>
    <name>WHITE</name>
    <occluded>0</occluded>
    <bndbox>
      <xmin>607.4</xmin>
      <ymin>765.53</ymin>
      <xmax>640.8</xmax>
      <ymax>811.1</ymax>
    </bndbox>
  </object>
  <object>
    <name>WHITE</name>
    <occluded>0</occluded>
    <bndbox>
      <xmin>645.0</xmin>
      <ymin>721.8</ymin>
      <xmax>671.5</xmax>
      <ymax>764.0</ymax>
    </bndbox>
  </object>
</annotation>
