<annotation>
  <folder>DD</folder>
  <filename>DD_camera3.png</filename>
  <source>
    <database>Unknown</database>
    <annotation>Unknown</annotation>
    <image>Unknown</image>
  </source>
  <size>
    <width>1280</width>
    <height>960</height>
    <depth></depth>
  </size>
  <segmented>0</segmented>
  <object>
    <name>WHITE</name>
    <occluded>0</occluded>
    <bndbox>
      <xmin>749.05</xmin>
      <ymin>745.84</ymin>
      <xmax>794.59</xmax>
      <ymax>786.7</ymax>
    </bndbox>
  </object>
  <object>
    <name>WHITE</name>
    <occluded>0</occluded>
    <bndbox>
      <xmin>619.05</xmin>
      <ymin>917.43</ymin>
      <xmax>655.0</xmax>
      <ymax>945.37</ymax>
    </bndbox>
  </object>
  <object>
    <name>WHITE</name>
    <occluded>0</occluded>
    <bndbox>
      <xmin>796.74</xmin>
      <ymin>913.01</ymin>
      <xmax>839.78</xmax>
      <ymax>937.65</ymax>
    </bndbox>
  </object>
  <object>
    <name>WHITE</name>
    <occluded>0</occluded>
    <bndbox>
      <xmin>506.05</xmin>
      <ymin>679.46</ymin>
      <xmax>541.0</xmax>
      <ymax>718.8</ymax>
    </bndbox>
  </object>
  <object>
    <name>WHITE</name>
    <occluded>0</occluded>
    <bndbox>
      <xmin>743.54</xmin>
      <ymin>348.63</ymin>
      <xmax>787.6</xmax>
      <ymax>382.9</ymax>
    </bndbox>
  </object>
  <object>
    <name>WHITE</name>
    <occluded>0</occluded>
    <bndbox>
      <xmin>692.1</xmin>
      <ymin>396.1</ymin>
      <xmax>738.59</xmax>
      <ymax>439.05</ymax>
    </bndbox>
  </object>
  <object>
    <name>WHITE</name>
    <occluded>0</occluded>
    <bndbox>
      <xmin>657.1</xmin>
      <ymin>452.6</ymin>
      <xmax>701.0</xmax>
      <ymax>498.0</ymax>
    </bndbox>
  </object>
  <object>
    <name>WHITE</name>
    <occluded>0</occluded>
    <bndbox>
      <xmin>601.35</xmin>
      <ymin>515.35</ymin>
      <xmax>648.94</xmax>
      <ymax>564.2</ymax>
    </bndbox>
  </object>
  <object>
    <name>WHITE</name>
    <occluded>0</occluded>
    <bndbox>
      <xmin>549.83</xmin>
      <ymin>573.9</ymin>
      <xmax>591.4</xmax>
      <ymax>618.31</ymax>
    </bndbox>
  </object>
  <object>
    <name>WHITE</name>
    <occluded>0</occluded>
    <bndbox>
      <xmin>495.35</xmin>
      <ymin>602.38</ymin>
      <xmax>531.24</xmax>
      <ymax>645.47</ymax>
    </bndbox>
  </object>
  <object>
    <name>WHITE</name>
    <occluded>0</occluded>
    <bndbox>
      <xmin>488.7</xmin>
      <ymin>524.6</ymin>
      <xmax>523.74</xmax>
      <ymax>569.68</ymax>
    </bndbox>
  </object>
  <object>
    <name>WHITE</name>
    <occluded>0</occluded>
    <bndbox>
      <xmin>573.5</xmin>
      <ymin>437.6</ymin>
      <xmax>616.0</xmax>
      <ymax>483.0</ymax>
    </bndbox>
  </object>
  <object>
    <name>WHITE</name>
    <occluded>0</occluded>
    <bndbox>
      <xmin>502.8</xmin>
      <ymin>446.9</ymin>
      <xmax>541.06</xmax>
      <ymax>492.58</ymax>
    </bndbox>
  </object>
  <object>
    <name>WHITE</name>
    <occluded>0</occluded>
    <bndbox>
      <xmin>618.0</xmin>
      <ymin>370.2</ymin>
      <xmax>663.4</xmax>
      <ymax>410.0</ymax>
    </bndbox>
  </object>
  <object>
    <name>WHITE</name>
    <occluded>0</occluded>
    <bndbox>
      <xmin>537.0</xmin>
      <ymin>374.93</ymin>
      <xmax>575.2</xmax>
      <ymax>415.9</ymax>
    </bndbox>
  </object>
  <object>
    <name>WHITE</name>
    <occluded>0</occluded>
    <bndbox>
      <xmin>664.57</xmin>
      <ymin>326.13</ymin>
      <xmax>707.4</xmax>
      <ymax>356.8</ymax>
    </bndbox>
  </object>
  <object>
    <name>WHITE</name>
    <occluded>0</occluded>
    <bndbox>
      <xmin>711.7</xmin>
      <ymin>290.3</ymin>
      <xmax>755.42</xmax>
      <ymax>322.73</ymax>
    </bndbox>
  </object>
  <object>
    <name>WHITE</name>
    <occluded>0</occluded>
    <bndbox>
      <xmin>562.03</xmin>
      <ymin>659.36</ymin>
      <xmax>603.9</xmax>
      <ymax>693.3</ymax>
    </bndbox>
  </object>
  <object>
    <name>WHITE</name>
    <occluded>0</occluded>
    <bndbox>
      <xmin>444.64</xmin>
      <ymin>542.92</ymin>
      <xmax>470.21</xmax>
      <ymax>583.78</ymax>
    </bndbox>
  </object>
  <object>
    <name>WHITE</name>
    <occluded>0</occluded>
    <bndbox>
      <xmin>452.44</xmin>
      <ymin>463.38</ymin>
      <xmax>480.82</xmax>
      <ymax>507.05</ymax>
    </bndbox>
  </object>
  <object>
    <name>WHITE</name>
    <occluded>0</occluded>
    <bndbox>
      <xmin>476.76</xmin>
      <ymin>389.15</ymin>
      <xmax>510.14</xmax>
      <ymax>427.21</ymax>
    </bndbox>
  </object>
  <object>
    <name>WHITE</name>
    <occluded>0</occluded>
    <bndbox>
      <xmin>517.62</xmin>
      <ymin>320.85</ymin>
      <xmax>556.3</xmax>
      <ymax>353.29</ymax>
    </bndbox>
  </object>
  <object>
    <name>WHITE</name>
    <occluded>0</occluded>
    <bndbox>
      <xmin>576.26</xmin>
      <ymin>319.91</ymin>
      <xmax>618.05</xmax>
      <ymax>350.79</ymax>
    </bndbox>
  </object>
  <object>
    <name>WHITE</name>
    <occluded>0</occluded>
    <bndbox>
      <xmin>628.35</xmin>
      <ymin>277.81</ymin>
      <xmax>670.76</xmax>
      <ymax>304.94</ymax>
    </bndbox>
  </object>
  <object>
    <name>WHITE</name>
    <occluded>0</occluded>
    <bndbox>
      <xmin>697.27</xmin>
      <ymin>252.54</ymin>
      <xmax>736.57</xmax>
      <ymax>269.7</ymax>
    </bndbox>
  </object>
  <object>
    <name>WHITE</name>
    <occluded>0</occluded>
    <bndbox>
      <xmin>813.92</xmin>
      <ymin>279.05</ymin>
      <xmax>854.16</xmax>
      <ymax>304.94</ymax>
    </bndbox>
  </object>
  <object>
    <name>WHITE</name>
    <occluded>0</occluded>
    <bndbox>
      <xmin>868.19</xmin>
      <ymin>326.77</ymin>
      <xmax>910.3</xmax>
      <ymax>361.08</ymax>
    </bndbox>
  </object>
  <object>
    <name>BLACK</name>
    <occluded>0</occluded>
    <bndbox>
      <xmin>754.97</xmin>
      <ymin>268.76</ymin>
      <xmax>796.46</xmax>
      <ymax>295.58</ymax>
    </bndbox>
  </object>
  <object>
    <name>WHITE</name>
    <occluded>0</occluded>
    <bndbox>
      <xmin>789.56</xmin>
      <ymin>307.24</ymin>
      <xmax>831.33</xmax>
      <ymax>337.33</ymax>
    </bndbox>
  </object>
  <object>
    <name>WHITE</name>
    <occluded>0</occluded>
    <bndbox>
      <xmin>822.79</xmin>
      <ymin>353.5</ymin>
      <xmax>865.01</xmax>
      <ymax>389.88</ymax>
    </bndbox>
  </object>
  <object>
    <name>WHITE</name>
    <occluded>0</occluded>
    <bndbox>
      <xmin>907.68</xmin>
      <ymin>380.45</ymin>
      <xmax>947.65</xmax>
      <ymax>416.38</ymax>
    </bndbox>
  </object>
  <object>
    <name>WHITE</name>
    <occluded>0</occluded>
    <bndbox>
      <xmin>943.61</xmin>
      <ymin>442.43</ymin>
      <xmax>981.34</xmax>
      <ymax>484.2</ymax>
    </bndbox>
  </object>
  <object>
    <name>WHITE</name>
    <occluded>0</occluded>
    <bndbox>
      <xmin>996.16</xmin>
      <ymin>468.0</ymin>
      <xmax>1022.7</xmax>
      <ymax>509.35</ymax>
    </bndbox>
  </object>
  <object>
    <name>WHITE</name>
    <occluded>0</occluded>
    <bndbox>
      <xmin>998.57</xmin>
      <ymin>540.3</ymin>
      <xmax>1025.7</xmax>
      <ymax>585.83</ymax>
    </bndbox>
  </object>
  <object>
    <name>WHITE</name>
    <occluded>0</occluded>
    <bndbox>
      <xmin>985.78</xmin>
      <ymin>617.02</ymin>
      <xmax>1017.9</xmax>
      <ymax>660.07</ymax>
    </bndbox>
  </object>
  <object>
    <name>WHITE</name>
    <occluded>0</occluded>
    <bndbox>
      <xmin>836.07</xmin>
      <ymin>736.79</ymin>
      <xmax>878.8</xmax>
      <ymax>772.97</ymax>
    </bndbox>
  </object>
  <object>
    <name>WHITE</name>
    <occluded>0</occluded>
    <bndbox>
      <xmin>772.9</xmin>
      <ymin>620.11</ymin>
      <xmax>820.9</xmax>
      <ymax>662.11</ymax>
    </bndbox>
  </object>
  <object>
    <name>WHITE</name>
    <occluded>0</occluded>
    <bndbox>
      <xmin>772.8</xmin>
      <ymin>806.7</ymin>
      <xmax>819.03</xmax>
      <ymax>840.73</ymax>
    </bndbox>
  </object>
  <object>
    <name>WHITE</name>
    <occluded>0</occluded>
    <bndbox>
      <xmin>687.8</xmin>
      <ymin>857.7</ymin>
      <xmax>728.09</xmax>
      <ymax>889.74</ymax>
    </bndbox>
  </object>
  <object>
    <name>WHITE</name>
    <occluded>0</occluded>
    <bndbox>
      <xmin>455.24</xmin>
      <ymin>623.08</ymin>
      <xmax>481.75</xmax>
      <ymax>663.0</ymax>
    </bndbox>
  </object>
  <object>
    <name>WHITE</name>
    <occluded>0</occluded>
    <bndbox>
      <xmin>428.11</xmin>
      <ymin>640.54</ymin>
      <xmax>453.06</xmax>
      <ymax>679.84</ymax>
    </bndbox>
  </object>
  <object>
    <name>WHITE</name>
    <occluded>0</occluded>
    <bndbox>
      <xmin>462.42</xmin>
      <ymin>685.45</ymin>
      <xmax>491.7</xmax>
      <ymax>723.51</ymax>
    </bndbox>
  </object>
  <object>
    <name>WHITE</name>
    <occluded>0</occluded>
    <bndbox>
      <xmin>443.08</xmin>
      <ymin>708.85</ymin>
      <xmax>470.21</xmax>
      <ymax>744.4</ymax>
    </bndbox>
  </object>
  <object>
    <name>WHITE</name>
    <occluded>0</occluded>
    <bndbox>
      <xmin>970.36</xmin>
      <ymin>405.88</ymin>
      <xmax>1003.5</xmax>
      <ymax>441.61</ymax>
    </bndbox>
  </object>
  <object>
    <name>WHITE</name>
    <occluded>0</occluded>
    <bndbox>
      <xmin>433.19</xmin>
      <ymin>412.45</ymin>
      <xmax>453.47</xmax>
      <ymax>452.48</ymax>
    </bndbox>
  </object>
  <object>
    <name>WHITE</name>
    <occluded>0</occluded>
    <bndbox>
      <xmin>971.93</xmin>
      <ymin>722.48</ymin>
      <xmax>1000.94</xmax>
      <ymax>759.9</ymax>
    </bndbox>
  </object>
  <object>
    <name>WHITE</name>
    <occluded>0</occluded>
    <bndbox>
      <xmin>804.9</xmin>
      <ymin>465.61</ymin>
      <xmax>849.12</xmax>
      <ymax>510.7</ymax>
    </bndbox>
  </object>
  <object>
    <name>WHITE</name>
    <occluded>0</occluded>
    <bndbox>
      <xmin>854.64</xmin>
      <ymin>412.34</ymin>
      <xmax>897.15</xmax>
      <ymax>454.76</ymax>
    </bndbox>
  </object>
  <object>
    <name>WHITE</name>
    <occluded>0</occluded>
    <bndbox>
      <xmin>618.6</xmin>
      <ymin>784.8</ymin>
      <xmax>661.04</xmax>
      <ymax>819.38</ymax>
    </bndbox>
  </object>
  <object>
    <name>WHITE</name>
    <occluded>0</occluded>
    <bndbox>
      <xmin>665.4</xmin>
      <ymin>738.0</ymin>
      <xmax>707.97</xmax>
      <ymax>776.35</ymax>
    </bndbox>
  </object>
  <object>
    <name>WHITE</name>
    <occluded>0</occluded>
    <bndbox>
      <xmin>715.2</xmin>
      <ymin>684.73</ymin>
      <xmax>759.69</xmax>
      <ymax>725.2</ymax>
    </bndbox>
  </object>
  <object>
    <name>WHITE</name>
    <occluded>0</occluded>
    <bndbox>
      <xmin>696.73</xmin>
      <ymin>614.98</ymin>
      <xmax>743.7</xmax>
      <ymax>660.5</ymax>
    </bndbox>
  </object>
  <object>
    <name>WHITE</name>
    <occluded>0</occluded>
    <bndbox>
      <xmin>417.79</xmin>
      <ymin>483.75</ymin>
      <xmax>435.25</xmax>
      <ymax>526.17</ymax>
    </bndbox>
  </object>
  <object>
    <name>WHITE</name>
    <occluded>0</occluded>
    <bndbox>
      <xmin>878.36</xmin>
      <ymin>478.55</ymin>
      <xmax>921.0</xmax>
      <ymax>524.5</ymax>
    </bndbox>
  </object>
  <object>
    <name>WHITE</name>
    <occluded>0</occluded>
    <bndbox>
      <xmin>564.21</xmin>
      <ymin>863.22</ymin>
      <xmax>595.4</xmax>
      <ymax>900.62</ymax>
    </bndbox>
  </object>
  <object>
    <name>WHITE</name>
    <occluded>0</occluded>
    <bndbox>
      <xmin>595.1</xmin>
      <ymin>868.56</ymin>
      <xmax>630.9</xmax>
      <ymax>897.7</ymax>
    </bndbox>
  </object>
  <object>
    <name>WHITE</name>
    <occluded>0</occluded>
    <bndbox>
      <xmin>634.24</xmin>
      <ymin>242.03</ymin>
      <xmax>676.66</xmax>
      <ymax>260.43</ymax>
    </bndbox>
  </object>
  <object>
    <name>WHITE</name>
    <occluded>0</occluded>
    <bndbox>
      <xmin>756.79</xmin>
      <ymin>248.49</ymin>
      <xmax>798.27</xmax>
      <ymax>265.95</ymax>
    </bndbox>
  </object>
  <object>
    <name>WHITE</name>
    <occluded>0</occluded>
    <bndbox>
      <xmin>634.1</xmin>
      <ymin>680.4</ymin>
      <xmax>677.24</xmax>
      <ymax>716.79</ymax>
    </bndbox>
  </object>
  <object>
    <name>WHITE</name>
    <occluded>0</occluded>
    <bndbox>
      <xmin>587.4</xmin>
      <ymin>722.6</ymin>
      <xmax>632.02</xmax>
      <ymax>762.12</ymax>
    </bndbox>
  </object>
  <object>
    <name>WHITE</name>
    <occluded>0</occluded>
    <bndbox>
      <xmin>778.28</xmin>
      <ymin>406.77</ymin>
      <xmax>821.95</xmax>
      <ymax>446.15</ymax>
    </bndbox>
  </object>
  <object>
    <name>WHITE</name>
    <occluded>0</occluded>
    <bndbox>
      <xmin>726.65</xmin>
      <ymin>462.06</ymin>
      <xmax>775.4</xmax>
      <ymax>511.6</ymax>
    </bndbox>
  </object>
  <object>
    <name>BLACK</name>
    <occluded>0</occluded>
    <bndbox>
      <xmin>545.03</xmin>
      <ymin>512.03</ymin>
      <xmax>578.97</xmax>
      <ymax>545.97</ymax>
    </bndbox>
  </object>
  <object>
    <name>BLACK</name>
    <occluded>0</occluded>
    <bndbox>
      <xmin>633.9</xmin>
      <ymin>830.0</ymin>
      <xmax>669.13</xmax>
      <ymax>869.5</ymax>
    </bndbox>
  </object>
  <object>
    <name>WHITE</name>
    <occluded>0</occluded>
    <bndbox>
      <xmin>690.4</xmin>
      <ymin>796.5</ymin>
      <xmax>735.2</xmax>
      <ymax>834.69</ymax>
    </bndbox>
  </object>
  <object>
    <name>WHITE</name>
    <occluded>0</occluded>
    <bndbox>
      <xmin>794.18</xmin>
      <ymin>683.76</ymin>
      <xmax>839.3</xmax>
      <ymax>725.1</ymax>
    </bndbox>
  </object>
  <object>
    <name>WHITE</name>
    <occluded>0</occluded>
    <bndbox>
      <xmin>626.37</xmin>
      <ymin>602.11</ymin>
      <xmax>665.64</xmax>
      <ymax>644.82</ymax>
    </bndbox>
  </object>
  <object>
    <name>WHITE</name>
    <occluded>0</occluded>
    <bndbox>
      <xmin>675.2</xmin>
      <ymin>539.27</ymin>
      <xmax>717.74</xmax>
      <ymax>582.49</ymax>
    </bndbox>
  </object>
  <object>
    <name>WHITE</name>
    <occluded>0</occluded>
    <bndbox>
      <xmin>750.49</xmin>
      <ymin>546.75</ymin>
      <xmax>793.56</xmax>
      <ymax>589.99</ymax>
    </bndbox>
  </object>
  <object>
    <name>WHITE</name>
    <occluded>0</occluded>
    <bndbox>
      <xmin>827.75</xmin>
      <ymin>548.82</ymin>
      <xmax>867.75</xmax>
      <ymax>590.82</ymax>
    </bndbox>
  </object>
  <object>
    <name>WHITE</name>
    <occluded>0</occluded>
    <bndbox>
      <xmin>757.77</xmin>
      <ymin>967.89</ymin>
      <xmax>774.02</xmax>
      <ymax>1004.73</ymax>
    </bndbox>
  </object>
  <object>
    <name>WHITE</name>
    <occluded>0</occluded>
    <bndbox>
      <xmin>795.97</xmin>
      <ymin>982.21</ymin>
      <xmax>833.43</xmax>
      <ymax>1005.15</ymax>
    </bndbox>
  </object>
  <object>
    <name>BLACK</name>
    <occluded>0</occluded>
    <bndbox>
      <xmin>891.28</xmin>
      <ymin>548.1</ymin>
      <xmax>934.2</xmax>
      <ymax>597.2</ymax>
    </bndbox>
  </object>
  <object>
    <name>WHITE</name>
    <occluded>0</occluded>
    <bndbox>
      <xmin>749.6</xmin>
      <ymin>873.82</ymin>
      <xmax>794.05</xmax>
      <ymax>904.82</ymax>
    </bndbox>
  </object>
  <object>
    <name>WHITE</name>
    <occluded>0</occluded>
    <bndbox>
      <xmin>659.4</xmin>
      <ymin>907.9</ymin>
      <xmax>700.4</xmax>
      <ymax>928.9</ymax>
    </bndbox>
  </object>
  <object>
    <name>WHITE</name>
    <occluded>0</occluded>
    <bndbox>
      <xmin>854.57</xmin>
      <ymin>614.7</ymin>
      <xmax>897.51</xmax>
      <ymax>657.89</ymax>
    </bndbox>
  </object>
  <object>
    <name>WHITE</name>
    <occluded>0</occluded>
    <bndbox>
      <xmin>715.13</xmin>
      <ymin>922.65</ymin>
      <xmax>757.8</xmax>
      <ymax>957.9</ymax>
    </bndbox>
  </object>
  <object>
    <name>BLACK</name>
    <occluded>0</occluded>
    <bndbox>
      <xmin>855.1</xmin>
      <ymin>917.04</ymin>
      <xmax>889.45</xmax>
      <ymax>943.8</ymax>
    </bndbox>
  </object>
  <object>
    <name>WHITE</name>
    <occluded>0</occluded>
    <bndbox>
      <xmin>939.5</xmin>
      <ymin>698.04</ymin>
      <xmax>976.43</xmax>
      <ymax>741.1</ymax>
    </bndbox>
  </object>
  <object>
    <name>WHITE</name>
    <occluded>0</occluded>
    <bndbox>
      <xmin>873.11</xmin>
      <ymin>770.4</ymin>
      <xmax>914.1</xmax>
      <ymax>804.31</ymax>
    </bndbox>
  </object>
  <object>
    <name>WHITE</name>
    <occluded>0</occluded>
    <bndbox>
      <xmin>949.0</xmin>
      <ymin>507.93</ymin>
      <xmax>984.9</xmax>
      <ymax>551.5</ymax>
    </bndbox>
  </object>
  <object>
    <name>WHITE</name>
    <occluded>0</occluded>
    <bndbox>
      <xmin>937.12</xmin>
      <ymin>590.14</ymin>
      <xmax>974.5</xmax>
      <ymax>633.0</ymax>
    </bndbox>
  </object>
  <object>
    <name>WHITE</name>
    <occluded>0</occluded>
    <bndbox>
      <xmin>897.4</xmin>
      <ymin>664.87</ymin>
      <xmax>938.49</xmax>
      <ymax>706.6</ymax>
    </bndbox>
  </object>
</annotation>
