<annotation>
  <folder>DD</folder>
  <filename>DD_camera8.png</filename>
  <source>
    <database>Unknown</database>
    <annotation>Unknown</annotation>
    <image>Unknown</image>
  </source>
  <size>
    <width>1280</width>
    <height>960</height>
    <depth></depth>
  </size>
  <segmented>0</segmented>
  <object>
    <name>WHITE</name>
    <occluded>0</occluded>
    <bndbox>
      <xmin>804.1</xmin>
      <ymin>527.54</ymin>
      <xmax>840.9</xmax>
      <ymax>572.5</ymax>
    </bndbox>
  </object>
  <object>
    <name>WHITE</name>
    <occluded>0</occluded>
    <bndbox>
      <xmin>799.42</xmin>
      <ymin>603.96</ymin>
      <xmax>845.58</xmax>
      <ymax>653.86</ymax>
    </bndbox>
  </object>
  <object>
    <name>WHITE</name>
    <occluded>0</occluded>
    <bndbox>
      <xmin>686.2</xmin>
      <ymin>268.04</ymin>
      <xmax>728.0</xmax>
      <ymax>296.11</ymax>
    </bndbox>
  </object>
  <object>
    <name>WHITE</name>
    <occluded>0</occluded>
    <bndbox>
      <xmin>857.43</xmin>
      <ymin>631.09</ymin>
      <xmax>900.47</xmax>
      <ymax>679.43</ymax>
    </bndbox>
  </object>
  <object>
    <name>WHITE</name>
    <occluded>0</occluded>
    <bndbox>
      <xmin>899.14</xmin>
      <ymin>810.02</ymin>
      <xmax>928.28</xmax>
      <ymax>857.35</ymax>
    </bndbox>
  </object>
  <object>
    <name>WHITE</name>
    <occluded>0</occluded>
    <bndbox>
      <xmin>769.21</xmin>
      <ymin>685.28</ymin>
      <xmax>814.17</xmax>
      <ymax>733.89</ymax>
    </bndbox>
  </object>
  <object>
    <name>WHITE</name>
    <occluded>0</occluded>
    <bndbox>
      <xmin>823.79</xmin>
      <ymin>722.97</ymin>
      <xmax>867.72</xmax>
      <ymax>771.57</ymax>
    </bndbox>
  </object>
  <object>
    <name>WHITE</name>
    <occluded>0</occluded>
    <bndbox>
      <xmin>750.14</xmin>
      <ymin>291.12</ymin>
      <xmax>788.5</xmax>
      <ymax>321.69</ymax>
    </bndbox>
  </object>
  <object>
    <name>WHITE</name>
    <occluded>0</occluded>
    <bndbox>
      <xmin>829.51</xmin>
      <ymin>825.63</ymin>
      <xmax>867.71</xmax>
      <ymax>871.64</ymax>
    </bndbox>
  </object>
  <object>
    <name>WHITE</name>
    <occluded>0</occluded>
    <bndbox>
      <xmin>767.13</xmin>
      <ymin>787.43</ymin>
      <xmax>813.65</xmax>
      <ymax>837.33</ymax>
    </bndbox>
  </object>
  <object>
    <name>WHITE</name>
    <occluded>0</occluded>
    <bndbox>
      <xmin>854.0</xmin>
      <ymin>338.22</ymin>
      <xmax>885.81</xmax>
      <ymax>371.91</ymax>
    </bndbox>
  </object>
  <object>
    <name>WHITE</name>
    <occluded>0</occluded>
    <bndbox>
      <xmin>934.78</xmin>
      <ymin>546.57</ymin>
      <xmax>957.24</xmax>
      <ymax>590.86</ymax>
    </bndbox>
  </object>
  <object>
    <name>WHITE</name>
    <occluded>0</occluded>
    <bndbox>
      <xmin>871.78</xmin>
      <ymin>425.86</ymin>
      <xmax>905.47</xmax>
      <ymax>465.16</ymax>
    </bndbox>
  </object>
  <object>
    <name>WHITE</name>
    <occluded>0</occluded>
    <bndbox>
      <xmin>569.86</xmin>
      <ymin>274.33</ymin>
      <xmax>610.86</xmax>
      <ymax>301.33</ymax>
    </bndbox>
  </object>
  <object>
    <name>WHITE</name>
    <occluded>0</occluded>
    <bndbox>
      <xmin>509.09</xmin>
      <ymin>381.27</ymin>
      <xmax>553.09</xmax>
      <ymax>418.27</ymax>
    </bndbox>
  </object>
  <object>
    <name>WHITE</name>
    <occluded>0</occluded>
    <bndbox>
      <xmin>456.73</xmin>
      <ymin>727.75</ymin>
      <xmax>499.73</xmax>
      <ymax>774.75</ymax>
    </bndbox>
  </object>
  <object>
    <name>BLACK</name>
    <occluded>0</occluded>
    <bndbox>
      <xmin>938.53</xmin>
      <ymin>733.21</ymin>
      <xmax>957.55</xmax>
      <ymax>782.17</ymax>
    </bndbox>
  </object>
  <object>
    <name>WHITE</name>
    <occluded>0</occluded>
    <bndbox>
      <xmin>289.07</xmin>
      <ymin>502.31</ymin>
      <xmax>310.59</xmax>
      <ymax>546.6</ymax>
    </bndbox>
  </object>
  <object>
    <name>WHITE</name>
    <occluded>0</occluded>
    <bndbox>
      <xmin>287.16</xmin>
      <ymin>698.74</ymin>
      <xmax>315.23</xmax>
      <ymax>747.08</ymax>
    </bndbox>
  </object>
  <object>
    <name>WHITE</name>
    <occluded>0</occluded>
    <bndbox>
      <xmin>426.08</xmin>
      <ymin>255.57</ymin>
      <xmax>463.51</xmax>
      <ymax>283.64</ymax>
    </bndbox>
  </object>
  <object>
    <name>WHITE</name>
    <occluded>0</occluded>
    <bndbox>
      <xmin>364.01</xmin>
      <ymin>307.97</ymin>
      <xmax>398.63</xmax>
      <ymax>341.96</ymax>
    </bndbox>
  </object>
  <object>
    <name>WHITE</name>
    <occluded>0</occluded>
    <bndbox>
      <xmin>366.82</xmin>
      <ymin>355.38</ymin>
      <xmax>405.81</xmax>
      <ymax>396.86</ymax>
    </bndbox>
  </object>
  <object>
    <name>BLACK</name>
    <occluded>0</occluded>
    <bndbox>
      <xmin>623.82</xmin>
      <ymin>250.89</ymin>
      <xmax>668.11</xmax>
      <ymax>282.08</ymax>
    </bndbox>
  </object>
  <object>
    <name>WHITE</name>
    <occluded>0</occluded>
    <bndbox>
      <xmin>845.58</xmin>
      <ymin>366.92</ymin>
      <xmax>878.33</xmax>
      <ymax>402.78</ymax>
    </bndbox>
  </object>
  <object>
    <name>WHITE</name>
    <occluded>0</occluded>
    <bndbox>
      <xmin>873.34</xmin>
      <ymin>550.93</ymin>
      <xmax>904.22</xmax>
      <ymax>597.72</ymax>
    </bndbox>
  </object>
  <object>
    <name>WHITE</name>
    <occluded>0</occluded>
    <bndbox>
      <xmin>399.6</xmin>
      <ymin>485.74</ymin>
      <xmax>445.0</xmax>
      <ymax>531.9</ymax>
    </bndbox>
  </object>
  <object>
    <name>WHITE</name>
    <occluded>0</occluded>
    <bndbox>
      <xmin>478.8</xmin>
      <ymin>572.71</ymin>
      <xmax>525.88</xmax>
      <ymax>618.71</ymax>
    </bndbox>
  </object>
  <object>
    <name>WHITE</name>
    <occluded>0</occluded>
    <bndbox>
      <xmin>438.28</xmin>
      <ymin>647.39</ymin>
      <xmax>485.8</xmax>
      <ymax>695.0</ymax>
    </bndbox>
  </object>
  <object>
    <name>BLACK</name>
    <occluded>0</occluded>
    <bndbox>
      <xmin>380.4</xmin>
      <ymin>696.65</ymin>
      <xmax>425.4</xmax>
      <ymax>753.7</ymax>
    </bndbox>
  </object>
  <object>
    <name>WHITE</name>
    <occluded>0</occluded>
    <bndbox>
      <xmin>726.28</xmin>
      <ymin>323.0</ymin>
      <xmax>767.0</xmax>
      <ymax>359.4</ymax>
    </bndbox>
  </object>
  <object>
    <name>WHITE</name>
    <occluded>0</occluded>
    <bndbox>
      <xmin>730.94</xmin>
      <ymin>508.77</ymin>
      <xmax>772.9</xmax>
      <ymax>556.2</ymax>
    </bndbox>
  </object>
  <object>
    <name>WHITE</name>
    <occluded>0</occluded>
    <bndbox>
      <xmin>807.7</xmin>
      <ymin>316.4</ymin>
      <xmax>842.16</xmax>
      <ymax>344.18</ymax>
    </bndbox>
  </object>
  <object>
    <name>WHITE</name>
    <occluded>0</occluded>
    <bndbox>
      <xmin>790.51</xmin>
      <ymin>342.37</ymin>
      <xmax>826.6</xmax>
      <ymax>379.8</ymax>
    </bndbox>
  </object>
  <object>
    <name>WHITE</name>
    <occluded>0</occluded>
    <bndbox>
      <xmin>744.12</xmin>
      <ymin>384.08</ymin>
      <xmax>785.8</xmax>
      <ymax>428.1</ymax>
    </bndbox>
  </object>
  <object>
    <name>WHITE</name>
    <occluded>0</occluded>
    <bndbox>
      <xmin>774.82</xmin>
      <ymin>452.22</ymin>
      <xmax>817.1</xmax>
      <ymax>497.1</ymax>
    </bndbox>
  </object>
  <object>
    <name>WHITE</name>
    <occluded>0</occluded>
    <bndbox>
      <xmin>815.06</xmin>
      <ymin>403.44</ymin>
      <xmax>852.2</xmax>
      <ymax>446.0</ymax>
    </bndbox>
  </object>
  <object>
    <name>WHITE</name>
    <occluded>0</occluded>
    <bndbox>
      <xmin>342.59</xmin>
      <ymin>554.35</ymin>
      <xmax>383.7</xmax>
      <ymax>600.7</ymax>
    </bndbox>
  </object>
  <object>
    <name>WHITE</name>
    <occluded>0</occluded>
    <bndbox>
      <xmin>849.7</xmin>
      <ymin>477.5</ymin>
      <xmax>885.96</xmax>
      <ymax>518.27</ymax>
    </bndbox>
  </object>
  <object>
    <name>WHITE</name>
    <occluded>0</occluded>
    <bndbox>
      <xmin>699.7</xmin>
      <ymin>747.75</ymin>
      <xmax>748.5</xmax>
      <ymax>797.1</ymax>
    </bndbox>
  </object>
  <object>
    <name>WHITE</name>
    <occluded>0</occluded>
    <bndbox>
      <xmin>905.23</xmin>
      <ymin>692.53</ymin>
      <xmax>936.23</xmax>
      <ymax>741.2</ymax>
    </bndbox>
  </object>
  <object>
    <name>WHITE</name>
    <occluded>0</occluded>
    <bndbox>
      <xmin>885.0</xmin>
      <ymin>767.15</ymin>
      <xmax>914.6</xmax>
      <ymax>815.0</ymax>
    </bndbox>
  </object>
  <object>
    <name>BLACK</name>
    <occluded>0</occluded>
    <bndbox>
      <xmin>729.84</xmin>
      <ymin>879.89</ymin>
      <xmax>779.1</xmax>
      <ymax>927.6</ymax>
    </bndbox>
  </object>
  <object>
    <name>WHITE</name>
    <occluded>0</occluded>
    <bndbox>
      <xmin>909.5</xmin>
      <ymin>491.53</ymin>
      <xmax>932.5</xmax>
      <ymax>534.3</ymax>
    </bndbox>
  </object>
  <object>
    <name>WHITE</name>
    <occluded>0</occluded>
    <bndbox>
      <xmin>420.5</xmin>
      <ymin>296.81</ymin>
      <xmax>460.75</xmax>
      <ymax>334.5</ymax>
    </bndbox>
  </object>
  <object>
    <name>WHITE</name>
    <occluded>0</occluded>
    <bndbox>
      <xmin>490.45</xmin>
      <ymin>254.34</ymin>
      <xmax>534.4</xmax>
      <ymax>281.5</ymax>
    </bndbox>
  </object>
  <object>
    <name>BLACK</name>
    <occluded>0</occluded>
    <bndbox>
      <xmin>329.0</xmin>
      <ymin>486.24</ymin>
      <xmax>360.67</xmax>
      <ymax>536.5</ymax>
    </bndbox>
  </object>
  <object>
    <name>WHITE</name>
    <occluded>0</occluded>
    <bndbox>
      <xmin>377.4</xmin>
      <ymin>426.06</ymin>
      <xmax>417.76</xmax>
      <ymax>468.3</ymax>
    </bndbox>
  </object>
  <object>
    <name>WHITE</name>
    <occluded>0</occluded>
    <bndbox>
      <xmin>699.89</xmin>
      <ymin>434.45</ymin>
      <xmax>745.9</xmax>
      <ymax>479.3</ymax>
    </bndbox>
  </object>
  <object>
    <name>WHITE</name>
    <occluded>0</occluded>
    <bndbox>
      <xmin>693.52</xmin>
      <ymin>832.35</ymin>
      <xmax>736.52</xmax>
      <ymax>877.35</ymax>
    </bndbox>
  </object>
  <object>
    <name>WHITE</name>
    <occluded>0</occluded>
    <bndbox>
      <xmin>429.8</xmin>
      <ymin>360.49</ymin>
      <xmax>474.79</xmax>
      <ymax>403.5</ymax>
    </bndbox>
  </object>
  <object>
    <name>WHITE</name>
    <occluded>0</occluded>
    <bndbox>
      <xmin>490.32</xmin>
      <ymin>306.34</ymin>
      <xmax>537.3</xmax>
      <ymax>344.3</ymax>
    </bndbox>
  </object>
  <object>
    <name>WHITE</name>
    <occluded>0</occluded>
    <bndbox>
      <xmin>314.73</xmin>
      <ymin>634.47</ymin>
      <xmax>349.7</xmax>
      <ymax>684.1</ymax>
    </bndbox>
  </object>
  <object>
    <name>WHITE</name>
    <occluded>0</occluded>
    <bndbox>
      <xmin>446.2</xmin>
      <ymin>429.9</ymin>
      <xmax>492.32</xmax>
      <ymax>473.42</ymax>
    </bndbox>
  </object>
  <object>
    <name>WHITE</name>
    <occluded>0</occluded>
    <bndbox>
      <xmin>581.43</xmin>
      <ymin>328.46</ymin>
      <xmax>624.57</xmax>
      <ymax>364.24</ymax>
    </bndbox>
  </object>
  <object>
    <name>WHITE</name>
    <occluded>0</occluded>
    <bndbox>
      <xmin>650.33</xmin>
      <ymin>293.8</ymin>
      <xmax>693.1</xmax>
      <ymax>329.7</ymax>
    </bndbox>
  </object>
  <object>
    <name>WHITE</name>
    <occluded>0</occluded>
    <bndbox>
      <xmin>324.5</xmin>
      <ymin>702.33</ymin>
      <xmax>362.2</xmax>
      <ymax>749.9</ymax>
    </bndbox>
  </object>
  <object>
    <name>WHITE</name>
    <occluded>0</occluded>
    <bndbox>
      <xmin>371.0</xmin>
      <ymin>629.0</ymin>
      <xmax>410.9</xmax>
      <ymax>679.6</ymax>
    </bndbox>
  </object>
  <object>
    <name>WHITE</name>
    <occluded>0</occluded>
    <bndbox>
      <xmin>404.7</xmin>
      <ymin>557.75</ymin>
      <xmax>451.9</xmax>
      <ymax>605.5</ymax>
    </bndbox>
  </object>
  <object>
    <name>WHITE</name>
    <occluded>0</occluded>
    <bndbox>
      <xmin>463.84</xmin>
      <ymin>503.82</ymin>
      <xmax>511.9</xmax>
      <ymax>551.2</ymax>
    </bndbox>
  </object>
  <object>
    <name>WHITE</name>
    <occluded>0</occluded>
    <bndbox>
      <xmin>520.81</xmin>
      <ymin>437.82</ymin>
      <xmax>565.69</xmax>
      <ymax>483.7</ymax>
    </bndbox>
  </object>
  <object>
    <name>WHITE</name>
    <occluded>0</occluded>
    <bndbox>
      <xmin>594.74</xmin>
      <ymin>405.8</ymin>
      <xmax>640.9</xmax>
      <ymax>449.5</ymax>
    </bndbox>
  </object>
  <object>
    <name>WHITE</name>
    <occluded>0</occluded>
    <bndbox>
      <xmin>669.65</xmin>
      <ymin>364.0</ymin>
      <xmax>714.4</xmax>
      <ymax>408.2</ymax>
    </bndbox>
  </object>
  <object>
    <name>WHITE</name>
    <occluded>0</occluded>
    <bndbox>
      <xmin>619.5</xmin>
      <ymin>702.2</ymin>
      <xmax>667.3</xmax>
      <ymax>754.13</ymax>
    </bndbox>
  </object>
  <object>
    <name>WHITE</name>
    <occluded>0</occluded>
    <bndbox>
      <xmin>687.6</xmin>
      <ymin>648.82</ymin>
      <xmax>737.16</xmax>
      <ymax>695.33</ymax>
    </bndbox>
  </object>
  <object>
    <name>BLACK</name>
    <occluded>0</occluded>
    <bndbox>
      <xmin>732.76</xmin>
      <ymin>579.0</ymin>
      <xmax>784.1</xmax>
      <ymax>632.1</ymax>
    </bndbox>
  </object>
</annotation>
