<annotation>
  <folder>EN</folder>
  <filename>EN_camera1.png</filename>
  <source>
    <database>Unknown</database>
    <annotation>Unknown</annotation>
    <image>Unknown</image>
  </source>
  <size>
    <width>960</width>
    <height>1280</height>
    <depth></depth>
  </size>
  <segmented>0</segmented>
  <object>
    <name>WHITE</name>
    <occluded>0</occluded>
    <bndbox>
      <xmin>497.06</xmin>
      <ymin>718.49</ymin>
      <xmax>545.0</xmax>
      <ymax>766.7</ymax>
    </bndbox>
  </object>
  <object>
    <name>WHITE</name>
    <occluded>0</occluded>
    <bndbox>
      <xmin>503.5</xmin>
      <ymin>815.0</ymin>
      <xmax>548.8</xmax>
      <ymax>854.8</ymax>
    </bndbox>
  </object>
  <object>
    <name>WHITE</name>
    <occluded>0</occluded>
    <bndbox>
      <xmin>411.18</xmin>
      <ymin>838.73</ymin>
      <xmax>457.4</xmax>
      <ymax>875.9</ymax>
    </bndbox>
  </object>
  <object>
    <name>WHITE</name>
    <occluded>0</occluded>
    <bndbox>
      <xmin>320.32</xmin>
      <ymin>861.1</ymin>
      <xmax>364.0</xmax>
      <ymax>892.1</ymax>
    </bndbox>
  </object>
  <object>
    <name>WHITE</name>
    <occluded>0</occluded>
    <bndbox>
      <xmin>415.12</xmin>
      <ymin>766.54</ymin>
      <xmax>461.8</xmax>
      <ymax>813.2</ymax>
    </bndbox>
  </object>
  <object>
    <name>WHITE</name>
    <occluded>0</occluded>
    <bndbox>
      <xmin>326.64</xmin>
      <ymin>790.78</ymin>
      <xmax>371.1</xmax>
      <ymax>832.4</ymax>
    </bndbox>
  </object>
  <object>
    <name>WHITE</name>
    <occluded>0</occluded>
    <bndbox>
      <xmin>281.11</xmin>
      <ymin>715.71</ymin>
      <xmax>318.4</xmax>
      <ymax>758.6</ymax>
    </bndbox>
  </object>
  <object>
    <name>WHITE</name>
    <occluded>0</occluded>
    <bndbox>
      <xmin>231.0</xmin>
      <ymin>633.5</ymin>
      <xmax>265.6</xmax>
      <ymax>681.1</ymax>
    </bndbox>
  </object>
  <object>
    <name>WHITE</name>
    <occluded>0</occluded>
    <bndbox>
      <xmin>212.3</xmin>
      <ymin>569.79</ymin>
      <xmax>239.12</xmax>
      <ymax>613.9</ymax>
    </bndbox>
  </object>
  <object>
    <name>WHITE</name>
    <occluded>0</occluded>
    <bndbox>
      <xmin>201.5</xmin>
      <ymin>512.98</ymin>
      <xmax>223.03</xmax>
      <ymax>555.6</ymax>
    </bndbox>
  </object>
  <object>
    <name>WHITE</name>
    <occluded>0</occluded>
    <bndbox>
      <xmin>348.23</xmin>
      <ymin>709.34</ymin>
      <xmax>396.4</xmax>
      <ymax>756.7</ymax>
    </bndbox>
  </object>
  <object>
    <name>WHITE</name>
    <occluded>0</occluded>
    <bndbox>
      <xmin>290.15</xmin>
      <ymin>637.11</ymin>
      <xmax>332.5</xmax>
      <ymax>683.5</ymax>
    </bndbox>
  </object>
  <object>
    <name>WHITE</name>
    <occluded>0</occluded>
    <bndbox>
      <xmin>242.1</xmin>
      <ymin>507.86</ymin>
      <xmax>272.58</xmax>
      <ymax>551.4</ymax>
    </bndbox>
  </object>
  <object>
    <name>WHITE</name>
    <occluded>0</occluded>
    <bndbox>
      <xmin>280.7</xmin>
      <ymin>442.84</ymin>
      <xmax>312.56</xmax>
      <ymax>486.5</ymax>
    </bndbox>
  </object>
  <object>
    <name>WHITE</name>
    <occluded>0</occluded>
    <bndbox>
      <xmin>309.69</xmin>
      <ymin>501.9</ymin>
      <xmax>350.9</xmax>
      <ymax>548.6</ymax>
    </bndbox>
  </object>
  <object>
    <name>WHITE</name>
    <occluded>0</occluded>
    <bndbox>
      <xmin>357.93</xmin>
      <ymin>423.34</ymin>
      <xmax>396.8</xmax>
      <ymax>466.0</ymax>
    </bndbox>
  </object>
  <object>
    <name>WHITE</name>
    <occluded>0</occluded>
    <bndbox>
      <xmin>405.7</xmin>
      <ymin>358.57</ymin>
      <xmax>449.5</xmax>
      <ymax>396.7</ymax>
    </bndbox>
  </object>
  <object>
    <name>WHITE</name>
    <occluded>0</occluded>
    <bndbox>
      <xmin>464.11</xmin>
      <ymin>308.46</ymin>
      <xmax>507.9</xmax>
      <ymax>334.8</ymax>
    </bndbox>
  </object>
  <object>
    <name>WHITE</name>
    <occluded>0</occluded>
    <bndbox>
      <xmin>341.5</xmin>
      <ymin>566.7</ymin>
      <xmax>384.2</xmax>
      <ymax>615.5</ymax>
    </bndbox>
  </object>
  <object>
    <name>WHITE</name>
    <occluded>0</occluded>
    <bndbox>
      <xmin>395.39</xmin>
      <ymin>481.49</ymin>
      <xmax>441.6</xmax>
      <ymax>528.7</ymax>
    </bndbox>
  </object>
  <object>
    <name>WHITE</name>
    <occluded>0</occluded>
    <bndbox>
      <xmin>507.03</xmin>
      <ymin>363.42</ymin>
      <xmax>553.6</xmax>
      <ymax>408.1</ymax>
    </bndbox>
  </object>
  <object>
    <name>WHITE</name>
    <occluded>0</occluded>
    <bndbox>
      <xmin>382.04</xmin>
      <ymin>636.76</ymin>
      <xmax>428.5</xmax>
      <ymax>683.0</ymax>
    </bndbox>
  </object>
  <object>
    <name>WHITE</name>
    <occluded>0</occluded>
    <bndbox>
      <xmin>433.71</xmin>
      <ymin>552.24</ymin>
      <xmax>482.6</xmax>
      <ymax>600.1</ymax>
    </bndbox>
  </object>
  <object>
    <name>WHITE</name>
    <occluded>0</occluded>
    <bndbox>
      <xmin>549.84</xmin>
      <ymin>429.83</ymin>
      <xmax>591.3</xmax>
      <ymax>477.1</ymax>
    </bndbox>
  </object>
  <object>
    <name>WHITE</name>
    <occluded>0</occluded>
    <bndbox>
      <xmin>605.11</xmin>
      <ymin>384.26</ymin>
      <xmax>643.0</xmax>
      <ymax>429.8</ymax>
    </bndbox>
  </object>
  <object>
    <name>BLACK</name>
    <occluded>0</occluded>
    <bndbox>
      <xmin>424.57</xmin>
      <ymin>692.96</ymin>
      <xmax>474.0</xmax>
      <ymax>742.8</ymax>
    </bndbox>
  </object>
  <object>
    <name>BLACK</name>
    <occluded>0</occluded>
    <bndbox>
      <xmin>668.45</xmin>
      <ymin>421.34</ymin>
      <xmax>703.9</xmax>
      <ymax>466.4</ymax>
    </bndbox>
  </object>
  <object>
    <name>WHITE</name>
    <occluded>0</occluded>
    <bndbox>
      <xmin>635.42</xmin>
      <ymin>461.76</ymin>
      <xmax>670.3</xmax>
      <ymax>505.4</ymax>
    </bndbox>
  </object>
  <object>
    <name>WHITE</name>
    <occluded>0</occluded>
    <bndbox>
      <xmin>701.37</xmin>
      <ymin>480.1</ymin>
      <xmax>730.7</xmax>
      <ymax>523.7</ymax>
    </bndbox>
  </object>
  <object>
    <name>WHITE</name>
    <occluded>0</occluded>
    <bndbox>
      <xmin>583.24</xmin>
      <ymin>514.01</ymin>
      <xmax>625.3</xmax>
      <ymax>561.2</ymax>
    </bndbox>
  </object>
  <object>
    <name>WHITE</name>
    <occluded>0</occluded>
    <bndbox>
      <xmin>665.6</xmin>
      <ymin>534.9</ymin>
      <xmax>702.7</xmax>
      <ymax>579.9</ymax>
    </bndbox>
  </object>
  <object>
    <name>WHITE</name>
    <occluded>0</occluded>
    <bndbox>
      <xmin>528.46</xmin>
      <ymin>573.3</ymin>
      <xmax>575.6</xmax>
      <ymax>619.26</ymax>
    </bndbox>
  </object>
  <object>
    <name>WHITE</name>
    <occluded>0</occluded>
    <bndbox>
      <xmin>626.09</xmin>
      <ymin>591.7</ymin>
      <xmax>667.1</xmax>
      <ymax>636.3</ymax>
    </bndbox>
  </object>
  <object>
    <name>WHITE</name>
    <occluded>0</occluded>
    <bndbox>
      <xmin>687.13</xmin>
      <ymin>608.32</ymin>
      <xmax>721.23</xmax>
      <ymax>653.1</ymax>
    </bndbox>
  </object>
  <object>
    <name>WHITE</name>
    <occluded>0</occluded>
    <bndbox>
      <xmin>476.41</xmin>
      <ymin>632.77</ymin>
      <xmax>528.2</xmax>
      <ymax>682.7</ymax>
    </bndbox>
  </object>
  <object>
    <name>WHITE</name>
    <occluded>0</occluded>
    <bndbox>
      <xmin>572.34</xmin>
      <ymin>651.56</ymin>
      <xmax>616.3</xmax>
      <ymax>697.3</ymax>
    </bndbox>
  </object>
  <object>
    <name>WHITE</name>
    <occluded>0</occluded>
    <bndbox>
      <xmin>639.7</xmin>
      <ymin>672.94</ymin>
      <xmax>683.52</xmax>
      <ymax>715.1</ymax>
    </bndbox>
  </object>
  <object>
    <name>WHITE</name>
    <occluded>0</occluded>
    <bndbox>
      <xmin>640.1</xmin>
      <ymin>758.87</ymin>
      <xmax>675.39</xmax>
      <ymax>800.3</ymax>
    </bndbox>
  </object>
  <object>
    <name>WHITE</name>
    <occluded>0</occluded>
    <bndbox>
      <xmin>637.3</xmin>
      <ymin>833.5</ymin>
      <xmax>675.61</xmax>
      <ymax>866.3</ymax>
    </bndbox>
  </object>
  <object>
    <name>WHITE</name>
    <occluded>0</occluded>
    <bndbox>
      <xmin>572.27</xmin>
      <ymin>744.35</ymin>
      <xmax>614.3</xmax>
      <ymax>785.7</ymax>
    </bndbox>
  </object>
  <object>
    <name>WHITE</name>
    <occluded>0</occluded>
    <bndbox>
      <xmin>577.15</xmin>
      <ymin>834.1</ymin>
      <xmax>619.7</xmax>
      <ymax>868.2</ymax>
    </bndbox>
  </object>
  <object>
    <name>WHITE</name>
    <occluded>0</occluded>
    <bndbox>
      <xmin>316.09</xmin>
      <ymin>376.67</ymin>
      <xmax>349.01</xmax>
      <ymax>419.64</ymax>
    </bndbox>
  </object>
  <object>
    <name>WHITE</name>
    <occluded>0</occluded>
    <bndbox>
      <xmin>737.88</xmin>
      <ymin>693.69</ymin>
      <xmax>761.79</xmax>
      <ymax>733.89</ymax>
    </bndbox>
  </object>
  <object>
    <name>WHITE</name>
    <occluded>0</occluded>
    <bndbox>
      <xmin>491.13</xmin>
      <ymin>489.73</ymin>
      <xmax>532.87</xmax>
      <ymax>532.27</ymax>
    </bndbox>
  </object>
  <object>
    <name>WHITE</name>
    <occluded>0</occluded>
    <bndbox>
      <xmin>447.71</xmin>
      <ymin>418.78</ymin>
      <xmax>490.29</xmax>
      <ymax>459.22</ymax>
    </bndbox>
  </object>
  <object>
    <name>WHITE</name>
    <occluded>0</occluded>
    <bndbox>
      <xmin>262.5</xmin>
      <ymin>569.5</ymin>
      <xmax>291.5</xmax>
      <ymax>610.5</ymax>
    </bndbox>
  </object>
  <object>
    <name>WHITE</name>
    <occluded>0</occluded>
    <bndbox>
      <xmin>737.88</xmin>
      <ymin>618.84</ymin>
      <xmax>758.33</xmax>
      <ymax>662.16</ymax>
    </bndbox>
  </object>
  <object>
    <name>WHITE</name>
    <occluded>0</occluded>
    <bndbox>
      <xmin>192.1</xmin>
      <ymin>632.05</ymin>
      <xmax>214.0</xmax>
      <ymax>673.68</ymax>
    </bndbox>
  </object>
  <object>
    <name>WHITE</name>
    <occluded>0</occluded>
    <bndbox>
      <xmin>726.07</xmin>
      <ymin>547.69</ymin>
      <xmax>747.73</xmax>
      <ymax>590.72</ymax>
    </bndbox>
  </object>
  <object>
    <name>WHITE</name>
    <occluded>0</occluded>
    <bndbox>
      <xmin>702.68</xmin>
      <ymin>681.69</ymin>
      <xmax>730.41</xmax>
      <ymax>723.85</ymax>
    </bndbox>
  </object>
  <object>
    <name>WHITE</name>
    <occluded>0</occluded>
    <bndbox>
      <xmin>699.22</xmin>
      <ymin>757.64</ymin>
      <xmax>726.65</xmax>
      <ymax>796.34</ymax>
    </bndbox>
  </object>
  <object>
    <name>WHITE</name>
    <occluded>0</occluded>
    <bndbox>
      <xmin>567.82</xmin>
      <ymin>888.17</ymin>
      <xmax>607.96</xmax>
      <ymax>913.59</ymax>
    </bndbox>
  </object>
  <object>
    <name>WHITE</name>
    <occluded>0</occluded>
    <bndbox>
      <xmin>495.91</xmin>
      <ymin>880.09</ymin>
      <xmax>539.51</xmax>
      <ymax>911.57</ymax>
    </bndbox>
  </object>
  <object>
    <name>WHITE</name>
    <occluded>0</occluded>
    <bndbox>
      <xmin>256.5</xmin>
      <ymin>851.21</ymin>
      <xmax>292.31</xmax>
      <ymax>879.8</ymax>
    </bndbox>
  </object>
  <object>
    <name>WHITE</name>
    <occluded>0</occluded>
    <bndbox>
      <xmin>399.16</xmin>
      <ymin>929.76</ymin>
      <xmax>443.63</xmax>
      <ymax>954.31</ymax>
    </bndbox>
  </object>
  <object>
    <name>WHITE</name>
    <occluded>0</occluded>
    <bndbox>
      <xmin>207.69</xmin>
      <ymin>780.45</ymin>
      <xmax>238.3</xmax>
      <ymax>817.13</ymax>
    </bndbox>
  </object>
  <object>
    <name>WHITE</name>
    <occluded>0</occluded>
    <bndbox>
      <xmin>259.67</xmin>
      <ymin>797.49</ymin>
      <xmax>296.35</xmax>
      <ymax>834.46</ymax>
    </bndbox>
  </object>
  <object>
    <name>WHITE</name>
    <occluded>0</occluded>
    <bndbox>
      <xmin>225.6</xmin>
      <ymin>711.72</ymin>
      <xmax>253.03</xmax>
      <ymax>755.33</ymax>
    </bndbox>
  </object>
  <object>
    <name>WHITE</name>
    <occluded>0</occluded>
    <bndbox>
      <xmin>228.07</xmin>
      <ymin>456.72</ymin>
      <xmax>255.1</xmax>
      <ymax>497.96</ymax>
    </bndbox>
  </object>
  <object>
    <name>BLACK</name>
    <occluded>0</occluded>
    <bndbox>
      <xmin>261.34</xmin>
      <ymin>404.05</ymin>
      <xmax>289.41</xmax>
      <ymax>442.86</ymax>
    </bndbox>
  </object>
  <object>
    <name>WHITE</name>
    <occluded>0</occluded>
    <bndbox>
      <xmin>359.76</xmin>
      <ymin>321.22</ymin>
      <xmax>401.0</xmax>
      <ymax>356.22</ymax>
    </bndbox>
  </object>
  <object>
    <name>WHITE</name>
    <occluded>0</occluded>
    <bndbox>
      <xmin>655.71</xmin>
      <ymin>362.81</ymin>
      <xmax>688.63</xmax>
      <ymax>397.46</ymax>
    </bndbox>
  </object>
  <object>
    <name>WHITE</name>
    <occluded>0</occluded>
    <bndbox>
      <xmin>634.23</xmin>
      <ymin>309.09</ymin>
      <xmax>661.95</xmax>
      <ymax>346.17</ymax>
    </bndbox>
  </object>
  <object>
    <name>WHITE</name>
    <occluded>0</occluded>
    <bndbox>
      <xmin>565.96</xmin>
      <ymin>326.42</ymin>
      <xmax>606.85</xmax>
      <ymax>360.04</ymax>
    </bndbox>
  </object>
  <object>
    <name>WHITE</name>
    <occluded>0</occluded>
    <bndbox>
      <xmin>520.56</xmin>
      <ymin>279.64</ymin>
      <xmax>563.18</xmax>
      <ymax>302.85</ymax>
    </bndbox>
  </object>
  <object>
    <name>WHITE</name>
    <occluded>0</occluded>
    <bndbox>
      <xmin>411.74</xmin>
      <ymin>277.21</ymin>
      <xmax>454.71</xmax>
      <ymax>303.55</ymax>
    </bndbox>
  </object>
</annotation>
