<annotation>
  <folder>EN</folder>
  <filename>EN_camera10.png</filename>
  <source>
    <database>Unknown</database>
    <annotation>Unknown</annotation>
    <image>Unknown</image>
  </source>
  <size>
    <width>1280</width>
    <height>960</height>
    <depth></depth>
  </size>
  <segmented>0</segmented>
  <object>
    <name>WHITE</name>
    <occluded>0</occluded>
    <bndbox>
      <xmin>898.32</xmin>
      <ymin>172.59</ymin>
      <xmax>946.1</xmax>
      <ymax>216.8</ymax>
    </bndbox>
  </object>
  <object>
    <name>WHITE</name>
    <occluded>0</occluded>
    <bndbox>
      <xmin>853.68</xmin>
      <ymin>237.82</ymin>
      <xmax>905.9</xmax>
      <ymax>287.4</ymax>
    </bndbox>
  </object>
  <object>
    <name>WHITE</name>
    <occluded>0</occluded>
    <bndbox>
      <xmin>812.92</xmin>
      <ymin>319.54</ymin>
      <xmax>869.0</xmax>
      <ymax>371.8</ymax>
    </bndbox>
  </object>
  <object>
    <name>WHITE</name>
    <occluded>0</occluded>
    <bndbox>
      <xmin>760.54</xmin>
      <ymin>465.1</ymin>
      <xmax>814.0</xmax>
      <ymax>519.4</ymax>
    </bndbox>
  </object>
  <object>
    <name>WHITE</name>
    <occluded>0</occluded>
    <bndbox>
      <xmin>714.69</xmin>
      <ymin>549.69</ymin>
      <xmax>769.9</xmax>
      <ymax>605.9</ymax>
    </bndbox>
  </object>
  <object>
    <name>WHITE</name>
    <occluded>0</occluded>
    <bndbox>
      <xmin>728.38</xmin>
      <ymin>329.38</ymin>
      <xmax>780.1</xmax>
      <ymax>378.5</ymax>
    </bndbox>
  </object>
  <object>
    <name>WHITE</name>
    <occluded>0</occluded>
    <bndbox>
      <xmin>674.6</xmin>
      <ymin>632.6</ymin>
      <xmax>727.96</xmax>
      <ymax>687.33</ymax>
    </bndbox>
  </object>
  <object>
    <name>WHITE</name>
    <occluded>0</occluded>
    <bndbox>
      <xmin>837.34</xmin>
      <ymin>112.59</ymin>
      <xmax>886.2</xmax>
      <ymax>154.5</ymax>
    </bndbox>
  </object>
  <object>
    <name>WHITE</name>
    <occluded>0</occluded>
    <bndbox>
      <xmin>797.56</xmin>
      <ymin>173.75</ymin>
      <xmax>848.6</xmax>
      <ymax>220.6</ymax>
    </bndbox>
  </object>
  <object>
    <name>WHITE</name>
    <occluded>0</occluded>
    <bndbox>
      <xmin>747.57</xmin>
      <ymin>255.7</ymin>
      <xmax>805.5</xmax>
      <ymax>307.1</ymax>
    </bndbox>
  </object>
  <object>
    <name>WHITE</name>
    <occluded>0</occluded>
    <bndbox>
      <xmin>737.63</xmin>
      <ymin>126.07</ymin>
      <xmax>789.3</xmax>
      <ymax>170.3</ymax>
    </bndbox>
  </object>
  <object>
    <name>WHITE</name>
    <occluded>0</occluded>
    <bndbox>
      <xmin>590.06</xmin>
      <ymin>580.32</ymin>
      <xmax>639.9</xmax>
      <ymax>634.6</ymax>
    </bndbox>
  </object>
  <object>
    <name>WHITE</name>
    <occluded>0</occluded>
    <bndbox>
      <xmin>1049.79</xmin>
      <ymin>271.73</ymin>
      <xmax>1087.21</xmax>
      <ymax>320.08</ymax>
    </bndbox>
  </object>
  <object>
    <name>WHITE</name>
    <occluded>0</occluded>
    <bndbox>
      <xmin>1014.62</xmin>
      <ymin>155.35</ymin>
      <xmax>1049.97</xmax>
      <ymax>196.41</ymax>
    </bndbox>
  </object>
  <object>
    <name>WHITE</name>
    <occluded>0</occluded>
    <bndbox>
      <xmin>873.09</xmin>
      <ymin>79.88</ymin>
      <xmax>916.79</xmax>
      <ymax>107.32</ymax>
    </bndbox>
  </object>
  <object>
    <name>WHITE</name>
    <occluded>0</occluded>
    <bndbox>
      <xmin>778.27</xmin>
      <ymin>79.25</ymin>
      <xmax>826.96</xmax>
      <ymax>105.45</ymax>
    </bndbox>
  </object>
  <object>
    <name>BLACK</name>
    <occluded>0</occluded>
    <bndbox>
      <xmin>693.16</xmin>
      <ymin>97.34</ymin>
      <xmax>739.91</xmax>
      <ymax>127.6</ymax>
    </bndbox>
  </object>
  <object>
    <name>WHITE</name>
    <occluded>0</occluded>
    <bndbox>
      <xmin>636.68</xmin>
      <ymin>99.29</ymin>
      <xmax>682.38</xmax>
      <ymax>130.48</ymax>
    </bndbox>
  </object>
  <object>
    <name>WHITE</name>
    <occluded>0</occluded>
    <bndbox>
      <xmin>586.28</xmin>
      <ymin>118.98</ymin>
      <xmax>626.05</xmax>
      <ymax>149.13</ymax>
    </bndbox>
  </object>
  <object>
    <name>WHITE</name>
    <occluded>0</occluded>
    <bndbox>
      <xmin>492.56</xmin>
      <ymin>187.07</ymin>
      <xmax>527.64</xmax>
      <ymax>219.99</ymax>
    </bndbox>
  </object>
  <object>
    <name>WHITE</name>
    <occluded>0</occluded>
    <bndbox>
      <xmin>482.59</xmin>
      <ymin>237.32</ymin>
      <xmax>516.38</xmax>
      <ymax>279.34</ymax>
    </bndbox>
  </object>
  <object>
    <name>WHITE</name>
    <occluded>0</occluded>
    <bndbox>
      <xmin>442.31</xmin>
      <ymin>244.47</ymin>
      <xmax>473.71</xmax>
      <ymax>282.81</ymax>
    </bndbox>
  </object>
  <object>
    <name>WHITE</name>
    <occluded>0</occluded>
    <bndbox>
      <xmin>704.24</xmin>
      <ymin>193.03</ymin>
      <xmax>751.76</xmax>
      <ymax>236.1</ymax>
    </bndbox>
  </object>
  <object>
    <name>WHITE</name>
    <occluded>0</occluded>
    <bndbox>
      <xmin>494.0</xmin>
      <ymin>605.48</ymin>
      <xmax>543.8</xmax>
      <ymax>661.3</ymax>
    </bndbox>
  </object>
  <object>
    <name>WHITE</name>
    <occluded>0</occluded>
    <bndbox>
      <xmin>448.77</xmin>
      <ymin>538.61</ymin>
      <xmax>488.4</xmax>
      <ymax>590.1</ymax>
    </bndbox>
  </object>
  <object>
    <name>WHITE</name>
    <occluded>0</occluded>
    <bndbox>
      <xmin>477.11</xmin>
      <ymin>693.88</ymin>
      <xmax>523.2</xmax>
      <ymax>749.1</ymax>
    </bndbox>
  </object>
  <object>
    <name>WHITE</name>
    <occluded>0</occluded>
    <bndbox>
      <xmin>415.06</xmin>
      <ymin>637.47</ymin>
      <xmax>455.3</xmax>
      <ymax>692.1</ymax>
    </bndbox>
  </object>
  <object>
    <name>WHITE</name>
    <occluded>0</occluded>
    <bndbox>
      <xmin>385.26</xmin>
      <ymin>574.18</ymin>
      <xmax>424.6</xmax>
      <ymax>625.2</ymax>
    </bndbox>
  </object>
  <object>
    <name>BLACK</name>
    <occluded>0</occluded>
    <bndbox>
      <xmin>418.06</xmin>
      <ymin>728.8</ymin>
      <xmax>459.7</xmax>
      <ymax>778.2</ymax>
    </bndbox>
  </object>
  <object>
    <name>WHITE</name>
    <occluded>0</occluded>
    <bndbox>
      <xmin>1041.92</xmin>
      <ymin>615.74</ymin>
      <xmax>1081.6</xmax>
      <ymax>656.3</ymax>
    </bndbox>
  </object>
  <object>
    <name>WHITE</name>
    <occluded>0</occluded>
    <bndbox>
      <xmin>1054.32</xmin>
      <ymin>426.94</ymin>
      <xmax>1088.9</xmax>
      <ymax>477.4</ymax>
    </bndbox>
  </object>
  <object>
    <name>WHITE</name>
    <occluded>0</occluded>
    <bndbox>
      <xmin>1019.64</xmin>
      <ymin>488.8</ymin>
      <xmax>1058.8</xmax>
      <ymax>539.4</ymax>
    </bndbox>
  </object>
  <object>
    <name>WHITE</name>
    <occluded>0</occluded>
    <bndbox>
      <xmin>1011.84</xmin>
      <ymin>330.47</ymin>
      <xmax>1057.58</xmax>
      <ymax>381.16</ymax>
    </bndbox>
  </object>
  <object>
    <name>WHITE</name>
    <occluded>0</occluded>
    <bndbox>
      <xmin>1093.32</xmin>
      <ymin>362.92</ymin>
      <xmax>1119.83</xmax>
      <ymax>412.2</ymax>
    </bndbox>
  </object>
  <object>
    <name>WHITE</name>
    <occluded>0</occluded>
    <bndbox>
      <xmin>1054.75</xmin>
      <ymin>572.3</ymin>
      <xmax>1085.16</xmax>
      <ymax>618.82</ymax>
    </bndbox>
  </object>
  <object>
    <name>WHITE</name>
    <occluded>0</occluded>
    <bndbox>
      <xmin>574.6</xmin>
      <ymin>662.2</ymin>
      <xmax>623.19</xmax>
      <ymax>715.77</ymax>
    </bndbox>
  </object>
  <object>
    <name>WHITE</name>
    <occluded>0</occluded>
    <bndbox>
      <xmin>431.17</xmin>
      <ymin>462.62</ymin>
      <xmax>462.1</xmax>
      <ymax>514.34</ymax>
    </bndbox>
  </object>
  <object>
    <name>WHITE</name>
    <occluded>0</occluded>
    <bndbox>
      <xmin>379.65</xmin>
      <ymin>482.63</ymin>
      <xmax>416.3</xmax>
      <ymax>529.93</ymax>
    </bndbox>
  </object>
  <object>
    <name>WHITE</name>
    <occluded>0</occluded>
    <bndbox>
      <xmin>338.41</xmin>
      <ymin>538.86</ymin>
      <xmax>367.41</xmax>
      <ymax>588.14</ymax>
    </bndbox>
  </object>
  <object>
    <name>WHITE</name>
    <occluded>0</occluded>
    <bndbox>
      <xmin>359.3</xmin>
      <ymin>706.97</ymin>
      <xmax>387.69</xmax>
      <ymax>756.25</ymax>
    </bndbox>
  </object>
  <object>
    <name>WHITE</name>
    <occluded>0</occluded>
    <bndbox>
      <xmin>334.98</xmin>
      <ymin>652.08</ymin>
      <xmax>354.31</xmax>
      <ymax>696.37</ymax>
    </bndbox>
  </object>
  <object>
    <name>WHITE</name>
    <occluded>0</occluded>
    <bndbox>
      <xmin>346.83</xmin>
      <ymin>614.65</ymin>
      <xmax>375.52</xmax>
      <ymax>658.01</ymax>
    </bndbox>
  </object>
  <object>
    <name>WHITE</name>
    <occluded>0</occluded>
    <bndbox>
      <xmin>371.78</xmin>
      <ymin>671.42</ymin>
      <xmax>398.92</xmax>
      <ymax>720.39</ymax>
    </bndbox>
  </object>
  <object>
    <name>WHITE</name>
    <occluded>0</occluded>
    <bndbox>
      <xmin>992.04</xmin>
      <ymin>557.32</ymin>
      <xmax>1037.9</xmax>
      <ymax>608.4</ymax>
    </bndbox>
  </object>
  <object>
    <name>WHITE</name>
    <occluded>0</occluded>
    <bndbox>
      <xmin>980.64</xmin>
      <ymin>608.86</ymin>
      <xmax>1023.64</xmax>
      <ymax>658.86</ymax>
    </bndbox>
  </object>
  <object>
    <name>BLACK</name>
    <occluded>0</occluded>
    <bndbox>
      <xmin>974.93</xmin>
      <ymin>398.15</ymin>
      <xmax>1022.5</xmax>
      <ymax>454.7</ymax>
    </bndbox>
  </object>
  <object>
    <name>WHITE</name>
    <occluded>0</occluded>
    <bndbox>
      <xmin>935.54</xmin>
      <ymin>463.6</ymin>
      <xmax>991.5</xmax>
      <ymax>516.2</ymax>
    </bndbox>
  </object>
  <object>
    <name>WHITE</name>
    <occluded>0</occluded>
    <bndbox>
      <xmin>911.2</xmin>
      <ymin>546.2</ymin>
      <xmax>963.95</xmax>
      <ymax>596.91</ymax>
    </bndbox>
  </object>
  <object>
    <name>BLACK</name>
    <occluded>0</occluded>
    <bndbox>
      <xmin>891.18</xmin>
      <ymin>605.21</ymin>
      <xmax>947.9</xmax>
      <ymax>661.8</ymax>
    </bndbox>
  </object>
  <object>
    <name>WHITE</name>
    <occluded>0</occluded>
    <bndbox>
      <xmin>1002.77</xmin>
      <ymin>191.71</ymin>
      <xmax>1036.1</xmax>
      <ymax>238.4</ymax>
    </bndbox>
  </object>
  <object>
    <name>WHITE</name>
    <occluded>0</occluded>
    <bndbox>
      <xmin>957.24</xmin>
      <ymin>246.55</ymin>
      <xmax>1004.4</xmax>
      <ymax>295.2</ymax>
    </bndbox>
  </object>
  <object>
    <name>WHITE</name>
    <occluded>0</occluded>
    <bndbox>
      <xmin>907.01</xmin>
      <ymin>316.72</ymin>
      <xmax>957.8</xmax>
      <ymax>368.3</ymax>
    </bndbox>
  </object>
  <object>
    <name>WHITE</name>
    <occluded>0</occluded>
    <bndbox>
      <xmin>845.63</xmin>
      <ymin>459.3</ymin>
      <xmax>902.3</xmax>
      <ymax>516.6</ymax>
    </bndbox>
  </object>
  <object>
    <name>WHITE</name>
    <occluded>0</occluded>
    <bndbox>
      <xmin>812.5</xmin>
      <ymin>546.5</ymin>
      <xmax>867.9</xmax>
      <ymax>598.25</ymax>
    </bndbox>
  </object>
  <object>
    <name>WHITE</name>
    <occluded>0</occluded>
    <bndbox>
      <xmin>784.54</xmin>
      <ymin>613.47</ymin>
      <xmax>841.1</xmax>
      <ymax>671.4</ymax>
    </bndbox>
  </object>
  <object>
    <name>WHITE</name>
    <occluded>0</occluded>
    <bndbox>
      <xmin>934.97</xmin>
      <ymin>123.91</ymin>
      <xmax>977.68</xmax>
      <ymax>164.56</ymax>
    </bndbox>
  </object>
  <object>
    <name>WHITE</name>
    <occluded>0</occluded>
    <bndbox>
      <xmin>518.7</xmin>
      <ymin>358.08</ymin>
      <xmax>560.22</xmax>
      <ymax>408.4</ymax>
    </bndbox>
  </object>
  <object>
    <name>WHITE</name>
    <occluded>0</occluded>
    <bndbox>
      <xmin>655.93</xmin>
      <ymin>276.94</ymin>
      <xmax>706.4</xmax>
      <ymax>324.1</ymax>
    </bndbox>
  </object>
  <object>
    <name>WHITE</name>
    <occluded>0</occluded>
    <bndbox>
      <xmin>525.97</xmin>
      <ymin>514.77</ymin>
      <xmax>579.0</xmax>
      <ymax>568.7</ymax>
    </bndbox>
  </object>
  <object>
    <name>WHITE</name>
    <occluded>0</occluded>
    <bndbox>
      <xmin>647.7</xmin>
      <ymin>143.75</ymin>
      <xmax>699.0</xmax>
      <ymax>174.9</ymax>
    </bndbox>
  </object>
  <object>
    <name>WHITE</name>
    <occluded>0</occluded>
    <bndbox>
      <xmin>610.25</xmin>
      <ymin>209.64</ymin>
      <xmax>657.63</xmax>
      <ymax>255.0</ymax>
    </bndbox>
  </object>
  <object>
    <name>WHITE</name>
    <occluded>0</occluded>
    <bndbox>
      <xmin>570.6</xmin>
      <ymin>286.51</ymin>
      <xmax>618.0</xmax>
      <ymax>336.7</ymax>
    </bndbox>
  </object>
  <object>
    <name>WHITE</name>
    <occluded>0</occluded>
    <bndbox>
      <xmin>397.98</xmin>
      <ymin>392.02</ymin>
      <xmax>419.19</xmax>
      <ymax>441.61</ymax>
    </bndbox>
  </object>
  <object>
    <name>BLACK</name>
    <occluded>0</occluded>
    <bndbox>
      <xmin>487.17</xmin>
      <ymin>443.38</ymin>
      <xmax>530.7</xmax>
      <ymax>498.5</ymax>
    </bndbox>
  </object>
  <object>
    <name>WHITE</name>
    <occluded>0</occluded>
    <bndbox>
      <xmin>581.1</xmin>
      <ymin>155.09</ymin>
      <xmax>628.5</xmax>
      <ymax>192.5</ymax>
    </bndbox>
  </object>
  <object>
    <name>WHITE</name>
    <occluded>0</occluded>
    <bndbox>
      <xmin>540.2</xmin>
      <ymin>220.48</ymin>
      <xmax>581.5</xmax>
      <ymax>267.4</ymax>
    </bndbox>
  </object>
  <object>
    <name>WHITE</name>
    <occluded>0</occluded>
    <bndbox>
      <xmin>499.84</xmin>
      <ymin>294.1</ymin>
      <xmax>541.2</xmax>
      <ymax>342.9</ymax>
    </bndbox>
  </object>
  <object>
    <name>WHITE</name>
    <occluded>0</occluded>
    <bndbox>
      <xmin>527.7</xmin>
      <ymin>173.01</ymin>
      <xmax>566.74</xmax>
      <ymax>210.3</ymax>
    </bndbox>
  </object>
  <object>
    <name>WHITE</name>
    <occluded>0</occluded>
    <bndbox>
      <xmin>871.9</xmin>
      <ymin>387.96</ymin>
      <xmax>921.26</xmax>
      <ymax>438.04</ymax>
    </bndbox>
  </object>
  <object>
    <name>WHITE</name>
    <occluded>0</occluded>
    <bndbox>
      <xmin>767.73</xmin>
      <ymin>386.18</ymin>
      <xmax>818.27</xmax>
      <ymax>435.82</ymax>
    </bndbox>
  </object>
  <object>
    <name>WHITE</name>
    <occluded>0</occluded>
    <bndbox>
      <xmin>438.41</xmin>
      <ymin>305.77</ymin>
      <xmax>475.45</xmax>
      <ymax>348.0</ymax>
    </bndbox>
  </object>
  <object>
    <name>WHITE</name>
    <occluded>0</occluded>
    <bndbox>
      <xmin>455.06</xmin>
      <ymin>375.18</ymin>
      <xmax>490.92</xmax>
      <ymax>427.27</ymax>
    </bndbox>
  </object>
</annotation>
