<annotation>
  <folder>EN</folder>
  <filename>EN_camera5.png</filename>
  <source>
    <database>Unknown</database>
    <annotation>Unknown</annotation>
    <image>Unknown</image>
  </source>
  <size>
    <width>1280</width>
    <height>960</height>
    <depth></depth>
  </size>
  <segmented>0</segmented>
  <object>
    <name>BLACK</name>
    <occluded>0</occluded>
    <bndbox>
      <xmin>517.4</xmin>
      <ymin>918.94</ymin>
      <xmax>556.7</xmax>
      <ymax>948.57</ymax>
    </bndbox>
  </object>
  <object>
    <name>WHITE</name>
    <occluded>0</occluded>
    <bndbox>
      <xmin>536.12</xmin>
      <ymin>866.54</ymin>
      <xmax>571.36</xmax>
      <ymax>898.04</ymax>
    </bndbox>
  </object>
  <object>
    <name>BLACK</name>
    <occluded>0</occluded>
    <bndbox>
      <xmin>558.58</xmin>
      <ymin>837.85</ymin>
      <xmax>605.05</xmax>
      <ymax>871.5</ymax>
    </bndbox>
  </object>
  <object>
    <name>WHITE</name>
    <occluded>0</occluded>
    <bndbox>
      <xmin>592.26</xmin>
      <ymin>909.27</ymin>
      <xmax>634.99</xmax>
      <ymax>938.9</ymax>
    </bndbox>
  </object>
  <object>
    <name>WHITE</name>
    <occluded>0</occluded>
    <bndbox>
      <xmin>430.7</xmin>
      <ymin>758.0</ymin>
      <xmax>468.75</xmax>
      <ymax>794.8</ymax>
    </bndbox>
  </object>
  <object>
    <name>WHITE</name>
    <occluded>0</occluded>
    <bndbox>
      <xmin>617.83</xmin>
      <ymin>872.15</ymin>
      <xmax>662.44</xmax>
      <ymax>903.66</ymax>
    </bndbox>
  </object>
  <object>
    <name>WHITE</name>
    <occluded>0</occluded>
    <bndbox>
      <xmin>648.71</xmin>
      <ymin>845.64</ymin>
      <xmax>696.43</xmax>
      <ymax>871.53</ymax>
    </bndbox>
  </object>
  <object>
    <name>WHITE</name>
    <occluded>0</occluded>
    <bndbox>
      <xmin>691.44</xmin>
      <ymin>864.36</ymin>
      <xmax>732.61</xmax>
      <ymax>902.41</ymax>
    </bndbox>
  </object>
  <object>
    <name>WHITE</name>
    <occluded>0</occluded>
    <bndbox>
      <xmin>465.63</xmin>
      <ymin>869.35</ymin>
      <xmax>499.31</xmax>
      <ymax>899.6</ymax>
    </bndbox>
  </object>
  <object>
    <name>WHITE</name>
    <occluded>0</occluded>
    <bndbox>
      <xmin>764.04</xmin>
      <ymin>846.92</ymin>
      <xmax>793.67</xmax>
      <ymax>876.29</ymax>
    </bndbox>
  </object>
  <object>
    <name>WHITE</name>
    <occluded>0</occluded>
    <bndbox>
      <xmin>785.09</xmin>
      <ymin>849.78</ymin>
      <xmax>812.38</xmax>
      <ymax>890.33</ymax>
    </bndbox>
  </object>
  <object>
    <name>WHITE</name>
    <occluded>0</occluded>
    <bndbox>
      <xmin>816.8</xmin>
      <ymin>860.44</ymin>
      <xmax>841.23</xmax>
      <ymax>902.8</ymax>
    </bndbox>
  </object>
  <object>
    <name>WHITE</name>
    <occluded>0</occluded>
    <bndbox>
      <xmin>847.58</xmin>
      <ymin>614.07</ymin>
      <xmax>876.77</xmax>
      <ymax>660.85</ymax>
    </bndbox>
  </object>
  <object>
    <name>WHITE</name>
    <occluded>0</occluded>
    <bndbox>
      <xmin>386.85</xmin>
      <ymin>691.17</ymin>
      <xmax>418.66</xmax>
      <ymax>727.85</ymax>
    </bndbox>
  </object>
  <object>
    <name>WHITE</name>
    <occluded>0</occluded>
    <bndbox>
      <xmin>340.44</xmin>
      <ymin>660.1</ymin>
      <xmax>370.0</xmax>
      <ymax>699.8</ymax>
    </bndbox>
  </object>
  <object>
    <name>WHITE</name>
    <occluded>0</occluded>
    <bndbox>
      <xmin>359.15</xmin>
      <ymin>614.44</ymin>
      <xmax>389.47</xmax>
      <ymax>656.74</ymax>
    </bndbox>
  </object>
  <object>
    <name>WHITE</name>
    <occluded>0</occluded>
    <bndbox>
      <xmin>380.48</xmin>
      <ymin>565.41</ymin>
      <xmax>413.42</xmax>
      <ymax>610.0</ymax>
    </bndbox>
  </object>
  <object>
    <name>WHITE</name>
    <occluded>0</occluded>
    <bndbox>
      <xmin>316.48</xmin>
      <ymin>578.14</ymin>
      <xmax>342.68</xmax>
      <ymax>619.68</ymax>
    </bndbox>
  </object>
  <object>
    <name>WHITE</name>
    <occluded>0</occluded>
    <bndbox>
      <xmin>329.96</xmin>
      <ymin>529.11</ymin>
      <xmax>359.9</xmax>
      <ymax>573.65</ymax>
    </bndbox>
  </object>
  <object>
    <name>WHITE</name>
    <occluded>0</occluded>
    <bndbox>
      <xmin>313.05</xmin>
      <ymin>486.75</ymin>
      <xmax>332.39</xmax>
      <ymax>529.16</ymax>
    </bndbox>
  </object>
  <object>
    <name>WHITE</name>
    <occluded>0</occluded>
    <bndbox>
      <xmin>826.43</xmin>
      <ymin>574.7</ymin>
      <xmax>855.13</xmax>
      <ymax>618.99</ymax>
    </bndbox>
  </object>
  <object>
    <name>WHITE</name>
    <occluded>0</occluded>
    <bndbox>
      <xmin>877.89</xmin>
      <ymin>529.16</ymin>
      <xmax>901.29</xmax>
      <ymax>574.7</ymax>
    </bndbox>
  </object>
  <object>
    <name>WHITE</name>
    <occluded>0</occluded>
    <bndbox>
      <xmin>918.44</xmin>
      <ymin>488.93</ymin>
      <xmax>939.65</xmax>
      <ymax>531.03</ymax>
    </bndbox>
  </object>
  <object>
    <name>WHITE</name>
    <occluded>0</occluded>
    <bndbox>
      <xmin>913.76</xmin>
      <ymin>408.15</ymin>
      <xmax>935.91</xmax>
      <ymax>451.5</ymax>
    </bndbox>
  </object>
  <object>
    <name>WHITE</name>
    <occluded>0</occluded>
    <bndbox>
      <xmin>885.07</xmin>
      <ymin>340.78</ymin>
      <xmax>915.32</xmax>
      <ymax>378.83</ymax>
    </bndbox>
  </object>
  <object>
    <name>WHITE</name>
    <occluded>0</occluded>
    <bndbox>
      <xmin>836.41</xmin>
      <ymin>304.29</ymin>
      <xmax>867.91</xmax>
      <ymax>342.34</ymax>
    </bndbox>
  </object>
  <object>
    <name>WHITE</name>
    <occluded>0</occluded>
    <bndbox>
      <xmin>763.12</xmin>
      <ymin>275.9</ymin>
      <xmax>804.29</xmax>
      <ymax>311.46</ymax>
    </bndbox>
  </object>
  <object>
    <name>WHITE</name>
    <occluded>0</occluded>
    <bndbox>
      <xmin>483.35</xmin>
      <ymin>264.99</ymin>
      <xmax>527.01</xmax>
      <ymax>297.74</ymax>
    </bndbox>
  </object>
  <object>
    <name>WHITE</name>
    <occluded>0</occluded>
    <bndbox>
      <xmin>423.46</xmin>
      <ymin>313.64</ymin>
      <xmax>464.32</xmax>
      <ymax>352.63</ymax>
    </bndbox>
  </object>
  <object>
    <name>WHITE</name>
    <occluded>0</occluded>
    <bndbox>
      <xmin>419.72</xmin>
      <ymin>271.54</ymin>
      <xmax>455.59</xmax>
      <ymax>310.21</ymax>
    </bndbox>
  </object>
  <object>
    <name>WHITE</name>
    <occluded>0</occluded>
    <bndbox>
      <xmin>496.45</xmin>
      <ymin>187.95</ymin>
      <xmax>535.43</xmax>
      <ymax>211.65</ymax>
    </bndbox>
  </object>
  <object>
    <name>WHITE</name>
    <occluded>0</occluded>
    <bndbox>
      <xmin>560.38</xmin>
      <ymin>192.32</ymin>
      <xmax>602.8</xmax>
      <ymax>211.96</ymax>
    </bndbox>
  </object>
  <object>
    <name>WHITE</name>
    <occluded>0</occluded>
    <bndbox>
      <xmin>495.82</xmin>
      <ymin>222.57</ymin>
      <xmax>536.99</xmax>
      <ymax>249.08</ymax>
    </bndbox>
  </object>
  <object>
    <name>WHITE</name>
    <occluded>0</occluded>
    <bndbox>
      <xmin>698.87</xmin>
      <ymin>232.24</ymin>
      <xmax>741.6</xmax>
      <ymax>253.76</ymax>
    </bndbox>
  </object>
  <object>
    <name>WHITE</name>
    <occluded>0</occluded>
    <bndbox>
      <xmin>332.39</xmin>
      <ymin>363.23</ymin>
      <xmax>356.4</xmax>
      <ymax>400.97</ymax>
    </bndbox>
  </object>
  <object>
    <name>WHITE</name>
    <occluded>0</occluded>
    <bndbox>
      <xmin>848.21</xmin>
      <ymin>730.4</ymin>
      <xmax>876.51</xmax>
      <ymax>766.79</ymax>
    </bndbox>
  </object>
  <object>
    <name>WHITE</name>
    <occluded>0</occluded>
    <bndbox>
      <xmin>470.5</xmin>
      <ymin>434.1</ymin>
      <xmax>518.7</xmax>
      <ymax>483.0</ymax>
    </bndbox>
  </object>
  <object>
    <name>WHITE</name>
    <occluded>0</occluded>
    <bndbox>
      <xmin>533.87</xmin>
      <ymin>368.93</ymin>
      <xmax>586.6</xmax>
      <ymax>417.2</ymax>
    </bndbox>
  </object>
  <object>
    <name>WHITE</name>
    <occluded>0</occluded>
    <bndbox>
      <xmin>562.0</xmin>
      <ymin>439.5</ymin>
      <xmax>614.0</xmax>
      <ymax>493.5</ymax>
    </bndbox>
  </object>
  <object>
    <name>WHITE</name>
    <occluded>0</occluded>
    <bndbox>
      <xmin>633.37</xmin>
      <ymin>372.26</ymin>
      <xmax>686.1</xmax>
      <ymax>423.0</ymax>
    </bndbox>
  </object>
  <object>
    <name>WHITE</name>
    <occluded>0</occluded>
    <bndbox>
      <xmin>701.0</xmin>
      <ymin>305.8</ymin>
      <xmax>747.1</xmax>
      <ymax>347.6</ymax>
    </bndbox>
  </object>
  <object>
    <name>WHITE</name>
    <occluded>0</occluded>
    <bndbox>
      <xmin>488.08</xmin>
      <ymin>660.31</ymin>
      <xmax>536.9</xmax>
      <ymax>705.3</ymax>
    </bndbox>
  </object>
  <object>
    <name>WHITE</name>
    <occluded>0</occluded>
    <bndbox>
      <xmin>452.81</xmin>
      <ymin>359.05</ymin>
      <xmax>497.19</xmax>
      <ymax>390.95</ymax>
    </bndbox>
  </object>
  <object>
    <name>WHITE</name>
    <occluded>0</occluded>
    <bndbox>
      <xmin>747.81</xmin>
      <ymin>726.47</ymin>
      <xmax>792.19</xmax>
      <ymax>757.53</ymax>
    </bndbox>
  </object>
  <object>
    <name>WHITE</name>
    <occluded>0</occluded>
    <bndbox>
      <xmin>646.0</xmin>
      <ymin>744.5</ymin>
      <xmax>690.0</xmax>
      <ymax>779.5</ymax>
    </bndbox>
  </object>
  <object>
    <name>WHITE</name>
    <occluded>0</occluded>
    <bndbox>
      <xmin>591.5</xmin>
      <ymin>799.0</ymin>
      <xmax>634.5</xmax>
      <ymax>827.0</ymax>
    </bndbox>
  </object>
  <object>
    <name>WHITE</name>
    <occluded>0</occluded>
    <bndbox>
      <xmin>758.35</xmin>
      <ymin>454.32</ymin>
      <xmax>797.65</xmax>
      <ymax>499.68</ymax>
    </bndbox>
  </object>
  <object>
    <name>WHITE</name>
    <occluded>0</occluded>
    <bndbox>
      <xmin>712.32</xmin>
      <ymin>911.55</ymin>
      <xmax>750.4</xmax>
      <ymax>952.9</ymax>
    </bndbox>
  </object>
  <object>
    <name>WHITE</name>
    <occluded>0</occluded>
    <bndbox>
      <xmin>867.15</xmin>
      <ymin>367.27</ymin>
      <xmax>897.7</xmax>
      <ymax>411.1</ymax>
    </bndbox>
  </object>
  <object>
    <name>WHITE</name>
    <occluded>0</occluded>
    <bndbox>
      <xmin>886.32</xmin>
      <ymin>445.88</ymin>
      <xmax>912.0</xmax>
      <ymax>490.6</ymax>
    </bndbox>
  </object>
  <object>
    <name>WHITE</name>
    <occluded>0</occluded>
    <bndbox>
      <xmin>822.8</xmin>
      <ymin>692.74</ymin>
      <xmax>857.95</xmax>
      <ymax>732.4</ymax>
    </bndbox>
  </object>
  <object>
    <name>WHITE</name>
    <occluded>0</occluded>
    <bndbox>
      <xmin>782.7</xmin>
      <ymin>766.48</ymin>
      <xmax>820.39</xmax>
      <ymax>801.4</ymax>
    </bndbox>
  </object>
  <object>
    <name>WHITE</name>
    <occluded>0</occluded>
    <bndbox>
      <xmin>662.73</xmin>
      <ymin>898.0</ymin>
      <xmax>703.5</xmax>
      <ymax>935.6</ymax>
    </bndbox>
  </object>
  <object>
    <name>WHITE</name>
    <occluded>0</occluded>
    <bndbox>
      <xmin>646.31</xmin>
      <ymin>923.46</ymin>
      <xmax>690.2</xmax>
      <ymax>960.0</ymax>
    </bndbox>
  </object>
  <object>
    <name>WHITE</name>
    <occluded>0</occluded>
    <bndbox>
      <xmin>800.93</xmin>
      <ymin>337.67</ymin>
      <xmax>842.4</xmax>
      <ymax>379.8</ymax>
    </bndbox>
  </object>
  <object>
    <name>WHITE</name>
    <occluded>0</occluded>
    <bndbox>
      <xmin>823.9</xmin>
      <ymin>410.32</ymin>
      <xmax>857.6</xmax>
      <ymax>457.4</ymax>
    </bndbox>
  </object>
  <object>
    <name>WHITE</name>
    <occluded>0</occluded>
    <bndbox>
      <xmin>830.99</xmin>
      <ymin>489.25</ymin>
      <xmax>865.9</xmax>
      <ymax>538.6</ymax>
    </bndbox>
  </object>
  <object>
    <name>WHITE</name>
    <occluded>0</occluded>
    <bndbox>
      <xmin>780.1</xmin>
      <ymin>654.38</ymin>
      <xmax>820.53</xmax>
      <ymax>694.8</ymax>
    </bndbox>
  </object>
  <object>
    <name>WHITE</name>
    <occluded>0</occluded>
    <bndbox>
      <xmin>700.69</xmin>
      <ymin>790.7</ymin>
      <xmax>746.4</xmax>
      <ymax>823.5</ymax>
    </bndbox>
  </object>
  <object>
    <name>WHITE</name>
    <occluded>0</occluded>
    <bndbox>
      <xmin>581.1</xmin>
      <ymin>930.12</ymin>
      <xmax>625.4</xmax>
      <ymax>960.0</ymax>
    </bndbox>
  </object>
  <object>
    <name>BLACK</name>
    <occluded>0</occluded>
    <bndbox>
      <xmin>769.9</xmin>
      <ymin>529.71</ymin>
      <xmax>813.2</xmax>
      <ymax>579.4</ymax>
    </bndbox>
  </object>
  <object>
    <name>WHITE</name>
    <occluded>0</occluded>
    <bndbox>
      <xmin>736.37</xmin>
      <ymin>596.2</ymin>
      <xmax>778.5</xmax>
      <ymax>641.1</ymax>
    </bndbox>
  </object>
  <object>
    <name>WHITE</name>
    <occluded>0</occluded>
    <bndbox>
      <xmin>700.4</xmin>
      <ymin>666.6</ymin>
      <xmax>750.8</xmax>
      <ymax>711.7</ymax>
    </bndbox>
  </object>
  <object>
    <name>WHITE</name>
    <occluded>0</occluded>
    <bndbox>
      <xmin>526.5</xmin>
      <ymin>894.2</ymin>
      <xmax>563.1</xmax>
      <ymax>925.22</ymax>
    </bndbox>
  </object>
  <object>
    <name>WHITE</name>
    <occluded>0</occluded>
    <bndbox>
      <xmin>694.11</xmin>
      <ymin>527.58</ymin>
      <xmax>742.6</xmax>
      <ymax>579.6</ymax>
    </bndbox>
  </object>
  <object>
    <name>WHITE</name>
    <occluded>0</occluded>
    <bndbox>
      <xmin>591.2</xmin>
      <ymin>678.14</ymin>
      <xmax>641.4</xmax>
      <ymax>719.3</ymax>
    </bndbox>
  </object>
  <object>
    <name>WHITE</name>
    <occluded>0</occluded>
    <bndbox>
      <xmin>535.51</xmin>
      <ymin>737.38</ymin>
      <xmax>585.0</xmax>
      <ymax>773.6</ymax>
    </bndbox>
  </object>
  <object>
    <name>WHITE</name>
    <occluded>0</occluded>
    <bndbox>
      <xmin>496.87</xmin>
      <ymin>780.51</ymin>
      <xmax>535.5</xmax>
      <ymax>815.7</ymax>
    </bndbox>
  </object>
  <object>
    <name>WHITE</name>
    <occluded>0</occluded>
    <bndbox>
      <xmin>344.08</xmin>
      <ymin>443.43</ymin>
      <xmax>370.51</xmax>
      <ymax>489.0</ymax>
    </bndbox>
  </object>
  <object>
    <name>BLACK</name>
    <occluded>0</occluded>
    <bndbox>
      <xmin>363.38</xmin>
      <ymin>486.57</ymin>
      <xmax>394.8</xmax>
      <ymax>537.3</ymax>
    </bndbox>
  </object>
  <object>
    <name>WHITE</name>
    <occluded>0</occluded>
    <bndbox>
      <xmin>415.82</xmin>
      <ymin>500.12</ymin>
      <xmax>458.1</xmax>
      <ymax>550.1</ymax>
    </bndbox>
  </object>
  <object>
    <name>WHITE</name>
    <occluded>0</occluded>
    <bndbox>
      <xmin>602.0</xmin>
      <ymin>311.7</ymin>
      <xmax>647.6</xmax>
      <ymax>351.2</ymax>
    </bndbox>
  </object>
  <object>
    <name>WHITE</name>
    <occluded>0</occluded>
    <bndbox>
      <xmin>661.71</xmin>
      <ymin>261.47</ymin>
      <xmax>708.0</xmax>
      <ymax>293.5</ymax>
    </bndbox>
  </object>
  <object>
    <name>WHITE</name>
    <occluded>0</occluded>
    <bndbox>
      <xmin>638.42</xmin>
      <ymin>607.64</ymin>
      <xmax>691.4</xmax>
      <ymax>652.36</ymax>
    </bndbox>
  </object>
  <object>
    <name>WHITE</name>
    <occluded>0</occluded>
    <bndbox>
      <xmin>397.6</xmin>
      <ymin>422.04</ymin>
      <xmax>437.29</xmax>
      <ymax>471.3</ymax>
    </bndbox>
  </object>
  <object>
    <name>WHITE</name>
    <occluded>0</occluded>
    <bndbox>
      <xmin>377.4</xmin>
      <ymin>375.04</ymin>
      <xmax>413.62</xmax>
      <ymax>420.6</ymax>
    </bndbox>
  </object>
  <object>
    <name>WHITE</name>
    <occluded>0</occluded>
    <bndbox>
      <xmin>336.4</xmin>
      <ymin>405.89</ymin>
      <xmax>359.88</xmax>
      <ymax>447.2</ymax>
    </bndbox>
  </object>
  <object>
    <name>WHITE</name>
    <occluded>0</occluded>
    <bndbox>
      <xmin>512.17</xmin>
      <ymin>301.19</ymin>
      <xmax>558.9</xmax>
      <ymax>340.1</ymax>
    </bndbox>
  </object>
  <object>
    <name>WHITE</name>
    <occluded>0</occluded>
    <bndbox>
      <xmin>573.36</xmin>
      <ymin>259.94</ymin>
      <xmax>619.3</xmax>
      <ymax>289.6</ymax>
    </bndbox>
  </object>
  <object>
    <name>WHITE</name>
    <occluded>0</occluded>
    <bndbox>
      <xmin>411.62</xmin>
      <ymin>638.57</ymin>
      <xmax>450.7</xmax>
      <ymax>681.3</ymax>
    </bndbox>
  </object>
  <object>
    <name>WHITE</name>
    <occluded>0</occluded>
    <bndbox>
      <xmin>447.26</xmin>
      <ymin>585.73</ymin>
      <xmax>493.0</xmax>
      <ymax>630.27</ymax>
    </bndbox>
  </object>
  <object>
    <name>WHITE</name>
    <occluded>0</occluded>
    <bndbox>
      <xmin>497.05</xmin>
      <ymin>513.03</ymin>
      <xmax>550.1</xmax>
      <ymax>565.1</ymax>
    </bndbox>
  </object>
  <object>
    <name>WHITE</name>
    <occluded>0</occluded>
    <bndbox>
      <xmin>450.41</xmin>
      <ymin>714.2</ymin>
      <xmax>489.5</xmax>
      <ymax>754.3</ymax>
    </bndbox>
  </object>
  <object>
    <name>WHITE</name>
    <occluded>0</occluded>
    <bndbox>
      <xmin>536.5</xmin>
      <ymin>599.0</ymin>
      <xmax>587.5</xmax>
      <ymax>647.5</ymax>
    </bndbox>
  </object>
  <object>
    <name>WHITE</name>
    <occluded>0</occluded>
    <bndbox>
      <xmin>560.57</xmin>
      <ymin>224.13</ymin>
      <xmax>606.3</xmax>
      <ymax>250.9</ymax>
    </bndbox>
  </object>
  <object>
    <name>WHITE</name>
    <occluded>0</occluded>
    <bndbox>
      <xmin>735.5</xmin>
      <ymin>374.1</ymin>
      <xmax>777.09</xmax>
      <ymax>422.1</ymax>
    </bndbox>
  </object>
  <object>
    <name>WHITE</name>
    <occluded>0</occluded>
    <bndbox>
      <xmin>596.82</xmin>
      <ymin>521.45</ymin>
      <xmax>645.3</xmax>
      <ymax>573.7</ymax>
    </bndbox>
  </object>
  <object>
    <name>WHITE</name>
    <occluded>0</occluded>
    <bndbox>
      <xmin>663.42</xmin>
      <ymin>449.9</ymin>
      <xmax>712.2</xmax>
      <ymax>499.26</ymax>
    </bndbox>
  </object>
  <object>
    <name>BLACK</name>
    <occluded>0</occluded>
    <bndbox>
      <xmin>626.2</xmin>
      <ymin>228.88</ymin>
      <xmax>675.5</xmax>
      <ymax>251.6</ymax>
    </bndbox>
  </object>
  <object>
    <name>WHITE</name>
    <occluded>0</occluded>
    <bndbox>
      <xmin>729.42</xmin>
      <ymin>876.55</ymin>
      <xmax>767.5</xmax>
      <ymax>915.1</ymax>
    </bndbox>
  </object>
</annotation>
