<annotation>
  <folder>EN</folder>
  <filename>EN_camera4.png</filename>
  <source>
    <database>Unknown</database>
    <annotation>Unknown</annotation>
    <image>Unknown</image>
  </source>
  <size>
    <width>1280</width>
    <height>960</height>
    <depth></depth>
  </size>
  <segmented>0</segmented>
  <object>
    <name>WHITE</name>
    <occluded>0</occluded>
    <bndbox>
      <xmin>450.6</xmin>
      <ymin>798.7</ymin>
      <xmax>489.9</xmax>
      <ymax>830.3</ymax>
    </bndbox>
  </object>
  <object>
    <name>BLACK</name>
    <occluded>0</occluded>
    <bndbox>
      <xmin>791.64</xmin>
      <ymin>535.32</ymin>
      <xmax>834.5</xmax>
      <ymax>586.7</ymax>
    </bndbox>
  </object>
  <object>
    <name>WHITE</name>
    <occluded>0</occluded>
    <bndbox>
      <xmin>759.31</xmin>
      <ymin>618.51</ymin>
      <xmax>805.7</xmax>
      <ymax>659.49</ymax>
    </bndbox>
  </object>
  <object>
    <name>WHITE</name>
    <occluded>0</occluded>
    <bndbox>
      <xmin>720.45</xmin>
      <ymin>684.33</ymin>
      <xmax>767.1</xmax>
      <ymax>726.0</ymax>
    </bndbox>
  </object>
  <object>
    <name>WHITE</name>
    <occluded>0</occluded>
    <bndbox>
      <xmin>682.47</xmin>
      <ymin>756.9</ymin>
      <xmax>726.0</xmax>
      <ymax>788.65</ymax>
    </bndbox>
  </object>
  <object>
    <name>WHITE</name>
    <occluded>0</occluded>
    <bndbox>
      <xmin>647.7</xmin>
      <ymin>809.51</ymin>
      <xmax>688.18</xmax>
      <ymax>846.6</ymax>
    </bndbox>
  </object>
  <object>
    <name>WHITE</name>
    <occluded>0</occluded>
    <bndbox>
      <xmin>559.9</xmin>
      <ymin>897.1</ymin>
      <xmax>601.0</xmax>
      <ymax>926.06</ymax>
    </bndbox>
  </object>
  <object>
    <name>WHITE</name>
    <occluded>0</occluded>
    <bndbox>
      <xmin>553.76</xmin>
      <ymin>922.78</ymin>
      <xmax>589.3</xmax>
      <ymax>960.0</ymax>
    </bndbox>
  </object>
  <object>
    <name>WHITE</name>
    <occluded>0</occluded>
    <bndbox>
      <xmin>757.55</xmin>
      <ymin>463.73</ymin>
      <xmax>801.3</xmax>
      <ymax>513.5</ymax>
    </bndbox>
  </object>
  <object>
    <name>WHITE</name>
    <occluded>0</occluded>
    <bndbox>
      <xmin>707.91</xmin>
      <ymin>543.5</ymin>
      <xmax>754.0</xmax>
      <ymax>591.21</ymax>
    </bndbox>
  </object>
  <object>
    <name>WHITE</name>
    <occluded>0</occluded>
    <bndbox>
      <xmin>668.04</xmin>
      <ymin>620.4</ymin>
      <xmax>714.3</xmax>
      <ymax>665.45</ymax>
    </bndbox>
  </object>
  <object>
    <name>WHITE</name>
    <occluded>0</occluded>
    <bndbox>
      <xmin>625.56</xmin>
      <ymin>691.06</ymin>
      <xmax>670.56</xmax>
      <ymax>735.1</ymax>
    </bndbox>
  </object>
  <object>
    <name>WHITE</name>
    <occluded>0</occluded>
    <bndbox>
      <xmin>576.0</xmin>
      <ymin>751.82</ymin>
      <xmax>623.3</xmax>
      <ymax>789.9</ymax>
    </bndbox>
  </object>
  <object>
    <name>WHITE</name>
    <occluded>0</occluded>
    <bndbox>
      <xmin>527.16</xmin>
      <ymin>814.78</ymin>
      <xmax>568.4</xmax>
      <ymax>844.0</ymax>
    </bndbox>
  </object>
  <object>
    <name>WHITE</name>
    <occluded>0</occluded>
    <bndbox>
      <xmin>514.14</xmin>
      <ymin>857.62</ymin>
      <xmax>552.5</xmax>
      <ymax>884.5</ymax>
    </bndbox>
  </object>
  <object>
    <name>WHITE</name>
    <occluded>0</occluded>
    <bndbox>
      <xmin>702.8</xmin>
      <ymin>392.8</ymin>
      <xmax>747.0</xmax>
      <ymax>435.5</ymax>
    </bndbox>
  </object>
  <object>
    <name>WHITE</name>
    <occluded>0</occluded>
    <bndbox>
      <xmin>654.0</xmin>
      <ymin>472.3</ymin>
      <xmax>701.0</xmax>
      <ymax>517.5</ymax>
    </bndbox>
  </object>
  <object>
    <name>WHITE</name>
    <occluded>0</occluded>
    <bndbox>
      <xmin>477.6</xmin>
      <ymin>747.11</ymin>
      <xmax>521.6</xmax>
      <ymax>780.6</ymax>
    </bndbox>
  </object>
  <object>
    <name>WHITE</name>
    <occluded>0</occluded>
    <bndbox>
      <xmin>602.5</xmin>
      <ymin>402.63</ymin>
      <xmax>649.1</xmax>
      <ymax>448.2</ymax>
    </bndbox>
  </object>
  <object>
    <name>WHITE</name>
    <occluded>0</occluded>
    <bndbox>
      <xmin>558.5</xmin>
      <ymin>468.5</ymin>
      <xmax>603.4</xmax>
      <ymax>516.4</ymax>
    </bndbox>
  </object>
  <object>
    <name>WHITE</name>
    <occluded>0</occluded>
    <bndbox>
      <xmin>420.31</xmin>
      <ymin>669.36</ymin>
      <xmax>460.8</xmax>
      <ymax>710.8</ymax>
    </bndbox>
  </object>
  <object>
    <name>WHITE</name>
    <occluded>0</occluded>
    <bndbox>
      <xmin>565.6</xmin>
      <ymin>622.0</ymin>
      <xmax>610.21</xmax>
      <ymax>667.11</ymax>
    </bndbox>
  </object>
  <object>
    <name>WHITE</name>
    <occluded>0</occluded>
    <bndbox>
      <xmin>518.01</xmin>
      <ymin>688.52</ymin>
      <xmax>568.2</xmax>
      <ymax>733.6</ymax>
    </bndbox>
  </object>
  <object>
    <name>WHITE</name>
    <occluded>0</occluded>
    <bndbox>
      <xmin>429.84</xmin>
      <ymin>397.41</ymin>
      <xmax>463.9</xmax>
      <ymax>444.5</ymax>
    </bndbox>
  </object>
  <object>
    <name>WHITE</name>
    <occluded>0</occluded>
    <bndbox>
      <xmin>952.7</xmin>
      <ymin>439.83</ymin>
      <xmax>973.9</xmax>
      <ymax>482.2</ymax>
    </bndbox>
  </object>
  <object>
    <name>WHITE</name>
    <occluded>0</occluded>
    <bndbox>
      <xmin>617.5</xmin>
      <ymin>298.0</ymin>
      <xmax>658.5</xmax>
      <ymax>320.0</ymax>
    </bndbox>
  </object>
  <object>
    <name>WHITE</name>
    <occluded>0</occluded>
    <bndbox>
      <xmin>741.51</xmin>
      <ymin>238.03</ymin>
      <xmax>781.18</xmax>
      <ymax>258.62</ymax>
    </bndbox>
  </object>
  <object>
    <name>WHITE</name>
    <occluded>0</occluded>
    <bndbox>
      <xmin>724.29</xmin>
      <ymin>269.1</ymin>
      <xmax>764.34</xmax>
      <ymax>288.19</ymax>
    </bndbox>
  </object>
  <object>
    <name>WHITE</name>
    <occluded>0</occluded>
    <bndbox>
      <xmin>796.9</xmin>
      <ymin>275.84</ymin>
      <xmax>835.82</xmax>
      <ymax>302.04</ymax>
    </bndbox>
  </object>
  <object>
    <name>WHITE</name>
    <occluded>0</occluded>
    <bndbox>
      <xmin>788.29</xmin>
      <ymin>316.63</ymin>
      <xmax>830.21</xmax>
      <ymax>346.57</ymax>
    </bndbox>
  </object>
  <object>
    <name>WHITE</name>
    <occluded>0</occluded>
    <bndbox>
      <xmin>759.85</xmin>
      <ymin>355.56</ymin>
      <xmax>803.26</xmax>
      <ymax>388.87</ymax>
    </bndbox>
  </object>
  <object>
    <name>WHITE</name>
    <occluded>0</occluded>
    <bndbox>
      <xmin>835.45</xmin>
      <ymin>374.64</ymin>
      <xmax>875.12</xmax>
      <ymax>413.94</ymax>
    </bndbox>
  </object>
  <object>
    <name>WHITE</name>
    <occluded>0</occluded>
    <bndbox>
      <xmin>855.29</xmin>
      <ymin>334.6</ymin>
      <xmax>893.46</xmax>
      <ymax>368.28</ymax>
    </bndbox>
  </object>
  <object>
    <name>BLACK</name>
    <occluded>0</occluded>
    <bndbox>
      <xmin>917.42</xmin>
      <ymin>330.85</ymin>
      <xmax>950.73</xmax>
      <ymax>364.17</ymax>
    </bndbox>
  </object>
  <object>
    <name>WHITE</name>
    <occluded>0</occluded>
    <bndbox>
      <xmin>915.92</xmin>
      <ymin>363.79</ymin>
      <xmax>946.61</xmax>
      <ymax>401.59</ymax>
    </bndbox>
  </object>
  <object>
    <name>WHITE</name>
    <occluded>0</occluded>
    <bndbox>
      <xmin>963.83</xmin>
      <ymin>527.35</ymin>
      <xmax>984.79</xmax>
      <ymax>571.89</ymax>
    </bndbox>
  </object>
  <object>
    <name>WHITE</name>
    <occluded>0</occluded>
    <bndbox>
      <xmin>724.97</xmin>
      <ymin>804.16</ymin>
      <xmax>764.6</xmax>
      <ymax>837.0</ymax>
    </bndbox>
  </object>
  <object>
    <name>BLACK</name>
    <occluded>0</occluded>
    <bndbox>
      <xmin>374.11</xmin>
      <ymin>536.91</ymin>
      <xmax>407.1</xmax>
      <ymax>584.5</ymax>
    </bndbox>
  </object>
  <object>
    <name>WHITE</name>
    <occluded>0</occluded>
    <bndbox>
      <xmin>392.0</xmin>
      <ymin>469.46</ymin>
      <xmax>429.11</xmax>
      <ymax>514.3</ymax>
    </bndbox>
  </object>
  <object>
    <name>WHITE</name>
    <occluded>0</occluded>
    <bndbox>
      <xmin>558.5</xmin>
      <ymin>344.5</ymin>
      <xmax>603.5</xmax>
      <ymax>382.6</ymax>
    </bndbox>
  </object>
  <object>
    <name>WHITE</name>
    <occluded>0</occluded>
    <bndbox>
      <xmin>506.08</xmin>
      <ymin>406.08</ymin>
      <xmax>550.3</xmax>
      <ymax>446.6</ymax>
    </bndbox>
  </object>
  <object>
    <name>WHITE</name>
    <occluded>0</occluded>
    <bndbox>
      <xmin>463.16</xmin>
      <ymin>470.96</ymin>
      <xmax>503.5</xmax>
      <ymax>519.2</ymax>
    </bndbox>
  </object>
  <object>
    <name>WHITE</name>
    <occluded>0</occluded>
    <bndbox>
      <xmin>429.8</xmin>
      <ymin>540.74</ymin>
      <xmax>470.22</xmax>
      <ymax>584.74</ymax>
    </bndbox>
  </object>
  <object>
    <name>WHITE</name>
    <occluded>0</occluded>
    <bndbox>
      <xmin>653.0</xmin>
      <ymin>268.5</ymin>
      <xmax>693.0</xmax>
      <ymax>283.5</ymax>
    </bndbox>
  </object>
  <object>
    <name>WHITE</name>
    <occluded>0</occluded>
    <bndbox>
      <xmin>689.2</xmin>
      <ymin>852.48</ymin>
      <xmax>730.8</xmax>
      <ymax>877.52</ymax>
    </bndbox>
  </object>
  <object>
    <name>WHITE</name>
    <occluded>0</occluded>
    <bndbox>
      <xmin>611.42</xmin>
      <ymin>548.19</ymin>
      <xmax>656.58</xmax>
      <ymax>593.81</ymax>
    </bndbox>
  </object>
  <object>
    <name>WHITE</name>
    <occluded>0</occluded>
    <bndbox>
      <xmin>658.5</xmin>
      <ymin>338.5</ymin>
      <xmax>701.5</xmax>
      <ymax>369.5</ymax>
    </bndbox>
  </object>
  <object>
    <name>WHITE</name>
    <occluded>0</occluded>
    <bndbox>
      <xmin>446.79</xmin>
      <ymin>883.57</ymin>
      <xmax>474.55</xmax>
      <ymax>919.13</ymax>
    </bndbox>
  </object>
  <object>
    <name>WHITE</name>
    <occluded>0</occluded>
    <bndbox>
      <xmin>448.04</xmin>
      <ymin>834.91</ymin>
      <xmax>480.16</xmax>
      <ymax>867.04</ymax>
    </bndbox>
  </object>
  <object>
    <name>WHITE</name>
    <occluded>0</occluded>
    <bndbox>
      <xmin>881.95</xmin>
      <ymin>634.24</ymin>
      <xmax>911.89</xmax>
      <ymax>676.66</ymax>
    </bndbox>
  </object>
  <object>
    <name>WHITE</name>
    <occluded>0</occluded>
    <bndbox>
      <xmin>910.64</xmin>
      <ymin>671.67</ymin>
      <xmax>936.2</xmax>
      <ymax>712.84</ymax>
    </bndbox>
  </object>
  <object>
    <name>WHITE</name>
    <occluded>0</occluded>
    <bndbox>
      <xmin>941.52</xmin>
      <ymin>776.78</ymin>
      <xmax>969.59</xmax>
      <ymax>812.96</ymax>
    </bndbox>
  </object>
  <object>
    <name>WHITE</name>
    <occluded>0</occluded>
    <bndbox>
      <xmin>956.49</xmin>
      <ymin>800.48</ymin>
      <xmax>980.19</xmax>
      <ymax>836.97</ymax>
    </bndbox>
  </object>
  <object>
    <name>BLACK</name>
    <occluded>0</occluded>
    <bndbox>
      <xmin>967.29</xmin>
      <ymin>715.02</ymin>
      <xmax>988.34</xmax>
      <ymax>751.14</ymax>
    </bndbox>
  </object>
  <object>
    <name>WHITE</name>
    <occluded>0</occluded>
    <bndbox>
      <xmin>929.76</xmin>
      <ymin>583.56</ymin>
      <xmax>953.46</xmax>
      <ymax>626.29</ymax>
    </bndbox>
  </object>
  <object>
    <name>WHITE</name>
    <occluded>0</occluded>
    <bndbox>
      <xmin>405.24</xmin>
      <ymin>725.15</ymin>
      <xmax>441.17</xmax>
      <ymax>764.23</ymax>
    </bndbox>
  </object>
  <object>
    <name>WHITE</name>
    <occluded>0</occluded>
    <bndbox>
      <xmin>366.99</xmin>
      <ymin>653.91</ymin>
      <xmax>397.66</xmax>
      <ymax>692.64</ymax>
    </bndbox>
  </object>
  <object>
    <name>WHITE</name>
    <occluded>0</occluded>
    <bndbox>
      <xmin>389.61</xmin>
      <ymin>772.43</ymin>
      <xmax>422.61</xmax>
      <ymax>805.18</ymax>
    </bndbox>
  </object>
  <object>
    <name>WHITE</name>
    <occluded>0</occluded>
    <bndbox>
      <xmin>344.9</xmin>
      <ymin>572.56</ymin>
      <xmax>381.81</xmax>
      <ymax>616.74</ymax>
    </bndbox>
  </object>
  <object>
    <name>WHITE</name>
    <occluded>0</occluded>
    <bndbox>
      <xmin>342.53</xmin>
      <ymin>498.16</ymin>
      <xmax>366.11</xmax>
      <ymax>542.69</ymax>
    </bndbox>
  </object>
  <object>
    <name>WHITE</name>
    <occluded>0</occluded>
    <bndbox>
      <xmin>364.24</xmin>
      <ymin>424.8</ymin>
      <xmax>390.06</xmax>
      <ymax>471.96</ymax>
    </bndbox>
  </object>
  <object>
    <name>WHITE</name>
    <occluded>0</occluded>
    <bndbox>
      <xmin>396.05</xmin>
      <ymin>362.67</ymin>
      <xmax>429.7</xmax>
      <ymax>404.96</ymax>
    </bndbox>
  </object>
  <object>
    <name>WHITE</name>
    <occluded>0</occluded>
    <bndbox>
      <xmin>475.4</xmin>
      <ymin>340.21</ymin>
      <xmax>515.82</xmax>
      <ymax>378.01</ymax>
    </bndbox>
  </object>
  <object>
    <name>BLACK</name>
    <occluded>0</occluded>
    <bndbox>
      <xmin>577.58</xmin>
      <ymin>273.59</ymin>
      <xmax>619.5</xmax>
      <ymax>292.3</ymax>
    </bndbox>
  </object>
  <object>
    <name>WHITE</name>
    <occluded>0</occluded>
    <bndbox>
      <xmin>448.08</xmin>
      <ymin>315.13</ymin>
      <xmax>483.26</xmax>
      <ymax>344.7</ymax>
    </bndbox>
  </object>
  <object>
    <name>WHITE</name>
    <occluded>0</occluded>
    <bndbox>
      <xmin>522.93</xmin>
      <ymin>301.66</ymin>
      <xmax>564.85</xmax>
      <ymax>324.12</ymax>
    </bndbox>
  </object>
  <object>
    <name>WHITE</name>
    <occluded>0</occluded>
    <bndbox>
      <xmin>666.28</xmin>
      <ymin>240.28</ymin>
      <xmax>708.57</xmax>
      <ymax>260.12</ymax>
    </bndbox>
  </object>
  <object>
    <name>WHITE</name>
    <occluded>0</occluded>
    <bndbox>
      <xmin>610.54</xmin>
      <ymin>935.97</ymin>
      <xmax>655.14</xmax>
      <ymax>960.0</ymax>
    </bndbox>
  </object>
  <object>
    <name>WHITE</name>
    <occluded>0</occluded>
    <bndbox>
      <xmin>637.67</xmin>
      <ymin>895.42</ymin>
      <xmax>673.54</xmax>
      <ymax>924.74</ymax>
    </bndbox>
  </object>
  <object>
    <name>BLACK</name>
    <occluded>0</occluded>
    <bndbox>
      <xmin>602.74</xmin>
      <ymin>865.17</ymin>
      <xmax>645.2</xmax>
      <ymax>896.67</ymax>
    </bndbox>
  </object>
  <object>
    <name>WHITE</name>
    <occluded>0</occluded>
    <bndbox>
      <xmin>489.83</xmin>
      <ymin>903.84</ymin>
      <xmax>525.39</xmax>
      <ymax>944.7</ymax>
    </bndbox>
  </object>
  <object>
    <name>WHITE</name>
    <occluded>0</occluded>
    <bndbox>
      <xmin>518.0</xmin>
      <ymin>544.5</ymin>
      <xmax>560.0</xmax>
      <ymax>589.5</ymax>
    </bndbox>
  </object>
  <object>
    <name>WHITE</name>
    <occluded>0</occluded>
    <bndbox>
      <xmin>827.4</xmin>
      <ymin>878.67</ymin>
      <xmax>859.46</xmax>
      <ymax>911.8</ymax>
    </bndbox>
  </object>
  <object>
    <name>WHITE</name>
    <occluded>0</occluded>
    <bndbox>
      <xmin>791.0</xmin>
      <ymin>929.25</ymin>
      <xmax>829.3</xmax>
      <ymax>960.0</ymax>
    </bndbox>
  </object>
  <object>
    <name>WHITE</name>
    <occluded>0</occluded>
    <bndbox>
      <xmin>904.53</xmin>
      <ymin>406.34</ymin>
      <xmax>934.1</xmax>
      <ymax>447.4</ymax>
    </bndbox>
  </object>
  <object>
    <name>WHITE</name>
    <occluded>0</occluded>
    <bndbox>
      <xmin>931.0</xmin>
      <ymin>490.0</ymin>
      <xmax>953.8</xmax>
      <ymax>533.7</ymax>
    </bndbox>
  </object>
  <object>
    <name>WHITE</name>
    <occluded>0</occluded>
    <bndbox>
      <xmin>789.6</xmin>
      <ymin>861.86</ymin>
      <xmax>823.34</xmax>
      <ymax>896.2</ymax>
    </bndbox>
  </object>
  <object>
    <name>WHITE</name>
    <occluded>0</occluded>
    <bndbox>
      <xmin>761.3</xmin>
      <ymin>908.9</ymin>
      <xmax>798.8</xmax>
      <ymax>939.8</ymax>
    </bndbox>
  </object>
  <object>
    <name>WHITE</name>
    <occluded>0</occluded>
    <bndbox>
      <xmin>878.28</xmin>
      <ymin>450.74</ymin>
      <xmax>908.4</xmax>
      <ymax>494.8</ymax>
    </bndbox>
  </object>
  <object>
    <name>WHITE</name>
    <occluded>0</occluded>
    <bndbox>
      <xmin>890.01</xmin>
      <ymin>539.0</ymin>
      <xmax>922.1</xmax>
      <ymax>585.1</ymax>
    </bndbox>
  </object>
  <object>
    <name>WHITE</name>
    <occluded>0</occluded>
    <bndbox>
      <xmin>793.1</xmin>
      <ymin>782.82</ymin>
      <xmax>829.42</xmax>
      <ymax>820.7</ymax>
    </bndbox>
  </object>
  <object>
    <name>WHITE</name>
    <occluded>0</occluded>
    <bndbox>
      <xmin>851.5</xmin>
      <ymin>713.91</ymin>
      <xmax>883.52</xmax>
      <ymax>755.6</ymax>
    </bndbox>
  </object>
  <object>
    <name>WHITE</name>
    <occluded>0</occluded>
    <bndbox>
      <xmin>686.44</xmin>
      <ymin>928.19</ymin>
      <xmax>727.9</xmax>
      <ymax>960.0</ymax>
    </bndbox>
  </object>
  <object>
    <name>WHITE</name>
    <occluded>0</occluded>
    <bndbox>
      <xmin>713.3</xmin>
      <ymin>304.9</ymin>
      <xmax>755.58</xmax>
      <ymax>329.76</ymax>
    </bndbox>
  </object>
  <object>
    <name>WHITE</name>
    <occluded>0</occluded>
    <bndbox>
      <xmin>804.5</xmin>
      <ymin>414.23</ymin>
      <xmax>846.1</xmax>
      <ymax>459.6</ymax>
    </bndbox>
  </object>
  <object>
    <name>WHITE</name>
    <occluded>0</occluded>
    <bndbox>
      <xmin>832.89</xmin>
      <ymin>492.88</ymin>
      <xmax>875.8</xmax>
      <ymax>538.4</ymax>
    </bndbox>
  </object>
  <object>
    <name>WHITE</name>
    <occluded>0</occluded>
    <bndbox>
      <xmin>843.8</xmin>
      <ymin>582.68</ymin>
      <xmax>878.02</xmax>
      <ymax>629.4</ymax>
    </bndbox>
  </object>
  <object>
    <name>WHITE</name>
    <occluded>0</occluded>
    <bndbox>
      <xmin>807.3</xmin>
      <ymin>666.56</ymin>
      <xmax>843.36</xmax>
      <ymax>709.4</ymax>
    </bndbox>
  </object>
  <object>
    <name>WHITE</name>
    <occluded>0</occluded>
    <bndbox>
      <xmin>773.0</xmin>
      <ymin>744.94</ymin>
      <xmax>812.69</xmax>
      <ymax>777.4</ymax>
    </bndbox>
  </object>
  <object>
    <name>WHITE</name>
    <occluded>0</occluded>
    <bndbox>
      <xmin>395.06</xmin>
      <ymin>612.23</ymin>
      <xmax>436.0</xmax>
      <ymax>647.3</ymax>
    </bndbox>
  </object>
  <object>
    <name>WHITE</name>
    <occluded>0</occluded>
    <bndbox>
      <xmin>474.5</xmin>
      <ymin>613.5</ymin>
      <xmax>513.5</xmax>
      <ymax>656.5</ymax>
    </bndbox>
  </object>
  <object>
    <name>WHITE</name>
    <occluded>0</occluded>
    <bndbox>
      <xmin>711.65</xmin>
      <ymin>888.15</ymin>
      <xmax>752.35</xmax>
      <ymax>911.85</ymax>
    </bndbox>
  </object>
</annotation>
