<annotation>
  <folder>EN</folder>
  <filename>EN_camera6.png</filename>
  <source>
    <database>Unknown</database>
    <annotation>Unknown</annotation>
    <image>Unknown</image>
  </source>
  <size>
    <width>1280</width>
    <height>960</height>
    <depth></depth>
  </size>
  <segmented>0</segmented>
  <object>
    <name>WHITE</name>
    <occluded>0</occluded>
    <bndbox>
      <xmin>473.44</xmin>
      <ymin>809.94</ymin>
      <xmax>519.4</xmax>
      <ymax>848.7</ymax>
    </bndbox>
  </object>
  <object>
    <name>WHITE</name>
    <occluded>0</occluded>
    <bndbox>
      <xmin>697.6</xmin>
      <ymin>480.09</ymin>
      <xmax>743.91</xmax>
      <ymax>526.7</ymax>
    </bndbox>
  </object>
  <object>
    <name>WHITE</name>
    <occluded>0</occluded>
    <bndbox>
      <xmin>757.37</xmin>
      <ymin>414.44</ymin>
      <xmax>801.3</xmax>
      <ymax>461.04</ymax>
    </bndbox>
  </object>
  <object>
    <name>WHITE</name>
    <occluded>0</occluded>
    <bndbox>
      <xmin>819.2</xmin>
      <ymin>349.73</ymin>
      <xmax>860.2</xmax>
      <ymax>392.5</ymax>
    </bndbox>
  </object>
  <object>
    <name>WHITE</name>
    <occluded>0</occluded>
    <bndbox>
      <xmin>568.32</xmin>
      <ymin>759.7</ymin>
      <xmax>615.9</xmax>
      <ymax>791.9</ymax>
    </bndbox>
  </object>
  <object>
    <name>WHITE</name>
    <occluded>0</occluded>
    <bndbox>
      <xmin>629.59</xmin>
      <ymin>698.4</ymin>
      <xmax>676.4</xmax>
      <ymax>737.1</ymax>
    </bndbox>
  </object>
  <object>
    <name>WHITE</name>
    <occluded>0</occluded>
    <bndbox>
      <xmin>674.5</xmin>
      <ymin>636.5</ymin>
      <xmax>724.0</xmax>
      <ymax>678.9</ymax>
    </bndbox>
  </object>
  <object>
    <name>WHITE</name>
    <occluded>0</occluded>
    <bndbox>
      <xmin>720.71</xmin>
      <ymin>568.46</ymin>
      <xmax>768.6</xmax>
      <ymax>615.0</ymax>
    </bndbox>
  </object>
  <object>
    <name>WHITE</name>
    <occluded>0</occluded>
    <bndbox>
      <xmin>767.0</xmin>
      <ymin>493.0</ymin>
      <xmax>814.6</xmax>
      <ymax>540.7</ymax>
    </bndbox>
  </object>
  <object>
    <name>WHITE</name>
    <occluded>0</occluded>
    <bndbox>
      <xmin>828.95</xmin>
      <ymin>432.24</ymin>
      <xmax>869.7</xmax>
      <ymax>479.4</ymax>
    </bndbox>
  </object>
  <object>
    <name>BLACK</name>
    <occluded>0</occluded>
    <bndbox>
      <xmin>607.64</xmin>
      <ymin>816.69</ymin>
      <xmax>653.3</xmax>
      <ymax>846.6</ymax>
    </bndbox>
  </object>
  <object>
    <name>WHITE</name>
    <occluded>0</occluded>
    <bndbox>
      <xmin>650.4</xmin>
      <ymin>764.5</ymin>
      <xmax>696.32</xmax>
      <ymax>801.53</ymax>
    </bndbox>
  </object>
  <object>
    <name>WHITE</name>
    <occluded>0</occluded>
    <bndbox>
      <xmin>709.04</xmin>
      <ymin>714.47</ymin>
      <xmax>756.9</xmax>
      <ymax>749.15</ymax>
    </bndbox>
  </object>
  <object>
    <name>WHITE</name>
    <occluded>0</occluded>
    <bndbox>
      <xmin>755.0</xmin>
      <ymin>648.5</ymin>
      <xmax>797.8</xmax>
      <ymax>690.5</ymax>
    </bndbox>
  </object>
  <object>
    <name>WHITE</name>
    <occluded>0</occluded>
    <bndbox>
      <xmin>795.95</xmin>
      <ymin>574.8</ymin>
      <xmax>837.2</xmax>
      <ymax>622.7</ymax>
    </bndbox>
  </object>
  <object>
    <name>WHITE</name>
    <occluded>0</occluded>
    <bndbox>
      <xmin>411.9</xmin>
      <ymin>869.9</ymin>
      <xmax>452.1</xmax>
      <ymax>906.6</ymax>
    </bndbox>
  </object>
  <object>
    <name>WHITE</name>
    <occluded>0</occluded>
    <bndbox>
      <xmin>411.7</xmin>
      <ymin>836.5</ymin>
      <xmax>454.55</xmax>
      <ymax>862.63</ymax>
    </bndbox>
  </object>
  <object>
    <name>WHITE</name>
    <occluded>0</occluded>
    <bndbox>
      <xmin>532.23</xmin>
      <ymin>342.7</ymin>
      <xmax>577.6</xmax>
      <ymax>388.4</ymax>
    </bndbox>
  </object>
  <object>
    <name>WHITE</name>
    <occluded>0</occluded>
    <bndbox>
      <xmin>541.0</xmin>
      <ymin>818.0</ymin>
      <xmax>583.5</xmax>
      <ymax>848.0</ymax>
    </bndbox>
  </object>
  <object>
    <name>WHITE</name>
    <occluded>0</occluded>
    <bndbox>
      <xmin>594.6</xmin>
      <ymin>904.59</ymin>
      <xmax>634.24</xmax>
      <ymax>928.3</ymax>
    </bndbox>
  </object>
  <object>
    <name>WHITE</name>
    <occluded>0</occluded>
    <bndbox>
      <xmin>644.7</xmin>
      <ymin>919.32</ymin>
      <xmax>683.04</xmax>
      <ymax>940.2</ymax>
    </bndbox>
  </object>
  <object>
    <name>WHITE</name>
    <occluded>0</occluded>
    <bndbox>
      <xmin>926.9</xmin>
      <ymin>646.11</ymin>
      <xmax>954.19</xmax>
      <ymax>683.8</ymax>
    </bndbox>
  </object>
  <object>
    <name>WHITE</name>
    <occluded>0</occluded>
    <bndbox>
      <xmin>281.11</xmin>
      <ymin>509.94</ymin>
      <xmax>298.7</xmax>
      <ymax>552.24</ymax>
    </bndbox>
  </object>
  <object>
    <name>WHITE</name>
    <occluded>0</occluded>
    <bndbox>
      <xmin>473.63</xmin>
      <ymin>236.83</ymin>
      <xmax>515.22</xmax>
      <ymax>257.88</ymax>
    </bndbox>
  </object>
  <object>
    <name>WHITE</name>
    <occluded>0</occluded>
    <bndbox>
      <xmin>356.64</xmin>
      <ymin>298.68</ymin>
      <xmax>388.04</xmax>
      <ymax>334.42</ymax>
    </bndbox>
  </object>
  <object>
    <name>WHITE</name>
    <occluded>0</occluded>
    <bndbox>
      <xmin>421.06</xmin>
      <ymin>279.27</ymin>
      <xmax>460.36</xmax>
      <ymax>314.21</ymax>
    </bndbox>
  </object>
  <object>
    <name>WHITE</name>
    <occluded>0</occluded>
    <bndbox>
      <xmin>542.7</xmin>
      <ymin>240.6</ymin>
      <xmax>586.36</xmax>
      <ymax>264.61</ymax>
    </bndbox>
  </object>
  <object>
    <name>BLACK</name>
    <occluded>0</occluded>
    <bndbox>
      <xmin>722.35</xmin>
      <ymin>209.41</ymin>
      <xmax>765.08</xmax>
      <ymax>230.3</ymax>
    </bndbox>
  </object>
  <object>
    <name>WHITE</name>
    <occluded>0</occluded>
    <bndbox>
      <xmin>687.42</xmin>
      <ymin>229.99</ymin>
      <xmax>729.21</xmax>
      <ymax>253.38</ymax>
    </bndbox>
  </object>
  <object>
    <name>WHITE</name>
    <occluded>0</occluded>
    <bndbox>
      <xmin>789.72</xmin>
      <ymin>216.89</ymin>
      <xmax>829.64</xmax>
      <ymax>241.84</ymax>
    </bndbox>
  </object>
  <object>
    <name>WHITE</name>
    <occluded>0</occluded>
    <bndbox>
      <xmin>762.9</xmin>
      <ymin>242.16</ymin>
      <xmax>803.45</xmax>
      <ymax>269.29</ymax>
    </bndbox>
  </object>
  <object>
    <name>WHITE</name>
    <occluded>0</occluded>
    <bndbox>
      <xmin>795.65</xmin>
      <ymin>288.0</ymin>
      <xmax>836.3</xmax>
      <ymax>324.4</ymax>
    </bndbox>
  </object>
  <object>
    <name>WHITE</name>
    <occluded>0</occluded>
    <bndbox>
      <xmin>307.8</xmin>
      <ymin>476.39</ymin>
      <xmax>335.6</xmax>
      <ymax>522.55</ymax>
    </bndbox>
  </object>
  <object>
    <name>WHITE</name>
    <occluded>0</occluded>
    <bndbox>
      <xmin>328.12</xmin>
      <ymin>568.71</ymin>
      <xmax>358.68</xmax>
      <ymax>614.87</ymax>
    </bndbox>
  </object>
  <object>
    <name>WHITE</name>
    <occluded>0</occluded>
    <bndbox>
      <xmin>326.3</xmin>
      <ymin>377.94</ymin>
      <xmax>357.61</xmax>
      <ymax>420.7</ymax>
    </bndbox>
  </object>
  <object>
    <name>WHITE</name>
    <occluded>0</occluded>
    <bndbox>
      <xmin>477.06</xmin>
      <ymin>729.56</ymin>
      <xmax>519.9</xmax>
      <ymax>766.6</ymax>
    </bndbox>
  </object>
  <object>
    <name>WHITE</name>
    <occluded>0</occluded>
    <bndbox>
      <xmin>739.38</xmin>
      <ymin>339.94</ymin>
      <xmax>785.4</xmax>
      <ymax>382.9</ymax>
    </bndbox>
  </object>
  <object>
    <name>WHITE</name>
    <occluded>0</occluded>
    <bndbox>
      <xmin>683.71</xmin>
      <ymin>391.62</ymin>
      <xmax>731.4</xmax>
      <ymax>438.5</ymax>
    </bndbox>
  </object>
  <object>
    <name>WHITE</name>
    <occluded>0</occluded>
    <bndbox>
      <xmin>629.3</xmin>
      <ymin>456.9</ymin>
      <xmax>674.7</xmax>
      <ymax>504.7</ymax>
    </bndbox>
  </object>
  <object>
    <name>WHITE</name>
    <occluded>0</occluded>
    <bndbox>
      <xmin>577.0</xmin>
      <ymin>521.94</ymin>
      <xmax>627.25</xmax>
      <ymax>570.6</ymax>
    </bndbox>
  </object>
  <object>
    <name>WHITE</name>
    <occluded>0</occluded>
    <bndbox>
      <xmin>517.65</xmin>
      <ymin>576.36</ymin>
      <xmax>568.3</xmax>
      <ymax>623.7</ymax>
    </bndbox>
  </object>
  <object>
    <name>WHITE</name>
    <occluded>0</occluded>
    <bndbox>
      <xmin>377.25</xmin>
      <ymin>552.06</ymin>
      <xmax>417.7</xmax>
      <ymax>599.1</ymax>
    </bndbox>
  </object>
  <object>
    <name>WHITE</name>
    <occluded>0</occluded>
    <bndbox>
      <xmin>430.23</xmin>
      <ymin>423.04</ymin>
      <xmax>476.1</xmax>
      <ymax>473.6</ymax>
    </bndbox>
  </object>
  <object>
    <name>WHITE</name>
    <occluded>0</occluded>
    <bndbox>
      <xmin>369.0</xmin>
      <ymin>439.44</ymin>
      <xmax>409.8</xmax>
      <ymax>483.9</ymax>
    </bndbox>
  </object>
  <object>
    <name>WHITE</name>
    <occluded>0</occluded>
    <bndbox>
      <xmin>642.8</xmin>
      <ymin>550.4</ymin>
      <xmax>691.91</xmax>
      <ymax>598.2</ymax>
    </bndbox>
  </object>
  <object>
    <name>BLACK</name>
    <occluded>0</occluded>
    <bndbox>
      <xmin>498.0</xmin>
      <ymin>412.0</ymin>
      <xmax>534.0</xmax>
      <ymax>448.0</ymax>
    </bndbox>
  </object>
  <object>
    <name>WHITE</name>
    <occluded>0</occluded>
    <bndbox>
      <xmin>558.11</xmin>
      <ymin>940.72</ymin>
      <xmax>600.99</xmax>
      <ymax>960.0</ymax>
    </bndbox>
  </object>
  <object>
    <name>BLACK</name>
    <occluded>0</occluded>
    <bndbox>
      <xmin>359.1</xmin>
      <ymin>821.0</ymin>
      <xmax>392.26</xmax>
      <ymax>855.97</ymax>
    </bndbox>
  </object>
  <object>
    <name>WHITE</name>
    <occluded>0</occluded>
    <bndbox>
      <xmin>827.7</xmin>
      <ymin>827.36</ymin>
      <xmax>860.33</xmax>
      <ymax>857.8</ymax>
    </bndbox>
  </object>
  <object>
    <name>WHITE</name>
    <occluded>0</occluded>
    <bndbox>
      <xmin>866.3</xmin>
      <ymin>788.26</ymin>
      <xmax>902.17</xmax>
      <ymax>812.6</ymax>
    </bndbox>
  </object>
  <object>
    <name>WHITE</name>
    <occluded>0</occluded>
    <bndbox>
      <xmin>724.9</xmin>
      <ymin>894.16</ymin>
      <xmax>760.48</xmax>
      <ymax>917.2</ymax>
    </bndbox>
  </object>
  <object>
    <name>WHITE</name>
    <occluded>0</occluded>
    <bndbox>
      <xmin>941.17</xmin>
      <ymin>362.19</ymin>
      <xmax>962.4</xmax>
      <ymax>401.8</ymax>
    </bndbox>
  </object>
  <object>
    <name>WHITE</name>
    <occluded>0</occluded>
    <bndbox>
      <xmin>949.5</xmin>
      <ymin>440.5</ymin>
      <xmax>973.0</xmax>
      <ymax>484.9</ymax>
    </bndbox>
  </object>
  <object>
    <name>WHITE</name>
    <occluded>0</occluded>
    <bndbox>
      <xmin>858.9</xmin>
      <ymin>683.69</ymin>
      <xmax>894.57</xmax>
      <ymax>718.4</ymax>
    </bndbox>
  </object>
  <object>
    <name>WHITE</name>
    <occluded>0</occluded>
    <bndbox>
      <xmin>830.2</xmin>
      <ymin>740.16</ymin>
      <xmax>871.84</xmax>
      <ymax>771.8</ymax>
    </bndbox>
  </object>
  <object>
    <name>WHITE</name>
    <occluded>0</occluded>
    <bndbox>
      <xmin>675.2</xmin>
      <ymin>883.53</ymin>
      <xmax>714.04</xmax>
      <ymax>909.2</ymax>
    </bndbox>
  </object>
  <object>
    <name>WHITE</name>
    <occluded>0</occluded>
    <bndbox>
      <xmin>900.04</xmin>
      <ymin>398.04</ymin>
      <xmax>929.8</xmax>
      <ymax>442.3</ymax>
    </bndbox>
  </object>
  <object>
    <name>WHITE</name>
    <occluded>0</occluded>
    <bndbox>
      <xmin>895.5</xmin>
      <ymin>476.5</ymin>
      <xmax>928.7</xmax>
      <ymax>522.6</ymax>
    </bndbox>
  </object>
  <object>
    <name>WHITE</name>
    <occluded>0</occluded>
    <bndbox>
      <xmin>870.6</xmin>
      <ymin>563.12</ymin>
      <xmax>908.06</xmax>
      <ymax>603.2</ymax>
    </bndbox>
  </object>
  <object>
    <name>WHITE</name>
    <occluded>0</occluded>
    <bndbox>
      <xmin>836.3</xmin>
      <ymin>631.76</ymin>
      <xmax>873.4</xmax>
      <ymax>672.6</ymax>
    </bndbox>
  </object>
  <object>
    <name>WHITE</name>
    <occluded>0</occluded>
    <bndbox>
      <xmin>785.87</xmin>
      <ymin>707.05</ymin>
      <xmax>827.75</xmax>
      <ymax>744.4</ymax>
    </bndbox>
  </object>
  <object>
    <name>WHITE</name>
    <occluded>0</occluded>
    <bndbox>
      <xmin>637.5</xmin>
      <ymin>855.13</ymin>
      <xmax>674.77</xmax>
      <ymax>887.6</ymax>
    </bndbox>
  </object>
  <object>
    <name>BLACK</name>
    <occluded>0</occluded>
    <bndbox>
      <xmin>826.26</xmin>
      <ymin>508.01</ymin>
      <xmax>870.7</xmax>
      <ymax>558.0</ymax>
    </bndbox>
  </object>
  <object>
    <name>WHITE</name>
    <occluded>0</occluded>
    <bndbox>
      <xmin>884.52</xmin>
      <ymin>322.7</ymin>
      <xmax>917.8</xmax>
      <ymax>361.6</ymax>
    </bndbox>
  </object>
  <object>
    <name>WHITE</name>
    <occluded>0</occluded>
    <bndbox>
      <xmin>455.5</xmin>
      <ymin>337.6</ymin>
      <xmax>501.4</xmax>
      <ymax>381.7</ymax>
    </bndbox>
  </object>
  <object>
    <name>WHITE</name>
    <occluded>0</occluded>
    <bndbox>
      <xmin>435.7</xmin>
      <ymin>517.63</ymin>
      <xmax>482.25</xmax>
      <ymax>564.7</ymax>
    </bndbox>
  </object>
  <object>
    <name>WHITE</name>
    <occluded>0</occluded>
    <bndbox>
      <xmin>503.59</xmin>
      <ymin>485.35</ymin>
      <xmax>552.7</xmax>
      <ymax>533.9</ymax>
    </bndbox>
  </object>
  <object>
    <name>WHITE</name>
    <occluded>0</occluded>
    <bndbox>
      <xmin>559.7</xmin>
      <ymin>425.9</ymin>
      <xmax>606.3</xmax>
      <ymax>472.57</ymax>
    </bndbox>
  </object>
  <object>
    <name>WHITE</name>
    <occluded>0</occluded>
    <bndbox>
      <xmin>608.38</xmin>
      <ymin>365.63</ymin>
      <xmax>657.6</xmax>
      <ymax>411.0</ymax>
    </bndbox>
  </object>
  <object>
    <name>WHITE</name>
    <occluded>0</occluded>
    <bndbox>
      <xmin>666.62</xmin>
      <ymin>317.57</ymin>
      <xmax>710.8</xmax>
      <ymax>362.1</ymax>
    </bndbox>
  </object>
  <object>
    <name>WHITE</name>
    <occluded>0</occluded>
    <bndbox>
      <xmin>717.2</xmin>
      <ymin>281.3</ymin>
      <xmax>762.2</xmax>
      <ymax>314.6</ymax>
    </bndbox>
  </object>
  <object>
    <name>WHITE</name>
    <occluded>0</occluded>
    <bndbox>
      <xmin>396.7</xmin>
      <ymin>641.14</ymin>
      <xmax>439.3</xmax>
      <ymax>686.3</ymax>
    </bndbox>
  </object>
  <object>
    <name>WHITE</name>
    <occluded>0</occluded>
    <bndbox>
      <xmin>455.0</xmin>
      <ymin>617.38</ymin>
      <xmax>501.2</xmax>
      <ymax>663.0</ymax>
    </bndbox>
  </object>
  <object>
    <name>WHITE</name>
    <occluded>0</occluded>
    <bndbox>
      <xmin>536.82</xmin>
      <ymin>665.12</ymin>
      <xmax>586.3</xmax>
      <ymax>710.7</ymax>
    </bndbox>
  </object>
  <object>
    <name>WHITE</name>
    <occluded>0</occluded>
    <bndbox>
      <xmin>592.71</xmin>
      <ymin>614.87</ymin>
      <xmax>640.0</xmax>
      <ymax>658.25</ymax>
    </bndbox>
  </object>
  <object>
    <name>WHITE</name>
    <occluded>0</occluded>
    <bndbox>
      <xmin>636.21</xmin>
      <ymin>252.17</ymin>
      <xmax>682.3</xmax>
      <ymax>283.8</ymax>
    </bndbox>
  </object>
  <object>
    <name>WHITE</name>
    <occluded>0</occluded>
    <bndbox>
      <xmin>492.62</xmin>
      <ymin>277.77</ymin>
      <xmax>539.7</xmax>
      <ymax>316.2</ymax>
    </bndbox>
  </object>
  <object>
    <name>WHITE</name>
    <occluded>0</occluded>
    <bndbox>
      <xmin>581.26</xmin>
      <ymin>286.47</ymin>
      <xmax>628.2</xmax>
      <ymax>326.0</ymax>
    </bndbox>
  </object>
  <object>
    <name>WHITE</name>
    <occluded>0</occluded>
    <bndbox>
      <xmin>385.2</xmin>
      <ymin>350.6</ymin>
      <xmax>424.3</xmax>
      <ymax>391.4</ymax>
    </bndbox>
  </object>
  <object>
    <name>WHITE</name>
    <occluded>0</occluded>
    <bndbox>
      <xmin>905.75</xmin>
      <ymin>600.84</ymin>
      <xmax>937.87</xmax>
      <ymax>644.5</ymax>
    </bndbox>
  </object>
  <object>
    <name>WHITE</name>
    <occluded>0</occluded>
    <bndbox>
      <xmin>885.47</xmin>
      <ymin>712.81</ymin>
      <xmax>917.6</xmax>
      <ymax>747.43</ymax>
    </bndbox>
  </object>
  <object>
    <name>WHITE</name>
    <occluded>0</occluded>
    <bndbox>
      <xmin>842.12</xmin>
      <ymin>765.52</ymin>
      <xmax>881.1</xmax>
      <ymax>799.2</ymax>
    </bndbox>
  </object>
  <object>
    <name>WHITE</name>
    <occluded>0</occluded>
    <bndbox>
      <xmin>821.22</xmin>
      <ymin>807.62</ymin>
      <xmax>856.15</xmax>
      <ymax>837.25</ymax>
    </bndbox>
  </object>
  <object>
    <name>WHITE</name>
    <occluded>0</occluded>
    <bndbox>
      <xmin>792.21</xmin>
      <ymin>862.52</ymin>
      <xmax>827.77</xmax>
      <ymax>891.84</ymax>
    </bndbox>
  </object>
  <object>
    <name>WHITE</name>
    <occluded>0</occluded>
    <bndbox>
      <xmin>360.05</xmin>
      <ymin>857.81</ymin>
      <xmax>398.26</xmax>
      <ymax>893.42</ymax>
    </bndbox>
  </object>
  <object>
    <name>WHITE</name>
    <occluded>0</occluded>
    <bndbox>
      <xmin>403.2</xmin>
      <ymin>906.94</ymin>
      <xmax>440.89</xmax>
      <ymax>938.38</ymax>
    </bndbox>
  </object>
  <object>
    <name>WHITE</name>
    <occluded>0</occluded>
    <bndbox>
      <xmin>442.45</xmin>
      <ymin>913.17</ymin>
      <xmax>482.21</xmax>
      <ymax>945.14</ymax>
    </bndbox>
  </object>
  <object>
    <name>WHITE</name>
    <occluded>0</occluded>
    <bndbox>
      <xmin>480.91</xmin>
      <ymin>876.53</ymin>
      <xmax>524.84</xmax>
      <ymax>907.17</ymax>
    </bndbox>
  </object>
  <object>
    <name>WHITE</name>
    <occluded>0</occluded>
    <bndbox>
      <xmin>554.47</xmin>
      <ymin>863.24</ymin>
      <xmax>597.87</xmax>
      <ymax>897.58</ymax>
    </bndbox>
  </object>
  <object>
    <name>WHITE</name>
    <occluded>0</occluded>
    <bndbox>
      <xmin>509.5</xmin>
      <ymin>916.55</ymin>
      <xmax>551.35</xmax>
      <ymax>945.14</ymax>
    </bndbox>
  </object>
</annotation>
