<annotation>
  <folder>EN</folder>
  <filename>EN_camera3.png</filename>
  <source>
    <database>Unknown</database>
    <annotation>Unknown</annotation>
    <image>Unknown</image>
  </source>
  <size>
    <width>1280</width>
    <height>960</height>
    <depth></depth>
  </size>
  <segmented>0</segmented>
  <object>
    <name>BLACK</name>
    <occluded>0</occluded>
    <bndbox>
      <xmin>710.02</xmin>
      <ymin>375.69</ymin>
      <xmax>760.0</xmax>
      <ymax>419.5</ymax>
    </bndbox>
  </object>
  <object>
    <name>WHITE</name>
    <occluded>0</occluded>
    <bndbox>
      <xmin>635.06</xmin>
      <ymin>841.32</ymin>
      <xmax>677.7</xmax>
      <ymax>879.5</ymax>
    </bndbox>
  </object>
  <object>
    <name>WHITE</name>
    <occluded>0</occluded>
    <bndbox>
      <xmin>613.54</xmin>
      <ymin>887.18</ymin>
      <xmax>653.0</xmax>
      <ymax>923.1</ymax>
    </bndbox>
  </object>
  <object>
    <name>WHITE</name>
    <occluded>0</occluded>
    <bndbox>
      <xmin>734.88</xmin>
      <ymin>267.18</ymin>
      <xmax>781.4</xmax>
      <ymax>299.4</ymax>
    </bndbox>
  </object>
  <object>
    <name>WHITE</name>
    <occluded>0</occluded>
    <bndbox>
      <xmin>764.01</xmin>
      <ymin>322.18</ymin>
      <xmax>812.5</xmax>
      <ymax>360.0</ymax>
    </bndbox>
  </object>
  <object>
    <name>WHITE</name>
    <occluded>0</occluded>
    <bndbox>
      <xmin>783.63</xmin>
      <ymin>404.4</ymin>
      <xmax>829.2</xmax>
      <ymax>450.0</ymax>
    </bndbox>
  </object>
  <object>
    <name>WHITE</name>
    <occluded>0</occluded>
    <bndbox>
      <xmin>847.66</xmin>
      <ymin>432.8</ymin>
      <xmax>894.3</xmax>
      <ymax>480.8</ymax>
    </bndbox>
  </object>
  <object>
    <name>WHITE</name>
    <occluded>0</occluded>
    <bndbox>
      <xmin>845.17</xmin>
      <ymin>345.16</ymin>
      <xmax>883.8</xmax>
      <ymax>386.2</ymax>
    </bndbox>
  </object>
  <object>
    <name>WHITE</name>
    <occluded>0</occluded>
    <bndbox>
      <xmin>893.34</xmin>
      <ymin>570.28</ymin>
      <xmax>927.0</xmax>
      <ymax>615.9</ymax>
    </bndbox>
  </object>
  <object>
    <name>WHITE</name>
    <occluded>0</occluded>
    <bndbox>
      <xmin>809.0</xmin>
      <ymin>903.9</ymin>
      <xmax>851.4</xmax>
      <ymax>936.5</ymax>
    </bndbox>
  </object>
  <object>
    <name>WHITE</name>
    <occluded>0</occluded>
    <bndbox>
      <xmin>849.08</xmin>
      <ymin>854.39</ymin>
      <xmax>890.2</xmax>
      <ymax>890.5</ymax>
    </bndbox>
  </object>
  <object>
    <name>WHITE</name>
    <occluded>0</occluded>
    <bndbox>
      <xmin>881.1</xmin>
      <ymin>808.44</ymin>
      <xmax>920.72</xmax>
      <ymax>851.5</ymax>
    </bndbox>
  </object>
  <object>
    <name>BLACK</name>
    <occluded>0</occluded>
    <bndbox>
      <xmin>843.53</xmin>
      <ymin>811.97</ymin>
      <xmax>880.6</xmax>
      <ymax>857.3</ymax>
    </bndbox>
  </object>
  <object>
    <name>WHITE</name>
    <occluded>0</occluded>
    <bndbox>
      <xmin>715.26</xmin>
      <ymin>856.84</ymin>
      <xmax>758.8</xmax>
      <ymax>892.9</ymax>
    </bndbox>
  </object>
  <object>
    <name>WHITE</name>
    <occluded>0</occluded>
    <bndbox>
      <xmin>568.29</xmin>
      <ymin>901.18</ymin>
      <xmax>606.0</xmax>
      <ymax>939.5</ymax>
    </bndbox>
  </object>
  <object>
    <name>WHITE</name>
    <occluded>0</occluded>
    <bndbox>
      <xmin>777.84</xmin>
      <ymin>806.0</ymin>
      <xmax>822.44</xmax>
      <ymax>850.29</ymax>
    </bndbox>
  </object>
  <object>
    <name>WHITE</name>
    <occluded>0</occluded>
    <bndbox>
      <xmin>794.68</xmin>
      <ymin>860.58</ymin>
      <xmax>835.23</xmax>
      <ymax>899.88</ymax>
    </bndbox>
  </object>
  <object>
    <name>WHITE</name>
    <occluded>0</occluded>
    <bndbox>
      <xmin>765.67</xmin>
      <ymin>904.87</ymin>
      <xmax>807.16</xmax>
      <ymax>937.62</ymax>
    </bndbox>
  </object>
  <object>
    <name>BLACK</name>
    <occluded>0</occluded>
    <bndbox>
      <xmin>722.32</xmin>
      <ymin>942.3</ymin>
      <xmax>763.49</xmax>
      <ymax>960.0</ymax>
    </bndbox>
  </object>
  <object>
    <name>WHITE</name>
    <occluded>0</occluded>
    <bndbox>
      <xmin>694.25</xmin>
      <ymin>900.82</ymin>
      <xmax>737.91</xmax>
      <ymax>936.06</ymax>
    </bndbox>
  </object>
  <object>
    <name>WHITE</name>
    <occluded>0</occluded>
    <bndbox>
      <xmin>645.91</xmin>
      <ymin>925.15</ymin>
      <xmax>688.32</xmax>
      <ymax>960.0</ymax>
    </bndbox>
  </object>
  <object>
    <name>WHITE</name>
    <occluded>0</occluded>
    <bndbox>
      <xmin>399.83</xmin>
      <ymin>641.65</ymin>
      <xmax>436.89</xmax>
      <ymax>678.71</ymax>
    </bndbox>
  </object>
  <object>
    <name>WHITE</name>
    <occluded>0</occluded>
    <bndbox>
      <xmin>359.49</xmin>
      <ymin>558.61</ymin>
      <xmax>387.83</xmax>
      <ymax>596.51</ymax>
    </bndbox>
  </object>
  <object>
    <name>WHITE</name>
    <occluded>0</occluded>
    <bndbox>
      <xmin>967.55</xmin>
      <ymin>455.45</ymin>
      <xmax>986.61</xmax>
      <ymax>496.61</ymax>
    </bndbox>
  </object>
  <object>
    <name>WHITE</name>
    <occluded>0</occluded>
    <bndbox>
      <xmin>809.57</xmin>
      <ymin>277.82</ymin>
      <xmax>853.8</xmax>
      <ymax>305.37</ymax>
    </bndbox>
  </object>
  <object>
    <name>WHITE</name>
    <occluded>0</occluded>
    <bndbox>
      <xmin>529.2</xmin>
      <ymin>245.86</ymin>
      <xmax>571.22</xmax>
      <ymax>268.81</ymax>
    </bndbox>
  </object>
  <object>
    <name>WHITE</name>
    <occluded>0</occluded>
    <bndbox>
      <xmin>698.58</xmin>
      <ymin>227.23</ymin>
      <xmax>741.9</xmax>
      <ymax>246.51</ymax>
    </bndbox>
  </object>
  <object>
    <name>WHITE</name>
    <occluded>0</occluded>
    <bndbox>
      <xmin>773.09</xmin>
      <ymin>236.76</ymin>
      <xmax>813.59</xmax>
      <ymax>257.55</ymax>
    </bndbox>
  </object>
  <object>
    <name>WHITE</name>
    <occluded>0</occluded>
    <bndbox>
      <xmin>891.62</xmin>
      <ymin>310.96</ymin>
      <xmax>920.59</xmax>
      <ymax>345.89</ymax>
    </bndbox>
  </object>
  <object>
    <name>WHITE</name>
    <occluded>0</occluded>
    <bndbox>
      <xmin>578.12</xmin>
      <ymin>206.34</ymin>
      <xmax>619.71</xmax>
      <ymax>224.01</ymax>
    </bndbox>
  </object>
  <object>
    <name>WHITE</name>
    <occluded>0</occluded>
    <bndbox>
      <xmin>453.62</xmin>
      <ymin>246.11</ymin>
      <xmax>490.27</xmax>
      <ymax>271.58</ymax>
    </bndbox>
  </object>
  <object>
    <name>WHITE</name>
    <occluded>0</occluded>
    <bndbox>
      <xmin>410.22</xmin>
      <ymin>294.19</ymin>
      <xmax>445.04</xmax>
      <ymax>332.4</ymax>
    </bndbox>
  </object>
  <object>
    <name>WHITE</name>
    <occluded>0</occluded>
    <bndbox>
      <xmin>374.15</xmin>
      <ymin>668.67</ymin>
      <xmax>403.16</xmax>
      <ymax>704.54</ymax>
    </bndbox>
  </object>
  <object>
    <name>WHITE</name>
    <occluded>0</occluded>
    <bndbox>
      <xmin>348.26</xmin>
      <ymin>608.48</ymin>
      <xmax>373.84</xmax>
      <ymax>642.79</ymax>
    </bndbox>
  </object>
  <object>
    <name>WHITE</name>
    <occluded>0</occluded>
    <bndbox>
      <xmin>330.61</xmin>
      <ymin>397.95</ymin>
      <xmax>354.63</xmax>
      <ymax>441.93</ymax>
    </bndbox>
  </object>
  <object>
    <name>WHITE</name>
    <occluded>0</occluded>
    <bndbox>
      <xmin>635.96</xmin>
      <ymin>633.1</ymin>
      <xmax>680.6</xmax>
      <ymax>675.81</ymax>
    </bndbox>
  </object>
  <object>
    <name>WHITE</name>
    <occluded>0</occluded>
    <bndbox>
      <xmin>663.63</xmin>
      <ymin>546.79</ymin>
      <xmax>712.3</xmax>
      <ymax>593.9</ymax>
    </bndbox>
  </object>
  <object>
    <name>WHITE</name>
    <occluded>0</occluded>
    <bndbox>
      <xmin>694.07</xmin>
      <ymin>459.2</ymin>
      <xmax>742.2</xmax>
      <ymax>508.5</ymax>
    </bndbox>
  </object>
  <object>
    <name>WHITE</name>
    <occluded>0</occluded>
    <bndbox>
      <xmin>713.5</xmin>
      <ymin>780.5</ymin>
      <xmax>759.5</xmax>
      <ymax>822.4</ymax>
    </bndbox>
  </object>
  <object>
    <name>WHITE</name>
    <occluded>0</occluded>
    <bndbox>
      <xmin>485.92</xmin>
      <ymin>423.19</ymin>
      <xmax>529.4</xmax>
      <ymax>468.6</ymax>
    </bndbox>
  </object>
  <object>
    <name>WHITE</name>
    <occluded>0</occluded>
    <bndbox>
      <xmin>450.88</xmin>
      <ymin>503.92</ymin>
      <xmax>492.7</xmax>
      <ymax>549.0</ymax>
    </bndbox>
  </object>
  <object>
    <name>WHITE</name>
    <occluded>0</occluded>
    <bndbox>
      <xmin>420.5</xmin>
      <ymin>583.5</ymin>
      <xmax>458.0</xmax>
      <ymax>623.0</ymax>
    </bndbox>
  </object>
  <object>
    <name>WHITE</name>
    <occluded>0</occluded>
    <bndbox>
      <xmin>482.5</xmin>
      <ymin>294.04</ymin>
      <xmax>522.63</xmax>
      <ymax>325.3</ymax>
    </bndbox>
  </object>
  <object>
    <name>WHITE</name>
    <occluded>0</occluded>
    <bndbox>
      <xmin>416.8</xmin>
      <ymin>427.95</ymin>
      <xmax>453.5</xmax>
      <ymax>473.2</ymax>
    </bndbox>
  </object>
  <object>
    <name>WHITE</name>
    <occluded>0</occluded>
    <bndbox>
      <xmin>385.5</xmin>
      <ymin>503.8</ymin>
      <xmax>422.6</xmax>
      <ymax>547.0</ymax>
    </bndbox>
  </object>
  <object>
    <name>BLACK</name>
    <occluded>0</occluded>
    <bndbox>
      <xmin>364.1</xmin>
      <ymin>434.37</ymin>
      <xmax>399.02</xmax>
      <ymax>479.7</ymax>
    </bndbox>
  </object>
  <object>
    <name>WHITE</name>
    <occluded>0</occluded>
    <bndbox>
      <xmin>381.3</xmin>
      <ymin>364.9</ymin>
      <xmax>415.2</xmax>
      <ymax>406.8</ymax>
    </bndbox>
  </object>
  <object>
    <name>WHITE</name>
    <occluded>0</occluded>
    <bndbox>
      <xmin>961.2</xmin>
      <ymin>525.4</ymin>
      <xmax>982.55</xmax>
      <ymax>569.25</ymax>
    </bndbox>
  </object>
  <object>
    <name>WHITE</name>
    <occluded>0</occluded>
    <bndbox>
      <xmin>641.07</xmin>
      <ymin>777.13</ymin>
      <xmax>687.6</xmax>
      <ymax>819.6</ymax>
    </bndbox>
  </object>
  <object>
    <name>WHITE</name>
    <occluded>0</occluded>
    <bndbox>
      <xmin>446.14</xmin>
      <ymin>354.7</ymin>
      <xmax>487.86</xmax>
      <ymax>396.0</ymax>
    </bndbox>
  </object>
  <object>
    <name>WHITE</name>
    <occluded>0</occluded>
    <bndbox>
      <xmin>916.57</xmin>
      <ymin>386.71</ymin>
      <xmax>944.7</xmax>
      <ymax>428.5</ymax>
    </bndbox>
  </object>
  <object>
    <name>WHITE</name>
    <occluded>0</occluded>
    <bndbox>
      <xmin>921.07</xmin>
      <ymin>482.72</ymin>
      <xmax>948.2</xmax>
      <ymax>527.8</ymax>
    </bndbox>
  </object>
  <object>
    <name>WHITE</name>
    <occluded>0</occluded>
    <bndbox>
      <xmin>641.1</xmin>
      <ymin>393.38</ymin>
      <xmax>688.5</xmax>
      <ymax>438.28</ymax>
    </bndbox>
  </object>
  <object>
    <name>WHITE</name>
    <occluded>0</occluded>
    <bndbox>
      <xmin>682.52</xmin>
      <ymin>318.87</ymin>
      <xmax>728.3</xmax>
      <ymax>359.2</ymax>
    </bndbox>
  </object>
  <object>
    <name>WHITE</name>
    <occluded>0</occluded>
    <bndbox>
      <xmin>537.19</xmin>
      <ymin>857.17</ymin>
      <xmax>574.7</xmax>
      <ymax>892.6</ymax>
    </bndbox>
  </object>
  <object>
    <name>WHITE</name>
    <occluded>0</occluded>
    <bndbox>
      <xmin>565.63</xmin>
      <ymin>828.21</ymin>
      <xmax>604.2</xmax>
      <ymax>863.8</ymax>
    </bndbox>
  </object>
  <object>
    <name>WHITE</name>
    <occluded>0</occluded>
    <bndbox>
      <xmin>610.81</xmin>
      <ymin>480.91</ymin>
      <xmax>660.1</xmax>
      <ymax>530.3</ymax>
    </bndbox>
  </object>
  <object>
    <name>BLACK</name>
    <occluded>0</occluded>
    <bndbox>
      <xmin>575.57</xmin>
      <ymin>775.34</ymin>
      <xmax>618.4</xmax>
      <ymax>814.8</ymax>
    </bndbox>
  </object>
  <object>
    <name>WHITE</name>
    <occluded>0</occluded>
    <bndbox>
      <xmin>607.6</xmin>
      <ymin>712.7</ymin>
      <xmax>650.98</xmax>
      <ymax>754.23</ymax>
    </bndbox>
  </object>
  <object>
    <name>WHITE</name>
    <occluded>0</occluded>
    <bndbox>
      <xmin>797.75</xmin>
      <ymin>629.55</ymin>
      <xmax>841.7</xmax>
      <ymax>673.7</ymax>
    </bndbox>
  </object>
  <object>
    <name>WHITE</name>
    <occluded>0</occluded>
    <bndbox>
      <xmin>831.5</xmin>
      <ymin>543.0</ymin>
      <xmax>875.5</xmax>
      <ymax>589.7</ymax>
    </bndbox>
  </object>
  <object>
    <name>WHITE</name>
    <occluded>0</occluded>
    <bndbox>
      <xmin>699.0</xmin>
      <ymin>700.0</ymin>
      <xmax>744.5</xmax>
      <ymax>741.9</ymax>
    </bndbox>
  </object>
  <object>
    <name>WHITE</name>
    <occluded>0</occluded>
    <bndbox>
      <xmin>730.2</xmin>
      <ymin>594.0</ymin>
      <xmax>777.8</xmax>
      <ymax>639.7</ymax>
    </bndbox>
  </object>
  <object>
    <name>WHITE</name>
    <occluded>0</occluded>
    <bndbox>
      <xmin>760.01</xmin>
      <ymin>499.86</ymin>
      <xmax>807.7</xmax>
      <ymax>546.8</ymax>
    </bndbox>
  </object>
  <object>
    <name>WHITE</name>
    <occluded>0</occluded>
    <bndbox>
      <xmin>543.75</xmin>
      <ymin>646.2</ymin>
      <xmax>584.2</xmax>
      <ymax>688.1</ymax>
    </bndbox>
  </object>
  <object>
    <name>WHITE</name>
    <occluded>0</occluded>
    <bndbox>
      <xmin>528.46</xmin>
      <ymin>710.71</ymin>
      <xmax>570.3</xmax>
      <ymax>751.8</ymax>
    </bndbox>
  </object>
  <object>
    <name>WHITE</name>
    <occluded>0</occluded>
    <bndbox>
      <xmin>646.5</xmin>
      <ymin>264.5</ymin>
      <xmax>692.0</xmax>
      <ymax>297.3</ymax>
    </bndbox>
  </object>
  <object>
    <name>WHITE</name>
    <occluded>0</occluded>
    <bndbox>
      <xmin>599.96</xmin>
      <ymin>329.98</ymin>
      <xmax>645.6</xmax>
      <ymax>369.3</ymax>
    </bndbox>
  </object>
  <object>
    <name>WHITE</name>
    <occluded>0</occluded>
    <bndbox>
      <xmin>564.48</xmin>
      <ymin>410.75</ymin>
      <xmax>611.2</xmax>
      <ymax>457.7</ymax>
    </bndbox>
  </object>
  <object>
    <name>WHITE</name>
    <occluded>0</occluded>
    <bndbox>
      <xmin>574.5</xmin>
      <ymin>570.5</ymin>
      <xmax>615.5</xmax>
      <ymax>611.5</ymax>
    </bndbox>
  </object>
  <object>
    <name>WHITE</name>
    <occluded>0</occluded>
    <bndbox>
      <xmin>527.51</xmin>
      <ymin>496.76</ymin>
      <xmax>574.1</xmax>
      <ymax>543.4</ymax>
    </bndbox>
  </object>
  <object>
    <name>WHITE</name>
    <occluded>0</occluded>
    <bndbox>
      <xmin>490.12</xmin>
      <ymin>582.6</ymin>
      <xmax>531.4</xmax>
      <ymax>622.38</ymax>
    </bndbox>
  </object>
  <object>
    <name>WHITE</name>
    <occluded>0</occluded>
    <bndbox>
      <xmin>467.47</xmin>
      <ymin>654.16</ymin>
      <xmax>506.6</xmax>
      <ymax>691.3</ymax>
    </bndbox>
  </object>
  <object>
    <name>WHITE</name>
    <occluded>0</occluded>
    <bndbox>
      <xmin>613.0</xmin>
      <ymin>231.0</ymin>
      <xmax>656.5</xmax>
      <ymax>254.0</ymax>
    </bndbox>
  </object>
  <object>
    <name>WHITE</name>
    <occluded>0</occluded>
    <bndbox>
      <xmin>561.5</xmin>
      <ymin>284.92</ymin>
      <xmax>607.5</xmax>
      <ymax>314.92</ymax>
    </bndbox>
  </object>
  <object>
    <name>WHITE</name>
    <occluded>0</occluded>
    <bndbox>
      <xmin>522.5</xmin>
      <ymin>343.5</ymin>
      <xmax>563.5</xmax>
      <ymax>384.4</ymax>
    </bndbox>
  </object>
</annotation>
