<annotation>
  <folder>EN</folder>
  <filename>EN_camera7.png</filename>
  <source>
    <database>Unknown</database>
    <annotation>Unknown</annotation>
    <image>Unknown</image>
  </source>
  <size>
    <width>1280</width>
    <height>960</height>
    <depth></depth>
  </size>
  <segmented>0</segmented>
  <object>
    <name>WHITE</name>
    <occluded>0</occluded>
    <bndbox>
      <xmin>444.94</xmin>
      <ymin>144.25</ymin>
      <xmax>484.45</xmax>
      <ymax>174.66</ymax>
    </bndbox>
  </object>
  <object>
    <name>WHITE</name>
    <occluded>0</occluded>
    <bndbox>
      <xmin>405.96</xmin>
      <ymin>395.68</ymin>
      <xmax>453.16</xmax>
      <ymax>440.6</ymax>
    </bndbox>
  </object>
  <object>
    <name>WHITE</name>
    <occluded>0</occluded>
    <bndbox>
      <xmin>364.6</xmin>
      <ymin>193.53</ymin>
      <xmax>398.49</xmax>
      <ymax>232.3</ymax>
    </bndbox>
  </object>
  <object>
    <name>WHITE</name>
    <occluded>0</occluded>
    <bndbox>
      <xmin>496.78</xmin>
      <ymin>162.47</ymin>
      <xmax>543.9</xmax>
      <ymax>193.5</ymax>
    </bndbox>
  </object>
  <object>
    <name>WHITE</name>
    <occluded>0</occluded>
    <bndbox>
      <xmin>723.38</xmin>
      <ymin>187.93</ymin>
      <xmax>761.8</xmax>
      <ymax>222.4</ymax>
    </bndbox>
  </object>
  <object>
    <name>BLACK</name>
    <occluded>0</occluded>
    <bndbox>
      <xmin>744.1</xmin>
      <ymin>309.4</ymin>
      <xmax>774.6</xmax>
      <ymax>357.5</ymax>
    </bndbox>
  </object>
  <object>
    <name>WHITE</name>
    <occluded>0</occluded>
    <bndbox>
      <xmin>617.52</xmin>
      <ymin>148.41</ymin>
      <xmax>660.67</xmax>
      <ymax>178.82</ymax>
    </bndbox>
  </object>
  <object>
    <name>WHITE</name>
    <occluded>0</occluded>
    <bndbox>
      <xmin>686.4</xmin>
      <ymin>213.12</ymin>
      <xmax>727.99</xmax>
      <ymax>247.43</ymax>
    </bndbox>
  </object>
  <object>
    <name>WHITE</name>
    <occluded>0</occluded>
    <bndbox>
      <xmin>779.97</xmin>
      <ymin>252.63</ymin>
      <xmax>810.64</xmax>
      <ymax>291.36</ymax>
    </bndbox>
  </object>
  <object>
    <name>WHITE</name>
    <occluded>0</occluded>
    <bndbox>
      <xmin>294.71</xmin>
      <ymin>352.64</ymin>
      <xmax>326.15</xmax>
      <ymax>396.21</ymax>
    </bndbox>
  </object>
  <object>
    <name>WHITE</name>
    <occluded>0</occluded>
    <bndbox>
      <xmin>305.04</xmin>
      <ymin>402.05</ymin>
      <xmax>337.82</xmax>
      <ymax>445.61</ymax>
    </bndbox>
  </object>
  <object>
    <name>WHITE</name>
    <occluded>0</occluded>
    <bndbox>
      <xmin>327.7</xmin>
      <ymin>267.36</ymin>
      <xmax>357.96</xmax>
      <ymax>309.15</ymax>
    </bndbox>
  </object>
  <object>
    <name>WHITE</name>
    <occluded>0</occluded>
    <bndbox>
      <xmin>566.06</xmin>
      <ymin>199.09</ymin>
      <xmax>614.66</xmax>
      <ymax>229.5</ymax>
    </bndbox>
  </object>
  <object>
    <name>WHITE</name>
    <occluded>0</occluded>
    <bndbox>
      <xmin>406.21</xmin>
      <ymin>133.85</ymin>
      <xmax>441.56</xmax>
      <ymax>169.2</ymax>
    </bndbox>
  </object>
  <object>
    <name>WHITE</name>
    <occluded>0</occluded>
    <bndbox>
      <xmin>506.15</xmin>
      <ymin>489.55</ymin>
      <xmax>556.5</xmax>
      <ymax>538.4</ymax>
    </bndbox>
  </object>
  <object>
    <name>WHITE</name>
    <occluded>0</occluded>
    <bndbox>
      <xmin>465.23</xmin>
      <ymin>565.92</ymin>
      <xmax>515.3</xmax>
      <ymax>619.2</ymax>
    </bndbox>
  </object>
  <object>
    <name>WHITE</name>
    <occluded>0</occluded>
    <bndbox>
      <xmin>359.1</xmin>
      <ymin>307.0</ymin>
      <xmax>397.7</xmax>
      <ymax>350.5</ymax>
    </bndbox>
  </object>
  <object>
    <name>BLACK</name>
    <occluded>0</occluded>
    <bndbox>
      <xmin>268.21</xmin>
      <ymin>429.45</ymin>
      <xmax>294.26</xmax>
      <ymax>476.6</ymax>
    </bndbox>
  </object>
  <object>
    <name>WHITE</name>
    <occluded>0</occluded>
    <bndbox>
      <xmin>402.7</xmin>
      <ymin>212.2</ymin>
      <xmax>442.76</xmax>
      <ymax>248.5</ymax>
    </bndbox>
  </object>
  <object>
    <name>WHITE</name>
    <occluded>0</occluded>
    <bndbox>
      <xmin>457.3</xmin>
      <ymin>232.61</ymin>
      <xmax>503.29</xmax>
      <ymax>272.1</ymax>
    </bndbox>
  </object>
  <object>
    <name>WHITE</name>
    <occluded>0</occluded>
    <bndbox>
      <xmin>347.88</xmin>
      <ymin>466.25</ymin>
      <xmax>387.0</xmax>
      <ymax>516.7</ymax>
    </bndbox>
  </object>
  <object>
    <name>WHITE</name>
    <occluded>0</occluded>
    <bndbox>
      <xmin>332.7</xmin>
      <ymin>544.66</ymin>
      <xmax>375.43</xmax>
      <ymax>595.0</ymax>
    </bndbox>
  </object>
  <object>
    <name>WHITE</name>
    <occluded>0</occluded>
    <bndbox>
      <xmin>262.81</xmin>
      <ymin>514.66</ymin>
      <xmax>283.0</xmax>
      <ymax>564.06</ymax>
    </bndbox>
  </object>
  <object>
    <name>WHITE</name>
    <occluded>0</occluded>
    <bndbox>
      <xmin>285.64</xmin>
      <ymin>569.3</ymin>
      <xmax>309.22</xmax>
      <ymax>619.83</ymax>
    </bndbox>
  </object>
  <object>
    <name>WHITE</name>
    <occluded>0</occluded>
    <bndbox>
      <xmin>354.2</xmin>
      <ymin>377.5</ymin>
      <xmax>394.48</xmax>
      <ymax>420.86</ymax>
    </bndbox>
  </object>
  <object>
    <name>WHITE</name>
    <occluded>0</occluded>
    <bndbox>
      <xmin>299.71</xmin>
      <ymin>486.14</ymin>
      <xmax>323.67</xmax>
      <ymax>532.55</ymax>
    </bndbox>
  </object>
  <object>
    <name>WHITE</name>
    <occluded>0</occluded>
    <bndbox>
      <xmin>305.4</xmin>
      <ymin>624.4</ymin>
      <xmax>339.4</xmax>
      <ymax>672.5</ymax>
    </bndbox>
  </object>
  <object>
    <name>WHITE</name>
    <occluded>0</occluded>
    <bndbox>
      <xmin>543.2</xmin>
      <ymin>105.7</ymin>
      <xmax>583.43</xmax>
      <ymax>129.09</ymax>
    </bndbox>
  </object>
  <object>
    <name>BLACK</name>
    <occluded>0</occluded>
    <bndbox>
      <xmin>477.1</xmin>
      <ymin>415.43</ymin>
      <xmax>530.43</xmax>
      <ymax>453.61</ymax>
    </bndbox>
  </object>
  <object>
    <name>WHITE</name>
    <occluded>0</occluded>
    <bndbox>
      <xmin>423.3</xmin>
      <ymin>468.6</ymin>
      <xmax>471.9</xmax>
      <ymax>516.5</ymax>
    </bndbox>
  </object>
  <object>
    <name>WHITE</name>
    <occluded>0</occluded>
    <bndbox>
      <xmin>405.9</xmin>
      <ymin>543.81</ymin>
      <xmax>449.27</xmax>
      <ymax>595.7</ymax>
    </bndbox>
  </object>
  <object>
    <name>BLACK</name>
    <occluded>0</occluded>
    <bndbox>
      <xmin>367.75</xmin>
      <ymin>616.79</ymin>
      <xmax>420.2</xmax>
      <ymax>672.1</ymax>
    </bndbox>
  </object>
  <object>
    <name>WHITE</name>
    <occluded>0</occluded>
    <bndbox>
      <xmin>548.15</xmin>
      <ymin>446.89</ymin>
      <xmax>601.8</xmax>
      <ymax>491.2</ymax>
    </bndbox>
  </object>
  <object>
    <name>WHITE</name>
    <occluded>0</occluded>
    <bndbox>
      <xmin>863.15</xmin>
      <ymin>544.64</ymin>
      <xmax>886.73</xmax>
      <ymax>592.2</ymax>
    </bndbox>
  </object>
  <object>
    <name>WHITE</name>
    <occluded>0</occluded>
    <bndbox>
      <xmin>491.7</xmin>
      <ymin>101.31</ymin>
      <xmax>534.07</xmax>
      <ymax>123.14</ymax>
    </bndbox>
  </object>
</annotation>
