<annotation>
  <folder>EN</folder>
  <filename>EN_camera9.png</filename>
  <source>
    <database>Unknown</database>
    <annotation>Unknown</annotation>
    <image>Unknown</image>
  </source>
  <size>
    <width>960</width>
    <height>1280</height>
    <depth></depth>
  </size>
  <segmented>0</segmented>
  <object>
    <name>WHITE</name>
    <occluded>0</occluded>
    <bndbox>
      <xmin>442.42</xmin>
      <ymin>377.15</ymin>
      <xmax>490.9</xmax>
      <ymax>420.1</ymax>
    </bndbox>
  </object>
  <object>
    <name>BLACK</name>
    <occluded>0</occluded>
    <bndbox>
      <xmin>679.16</xmin>
      <ymin>830.93</ymin>
      <xmax>708.4</xmax>
      <ymax>881.8</ymax>
    </bndbox>
  </object>
  <object>
    <name>WHITE</name>
    <occluded>0</occluded>
    <bndbox>
      <xmin>520.08</xmin>
      <ymin>595.3</ymin>
      <xmax>564.5</xmax>
      <ymax>642.28</ymax>
    </bndbox>
  </object>
  <object>
    <name>WHITE</name>
    <occluded>0</occluded>
    <bndbox>
      <xmin>553.57</xmin>
      <ymin>519.74</ymin>
      <xmax>598.2</xmax>
      <ymax>569.0</ymax>
    </bndbox>
  </object>
  <object>
    <name>WHITE</name>
    <occluded>0</occluded>
    <bndbox>
      <xmin>605.08</xmin>
      <ymin>467.2</ymin>
      <xmax>641.5</xmax>
      <ymax>511.0</ymax>
    </bndbox>
  </object>
  <object>
    <name>WHITE</name>
    <occluded>0</occluded>
    <bndbox>
      <xmin>502.44</xmin>
      <ymin>784.79</ymin>
      <xmax>552.0</xmax>
      <ymax>823.3</ymax>
    </bndbox>
  </object>
  <object>
    <name>WHITE</name>
    <occluded>0</occluded>
    <bndbox>
      <xmin>295.2</xmin>
      <ymin>304.5</ymin>
      <xmax>337.09</xmax>
      <ymax>333.5</ymax>
    </bndbox>
  </object>
  <object>
    <name>WHITE</name>
    <occluded>0</occluded>
    <bndbox>
      <xmin>196.5</xmin>
      <ymin>558.0</ymin>
      <xmax>225.5</xmax>
      <ymax>602.0</ymax>
    </bndbox>
  </object>
  <object>
    <name>BLACK</name>
    <occluded>0</occluded>
    <bndbox>
      <xmin>184.25</xmin>
      <ymin>632.57</ymin>
      <xmax>216.4</xmax>
      <ymax>682.0</ymax>
    </bndbox>
  </object>
  <object>
    <name>WHITE</name>
    <occluded>0</occluded>
    <bndbox>
      <xmin>636.0</xmin>
      <ymin>822.5</ymin>
      <xmax>669.4</xmax>
      <ymax>870.4</ymax>
    </bndbox>
  </object>
  <object>
    <name>WHITE</name>
    <occluded>0</occluded>
    <bndbox>
      <xmin>627.7</xmin>
      <ymin>682.55</ymin>
      <xmax>660.04</xmax>
      <ymax>728.2</ymax>
    </bndbox>
  </object>
  <object>
    <name>WHITE</name>
    <occluded>0</occluded>
    <bndbox>
      <xmin>413.0</xmin>
      <ymin>440.1</ymin>
      <xmax>460.53</xmax>
      <ymax>486.03</ymax>
    </bndbox>
  </object>
  <object>
    <name>BLACK</name>
    <occluded>0</occluded>
    <bndbox>
      <xmin>614.49</xmin>
      <ymin>616.59</ymin>
      <xmax>647.9</xmax>
      <ymax>665.2</ymax>
    </bndbox>
  </object>
  <object>
    <name>WHITE</name>
    <occluded>0</occluded>
    <bndbox>
      <xmin>364.7</xmin>
      <ymin>511.36</ymin>
      <xmax>417.1</xmax>
      <ymax>563.5</ymax>
    </bndbox>
  </object>
  <object>
    <name>WHITE</name>
    <occluded>0</occluded>
    <bndbox>
      <xmin>304.5</xmin>
      <ymin>676.73</ymin>
      <xmax>351.59</xmax>
      <ymax>723.0</ymax>
    </bndbox>
  </object>
  <object>
    <name>WHITE</name>
    <occluded>0</occluded>
    <bndbox>
      <xmin>409.7</xmin>
      <ymin>331.9</ymin>
      <xmax>456.46</xmax>
      <ymax>374.64</ymax>
    </bndbox>
  </object>
  <object>
    <name>WHITE</name>
    <occluded>0</occluded>
    <bndbox>
      <xmin>355.45</xmin>
      <ymin>385.49</ymin>
      <xmax>404.3</xmax>
      <ymax>430.0</ymax>
    </bndbox>
  </object>
  <object>
    <name>WHITE</name>
    <occluded>0</occluded>
    <bndbox>
      <xmin>320.5</xmin>
      <ymin>448.0</ymin>
      <xmax>366.6</xmax>
      <ymax>489.4</ymax>
    </bndbox>
  </object>
  <object>
    <name>WHITE</name>
    <occluded>0</occluded>
    <bndbox>
      <xmin>277.52</xmin>
      <ymin>524.77</ymin>
      <xmax>328.7</xmax>
      <ymax>571.7</ymax>
    </bndbox>
  </object>
  <object>
    <name>WHITE</name>
    <occluded>0</occluded>
    <bndbox>
      <xmin>500.78</xmin>
      <ymin>338.65</ymin>
      <xmax>545.4</xmax>
      <ymax>376.0</ymax>
    </bndbox>
  </object>
  <object>
    <name>WHITE</name>
    <occluded>0</occluded>
    <bndbox>
      <xmin>387.54</xmin>
      <ymin>671.49</ymin>
      <xmax>436.2</xmax>
      <ymax>720.4</ymax>
    </bndbox>
  </object>
  <object>
    <name>WHITE</name>
    <occluded>0</occluded>
    <bndbox>
      <xmin>422.97</xmin>
      <ymin>590.0</ymin>
      <xmax>473.9</xmax>
      <ymax>638.26</ymax>
    </bndbox>
  </object>
  <object>
    <name>WHITE</name>
    <occluded>0</occluded>
    <bndbox>
      <xmin>246.15</xmin>
      <ymin>613.13</ymin>
      <xmax>291.6</xmax>
      <ymax>663.8</ymax>
    </bndbox>
  </object>
  <object>
    <name>WHITE</name>
    <occluded>0</occluded>
    <bndbox>
      <xmin>234.51</xmin>
      <ymin>687.28</ymin>
      <xmax>276.3</xmax>
      <ymax>733.9</ymax>
    </bndbox>
  </object>
  <object>
    <name>WHITE</name>
    <occluded>0</occluded>
    <bndbox>
      <xmin>223.0</xmin>
      <ymin>762.5</ymin>
      <xmax>258.5</xmax>
      <ymax>811.0</ymax>
    </bndbox>
  </object>
  <object>
    <name>WHITE</name>
    <occluded>0</occluded>
    <bndbox>
      <xmin>317.8</xmin>
      <ymin>342.98</ymin>
      <xmax>360.74</xmax>
      <ymax>374.5</ymax>
    </bndbox>
  </object>
  <object>
    <name>WHITE</name>
    <occluded>0</occluded>
    <bndbox>
      <xmin>277.07</xmin>
      <ymin>397.33</ymin>
      <xmax>321.5</xmax>
      <ymax>435.6</ymax>
    </bndbox>
  </object>
  <object>
    <name>WHITE</name>
    <occluded>0</occluded>
    <bndbox>
      <xmin>228.4</xmin>
      <ymin>467.1</ymin>
      <xmax>265.92</xmax>
      <ymax>514.6</ymax>
    </bndbox>
  </object>
  <object>
    <name>WHITE</name>
    <occluded>0</occluded>
    <bndbox>
      <xmin>287.5</xmin>
      <ymin>743.5</ymin>
      <xmax>328.5</xmax>
      <ymax>788.5</ymax>
    </bndbox>
  </object>
  <object>
    <name>WHITE</name>
    <occluded>0</occluded>
    <bndbox>
      <xmin>462.9</xmin>
      <ymin>508.5</ymin>
      <xmax>511.4</xmax>
      <ymax>561.0</ymax>
    </bndbox>
  </object>
  <object>
    <name>WHITE</name>
    <occluded>0</occluded>
    <bndbox>
      <xmin>510.08</xmin>
      <ymin>444.96</ymin>
      <xmax>555.8</xmax>
      <ymax>492.6</ymax>
    </bndbox>
  </object>
  <object>
    <name>WHITE</name>
    <occluded>0</occluded>
    <bndbox>
      <xmin>553.6</xmin>
      <ymin>392.64</ymin>
      <xmax>600.8</xmax>
      <ymax>437.1</ymax>
    </bndbox>
  </object>
  <object>
    <name>WHITE</name>
    <occluded>0</occluded>
    <bndbox>
      <xmin>588.05</xmin>
      <ymin>353.85</ymin>
      <xmax>627.4</xmax>
      <ymax>389.1</ymax>
    </bndbox>
  </object>
  <object>
    <name>WHITE</name>
    <occluded>0</occluded>
    <bndbox>
      <xmin>443.41</xmin>
      <ymin>731.0</ymin>
      <xmax>488.67</xmax>
      <ymax>775.78</ymax>
    </bndbox>
  </object>
  <object>
    <name>WHITE</name>
    <occluded>0</occluded>
    <bndbox>
      <xmin>342.15</xmin>
      <ymin>779.64</ymin>
      <xmax>389.85</xmax>
      <ymax>822.36</ymax>
    </bndbox>
  </object>
  <object>
    <name>WHITE</name>
    <occluded>0</occluded>
    <bndbox>
      <xmin>598.5</xmin>
      <ymin>747.5</ymin>
      <xmax>635.5</xmax>
      <ymax>792.5</ymax>
    </bndbox>
  </object>
  <object>
    <name>WHITE</name>
    <occluded>0</occluded>
    <bndbox>
      <xmin>579.34</xmin>
      <ymin>799.74</ymin>
      <xmax>614.66</xmax>
      <ymax>846.26</ymax>
    </bndbox>
  </object>
  <object>
    <name>WHITE</name>
    <occluded>0</occluded>
    <bndbox>
      <xmin>331.5</xmin>
      <ymin>593.0</ymin>
      <xmax>376.5</xmax>
      <ymax>639.0</ymax>
    </bndbox>
  </object>
  <object>
    <name>WHITE</name>
    <occluded>0</occluded>
    <bndbox>
      <xmin>551.64</xmin>
      <ymin>675.41</ymin>
      <xmax>596.36</xmax>
      <ymax>716.59</ymax>
    </bndbox>
  </object>
  <object>
    <name>WHITE</name>
    <occluded>0</occluded>
    <bndbox>
      <xmin>361.52</xmin>
      <ymin>735.42</ymin>
      <xmax>408.48</xmax>
      <ymax>780.58</ymax>
    </bndbox>
  </object>
  <object>
    <name>WHITE</name>
    <occluded>0</occluded>
    <bndbox>
      <xmin>471.5</xmin>
      <ymin>669.5</ymin>
      <xmax>519.8</xmax>
      <ymax>718.6</ymax>
    </bndbox>
  </object>
  <object>
    <name>WHITE</name>
    <occluded>0</occluded>
    <bndbox>
      <xmin>607.26</xmin>
      <ymin>323.38</ymin>
      <xmax>647.12</xmax>
      <ymax>352.84</ymax>
    </bndbox>
  </object>
  <object>
    <name>WHITE</name>
    <occluded>0</occluded>
    <bndbox>
      <xmin>441.59</xmin>
      <ymin>296.48</ymin>
      <xmax>485.51</xmax>
      <ymax>321.54</ymax>
    </bndbox>
  </object>
  <object>
    <name>WHITE</name>
    <occluded>0</occluded>
    <bndbox>
      <xmin>458.24</xmin>
      <ymin>267.6</ymin>
      <xmax>501.36</xmax>
      <ymax>292.26</ymax>
    </bndbox>
  </object>
  <object>
    <name>WHITE</name>
    <occluded>0</occluded>
    <bndbox>
      <xmin>531.6</xmin>
      <ymin>302.49</ymin>
      <xmax>573.56</xmax>
      <ymax>330.17</ymax>
    </bndbox>
  </object>
  <object>
    <name>WHITE</name>
    <occluded>0</occluded>
    <bndbox>
      <xmin>230.1</xmin>
      <ymin>323.9</ymin>
      <xmax>266.78</xmax>
      <ymax>356.82</ymax>
    </bndbox>
  </object>
  <object>
    <name>WHITE</name>
    <occluded>0</occluded>
    <bndbox>
      <xmin>195.16</xmin>
      <ymin>420.94</ymin>
      <xmax>231.26</xmax>
      <ymax>463.1</ymax>
    </bndbox>
  </object>
  <object>
    <name>WHITE</name>
    <occluded>0</occluded>
    <bndbox>
      <xmin>178.12</xmin>
      <ymin>383.39</ymin>
      <xmax>210.17</xmax>
      <ymax>424.4</ymax>
    </bndbox>
  </object>
  <object>
    <name>WHITE</name>
    <occluded>0</occluded>
    <bndbox>
      <xmin>164.29</xmin>
      <ymin>502.06</ymin>
      <xmax>190.02</xmax>
      <ymax>548.84</ymax>
    </bndbox>
  </object>
  <object>
    <name>WHITE</name>
    <occluded>0</occluded>
    <bndbox>
      <xmin>383.57</xmin>
      <ymin>253.87</ymin>
      <xmax>428.91</xmax>
      <ymax>277.26</ymax>
    </bndbox>
  </object>
  <object>
    <name>WHITE</name>
    <occluded>0</occluded>
    <bndbox>
      <xmin>190.33</xmin>
      <ymin>776.38</ymin>
      <xmax>211.82</xmax>
      <ymax>825.94</ymax>
    </bndbox>
  </object>
  <object>
    <name>WHITE</name>
    <occluded>0</occluded>
    <bndbox>
      <xmin>237.8</xmin>
      <ymin>356.03</ymin>
      <xmax>275.9</xmax>
      <ymax>396.6</ymax>
    </bndbox>
  </object>
  <object>
    <name>WHITE</name>
    <occluded>0</occluded>
    <bndbox>
      <xmin>296.74</xmin>
      <ymin>278.36</ymin>
      <xmax>341.06</xmax>
      <ymax>307.1</ymax>
    </bndbox>
  </object>
  <object>
    <name>BLACK</name>
    <occluded>0</occluded>
    <bndbox>
      <xmin>191.85</xmin>
      <ymin>835.92</ymin>
      <xmax>216.81</xmax>
      <ymax>882.7</ymax>
    </bndbox>
  </object>
  <object>
    <name>WHITE</name>
    <occluded>0</occluded>
    <bndbox>
      <xmin>223.39</xmin>
      <ymin>811.66</ymin>
      <xmax>261.86</xmax>
      <ymax>858.79</ymax>
    </bndbox>
  </object>
  <object>
    <name>WHITE</name>
    <occluded>0</occluded>
    <bndbox>
      <xmin>275.03</xmin>
      <ymin>792.25</ymin>
      <xmax>318.0</xmax>
      <ymax>831.07</ymax>
    </bndbox>
  </object>
  <object>
    <name>WHITE</name>
    <occluded>0</occluded>
    <bndbox>
      <xmin>660.16</xmin>
      <ymin>763.09</ymin>
      <xmax>687.83</xmax>
      <ymax>808.57</ymax>
    </bndbox>
  </object>
  <object>
    <name>WHITE</name>
    <occluded>0</occluded>
    <bndbox>
      <xmin>702.27</xmin>
      <ymin>785.47</ymin>
      <xmax>725.13</xmax>
      <ymax>829.03</ymax>
    </bndbox>
  </object>
  <object>
    <name>WHITE</name>
    <occluded>0</occluded>
    <bndbox>
      <xmin>684.95</xmin>
      <ymin>702.68</ymin>
      <xmax>710.21</xmax>
      <ymax>749.13</ymax>
    </bndbox>
  </object>
  <object>
    <name>WHITE</name>
    <occluded>0</occluded>
    <bndbox>
      <xmin>679.17</xmin>
      <ymin>634.33</ymin>
      <xmax>705.16</xmax>
      <ymax>679.1</ymax>
    </bndbox>
  </object>
  <object>
    <name>WHITE</name>
    <occluded>0</occluded>
    <bndbox>
      <xmin>701.55</xmin>
      <ymin>587.41</ymin>
      <xmax>727.3</xmax>
      <ymax>631.45</ymax>
    </bndbox>
  </object>
  <object>
    <name>WHITE</name>
    <occluded>0</occluded>
    <bndbox>
      <xmin>660.4</xmin>
      <ymin>554.19</ymin>
      <xmax>682.3</xmax>
      <ymax>599.92</ymax>
    </bndbox>
  </object>
  <object>
    <name>WHITE</name>
    <occluded>0</occluded>
    <bndbox>
      <xmin>682.5</xmin>
      <ymin>503.9</ymin>
      <xmax>707.57</xmax>
      <ymax>549.62</ymax>
    </bndbox>
  </object>
  <object>
    <name>WHITE</name>
    <occluded>0</occluded>
    <bndbox>
      <xmin>727.78</xmin>
      <ymin>543.85</ymin>
      <xmax>747.52</xmax>
      <ymax>586.44</ymax>
    </bndbox>
  </object>
  <object>
    <name>WHITE</name>
    <occluded>0</occluded>
    <bndbox>
      <xmin>647.41</xmin>
      <ymin>418.68</ymin>
      <xmax>674.26</xmax>
      <ymax>463.16</ymax>
    </bndbox>
  </object>
  <object>
    <name>WHITE</name>
    <occluded>0</occluded>
    <bndbox>
      <xmin>662.14</xmin>
      <ymin>382.87</ymin>
      <xmax>694.19</xmax>
      <ymax>420.13</ymax>
    </bndbox>
  </object>
  <object>
    <name>BLACK</name>
    <occluded>0</occluded>
    <bndbox>
      <xmin>362.25</xmin>
      <ymin>301.75</ymin>
      <xmax>410.08</xmax>
      <ymax>338.83</ymax>
    </bndbox>
  </object>
</annotation>
