<annotation>
  <folder>EN</folder>
  <filename>EN_camera2.png</filename>
  <source>
    <database>Unknown</database>
    <annotation>Unknown</annotation>
    <image>Unknown</image>
  </source>
  <size>
    <width>960</width>
    <height>1280</height>
    <depth></depth>
  </size>
  <segmented>0</segmented>
  <object>
    <name>BLACK</name>
    <occluded>0</occluded>
    <bndbox>
      <xmin>707.51</xmin>
      <ymin>454.2</ymin>
      <xmax>736.5</xmax>
      <ymax>495.8</ymax>
    </bndbox>
  </object>
  <object>
    <name>WHITE</name>
    <occluded>0</occluded>
    <bndbox>
      <xmin>688.92</xmin>
      <ymin>494.0</ymin>
      <xmax>722.1</xmax>
      <ymax>538.2</ymax>
    </bndbox>
  </object>
  <object>
    <name>WHITE</name>
    <occluded>0</occluded>
    <bndbox>
      <xmin>652.5</xmin>
      <ymin>540.2</ymin>
      <xmax>687.86</xmax>
      <ymax>586.22</ymax>
    </bndbox>
  </object>
  <object>
    <name>WHITE</name>
    <occluded>0</occluded>
    <bndbox>
      <xmin>589.3</xmin>
      <ymin>623.24</ymin>
      <xmax>632.7</xmax>
      <ymax>671.3</ymax>
    </bndbox>
  </object>
  <object>
    <name>WHITE</name>
    <occluded>0</occluded>
    <bndbox>
      <xmin>518.7</xmin>
      <ymin>695.2</ymin>
      <xmax>567.8</xmax>
      <ymax>741.5</ymax>
    </bndbox>
  </object>
  <object>
    <name>BLACK</name>
    <occluded>0</occluded>
    <bndbox>
      <xmin>465.02</xmin>
      <ymin>773.8</ymin>
      <xmax>509.9</xmax>
      <ymax>812.1</ymax>
    </bndbox>
  </object>
  <object>
    <name>WHITE</name>
    <occluded>0</occluded>
    <bndbox>
      <xmin>596.01</xmin>
      <ymin>462.22</ymin>
      <xmax>638.3</xmax>
      <ymax>505.4</ymax>
    </bndbox>
  </object>
  <object>
    <name>WHITE</name>
    <occluded>0</occluded>
    <bndbox>
      <xmin>646.74</xmin>
      <ymin>417.09</ymin>
      <xmax>680.8</xmax>
      <ymax>457.4</ymax>
    </bndbox>
  </object>
  <object>
    <name>WHITE</name>
    <occluded>0</occluded>
    <bndbox>
      <xmin>537.53</xmin>
      <ymin>525.31</ymin>
      <xmax>586.4</xmax>
      <ymax>573.5</ymax>
    </bndbox>
  </object>
  <object>
    <name>WHITE</name>
    <occluded>0</occluded>
    <bndbox>
      <xmin>467.23</xmin>
      <ymin>625.4</ymin>
      <xmax>515.0</xmax>
      <ymax>673.2</ymax>
    </bndbox>
  </object>
  <object>
    <name>WHITE</name>
    <occluded>0</occluded>
    <bndbox>
      <xmin>380.79</xmin>
      <ymin>444.32</ymin>
      <xmax>423.21</xmax>
      <ymax>479.68</ymax>
    </bndbox>
  </object>
  <object>
    <name>WHITE</name>
    <occluded>0</occluded>
    <bndbox>
      <xmin>482.5</xmin>
      <ymin>444.0</ymin>
      <xmax>525.5</xmax>
      <ymax>484.0</ymax>
    </bndbox>
  </object>
  <object>
    <name>WHITE</name>
    <occluded>0</occluded>
    <bndbox>
      <xmin>354.8</xmin>
      <ymin>595.82</ymin>
      <xmax>398.85</xmax>
      <ymax>643.1</ymax>
    </bndbox>
  </object>
  <object>
    <name>WHITE</name>
    <occluded>0</occluded>
    <bndbox>
      <xmin>306.6</xmin>
      <ymin>657.57</ymin>
      <xmax>344.37</xmax>
      <ymax>702.2</ymax>
    </bndbox>
  </object>
  <object>
    <name>WHITE</name>
    <occluded>0</occluded>
    <bndbox>
      <xmin>502.34</xmin>
      <ymin>340.23</ymin>
      <xmax>547.2</xmax>
      <ymax>366.7</ymax>
    </bndbox>
  </object>
  <object>
    <name>WHITE</name>
    <occluded>0</occluded>
    <bndbox>
      <xmin>441.91</xmin>
      <ymin>377.8</ymin>
      <xmax>488.0</xmax>
      <ymax>410.09</ymax>
    </bndbox>
  </object>
  <object>
    <name>WHITE</name>
    <occluded>0</occluded>
    <bndbox>
      <xmin>252.6</xmin>
      <ymin>521.07</ymin>
      <xmax>276.37</xmax>
      <ymax>564.3</ymax>
    </bndbox>
  </object>
  <object>
    <name>WHITE</name>
    <occluded>0</occluded>
    <bndbox>
      <xmin>294.7</xmin>
      <ymin>453.0</ymin>
      <xmax>330.07</xmax>
      <ymax>498.3</ymax>
    </bndbox>
  </object>
  <object>
    <name>WHITE</name>
    <occluded>0</occluded>
    <bndbox>
      <xmin>418.0</xmin>
      <ymin>514.5</ymin>
      <xmax>465.9</xmax>
      <ymax>562.4</ymax>
    </bndbox>
  </object>
  <object>
    <name>WHITE</name>
    <occluded>0</occluded>
    <bndbox>
      <xmin>436.88</xmin>
      <ymin>284.97</ymin>
      <xmax>475.88</xmax>
      <ymax>302.97</ymax>
    </bndbox>
  </object>
  <object>
    <name>WHITE</name>
    <occluded>0</occluded>
    <bndbox>
      <xmin>312.3</xmin>
      <ymin>506.67</ymin>
      <xmax>343.6</xmax>
      <ymax>553.4</ymax>
    </bndbox>
  </object>
  <object>
    <name>WHITE</name>
    <occluded>0</occluded>
    <bndbox>
      <xmin>617.5</xmin>
      <ymin>921.61</ymin>
      <xmax>657.88</xmax>
      <ymax>952.7</ymax>
    </bndbox>
  </object>
  <object>
    <name>WHITE</name>
    <occluded>0</occluded>
    <bndbox>
      <xmin>738.27</xmin>
      <ymin>444.59</ymin>
      <xmax>764.2</xmax>
      <ymax>484.6</ymax>
    </bndbox>
  </object>
  <object>
    <name>WHITE</name>
    <occluded>0</occluded>
    <bndbox>
      <xmin>745.82</xmin>
      <ymin>508.86</ymin>
      <xmax>767.8</xmax>
      <ymax>555.3</ymax>
    </bndbox>
  </object>
  <object>
    <name>WHITE</name>
    <occluded>0</occluded>
    <bndbox>
      <xmin>636.61</xmin>
      <ymin>692.11</ymin>
      <xmax>677.5</xmax>
      <ymax>739.1</ymax>
    </bndbox>
  </object>
  <object>
    <name>WHITE</name>
    <occluded>0</occluded>
    <bndbox>
      <xmin>409.0</xmin>
      <ymin>679.0</ymin>
      <xmax>454.5</xmax>
      <ymax>726.3</ymax>
    </bndbox>
  </object>
  <object>
    <name>WHITE</name>
    <occluded>0</occluded>
    <bndbox>
      <xmin>545.49</xmin>
      <ymin>388.8</ymin>
      <xmax>589.4</xmax>
      <ymax>429.6</ymax>
    </bndbox>
  </object>
  <object>
    <name>WHITE</name>
    <occluded>0</occluded>
    <bndbox>
      <xmin>284.8</xmin>
      <ymin>902.47</ymin>
      <xmax>305.88</xmax>
      <ymax>943.48</ymax>
    </bndbox>
  </object>
  <object>
    <name>WHITE</name>
    <occluded>0</occluded>
    <bndbox>
      <xmin>233.54</xmin>
      <ymin>588.72</ymin>
      <xmax>249.76</xmax>
      <ymax>630.73</ymax>
    </bndbox>
  </object>
  <object>
    <name>WHITE</name>
    <occluded>0</occluded>
    <bndbox>
      <xmin>384.5</xmin>
      <ymin>313.84</ymin>
      <xmax>424.83</xmax>
      <ymax>339.2</ymax>
    </bndbox>
  </object>
  <object>
    <name>WHITE</name>
    <occluded>0</occluded>
    <bndbox>
      <xmin>483.89</xmin>
      <ymin>265.6</ymin>
      <xmax>521.73</xmax>
      <ymax>283.9</ymax>
    </bndbox>
  </object>
  <object>
    <name>WHITE</name>
    <occluded>0</occluded>
    <bndbox>
      <xmin>758.77</xmin>
      <ymin>728.45</ymin>
      <xmax>785.38</xmax>
      <ymax>767.54</ymax>
    </bndbox>
  </object>
  <object>
    <name>WHITE</name>
    <occluded>0</occluded>
    <bndbox>
      <xmin>250.66</xmin>
      <ymin>652.87</ymin>
      <xmax>273.19</xmax>
      <ymax>695.84</ymax>
    </bndbox>
  </object>
  <object>
    <name>WHITE</name>
    <occluded>0</occluded>
    <bndbox>
      <xmin>267.99</xmin>
      <ymin>590.49</ymin>
      <xmax>298.83</xmax>
      <ymax>637.28</ymax>
    </bndbox>
  </object>
  <object>
    <name>WHITE</name>
    <occluded>0</occluded>
    <bndbox>
      <xmin>606.22</xmin>
      <ymin>297.66</ymin>
      <xmax>640.88</xmax>
      <ymax>321.22</ymax>
    </bndbox>
  </object>
  <object>
    <name>WHITE</name>
    <occluded>0</occluded>
    <bndbox>
      <xmin>273.54</xmin>
      <ymin>399.2</ymin>
      <xmax>301.61</xmax>
      <ymax>433.16</ymax>
    </bndbox>
  </object>
  <object>
    <name>WHITE</name>
    <occluded>0</occluded>
    <bndbox>
      <xmin>332.45</xmin>
      <ymin>358.3</ymin>
      <xmax>368.84</xmax>
      <ymax>392.6</ymax>
    </bndbox>
  </object>
  <object>
    <name>BLACK</name>
    <occluded>0</occluded>
    <bndbox>
      <xmin>686.66</xmin>
      <ymin>895.05</ymin>
      <xmax>718.27</xmax>
      <ymax>933.35</ymax>
    </bndbox>
  </object>
  <object>
    <name>WHITE</name>
    <occluded>0</occluded>
    <bndbox>
      <xmin>716.67</xmin>
      <ymin>700.87</ymin>
      <xmax>745.09</xmax>
      <ymax>745.92</ymax>
    </bndbox>
  </object>
  <object>
    <name>WHITE</name>
    <occluded>0</occluded>
    <bndbox>
      <xmin>687.56</xmin>
      <ymin>634.33</ymin>
      <xmax>721.87</xmax>
      <ymax>680.42</ymax>
    </bndbox>
  </object>
  <object>
    <name>WHITE</name>
    <occluded>0</occluded>
    <bndbox>
      <xmin>751.33</xmin>
      <ymin>642.3</ymin>
      <xmax>773.51</xmax>
      <ymax>685.27</ymax>
    </bndbox>
  </object>
  <object>
    <name>WHITE</name>
    <occluded>0</occluded>
    <bndbox>
      <xmin>724.82</xmin>
      <ymin>568.78</ymin>
      <xmax>749.37</xmax>
      <ymax>613.06</ymax>
    </bndbox>
  </object>
  <object>
    <name>WHITE</name>
    <occluded>0</occluded>
    <bndbox>
      <xmin>714.35</xmin>
      <ymin>382.56</ymin>
      <xmax>741.38</xmax>
      <ymax>419.3</ymax>
    </bndbox>
  </object>
  <object>
    <name>WHITE</name>
    <occluded>0</occluded>
    <bndbox>
      <xmin>680.39</xmin>
      <ymin>394.0</ymin>
      <xmax>710.88</xmax>
      <ymax>432.46</ymax>
    </bndbox>
  </object>
  <object>
    <name>WHITE</name>
    <occluded>0</occluded>
    <bndbox>
      <xmin>596.87</xmin>
      <ymin>358.65</ymin>
      <xmax>637.07</xmax>
      <ymax>394.69</ymax>
    </bndbox>
  </object>
  <object>
    <name>WHITE</name>
    <occluded>0</occluded>
    <bndbox>
      <xmin>410.42</xmin>
      <ymin>339.9</ymin>
      <xmax>449.2</xmax>
      <ymax>369.39</ymax>
    </bndbox>
  </object>
  <object>
    <name>BLACK</name>
    <occluded>0</occluded>
    <bndbox>
      <xmin>250.97</xmin>
      <ymin>845.47</ymin>
      <xmax>282.91</xmax>
      <ymax>888.88</ymax>
    </bndbox>
  </object>
  <object>
    <name>WHITE</name>
    <occluded>0</occluded>
    <bndbox>
      <xmin>301.4</xmin>
      <ymin>882.7</ymin>
      <xmax>329.47</xmax>
      <ymax>928.45</ymax>
    </bndbox>
  </object>
  <object>
    <name>WHITE</name>
    <occluded>0</occluded>
    <bndbox>
      <xmin>236.59</xmin>
      <ymin>861.56</ymin>
      <xmax>258.43</xmax>
      <ymax>898.99</ymax>
    </bndbox>
  </object>
</annotation>
