<annotation>
  <folder>EN</folder>
  <filename>EN_camera11.png</filename>
  <source>
    <database>Unknown</database>
    <annotation>Unknown</annotation>
    <image>Unknown</image>
  </source>
  <size>
    <width>1280</width>
    <height>960</height>
    <depth></depth>
  </size>
  <segmented>0</segmented>
  <object>
    <name>WHITE</name>
    <occluded>0</occluded>
    <bndbox>
      <xmin>920.81</xmin>
      <ymin>580.1</ymin>
      <xmax>948.26</xmax>
      <ymax>624.38</ymax>
    </bndbox>
  </object>
  <object>
    <name>WHITE</name>
    <occluded>0</occluded>
    <bndbox>
      <xmin>940.46</xmin>
      <ymin>645.28</ymin>
      <xmax>963.5</xmax>
      <ymax>686.76</ymax>
    </bndbox>
  </object>
  <object>
    <name>WHITE</name>
    <occluded>0</occluded>
    <bndbox>
      <xmin>922.54</xmin>
      <ymin>373.11</ymin>
      <xmax>955.11</xmax>
      <ymax>416.15</ymax>
    </bndbox>
  </object>
  <object>
    <name>WHITE</name>
    <occluded>0</occluded>
    <bndbox>
      <xmin>950.99</xmin>
      <ymin>339.05</ymin>
      <xmax>980.9</xmax>
      <ymax>384.71</ymax>
    </bndbox>
  </object>
  <object>
    <name>WHITE</name>
    <occluded>0</occluded>
    <bndbox>
      <xmin>897.09</xmin>
      <ymin>300.88</ymin>
      <xmax>928.9</xmax>
      <ymax>345.04</ymax>
    </bndbox>
  </object>
  <object>
    <name>WHITE</name>
    <occluded>0</occluded>
    <bndbox>
      <xmin>917.3</xmin>
      <ymin>260.83</ymin>
      <xmax>949.12</xmax>
      <ymax>301.25</ymax>
    </bndbox>
  </object>
  <object>
    <name>WHITE</name>
    <occluded>0</occluded>
    <bndbox>
      <xmin>876.99</xmin>
      <ymin>193.5</ymin>
      <xmax>909.14</xmax>
      <ymax>226.25</ymax>
    </bndbox>
  </object>
  <object>
    <name>WHITE</name>
    <occluded>0</occluded>
    <bndbox>
      <xmin>757.57</xmin>
      <ymin>132.82</ymin>
      <xmax>794.75</xmax>
      <ymax>162.96</ymax>
    </bndbox>
  </object>
  <object>
    <name>WHITE</name>
    <occluded>0</occluded>
    <bndbox>
      <xmin>673.8</xmin>
      <ymin>99.48</ymin>
      <xmax>719.46</xmax>
      <ymax>127.55</ymax>
    </bndbox>
  </object>
  <object>
    <name>BLACK</name>
    <occluded>0</occluded>
    <bndbox>
      <xmin>433.14</xmin>
      <ymin>301.59</ymin>
      <xmax>475.5</xmax>
      <ymax>348.0</ymax>
    </bndbox>
  </object>
  <object>
    <name>WHITE</name>
    <occluded>0</occluded>
    <bndbox>
      <xmin>454.6</xmin>
      <ymin>184.0</ymin>
      <xmax>484.3</xmax>
      <ymax>218.57</ymax>
    </bndbox>
  </object>
  <object>
    <name>WHITE</name>
    <occluded>0</occluded>
    <bndbox>
      <xmin>1004.27</xmin>
      <ymin>566.09</ymin>
      <xmax>1022.68</xmax>
      <ymax>606.33</ymax>
    </bndbox>
  </object>
  <object>
    <name>WHITE</name>
    <occluded>0</occluded>
    <bndbox>
      <xmin>969.78</xmin>
      <ymin>599.67</ymin>
      <xmax>986.42</xmax>
      <ymax>636.31</ymax>
    </bndbox>
  </object>
  <object>
    <name>WHITE</name>
    <occluded>0</occluded>
    <bndbox>
      <xmin>967.59</xmin>
      <ymin>657.67</ymin>
      <xmax>985.78</xmax>
      <ymax>699.25</ymax>
    </bndbox>
  </object>
  <object>
    <name>WHITE</name>
    <occluded>0</occluded>
    <bndbox>
      <xmin>1007.34</xmin>
      <ymin>437.77</ymin>
      <xmax>1027.87</xmax>
      <ymax>480.39</ymax>
    </bndbox>
  </object>
  <object>
    <name>BLACK</name>
    <occluded>0</occluded>
    <bndbox>
      <xmin>890.87</xmin>
      <ymin>427.58</ymin>
      <xmax>924.83</xmax>
      <ymax>474.99</ymax>
    </bndbox>
  </object>
  <object>
    <name>WHITE</name>
    <occluded>0</occluded>
    <bndbox>
      <xmin>910.83</xmin>
      <ymin>506.18</ymin>
      <xmax>931.7</xmax>
      <ymax>552.65</ymax>
    </bndbox>
  </object>
  <object>
    <name>WHITE</name>
    <occluded>0</occluded>
    <bndbox>
      <xmin>875.59</xmin>
      <ymin>568.56</ymin>
      <xmax>904.9</xmax>
      <ymax>615.65</ymax>
    </bndbox>
  </object>
  <object>
    <name>WHITE</name>
    <occluded>0</occluded>
    <bndbox>
      <xmin>849.57</xmin>
      <ymin>488.56</ymin>
      <xmax>886.4</xmax>
      <ymax>534.4</ymax>
    </bndbox>
  </object>
  <object>
    <name>WHITE</name>
    <occluded>0</occluded>
    <bndbox>
      <xmin>534.73</xmin>
      <ymin>152.55</ymin>
      <xmax>580.6</xmax>
      <ymax>181.8</ymax>
    </bndbox>
  </object>
  <object>
    <name>WHITE</name>
    <occluded>0</occluded>
    <bndbox>
      <xmin>474.0</xmin>
      <ymin>215.09</ymin>
      <xmax>513.88</xmax>
      <ymax>250.0</ymax>
    </bndbox>
  </object>
  <object>
    <name>WHITE</name>
    <occluded>0</occluded>
    <bndbox>
      <xmin>856.34</xmin>
      <ymin>223.22</ymin>
      <xmax>891.3</xmax>
      <ymax>263.1</ymax>
    </bndbox>
  </object>
  <object>
    <name>WHITE</name>
    <occluded>0</occluded>
    <bndbox>
      <xmin>646.75</xmin>
      <ymin>174.77</ymin>
      <xmax>693.5</xmax>
      <ymax>206.4</ymax>
    </bndbox>
  </object>
  <object>
    <name>WHITE</name>
    <occluded>0</occluded>
    <bndbox>
      <xmin>706.98</xmin>
      <ymin>145.66</ymin>
      <xmax>747.3</xmax>
      <ymax>177.4</ymax>
    </bndbox>
  </object>
  <object>
    <name>WHITE</name>
    <occluded>0</occluded>
    <bndbox>
      <xmin>685.07</xmin>
      <ymin>239.56</ymin>
      <xmax>732.0</xmax>
      <ymax>274.4</ymax>
    </bndbox>
  </object>
  <object>
    <name>WHITE</name>
    <occluded>0</occluded>
    <bndbox>
      <xmin>743.44</xmin>
      <ymin>213.26</ymin>
      <xmax>788.1</xmax>
      <ymax>248.7</ymax>
    </bndbox>
  </object>
  <object>
    <name>WHITE</name>
    <occluded>0</occluded>
    <bndbox>
      <xmin>793.04</xmin>
      <ymin>187.97</ymin>
      <xmax>830.3</xmax>
      <ymax>224.2</ymax>
    </bndbox>
  </object>
  <object>
    <name>WHITE</name>
    <occluded>0</occluded>
    <bndbox>
      <xmin>822.28</xmin>
      <ymin>166.14</ymin>
      <xmax>857.5</xmax>
      <ymax>198.4</ymax>
    </bndbox>
  </object>
  <object>
    <name>WHITE</name>
    <occluded>0</occluded>
    <bndbox>
      <xmin>777.58</xmin>
      <ymin>307.04</ymin>
      <xmax>824.4</xmax>
      <ymax>351.7</ymax>
    </bndbox>
  </object>
  <object>
    <name>WHITE</name>
    <occluded>0</occluded>
    <bndbox>
      <xmin>826.94</xmin>
      <ymin>258.86</ymin>
      <xmax>861.3</xmax>
      <ymax>297.3</ymax>
    </bndbox>
  </object>
  <object>
    <name>WHITE</name>
    <occluded>0</occluded>
    <bndbox>
      <xmin>578.63</xmin>
      <ymin>205.38</ymin>
      <xmax>626.7</xmax>
      <ymax>240.0</ymax>
    </bndbox>
  </object>
  <object>
    <name>WHITE</name>
    <occluded>0</occluded>
    <bndbox>
      <xmin>892.07</xmin>
      <ymin>638.03</ymin>
      <xmax>923.5</xmax>
      <ymax>683.5</ymax>
    </bndbox>
  </object>
  <object>
    <name>WHITE</name>
    <occluded>0</occluded>
    <bndbox>
      <xmin>840.97</xmin>
      <ymin>409.4</ymin>
      <xmax>882.8</xmax>
      <ymax>456.8</ymax>
    </bndbox>
  </object>
  <object>
    <name>WHITE</name>
    <occluded>0</occluded>
    <bndbox>
      <xmin>789.56</xmin>
      <ymin>394.34</ymin>
      <xmax>826.5</xmax>
      <ymax>441.4</ymax>
    </bndbox>
  </object>
  <object>
    <name>WHITE</name>
    <occluded>0</occluded>
    <bndbox>
      <xmin>833.6</xmin>
      <ymin>630.47</ymin>
      <xmax>877.0</xmax>
      <ymax>678.9</ymax>
    </bndbox>
  </object>
  <object>
    <name>WHITE</name>
    <occluded>0</occluded>
    <bndbox>
      <xmin>810.5</xmin>
      <ymin>558.5</ymin>
      <xmax>847.0</xmax>
      <ymax>609.0</ymax>
    </bndbox>
  </object>
  <object>
    <name>WHITE</name>
    <occluded>0</occluded>
    <bndbox>
      <xmin>790.82</xmin>
      <ymin>486.05</ymin>
      <xmax>830.0</xmax>
      <ymax>534.4</ymax>
    </bndbox>
  </object>
  <object>
    <name>WHITE</name>
    <occluded>0</occluded>
    <bndbox>
      <xmin>728.75</xmin>
      <ymin>415.0</ymin>
      <xmax>772.2</xmax>
      <ymax>464.6</ymax>
    </bndbox>
  </object>
  <object>
    <name>BLACK</name>
    <occluded>0</occluded>
    <bndbox>
      <xmin>764.5</xmin>
      <ymin>634.98</ymin>
      <xmax>810.9</xmax>
      <ymax>682.7</ymax>
    </bndbox>
  </object>
  <object>
    <name>WHITE</name>
    <occluded>0</occluded>
    <bndbox>
      <xmin>736.95</xmin>
      <ymin>560.13</ymin>
      <xmax>783.5</xmax>
      <ymax>609.9</ymax>
    </bndbox>
  </object>
  <object>
    <name>WHITE</name>
    <occluded>0</occluded>
    <bndbox>
      <xmin>712.8</xmin>
      <ymin>488.19</ymin>
      <xmax>758.69</xmax>
      <ymax>537.2</ymax>
    </bndbox>
  </object>
  <object>
    <name>BLACK</name>
    <occluded>0</occluded>
    <bndbox>
      <xmin>646.33</xmin>
      <ymin>423.65</ymin>
      <xmax>699.1</xmax>
      <ymax>476.7</ymax>
    </bndbox>
  </object>
  <object>
    <name>WHITE</name>
    <occluded>0</occluded>
    <bndbox>
      <xmin>677.94</xmin>
      <ymin>580.0</ymin>
      <xmax>725.4</xmax>
      <ymax>630.4</ymax>
    </bndbox>
  </object>
  <object>
    <name>WHITE</name>
    <occluded>0</occluded>
    <bndbox>
      <xmin>634.94</xmin>
      <ymin>502.92</ymin>
      <xmax>684.6</xmax>
      <ymax>554.0</ymax>
    </bndbox>
  </object>
  <object>
    <name>WHITE</name>
    <occluded>0</occluded>
    <bndbox>
      <xmin>571.12</xmin>
      <ymin>443.32</ymin>
      <xmax>619.1</xmax>
      <ymax>494.8</ymax>
    </bndbox>
  </object>
  <object>
    <name>WHITE</name>
    <occluded>0</occluded>
    <bndbox>
      <xmin>861.99</xmin>
      <ymin>346.86</ymin>
      <xmax>899.7</xmax>
      <ymax>391.9</ymax>
    </bndbox>
  </object>
</annotation>
