<annotation>
  <folder>EN</folder>
  <filename>EN_camera8.png</filename>
  <source>
    <database>Unknown</database>
    <annotation>Unknown</annotation>
    <image>Unknown</image>
  </source>
  <size>
    <width>1280</width>
    <height>960</height>
    <depth></depth>
  </size>
  <segmented>0</segmented>
  <object>
    <name>WHITE</name>
    <occluded>0</occluded>
    <bndbox>
      <xmin>479.88</xmin>
      <ymin>212.99</ymin>
      <xmax>528.54</xmax>
      <ymax>249.17</ymax>
    </bndbox>
  </object>
  <object>
    <name>WHITE</name>
    <occluded>0</occluded>
    <bndbox>
      <xmin>815.17</xmin>
      <ymin>331.2</ymin>
      <xmax>846.67</xmax>
      <ymax>367.38</ymax>
    </bndbox>
  </object>
  <object>
    <name>WHITE</name>
    <occluded>0</occluded>
    <bndbox>
      <xmin>885.04</xmin>
      <ymin>668.36</ymin>
      <xmax>915.91</xmax>
      <ymax>717.33</ymax>
    </bndbox>
  </object>
  <object>
    <name>BLACK</name>
    <occluded>0</occluded>
    <bndbox>
      <xmin>434.66</xmin>
      <ymin>179.93</ymin>
      <xmax>480.82</xmax>
      <ymax>205.82</ymax>
    </bndbox>
  </object>
  <object>
    <name>WHITE</name>
    <occluded>0</occluded>
    <bndbox>
      <xmin>225.45</xmin>
      <ymin>370.61</ymin>
      <xmax>260.03</xmax>
      <ymax>415.52</ymax>
    </bndbox>
  </object>
  <object>
    <name>WHITE</name>
    <occluded>0</occluded>
    <bndbox>
      <xmin>172.9</xmin>
      <ymin>406.99</ymin>
      <xmax>196.71</xmax>
      <ymax>452.8</ymax>
    </bndbox>
  </object>
  <object>
    <name>WHITE</name>
    <occluded>0</occluded>
    <bndbox>
      <xmin>185.03</xmin>
      <ymin>454.6</ymin>
      <xmax>213.77</xmax>
      <ymax>503.1</ymax>
    </bndbox>
  </object>
  <object>
    <name>WHITE</name>
    <occluded>0</occluded>
    <bndbox>
      <xmin>214.67</xmin>
      <ymin>589.14</ymin>
      <xmax>245.39</xmax>
      <ymax>638.72</ymax>
    </bndbox>
  </object>
  <object>
    <name>WHITE</name>
    <occluded>0</occluded>
    <bndbox>
      <xmin>235.69</xmin>
      <ymin>706.63</ymin>
      <xmax>280.42</xmax>
      <ymax>742.2</ymax>
    </bndbox>
  </object>
  <object>
    <name>WHITE</name>
    <occluded>0</occluded>
    <bndbox>
      <xmin>576.0</xmin>
      <ymin>178.38</ymin>
      <xmax>618.21</xmax>
      <ymax>203.53</ymax>
    </bndbox>
  </object>
  <object>
    <name>WHITE</name>
    <occluded>0</occluded>
    <bndbox>
      <xmin>500.54</xmin>
      <ymin>172.54</ymin>
      <xmax>544.56</xmax>
      <ymax>196.35</ymax>
    </bndbox>
  </object>
  <object>
    <name>WHITE</name>
    <occluded>0</occluded>
    <bndbox>
      <xmin>760.9</xmin>
      <ymin>276.6</ymin>
      <xmax>797.08</xmax>
      <ymax>310.62</ymax>
    </bndbox>
  </object>
  <object>
    <name>WHITE</name>
    <occluded>0</occluded>
    <bndbox>
      <xmin>923.4</xmin>
      <ymin>656.51</ymin>
      <xmax>949.6</xmax>
      <ymax>700.49</ymax>
    </bndbox>
  </object>
  <object>
    <name>WHITE</name>
    <occluded>0</occluded>
    <bndbox>
      <xmin>851.66</xmin>
      <ymin>571.67</ymin>
      <xmax>888.78</xmax>
      <ymax>618.46</ymax>
    </bndbox>
  </object>
  <object>
    <name>WHITE</name>
    <occluded>0</occluded>
    <bndbox>
      <xmin>814.24</xmin>
      <ymin>406.37</ymin>
      <xmax>845.74</xmax>
      <ymax>449.1</ymax>
    </bndbox>
  </object>
  <object>
    <name>WHITE</name>
    <occluded>0</occluded>
    <bndbox>
      <xmin>904.06</xmin>
      <ymin>708.6</ymin>
      <xmax>929.95</xmax>
      <ymax>756.0</ymax>
    </bndbox>
  </object>
  <object>
    <name>WHITE</name>
    <occluded>0</occluded>
    <bndbox>
      <xmin>759.96</xmin>
      <ymin>233.89</ymin>
      <xmax>793.65</xmax>
      <ymax>267.26</ymax>
    </bndbox>
  </object>
  <object>
    <name>WHITE</name>
    <occluded>0</occluded>
    <bndbox>
      <xmin>644.69</xmin>
      <ymin>460.7</ymin>
      <xmax>694.69</xmax>
      <ymax>510.7</ymax>
    </bndbox>
  </object>
  <object>
    <name>WHITE</name>
    <occluded>0</occluded>
    <bndbox>
      <xmin>704.76</xmin>
      <ymin>226.41</ymin>
      <xmax>742.81</xmax>
      <ymax>255.41</ymax>
    </bndbox>
  </object>
  <object>
    <name>WHITE</name>
    <occluded>0</occluded>
    <bndbox>
      <xmin>637.08</xmin>
      <ymin>217.36</ymin>
      <xmax>678.25</xmax>
      <ymax>248.24</ymax>
    </bndbox>
  </object>
  <object>
    <name>WHITE</name>
    <occluded>0</occluded>
    <bndbox>
      <xmin>557.5</xmin>
      <ymin>214.55</ymin>
      <xmax>604.64</xmax>
      <ymax>242.94</ymax>
    </bndbox>
  </object>
  <object>
    <name>WHITE</name>
    <occluded>0</occluded>
    <bndbox>
      <xmin>635.9</xmin>
      <ymin>611.4</ymin>
      <xmax>689.3</xmax>
      <ymax>661.04</ymax>
    </bndbox>
  </object>
  <object>
    <name>WHITE</name>
    <occluded>0</occluded>
    <bndbox>
      <xmin>572.5</xmin>
      <ymin>665.2</ymin>
      <xmax>623.7</xmax>
      <ymax>716.1</ymax>
    </bndbox>
  </object>
  <object>
    <name>WHITE</name>
    <occluded>0</occluded>
    <bndbox>
      <xmin>692.2</xmin>
      <ymin>267.82</ymin>
      <xmax>734.7</xmax>
      <ymax>306.8</ymax>
    </bndbox>
  </object>
  <object>
    <name>WHITE</name>
    <occluded>0</occluded>
    <bndbox>
      <xmin>342.0</xmin>
      <ymin>545.5</ymin>
      <xmax>386.0</xmax>
      <ymax>590.5</ymax>
    </bndbox>
  </object>
  <object>
    <name>WHITE</name>
    <occluded>0</occluded>
    <bndbox>
      <xmin>418.5</xmin>
      <ymin>406.0</ymin>
      <xmax>463.5</xmax>
      <ymax>450.0</ymax>
    </bndbox>
  </object>
  <object>
    <name>WHITE</name>
    <occluded>0</occluded>
    <bndbox>
      <xmin>455.03</xmin>
      <ymin>671.81</ymin>
      <xmax>502.97</xmax>
      <ymax>718.19</ymax>
    </bndbox>
  </object>
  <object>
    <name>WHITE</name>
    <occluded>0</occluded>
    <bndbox>
      <xmin>307.1</xmin>
      <ymin>481.0</ymin>
      <xmax>354.0</xmax>
      <ymax>527.2</ymax>
    </bndbox>
  </object>
  <object>
    <name>WHITE</name>
    <occluded>0</occluded>
    <bndbox>
      <xmin>263.5</xmin>
      <ymin>559.0</ymin>
      <xmax>302.5</xmax>
      <ymax>610.8</ymax>
    </bndbox>
  </object>
  <object>
    <name>WHITE</name>
    <occluded>0</occluded>
    <bndbox>
      <xmin>249.59</xmin>
      <ymin>638.9</ymin>
      <xmax>287.9</xmax>
      <ymax>690.1</ymax>
    </bndbox>
  </object>
  <object>
    <name>WHITE</name>
    <occluded>0</occluded>
    <bndbox>
      <xmin>386.7</xmin>
      <ymin>214.76</ymin>
      <xmax>431.18</xmax>
      <ymax>255.7</ymax>
    </bndbox>
  </object>
  <object>
    <name>WHITE</name>
    <occluded>0</occluded>
    <bndbox>
      <xmin>339.9</xmin>
      <ymin>274.26</ymin>
      <xmax>385.3</xmax>
      <ymax>315.9</ymax>
    </bndbox>
  </object>
  <object>
    <name>WHITE</name>
    <occluded>0</occluded>
    <bndbox>
      <xmin>298.37</xmin>
      <ymin>346.4</ymin>
      <xmax>345.2</xmax>
      <ymax>394.4</ymax>
    </bndbox>
  </object>
  <object>
    <name>BLACK</name>
    <occluded>0</occluded>
    <bndbox>
      <xmin>234.74</xmin>
      <ymin>504.88</ymin>
      <xmax>277.5</xmax>
      <ymax>558.9</ymax>
    </bndbox>
  </object>
  <object>
    <name>WHITE</name>
    <occluded>0</occluded>
    <bndbox>
      <xmin>359.7</xmin>
      <ymin>182.41</ymin>
      <xmax>401.13</xmax>
      <ymax>209.3</ymax>
    </bndbox>
  </object>
  <object>
    <name>WHITE</name>
    <occluded>0</occluded>
    <bndbox>
      <xmin>308.2</xmin>
      <ymin>231.16</ymin>
      <xmax>346.44</xmax>
      <ymax>267.8</ymax>
    </bndbox>
  </object>
  <object>
    <name>WHITE</name>
    <occluded>0</occluded>
    <bndbox>
      <xmin>261.43</xmin>
      <ymin>293.1</ymin>
      <xmax>301.5</xmax>
      <ymax>335.7</ymax>
    </bndbox>
  </object>
  <object>
    <name>WHITE</name>
    <occluded>0</occluded>
    <bndbox>
      <xmin>653.7</xmin>
      <ymin>394.42</ymin>
      <xmax>701.8</xmax>
      <ymax>441.1</ymax>
    </bndbox>
  </object>
  <object>
    <name>WHITE</name>
    <occluded>0</occluded>
    <bndbox>
      <xmin>186.0</xmin>
      <ymin>540.5</ymin>
      <xmax>209.6</xmax>
      <ymax>587.1</ymax>
    </bndbox>
  </object>
  <object>
    <name>WHITE</name>
    <occluded>0</occluded>
    <bndbox>
      <xmin>497.85</xmin>
      <ymin>598.31</ymin>
      <xmax>548.8</xmax>
      <ymax>646.6</ymax>
    </bndbox>
  </object>
  <object>
    <name>WHITE</name>
    <occluded>0</occluded>
    <bndbox>
      <xmin>612.4</xmin>
      <ymin>261.96</ymin>
      <xmax>659.3</xmax>
      <ymax>306.04</ymax>
    </bndbox>
  </object>
  <object>
    <name>WHITE</name>
    <occluded>0</occluded>
    <bndbox>
      <xmin>582.3</xmin>
      <ymin>334.42</ymin>
      <xmax>628.2</xmax>
      <ymax>379.58</ymax>
    </bndbox>
  </object>
  <object>
    <name>WHITE</name>
    <occluded>0</occluded>
    <bndbox>
      <xmin>425.9</xmin>
      <ymin>530.23</ymin>
      <xmax>476.1</xmax>
      <ymax>578.9</ymax>
    </bndbox>
  </object>
  <object>
    <name>WHITE</name>
    <occluded>0</occluded>
    <bndbox>
      <xmin>404.5</xmin>
      <ymin>610.3</ymin>
      <xmax>453.7</xmax>
      <ymax>660.9</ymax>
    </bndbox>
  </object>
  <object>
    <name>BLACK</name>
    <occluded>0</occluded>
    <bndbox>
      <xmin>359.34</xmin>
      <ymin>677.89</ymin>
      <xmax>408.2</xmax>
      <ymax>731.9</ymax>
    </bndbox>
  </object>
  <object>
    <name>WHITE</name>
    <occluded>0</occluded>
    <bndbox>
      <xmin>528.0</xmin>
      <ymin>269.0</ymin>
      <xmax>574.8</xmax>
      <ymax>313.4</ymax>
    </bndbox>
  </object>
  <object>
    <name>WHITE</name>
    <occluded>0</occluded>
    <bndbox>
      <xmin>486.07</xmin>
      <ymin>341.19</ymin>
      <xmax>537.0</xmax>
      <ymax>386.8</ymax>
    </bndbox>
  </object>
  <object>
    <name>WHITE</name>
    <occluded>0</occluded>
    <bndbox>
      <xmin>394.74</xmin>
      <ymin>465.13</ymin>
      <xmax>440.8</xmax>
      <ymax>508.95</ymax>
    </bndbox>
  </object>
  <object>
    <name>WHITE</name>
    <occluded>0</occluded>
    <bndbox>
      <xmin>289.31</xmin>
      <ymin>696.5</ymin>
      <xmax>332.2</xmax>
      <ymax>748.0</ymax>
    </bndbox>
  </object>
  <object>
    <name>WHITE</name>
    <occluded>0</occluded>
    <bndbox>
      <xmin>426.38</xmin>
      <ymin>270.88</ymin>
      <xmax>475.6</xmax>
      <ymax>312.9</ymax>
    </bndbox>
  </object>
  <object>
    <name>WHITE</name>
    <occluded>0</occluded>
    <bndbox>
      <xmin>666.1</xmin>
      <ymin>326.31</ymin>
      <xmax>714.4</xmax>
      <ymax>369.69</ymax>
    </bndbox>
  </object>
  <object>
    <name>BLACK</name>
    <occluded>0</occluded>
    <bndbox>
      <xmin>849.54</xmin>
      <ymin>721.28</ymin>
      <xmax>882.4</xmax>
      <ymax>772.0</ymax>
    </bndbox>
  </object>
  <object>
    <name>WHITE</name>
    <occluded>0</occluded>
    <bndbox>
      <xmin>910.1</xmin>
      <ymin>609.0</ymin>
      <xmax>936.0</xmax>
      <ymax>653.0</ymax>
    </bndbox>
  </object>
  <object>
    <name>WHITE</name>
    <occluded>0</occluded>
    <bndbox>
      <xmin>774.72</xmin>
      <ymin>692.93</ymin>
      <xmax>822.7</xmax>
      <ymax>740.57</ymax>
    </bndbox>
  </object>
  <object>
    <name>WHITE</name>
    <occluded>0</occluded>
    <bndbox>
      <xmin>834.5</xmin>
      <ymin>638.1</ymin>
      <xmax>869.0</xmax>
      <ymax>685.0</ymax>
    </bndbox>
  </object>
  <object>
    <name>WHITE</name>
    <occluded>0</occluded>
    <bndbox>
      <xmin>891.6</xmin>
      <ymin>534.6</ymin>
      <xmax>922.6</xmax>
      <ymax>577.3</ymax>
    </bndbox>
  </object>
  <object>
    <name>WHITE</name>
    <occluded>0</occluded>
    <bndbox>
      <xmin>674.1</xmin>
      <ymin>680.2</ymin>
      <xmax>723.4</xmax>
      <ymax>727.5</ymax>
    </bndbox>
  </object>
  <object>
    <name>WHITE</name>
    <occluded>0</occluded>
    <bndbox>
      <xmin>739.8</xmin>
      <ymin>623.31</ymin>
      <xmax>792.8</xmax>
      <ymax>675.5</ymax>
    </bndbox>
  </object>
  <object>
    <name>WHITE</name>
    <occluded>0</occluded>
    <bndbox>
      <xmin>772.7</xmin>
      <ymin>548.97</ymin>
      <xmax>818.2</xmax>
      <ymax>597.5</ymax>
    </bndbox>
  </object>
  <object>
    <name>WHITE</name>
    <occluded>0</occluded>
    <bndbox>
      <xmin>842.6</xmin>
      <ymin>484.0</ymin>
      <xmax>876.0</xmax>
      <ymax>526.2</ymax>
    </bndbox>
  </object>
  <object>
    <name>WHITE</name>
    <occluded>0</occluded>
    <bndbox>
      <xmin>778.83</xmin>
      <ymin>468.18</ymin>
      <xmax>821.0</xmax>
      <ymax>511.4</ymax>
    </bndbox>
  </object>
  <object>
    <name>WHITE</name>
    <occluded>0</occluded>
    <bndbox>
      <xmin>753.1</xmin>
      <ymin>329.43</ymin>
      <xmax>793.2</xmax>
      <ymax>372.57</ymax>
    </bndbox>
  </object>
  <object>
    <name>WHITE</name>
    <occluded>0</occluded>
    <bndbox>
      <xmin>737.3</xmin>
      <ymin>401.08</ymin>
      <xmax>779.9</xmax>
      <ymax>444.92</ymax>
    </bndbox>
  </object>
  <object>
    <name>BLACK</name>
    <occluded>0</occluded>
    <bndbox>
      <xmin>711.96</xmin>
      <ymin>462.48</ymin>
      <xmax>759.0</xmax>
      <ymax>511.6</ymax>
    </bndbox>
  </object>
  <object>
    <name>WHITE</name>
    <occluded>0</occluded>
    <bndbox>
      <xmin>690.9</xmin>
      <ymin>539.8</ymin>
      <xmax>740.9</xmax>
      <ymax>591.0</ymax>
    </bndbox>
  </object>
  <object>
    <name>WHITE</name>
    <occluded>0</occluded>
    <bndbox>
      <xmin>266.28</xmin>
      <ymin>427.06</ymin>
      <xmax>311.72</xmax>
      <ymax>460.94</ymax>
    </bndbox>
  </object>
  <object>
    <name>WHITE</name>
    <occluded>0</occluded>
    <bndbox>
      <xmin>343.5</xmin>
      <ymin>413.0</ymin>
      <xmax>386.5</xmax>
      <ymax>457.0</ymax>
    </bndbox>
  </object>
  <object>
    <name>WHITE</name>
    <occluded>0</occluded>
    <bndbox>
      <xmin>387.19</xmin>
      <ymin>342.55</ymin>
      <xmax>432.81</xmax>
      <ymax>381.45</ymax>
    </bndbox>
  </object>
  <object>
    <name>WHITE</name>
    <occluded>0</occluded>
    <bndbox>
      <xmin>319.0</xmin>
      <ymin>623.0</ymin>
      <xmax>361.0</xmax>
      <ymax>669.0</ymax>
    </bndbox>
  </object>
</annotation>
