<annotation>
  <folder>HH</folder>
  <filename>HH_camera1.png</filename>
  <source>
    <database>Unknown</database>
    <annotation>Unknown</annotation>
    <image>Unknown</image>
  </source>
  <size>
    <width>960</width>
    <height>1280</height>
    <depth></depth>
  </size>
  <segmented>0</segmented>
  <object>
    <name>WHITE</name>
    <occluded>0</occluded>
    <bndbox>
      <xmin>582.81</xmin>
      <ymin>477.73</ymin>
      <xmax>613.3</xmax>
      <ymax>519.8</ymax>
    </bndbox>
  </object>
  <object>
    <name>WHITE</name>
    <occluded>0</occluded>
    <bndbox>
      <xmin>240.98</xmin>
      <ymin>811.99</ymin>
      <xmax>279.49</xmax>
      <ymax>849.69</ymax>
    </bndbox>
  </object>
  <object>
    <name>WHITE</name>
    <occluded>0</occluded>
    <bndbox>
      <xmin>459.78</xmin>
      <ymin>859.99</ymin>
      <xmax>503.39</xmax>
      <ymax>890.02</ymax>
    </bndbox>
  </object>
  <object>
    <name>WHITE</name>
    <occluded>0</occluded>
    <bndbox>
      <xmin>154.12</xmin>
      <ymin>492.66</ymin>
      <xmax>178.03</xmax>
      <ymax>534.59</ymax>
    </bndbox>
  </object>
  <object>
    <name>WHITE</name>
    <occluded>0</occluded>
    <bndbox>
      <xmin>184.26</xmin>
      <ymin>436.17</ymin>
      <xmax>215.8</xmax>
      <ymax>471.52</ymax>
    </bndbox>
  </object>
  <object>
    <name>WHITE</name>
    <occluded>0</occluded>
    <bndbox>
      <xmin>602.21</xmin>
      <ymin>762.62</ymin>
      <xmax>634.09</xmax>
      <ymax>801.44</ymax>
    </bndbox>
  </object>
  <object>
    <name>WHITE</name>
    <occluded>0</occluded>
    <bndbox>
      <xmin>152.38</xmin>
      <ymin>676.68</ymin>
      <xmax>173.87</xmax>
      <ymax>720.34</ymax>
    </bndbox>
  </object>
  <object>
    <name>WHITE</name>
    <occluded>0</occluded>
    <bndbox>
      <xmin>183.92</xmin>
      <ymin>756.38</ymin>
      <xmax>214.41</xmax>
      <ymax>793.12</ymax>
    </bndbox>
  </object>
  <object>
    <name>WHITE</name>
    <occluded>0</occluded>
    <bndbox>
      <xmin>545.54</xmin>
      <ymin>414.34</ymin>
      <xmax>579.51</xmax>
      <ymax>455.58</ymax>
    </bndbox>
  </object>
  <object>
    <name>WHITE</name>
    <occluded>0</occluded>
    <bndbox>
      <xmin>506.25</xmin>
      <ymin>350.41</ymin>
      <xmax>542.92</xmax>
      <ymax>387.38</ymax>
    </bndbox>
  </object>
  <object>
    <name>WHITE</name>
    <occluded>0</occluded>
    <bndbox>
      <xmin>605.98</xmin>
      <ymin>436.31</ymin>
      <xmax>634.75</xmax>
      <ymax>476.86</ymax>
    </bndbox>
  </object>
  <object>
    <name>BLACK</name>
    <occluded>0</occluded>
    <bndbox>
      <xmin>567.34</xmin>
      <ymin>384.62</ymin>
      <xmax>599.23</xmax>
      <ymax>422.12</ymax>
    </bndbox>
  </object>
  <object>
    <name>WHITE</name>
    <occluded>0</occluded>
    <bndbox>
      <xmin>467.34</xmin>
      <ymin>305.74</ymin>
      <xmax>508.66</xmax>
      <ymax>333.82</ymax>
    </bndbox>
  </object>
  <object>
    <name>WHITE</name>
    <occluded>0</occluded>
    <bndbox>
      <xmin>308.48</xmin>
      <ymin>306.58</ymin>
      <xmax>346.99</xmax>
      <ymax>335.7</ymax>
    </bndbox>
  </object>
  <object>
    <name>WHITE</name>
    <occluded>0</occluded>
    <bndbox>
      <xmin>273.1</xmin>
      <ymin>350.62</ymin>
      <xmax>314.98</xmax>
      <ymax>387.92</ymax>
    </bndbox>
  </object>
  <object>
    <name>WHITE</name>
    <occluded>0</occluded>
    <bndbox>
      <xmin>423.92</xmin>
      <ymin>330.24</ymin>
      <xmax>465.7</xmax>
      <ymax>361.6</ymax>
    </bndbox>
  </object>
  <object>
    <name>WHITE</name>
    <occluded>0</occluded>
    <bndbox>
      <xmin>588.8</xmin>
      <ymin>681.81</ymin>
      <xmax>621.87</xmax>
      <ymax>727.4</ymax>
    </bndbox>
  </object>
  <object>
    <name>WHITE</name>
    <occluded>0</occluded>
    <bndbox>
      <xmin>633.51</xmin>
      <ymin>603.98</ymin>
      <xmax>659.3</xmax>
      <ymax>648.9</ymax>
    </bndbox>
  </object>
  <object>
    <name>WHITE</name>
    <occluded>0</occluded>
    <bndbox>
      <xmin>586.48</xmin>
      <ymin>597.49</ymin>
      <xmax>619.2</xmax>
      <ymax>645.3</ymax>
    </bndbox>
  </object>
  <object>
    <name>WHITE</name>
    <occluded>0</occluded>
    <bndbox>
      <xmin>515.03</xmin>
      <ymin>584.83</ymin>
      <xmax>558.5</xmax>
      <ymax>631.5</ymax>
    </bndbox>
  </object>
  <object>
    <name>WHITE</name>
    <occluded>0</occluded>
    <bndbox>
      <xmin>426.35</xmin>
      <ymin>568.46</ymin>
      <xmax>474.3</xmax>
      <ymax>616.9</ymax>
    </bndbox>
  </object>
  <object>
    <name>WHITE</name>
    <occluded>0</occluded>
    <bndbox>
      <xmin>612.2</xmin>
      <ymin>540.73</ymin>
      <xmax>646.0</xmax>
      <ymax>584.7</ymax>
    </bndbox>
  </object>
  <object>
    <name>WHITE</name>
    <occluded>0</occluded>
    <bndbox>
      <xmin>554.68</xmin>
      <ymin>528.98</ymin>
      <xmax>594.8</xmax>
      <ymax>573.0</ymax>
    </bndbox>
  </object>
  <object>
    <name>WHITE</name>
    <occluded>0</occluded>
    <bndbox>
      <xmin>468.5</xmin>
      <ymin>511.01</ymin>
      <xmax>518.0</xmax>
      <ymax>559.5</ymax>
    </bndbox>
  </object>
  <object>
    <name>WHITE</name>
    <occluded>0</occluded>
    <bndbox>
      <xmin>256.15</xmin>
      <ymin>583.57</ymin>
      <xmax>298.7</xmax>
      <ymax>633.2</ymax>
    </bndbox>
  </object>
  <object>
    <name>WHITE</name>
    <occluded>0</occluded>
    <bndbox>
      <xmin>314.97</xmin>
      <ymin>649.77</ymin>
      <xmax>359.4</xmax>
      <ymax>697.6</ymax>
    </bndbox>
  </object>
  <object>
    <name>WHITE</name>
    <occluded>0</occluded>
    <bndbox>
      <xmin>176.4</xmin>
      <ymin>541.0</ymin>
      <xmax>198.23</xmax>
      <ymax>584.0</ymax>
    </bndbox>
  </object>
  <object>
    <name>WHITE</name>
    <occluded>0</occluded>
    <bndbox>
      <xmin>470.19</xmin>
      <ymin>739.55</ymin>
      <xmax>513.7</xmax>
      <ymax>781.0</ymax>
    </bndbox>
  </object>
  <object>
    <name>WHITE</name>
    <occluded>0</occluded>
    <bndbox>
      <xmin>387.71</xmin>
      <ymin>832.67</ymin>
      <xmax>429.71</xmax>
      <ymax>862.67</ymax>
    </bndbox>
  </object>
  <object>
    <name>WHITE</name>
    <occluded>0</occluded>
    <bndbox>
      <xmin>235.0</xmin>
      <ymin>752.9</ymin>
      <xmax>273.9</xmax>
      <ymax>795.1</ymax>
    </bndbox>
  </object>
  <object>
    <name>WHITE</name>
    <occluded>0</occluded>
    <bndbox>
      <xmin>299.56</xmin>
      <ymin>735.29</ymin>
      <xmax>343.0</xmax>
      <ymax>777.6</ymax>
    </bndbox>
  </object>
  <object>
    <name>WHITE</name>
    <occluded>0</occluded>
    <bndbox>
      <xmin>381.72</xmin>
      <ymin>701.36</ymin>
      <xmax>430.5</xmax>
      <ymax>746.0</ymax>
    </bndbox>
  </object>
  <object>
    <name>BLACK</name>
    <occluded>0</occluded>
    <bndbox>
      <xmin>384.14</xmin>
      <ymin>626.64</ymin>
      <xmax>434.2</xmax>
      <ymax>677.1</ymax>
    </bndbox>
  </object>
  <object>
    <name>WHITE</name>
    <occluded>0</occluded>
    <bndbox>
      <xmin>300.46</xmin>
      <ymin>805.01</ymin>
      <xmax>342.5</xmax>
      <ymax>841.0</ymax>
    </bndbox>
  </object>
  <object>
    <name>WHITE</name>
    <occluded>0</occluded>
    <bndbox>
      <xmin>525.11</xmin>
      <ymin>669.48</ymin>
      <xmax>565.4</xmax>
      <ymax>714.5</ymax>
    </bndbox>
  </object>
  <object>
    <name>WHITE</name>
    <occluded>0</occluded>
    <bndbox>
      <xmin>236.0</xmin>
      <ymin>413.94</ymin>
      <xmax>270.47</xmax>
      <ymax>453.3</ymax>
    </bndbox>
  </object>
  <object>
    <name>WHITE</name>
    <occluded>0</occluded>
    <bndbox>
      <xmin>262.5</xmin>
      <ymin>457.6</ymin>
      <xmax>302.6</xmax>
      <ymax>502.5</ymax>
    </bndbox>
  </object>
  <object>
    <name>WHITE</name>
    <occluded>0</occluded>
    <bndbox>
      <xmin>309.84</xmin>
      <ymin>378.0</ymin>
      <xmax>350.7</xmax>
      <ymax>416.04</ymax>
    </bndbox>
  </object>
  <object>
    <name>WHITE</name>
    <occluded>0</occluded>
    <bndbox>
      <xmin>383.27</xmin>
      <ymin>369.46</ymin>
      <xmax>430.2</xmax>
      <ymax>406.5</ymax>
    </bndbox>
  </object>
  <object>
    <name>WHITE</name>
    <occluded>0</occluded>
    <bndbox>
      <xmin>339.43</xmin>
      <ymin>569.02</ymin>
      <xmax>389.5</xmax>
      <ymax>617.3</ymax>
    </bndbox>
  </object>
  <object>
    <name>WHITE</name>
    <occluded>0</occluded>
    <bndbox>
      <xmin>383.47</xmin>
      <ymin>486.74</ymin>
      <xmax>434.9</xmax>
      <ymax>537.9</ymax>
    </bndbox>
  </object>
  <object>
    <name>WHITE</name>
    <occluded>0</occluded>
    <bndbox>
      <xmin>428.38</xmin>
      <ymin>423.69</ymin>
      <xmax>473.6</xmax>
      <ymax>466.9</ymax>
    </bndbox>
  </object>
  <object>
    <name>WHITE</name>
    <occluded>0</occluded>
    <bndbox>
      <xmin>454.43</xmin>
      <ymin>651.79</ymin>
      <xmax>497.57</xmax>
      <ymax>694.21</ymax>
    </bndbox>
  </object>
  <object>
    <name>WHITE</name>
    <occluded>0</occluded>
    <bndbox>
      <xmin>344.0</xmin>
      <ymin>431.5</ymin>
      <xmax>386.0</xmax>
      <ymax>470.5</ymax>
    </bndbox>
  </object>
  <object>
    <name>WHITE</name>
    <occluded>0</occluded>
    <bndbox>
      <xmin>134.3</xmin>
      <ymin>554.46</ymin>
      <xmax>156.18</xmax>
      <ymax>594.6</ymax>
    </bndbox>
  </object>
  <object>
    <name>WHITE</name>
    <occluded>0</occluded>
    <bndbox>
      <xmin>465.0</xmin>
      <ymin>373.98</ymin>
      <xmax>497.0</xmax>
      <ymax>416.02</ymax>
    </bndbox>
  </object>
  <object>
    <name>WHITE</name>
    <occluded>0</occluded>
    <bndbox>
      <xmin>224.64</xmin>
      <ymin>528.21</ymin>
      <xmax>256.7</xmax>
      <ymax>574.7</ymax>
    </bndbox>
  </object>
  <object>
    <name>WHITE</name>
    <occluded>0</occluded>
    <bndbox>
      <xmin>202.5</xmin>
      <ymin>480.71</ymin>
      <xmax>233.56</xmax>
      <ymax>523.6</ymax>
    </bndbox>
  </object>
  <object>
    <name>WHITE</name>
    <occluded>0</occluded>
    <bndbox>
      <xmin>302.0</xmin>
      <ymin>512.3</ymin>
      <xmax>347.5</xmax>
      <ymax>559.0</ymax>
    </bndbox>
  </object>
  <object>
    <name>WHITE</name>
    <occluded>0</occluded>
    <bndbox>
      <xmin>382.48</xmin>
      <ymin>293.63</ymin>
      <xmax>427.8</xmax>
      <ymax>320.1</ymax>
    </bndbox>
  </object>
  <object>
    <name>WHITE</name>
    <occluded>0</occluded>
    <bndbox>
      <xmin>345.98</xmin>
      <ymin>333.1</ymin>
      <xmax>389.6</xmax>
      <ymax>366.0</ymax>
    </bndbox>
  </object>
  <object>
    <name>WHITE</name>
    <occluded>0</occluded>
    <bndbox>
      <xmin>541.9</xmin>
      <ymin>760.38</ymin>
      <xmax>580.99</xmax>
      <ymax>800.3</ymax>
    </bndbox>
  </object>
  <object>
    <name>WHITE</name>
    <occluded>0</occluded>
    <bndbox>
      <xmin>535.7</xmin>
      <ymin>822.68</ymin>
      <xmax>575.09</xmax>
      <ymax>855.3</ymax>
    </bndbox>
  </object>
  <object>
    <name>WHITE</name>
    <occluded>0</occluded>
    <bndbox>
      <xmin>510.01</xmin>
      <ymin>455.2</ymin>
      <xmax>552.3</xmax>
      <ymax>500.6</ymax>
    </bndbox>
  </object>
  <object>
    <name>WHITE</name>
    <occluded>0</occluded>
    <bndbox>
      <xmin>471.45</xmin>
      <ymin>813.62</ymin>
      <xmax>513.93</xmax>
      <ymax>846.72</ymax>
    </bndbox>
  </object>
  <object>
    <name>WHITE</name>
    <occluded>0</occluded>
    <bndbox>
      <xmin>384.22</xmin>
      <ymin>771.92</ymin>
      <xmax>429.5</xmax>
      <ymax>809.8</ymax>
    </bndbox>
  </object>
  <object>
    <name>WHITE</name>
    <occluded>0</occluded>
    <bndbox>
      <xmin>159.62</xmin>
      <ymin>602.54</ymin>
      <xmax>183.7</xmax>
      <ymax>647.0</ymax>
    </bndbox>
  </object>
  <object>
    <name>WHITE</name>
    <occluded>0</occluded>
    <bndbox>
      <xmin>195.0</xmin>
      <ymin>678.53</ymin>
      <xmax>228.9</xmax>
      <ymax>721.23</ymax>
    </bndbox>
  </object>
  <object>
    <name>WHITE</name>
    <occluded>0</occluded>
    <bndbox>
      <xmin>200.27</xmin>
      <ymin>598.65</ymin>
      <xmax>230.3</xmax>
      <ymax>645.2</ymax>
    </bndbox>
  </object>
  <object>
    <name>WHITE</name>
    <occluded>0</occluded>
    <bndbox>
      <xmin>639.68</xmin>
      <ymin>494.17</ymin>
      <xmax>665.4</xmax>
      <ymax>536.0</ymax>
    </bndbox>
  </object>
  <object>
    <name>WHITE</name>
    <occluded>0</occluded>
    <bndbox>
      <xmin>250.1</xmin>
      <ymin>667.0</ymin>
      <xmax>289.6</xmax>
      <ymax>712.1</ymax>
    </bndbox>
  </object>
</annotation>
