<annotation>
  <folder>HH</folder>
  <filename>HH_camera5.png</filename>
  <source>
    <database>Unknown</database>
    <annotation>Unknown</annotation>
    <image>Unknown</image>
  </source>
  <size>
    <width>1280</width>
    <height>960</height>
    <depth></depth>
  </size>
  <segmented>0</segmented>
  <object>
    <name>WHITE</name>
    <occluded>0</occluded>
    <bndbox>
      <xmin>473.0</xmin>
      <ymin>438.0</ymin>
      <xmax>517.0</xmax>
      <ymax>484.0</ymax>
    </bndbox>
  </object>
  <object>
    <name>WHITE</name>
    <occluded>0</occluded>
    <bndbox>
      <xmin>597.96</xmin>
      <ymin>215.94</ymin>
      <xmax>643.1</xmax>
      <ymax>243.7</ymax>
    </bndbox>
  </object>
  <object>
    <name>WHITE</name>
    <occluded>0</occluded>
    <bndbox>
      <xmin>543.74</xmin>
      <ymin>255.9</ymin>
      <xmax>591.4</xmax>
      <ymax>292.2</ymax>
    </bndbox>
  </object>
  <object>
    <name>WHITE</name>
    <occluded>0</occluded>
    <bndbox>
      <xmin>493.0</xmin>
      <ymin>307.9</ymin>
      <xmax>542.2</xmax>
      <ymax>350.2</ymax>
    </bndbox>
  </object>
  <object>
    <name>WHITE</name>
    <occluded>0</occluded>
    <bndbox>
      <xmin>437.11</xmin>
      <ymin>368.91</ymin>
      <xmax>484.9</xmax>
      <ymax>414.6</ymax>
    </bndbox>
  </object>
  <object>
    <name>BLACK</name>
    <occluded>0</occluded>
    <bndbox>
      <xmin>332.94</xmin>
      <ymin>443.02</ymin>
      <xmax>366.3</xmax>
      <ymax>495.4</ymax>
    </bndbox>
  </object>
  <object>
    <name>WHITE</name>
    <occluded>0</occluded>
    <bndbox>
      <xmin>366.8</xmin>
      <ymin>376.48</ymin>
      <xmax>401.68</xmax>
      <ymax>419.7</ymax>
    </bndbox>
  </object>
  <object>
    <name>WHITE</name>
    <occluded>0</occluded>
    <bndbox>
      <xmin>308.2</xmin>
      <ymin>407.92</ymin>
      <xmax>334.98</xmax>
      <ymax>454.3</ymax>
    </bndbox>
  </object>
  <object>
    <name>WHITE</name>
    <occluded>0</occluded>
    <bndbox>
      <xmin>284.7</xmin>
      <ymin>379.83</ymin>
      <xmax>317.34</xmax>
      <ymax>421.1</ymax>
    </bndbox>
  </object>
  <object>
    <name>WHITE</name>
    <occluded>0</occluded>
    <bndbox>
      <xmin>530.06</xmin>
      <ymin>357.57</ymin>
      <xmax>578.9</xmax>
      <ymax>403.6</ymax>
    </bndbox>
  </object>
  <object>
    <name>WHITE</name>
    <occluded>0</occluded>
    <bndbox>
      <xmin>660.42</xmin>
      <ymin>731.79</ymin>
      <xmax>705.58</xmax>
      <ymax>771.3</ymax>
    </bndbox>
  </object>
  <object>
    <name>WHITE</name>
    <occluded>0</occluded>
    <bndbox>
      <xmin>611.9</xmin>
      <ymin>793.74</ymin>
      <xmax>659.1</xmax>
      <ymax>826.1</ymax>
    </bndbox>
  </object>
  <object>
    <name>WHITE</name>
    <occluded>0</occluded>
    <bndbox>
      <xmin>570.9</xmin>
      <ymin>846.9</ymin>
      <xmax>613.9</xmax>
      <ymax>880.5</ymax>
    </bndbox>
  </object>
  <object>
    <name>BLACK</name>
    <occluded>0</occluded>
    <bndbox>
      <xmin>734.84</xmin>
      <ymin>443.4</ymin>
      <xmax>775.0</xmax>
      <ymax>496.0</ymax>
    </bndbox>
  </object>
  <object>
    <name>WHITE</name>
    <occluded>0</occluded>
    <bndbox>
      <xmin>699.76</xmin>
      <ymin>509.64</ymin>
      <xmax>742.24</xmax>
      <ymax>556.2</ymax>
    </bndbox>
  </object>
  <object>
    <name>WHITE</name>
    <occluded>0</occluded>
    <bndbox>
      <xmin>672.5</xmin>
      <ymin>586.8</ymin>
      <xmax>716.8</xmax>
      <ymax>635.0</ymax>
    </bndbox>
  </object>
  <object>
    <name>WHITE</name>
    <occluded>0</occluded>
    <bndbox>
      <xmin>623.8</xmin>
      <ymin>672.1</ymin>
      <xmax>671.9</xmax>
      <ymax>716.0</ymax>
    </bndbox>
  </object>
  <object>
    <name>WHITE</name>
    <occluded>0</occluded>
    <bndbox>
      <xmin>573.2</xmin>
      <ymin>750.5</ymin>
      <xmax>620.5</xmax>
      <ymax>784.0</ymax>
    </bndbox>
  </object>
  <object>
    <name>BLACK</name>
    <occluded>0</occluded>
    <bndbox>
      <xmin>517.38</xmin>
      <ymin>796.02</ymin>
      <xmax>568.2</xmax>
      <ymax>835.6</ymax>
    </bndbox>
  </object>
  <object>
    <name>WHITE</name>
    <occluded>0</occluded>
    <bndbox>
      <xmin>658.5</xmin>
      <ymin>434.5</ymin>
      <xmax>701.5</xmax>
      <ymax>483.6</ymax>
    </bndbox>
  </object>
  <object>
    <name>WHITE</name>
    <occluded>0</occluded>
    <bndbox>
      <xmin>610.97</xmin>
      <ymin>509.75</ymin>
      <xmax>661.6</xmax>
      <ymax>559.7</ymax>
    </bndbox>
  </object>
  <object>
    <name>WHITE</name>
    <occluded>0</occluded>
    <bndbox>
      <xmin>567.86</xmin>
      <ymin>597.8</ymin>
      <xmax>618.4</xmax>
      <ymax>645.69</ymax>
    </bndbox>
  </object>
  <object>
    <name>WHITE</name>
    <occluded>0</occluded>
    <bndbox>
      <xmin>523.2</xmin>
      <ymin>677.4</ymin>
      <xmax>570.8</xmax>
      <ymax>719.5</ymax>
    </bndbox>
  </object>
  <object>
    <name>WHITE</name>
    <occluded>0</occluded>
    <bndbox>
      <xmin>478.37</xmin>
      <ymin>739.28</ymin>
      <xmax>531.1</xmax>
      <ymax>786.1</ymax>
    </bndbox>
  </object>
  <object>
    <name>WHITE</name>
    <occluded>0</occluded>
    <bndbox>
      <xmin>714.64</xmin>
      <ymin>371.44</ymin>
      <xmax>754.4</xmax>
      <ymax>420.8</ymax>
    </bndbox>
  </object>
  <object>
    <name>WHITE</name>
    <occluded>0</occluded>
    <bndbox>
      <xmin>621.75</xmin>
      <ymin>358.38</ymin>
      <xmax>667.7</xmax>
      <ymax>408.4</ymax>
    </bndbox>
  </object>
  <object>
    <name>WHITE</name>
    <occluded>0</occluded>
    <bndbox>
      <xmin>564.41</xmin>
      <ymin>431.61</ymin>
      <xmax>620.1</xmax>
      <ymax>482.1</ymax>
    </bndbox>
  </object>
  <object>
    <name>WHITE</name>
    <occluded>0</occluded>
    <bndbox>
      <xmin>515.72</xmin>
      <ymin>515.7</ymin>
      <xmax>564.0</xmax>
      <ymax>564.46</ymax>
    </bndbox>
  </object>
  <object>
    <name>WHITE</name>
    <occluded>0</occluded>
    <bndbox>
      <xmin>475.6</xmin>
      <ymin>600.0</ymin>
      <xmax>521.5</xmax>
      <ymax>644.0</ymax>
    </bndbox>
  </object>
  <object>
    <name>WHITE</name>
    <occluded>0</occluded>
    <bndbox>
      <xmin>432.57</xmin>
      <ymin>671.54</ymin>
      <xmax>481.8</xmax>
      <ymax>718.5</ymax>
    </bndbox>
  </object>
  <object>
    <name>WHITE</name>
    <occluded>0</occluded>
    <bndbox>
      <xmin>406.73</xmin>
      <ymin>729.67</ymin>
      <xmax>445.3</xmax>
      <ymax>775.3</ymax>
    </bndbox>
  </object>
  <object>
    <name>WHITE</name>
    <occluded>0</occluded>
    <bndbox>
      <xmin>637.52</xmin>
      <ymin>249.13</ymin>
      <xmax>684.1</xmax>
      <ymax>285.9</ymax>
    </bndbox>
  </object>
  <object>
    <name>WHITE</name>
    <occluded>0</occluded>
    <bndbox>
      <xmin>583.76</xmin>
      <ymin>303.56</ymin>
      <xmax>631.6</xmax>
      <ymax>345.8</ymax>
    </bndbox>
  </object>
  <object>
    <name>WHITE</name>
    <occluded>0</occluded>
    <bndbox>
      <xmin>348.05</xmin>
      <ymin>701.31</ymin>
      <xmax>378.8</xmax>
      <ymax>748.8</ymax>
    </bndbox>
  </object>
  <object>
    <name>WHITE</name>
    <occluded>0</occluded>
    <bndbox>
      <xmin>365.54</xmin>
      <ymin>659.39</ymin>
      <xmax>401.4</xmax>
      <ymax>702.4</ymax>
    </bndbox>
  </object>
  <object>
    <name>WHITE</name>
    <occluded>0</occluded>
    <bndbox>
      <xmin>395.64</xmin>
      <ymin>595.9</ymin>
      <xmax>436.8</xmax>
      <ymax>639.8</ymax>
    </bndbox>
  </object>
  <object>
    <name>WHITE</name>
    <occluded>0</occluded>
    <bndbox>
      <xmin>428.5</xmin>
      <ymin>517.02</ymin>
      <xmax>472.1</xmax>
      <ymax>565.4</ymax>
    </bndbox>
  </object>
  <object>
    <name>WHITE</name>
    <occluded>0</occluded>
    <bndbox>
      <xmin>753.8</xmin>
      <ymin>574.09</ymin>
      <xmax>790.75</xmax>
      <ymax>621.1</ymax>
    </bndbox>
  </object>
  <object>
    <name>BLACK</name>
    <occluded>0</occluded>
    <bndbox>
      <xmin>561.46</xmin>
      <ymin>194.8</ymin>
      <xmax>606.68</xmax>
      <ymax>215.07</ymax>
    </bndbox>
  </object>
  <object>
    <name>WHITE</name>
    <occluded>0</occluded>
    <bndbox>
      <xmin>432.8</xmin>
      <ymin>231.97</ymin>
      <xmax>473.61</xmax>
      <ymax>263.68</ymax>
    </bndbox>
  </object>
  <object>
    <name>WHITE</name>
    <occluded>0</occluded>
    <bndbox>
      <xmin>373.54</xmin>
      <ymin>244.96</ymin>
      <xmax>409.67</xmax>
      <ymax>283.69</ymax>
    </bndbox>
  </object>
  <object>
    <name>WHITE</name>
    <occluded>0</occluded>
    <bndbox>
      <xmin>382.12</xmin>
      <ymin>276.93</ymin>
      <xmax>419.29</xmax>
      <ymax>318.52</ymax>
    </bndbox>
  </object>
  <object>
    <name>WHITE</name>
    <occluded>0</occluded>
    <bndbox>
      <xmin>414.87</xmin>
      <ymin>304.48</ymin>
      <xmax>457.5</xmax>
      <ymax>345.55</ymax>
    </bndbox>
  </object>
  <object>
    <name>WHITE</name>
    <occluded>0</occluded>
    <bndbox>
      <xmin>797.98</xmin>
      <ymin>303.44</ymin>
      <xmax>826.83</xmax>
      <ymax>343.47</ymax>
    </bndbox>
  </object>
  <object>
    <name>WHITE</name>
    <occluded>0</occluded>
    <bndbox>
      <xmin>831.51</xmin>
      <ymin>371.28</ymin>
      <xmax>856.46</xmax>
      <ymax>415.99</ymax>
    </bndbox>
  </object>
  <object>
    <name>WHITE</name>
    <occluded>0</occluded>
    <bndbox>
      <xmin>758.21</xmin>
      <ymin>327.36</ymin>
      <xmax>796.16</xmax>
      <ymax>371.02</ymax>
    </bndbox>
  </object>
  <object>
    <name>WHITE</name>
    <occluded>0</occluded>
    <bndbox>
      <xmin>733.24</xmin>
      <ymin>863.3</ymin>
      <xmax>766.25</xmax>
      <ymax>904.36</ymax>
    </bndbox>
  </object>
  <object>
    <name>WHITE</name>
    <occluded>0</occluded>
    <bndbox>
      <xmin>668.0</xmin>
      <ymin>868.76</ymin>
      <xmax>708.28</xmax>
      <ymax>901.24</ymax>
    </bndbox>
  </object>
  <object>
    <name>WHITE</name>
    <occluded>0</occluded>
    <bndbox>
      <xmin>803.67</xmin>
      <ymin>678.5</ymin>
      <xmax>834.34</xmax>
      <ymax>720.87</ymax>
    </bndbox>
  </object>
  <object>
    <name>WHITE</name>
    <occluded>0</occluded>
    <bndbox>
      <xmin>424.76</xmin>
      <ymin>826.99</ymin>
      <xmax>463.68</xmax>
      <ymax>867.04</ymax>
    </bndbox>
  </object>
  <object>
    <name>WHITE</name>
    <occluded>0</occluded>
    <bndbox>
      <xmin>493.63</xmin>
      <ymin>841.21</ymin>
      <xmax>537.04</xmax>
      <ymax>875.65</ymax>
    </bndbox>
  </object>
  <object>
    <name>WHITE</name>
    <occluded>0</occluded>
    <bndbox>
      <xmin>497.0</xmin>
      <ymin>917.57</ymin>
      <xmax>539.29</xmax>
      <ymax>955.37</ymax>
    </bndbox>
  </object>
  <object>
    <name>WHITE</name>
    <occluded>0</occluded>
    <bndbox>
      <xmin>339.05</xmin>
      <ymin>825.5</ymin>
      <xmax>368.62</xmax>
      <ymax>865.17</ymax>
    </bndbox>
  </object>
  <object>
    <name>WHITE</name>
    <occluded>0</occluded>
    <bndbox>
      <xmin>321.83</xmin>
      <ymin>847.95</ymin>
      <xmax>351.03</xmax>
      <ymax>885.01</ymax>
    </bndbox>
  </object>
  <object>
    <name>WHITE</name>
    <occluded>0</occluded>
    <bndbox>
      <xmin>369.74</xmin>
      <ymin>876.02</ymin>
      <xmax>402.3</xmax>
      <ymax>917.94</ymax>
    </bndbox>
  </object>
  <object>
    <name>BLACK</name>
    <occluded>0</occluded>
    <bndbox>
      <xmin>429.62</xmin>
      <ymin>909.33</ymin>
      <xmax>475.66</xmax>
      <ymax>944.52</ymax>
    </bndbox>
  </object>
  <object>
    <name>WHITE</name>
    <occluded>0</occluded>
    <bndbox>
      <xmin>789.0</xmin>
      <ymin>488.5</ymin>
      <xmax>821.0</xmax>
      <ymax>533.5</ymax>
    </bndbox>
  </object>
  <object>
    <name>WHITE</name>
    <occluded>0</occluded>
    <bndbox>
      <xmin>464.51</xmin>
      <ymin>251.46</ymin>
      <xmax>507.92</xmax>
      <ymax>287.59</ymax>
    </bndbox>
  </object>
  <object>
    <name>WHITE</name>
    <occluded>0</occluded>
    <bndbox>
      <xmin>690.8</xmin>
      <ymin>776.51</ymin>
      <xmax>730.94</xmax>
      <ymax>809.2</ymax>
    </bndbox>
  </object>
  <object>
    <name>WHITE</name>
    <occluded>0</occluded>
    <bndbox>
      <xmin>641.82</xmin>
      <ymin>831.63</ymin>
      <xmax>684.26</xmax>
      <ymax>865.1</ymax>
    </bndbox>
  </object>
  <object>
    <name>WHITE</name>
    <occluded>0</occluded>
    <bndbox>
      <xmin>619.8</xmin>
      <ymin>901.18</ymin>
      <xmax>665.2</xmax>
      <ymax>942.0</ymax>
    </bndbox>
  </object>
  <object>
    <name>WHITE</name>
    <occluded>0</occluded>
    <bndbox>
      <xmin>784.09</xmin>
      <ymin>403.25</ymin>
      <xmax>820.9</xmax>
      <ymax>451.6</ymax>
    </bndbox>
  </object>
  <object>
    <name>WHITE</name>
    <occluded>0</occluded>
    <bndbox>
      <xmin>678.4</xmin>
      <ymin>298.6</ymin>
      <xmax>718.7</xmax>
      <ymax>342.44</ymax>
    </bndbox>
  </object>
  <object>
    <name>WHITE</name>
    <occluded>0</occluded>
    <bndbox>
      <xmin>838.58</xmin>
      <ymin>449.19</ymin>
      <xmax>863.9</xmax>
      <ymax>496.9</ymax>
    </bndbox>
  </object>
  <object>
    <name>WHITE</name>
    <occluded>0</occluded>
    <bndbox>
      <xmin>740.42</xmin>
      <ymin>708.4</ymin>
      <xmax>778.5</xmax>
      <ymax>748.71</ymax>
    </bndbox>
  </object>
  <object>
    <name>WHITE</name>
    <occluded>0</occluded>
    <bndbox>
      <xmin>279.92</xmin>
      <ymin>787.69</ymin>
      <xmax>310.98</xmax>
      <ymax>826.62</ymax>
    </bndbox>
  </object>
  <object>
    <name>WHITE</name>
    <occluded>0</occluded>
    <bndbox>
      <xmin>443.1</xmin>
      <ymin>791.06</ymin>
      <xmax>492.5</xmax>
      <ymax>827.37</ymax>
    </bndbox>
  </object>
  <object>
    <name>WHITE</name>
    <occluded>0</occluded>
    <bndbox>
      <xmin>312.7</xmin>
      <ymin>633.53</ymin>
      <xmax>338.17</xmax>
      <ymax>678.24</ymax>
    </bndbox>
  </object>
  <object>
    <name>WHITE</name>
    <occluded>0</occluded>
    <bndbox>
      <xmin>366.75</xmin>
      <ymin>811.27</ymin>
      <xmax>403.43</xmax>
      <ymax>848.7</ymax>
    </bndbox>
  </object>
  <object>
    <name>WHITE</name>
    <occluded>0</occluded>
    <bndbox>
      <xmin>789.12</xmin>
      <ymin>630.42</ymin>
      <xmax>821.09</xmax>
      <ymax>673.04</ymax>
    </bndbox>
  </object>
  <object>
    <name>WHITE</name>
    <occluded>0</occluded>
    <bndbox>
      <xmin>353.63</xmin>
      <ymin>517.32</ymin>
      <xmax>386.37</xmax>
      <ymax>562.68</ymax>
    </bndbox>
  </object>
  <object>
    <name>WHITE</name>
    <occluded>0</occluded>
    <bndbox>
      <xmin>390.0</xmin>
      <ymin>443.0</ymin>
      <xmax>428.0</xmax>
      <ymax>489.0</ymax>
    </bndbox>
  </object>
  <object>
    <name>WHITE</name>
    <occluded>0</occluded>
    <bndbox>
      <xmin>325.43</xmin>
      <ymin>575.31</ymin>
      <xmax>358.96</xmax>
      <ymax>621.84</ymax>
    </bndbox>
  </object>
  <object>
    <name>WHITE</name>
    <occluded>0</occluded>
    <bndbox>
      <xmin>379.47</xmin>
      <ymin>774.22</ymin>
      <xmax>414.65</xmax>
      <ymax>817.64</ymax>
    </bndbox>
  </object>
  <object>
    <name>WHITE</name>
    <occluded>0</occluded>
    <bndbox>
      <xmin>555.76</xmin>
      <ymin>912.7</ymin>
      <xmax>601.42</xmax>
      <ymax>955.37</ymax>
    </bndbox>
  </object>
  <object>
    <name>WHITE</name>
    <occluded>0</occluded>
    <bndbox>
      <xmin>452.08</xmin>
      <ymin>876.77</ymin>
      <xmax>494.75</xmax>
      <ymax>915.7</ymax>
    </bndbox>
  </object>
  <object>
    <name>WHITE</name>
    <occluded>0</occluded>
    <bndbox>
      <xmin>388.08</xmin>
      <ymin>855.81</ymin>
      <xmax>427.38</xmax>
      <ymax>893.99</ymax>
    </bndbox>
  </object>
  <object>
    <name>WHITE</name>
    <occluded>0</occluded>
    <bndbox>
      <xmin>251.84</xmin>
      <ymin>722.94</ymin>
      <xmax>277.67</xmax>
      <ymax>762.24</ymax>
    </bndbox>
  </object>
  <object>
    <name>WHITE</name>
    <occluded>0</occluded>
    <bndbox>
      <xmin>712.96</xmin>
      <ymin>657.19</ymin>
      <xmax>754.29</xmax>
      <ymax>696.17</ymax>
    </bndbox>
  </object>
  <object>
    <name>WHITE</name>
    <occluded>0</occluded>
    <bndbox>
      <xmin>713.22</xmin>
      <ymin>809.23</ymin>
      <xmax>748.6</xmax>
      <ymax>841.98</ymax>
    </bndbox>
  </object>
  <object>
    <name>WHITE</name>
    <occluded>0</occluded>
    <bndbox>
      <xmin>770.92</xmin>
      <ymin>779.87</ymin>
      <xmax>801.07</xmax>
      <ymax>816.25</ymax>
    </bndbox>
  </object>
  <object>
    <name>WHITE</name>
    <occluded>0</occluded>
    <bndbox>
      <xmin>822.65</xmin>
      <ymin>543.08</ymin>
      <xmax>845.0</xmax>
      <ymax>587.53</ymax>
    </bndbox>
  </object>
  <object>
    <name>WHITE</name>
    <occluded>0</occluded>
    <bndbox>
      <xmin>738.46</xmin>
      <ymin>272.77</ymin>
      <xmax>769.91</xmax>
      <ymax>314.62</ymax>
    </bndbox>
  </object>
  <object>
    <name>WHITE</name>
    <occluded>0</occluded>
    <bndbox>
      <xmin>271.14</xmin>
      <ymin>457.57</ymin>
      <xmax>295.57</xmax>
      <ymax>503.06</ymax>
    </bndbox>
  </object>
  <object>
    <name>WHITE</name>
    <occluded>0</occluded>
    <bndbox>
      <xmin>341.05</xmin>
      <ymin>330.74</ymin>
      <xmax>375.62</xmax>
      <ymax>374.4</ymax>
    </bndbox>
  </object>
  <object>
    <name>WHITE</name>
    <occluded>0</occluded>
    <bndbox>
      <xmin>514.16</xmin>
      <ymin>215.33</ymin>
      <xmax>559.64</xmax>
      <ymax>246.0</ymax>
    </bndbox>
  </object>
</annotation>
