<annotation>
  <folder>HH</folder>
  <filename>HH_camera7.png</filename>
  <source>
    <database>Unknown</database>
    <annotation>Unknown</annotation>
    <image>Unknown</image>
  </source>
  <size>
    <width>1280</width>
    <height>960</height>
    <depth></depth>
  </size>
  <segmented>0</segmented>
  <object>
    <name>BLACK</name>
    <occluded>0</occluded>
    <bndbox>
      <xmin>476.28</xmin>
      <ymin>703.64</ymin>
      <xmax>512.2</xmax>
      <ymax>751.0</ymax>
    </bndbox>
  </object>
  <object>
    <name>WHITE</name>
    <occluded>0</occluded>
    <bndbox>
      <xmin>593.36</xmin>
      <ymin>579.69</ymin>
      <xmax>644.3</xmax>
      <ymax>630.3</ymax>
    </bndbox>
  </object>
  <object>
    <name>WHITE</name>
    <occluded>0</occluded>
    <bndbox>
      <xmin>418.17</xmin>
      <ymin>457.6</ymin>
      <xmax>447.8</xmax>
      <ymax>506.98</ymax>
    </bndbox>
  </object>
  <object>
    <name>WHITE</name>
    <occluded>0</occluded>
    <bndbox>
      <xmin>552.8</xmin>
      <ymin>645.78</ymin>
      <xmax>603.75</xmax>
      <ymax>697.76</ymax>
    </bndbox>
  </object>
  <object>
    <name>WHITE</name>
    <occluded>0</occluded>
    <bndbox>
      <xmin>350.59</xmin>
      <ymin>551.95</ymin>
      <xmax>379.96</xmax>
      <ymax>600.03</ymax>
    </bndbox>
  </object>
  <object>
    <name>WHITE</name>
    <occluded>0</occluded>
    <bndbox>
      <xmin>506.56</xmin>
      <ymin>617.84</ymin>
      <xmax>556.1</xmax>
      <ymax>669.0</ymax>
    </bndbox>
  </object>
  <object>
    <name>WHITE</name>
    <occluded>0</occluded>
    <bndbox>
      <xmin>536.02</xmin>
      <ymin>547.3</ymin>
      <xmax>584.4</xmax>
      <ymax>595.4</ymax>
    </bndbox>
  </object>
  <object>
    <name>BLACK</name>
    <occluded>0</occluded>
    <bndbox>
      <xmin>596.49</xmin>
      <ymin>480.92</ymin>
      <xmax>646.1</xmax>
      <ymax>529.6</ymax>
    </bndbox>
  </object>
  <object>
    <name>WHITE</name>
    <occluded>0</occluded>
    <bndbox>
      <xmin>413.72</xmin>
      <ymin>686.66</ymin>
      <xmax>450.4</xmax>
      <ymax>731.18</ymax>
    </bndbox>
  </object>
  <object>
    <name>WHITE</name>
    <occluded>0</occluded>
    <bndbox>
      <xmin>666.82</xmin>
      <ymin>492.46</ymin>
      <xmax>720.1</xmax>
      <ymax>544.26</ymax>
    </bndbox>
  </object>
  <object>
    <name>WHITE</name>
    <occluded>0</occluded>
    <bndbox>
      <xmin>669.11</xmin>
      <ymin>242.61</ymin>
      <xmax>717.5</xmax>
      <ymax>284.0</ymax>
    </bndbox>
  </object>
  <object>
    <name>WHITE</name>
    <occluded>0</occluded>
    <bndbox>
      <xmin>448.1</xmin>
      <ymin>617.5</ymin>
      <xmax>477.4</xmax>
      <ymax>668.5</ymax>
    </bndbox>
  </object>
  <object>
    <name>WHITE</name>
    <occluded>0</occluded>
    <bndbox>
      <xmin>466.0</xmin>
      <ymin>538.5</ymin>
      <xmax>504.0</xmax>
      <ymax>590.6</ymax>
    </bndbox>
  </object>
  <object>
    <name>WHITE</name>
    <occluded>0</occluded>
    <bndbox>
      <xmin>526.41</xmin>
      <ymin>472.86</ymin>
      <xmax>571.6</xmax>
      <ymax>522.4</ymax>
    </bndbox>
  </object>
  <object>
    <name>WHITE</name>
    <occluded>0</occluded>
    <bndbox>
      <xmin>389.5</xmin>
      <ymin>621.4</ymin>
      <xmax>417.5</xmax>
      <ymax>669.0</ymax>
    </bndbox>
  </object>
  <object>
    <name>WHITE</name>
    <occluded>0</occluded>
    <bndbox>
      <xmin>405.42</xmin>
      <ymin>544.16</ymin>
      <xmax>444.5</xmax>
      <ymax>592.6</ymax>
    </bndbox>
  </object>
  <object>
    <name>WHITE</name>
    <occluded>0</occluded>
    <bndbox>
      <xmin>470.7</xmin>
      <ymin>444.54</ymin>
      <xmax>509.48</xmax>
      <ymax>494.5</ymax>
    </bndbox>
  </object>
  <object>
    <name>WHITE</name>
    <occluded>0</occluded>
    <bndbox>
      <xmin>471.2</xmin>
      <ymin>231.83</ymin>
      <xmax>509.83</xmax>
      <ymax>267.1</ymax>
    </bndbox>
  </object>
  <object>
    <name>WHITE</name>
    <occluded>0</occluded>
    <bndbox>
      <xmin>442.6</xmin>
      <ymin>302.57</ymin>
      <xmax>477.93</xmax>
      <ymax>345.0</ymax>
    </bndbox>
  </object>
  <object>
    <name>WHITE</name>
    <occluded>0</occluded>
    <bndbox>
      <xmin>450.6</xmin>
      <ymin>203.84</ymin>
      <xmax>487.01</xmax>
      <ymax>235.0</ymax>
    </bndbox>
  </object>
  <object>
    <name>WHITE</name>
    <occluded>0</occluded>
    <bndbox>
      <xmin>408.6</xmin>
      <ymin>267.56</ymin>
      <xmax>440.87</xmax>
      <ymax>306.5</ymax>
    </bndbox>
  </object>
  <object>
    <name>BLACK</name>
    <occluded>0</occluded>
    <bndbox>
      <xmin>822.58</xmin>
      <ymin>317.04</ymin>
      <xmax>858.7</xmax>
      <ymax>354.9</ymax>
    </bndbox>
  </object>
  <object>
    <name>WHITE</name>
    <occluded>0</occluded>
    <bndbox>
      <xmin>792.5</xmin>
      <ymin>222.3</ymin>
      <xmax>828.98</xmax>
      <ymax>255.3</ymax>
    </bndbox>
  </object>
  <object>
    <name>WHITE</name>
    <occluded>0</occluded>
    <bndbox>
      <xmin>771.68</xmin>
      <ymin>252.14</ymin>
      <xmax>810.7</xmax>
      <ymax>291.6</ymax>
    </bndbox>
  </object>
  <object>
    <name>WHITE</name>
    <occluded>0</occluded>
    <bndbox>
      <xmin>737.91</xmin>
      <ymin>172.83</ymin>
      <xmax>776.3</xmax>
      <ymax>199.5</ymax>
    </bndbox>
  </object>
  <object>
    <name>WHITE</name>
    <occluded>0</occluded>
    <bndbox>
      <xmin>711.42</xmin>
      <ymin>203.04</ymin>
      <xmax>753.3</xmax>
      <ymax>236.4</ymax>
    </bndbox>
  </object>
  <object>
    <name>WHITE</name>
    <occluded>0</occluded>
    <bndbox>
      <xmin>614.36</xmin>
      <ymin>217.12</ymin>
      <xmax>661.7</xmax>
      <ymax>253.5</ymax>
    </bndbox>
  </object>
  <object>
    <name>WHITE</name>
    <occluded>0</occluded>
    <bndbox>
      <xmin>514.5</xmin>
      <ymin>259.29</ymin>
      <xmax>560.06</xmax>
      <ymax>298.8</ymax>
    </bndbox>
  </object>
  <object>
    <name>WHITE</name>
    <occluded>0</occluded>
    <bndbox>
      <xmin>472.3</xmin>
      <ymin>356.35</ymin>
      <xmax>510.96</xmax>
      <ymax>400.0</ymax>
    </bndbox>
  </object>
  <object>
    <name>WHITE</name>
    <occluded>0</occluded>
    <bndbox>
      <xmin>558.07</xmin>
      <ymin>287.74</ymin>
      <xmax>609.4</xmax>
      <ymax>332.0</ymax>
    </bndbox>
  </object>
  <object>
    <name>BLACK</name>
    <occluded>0</occluded>
    <bndbox>
      <xmin>918.42</xmin>
      <ymin>584.65</ymin>
      <xmax>949.18</xmax>
      <ymax>622.57</ymax>
    </bndbox>
  </object>
  <object>
    <name>WHITE</name>
    <occluded>0</occluded>
    <bndbox>
      <xmin>889.03</xmin>
      <ymin>404.94</ymin>
      <xmax>919.84</xmax>
      <ymax>448.3</ymax>
    </bndbox>
  </object>
  <object>
    <name>WHITE</name>
    <occluded>0</occluded>
    <bndbox>
      <xmin>880.07</xmin>
      <ymin>324.32</ymin>
      <xmax>903.72</xmax>
      <ymax>366.6</ymax>
    </bndbox>
  </object>
  <object>
    <name>WHITE</name>
    <occluded>0</occluded>
    <bndbox>
      <xmin>495.62</xmin>
      <ymin>159.97</ymin>
      <xmax>535.02</xmax>
      <ymax>184.23</ymax>
    </bndbox>
  </object>
  <object>
    <name>WHITE</name>
    <occluded>0</occluded>
    <bndbox>
      <xmin>654.67</xmin>
      <ymin>165.86</ymin>
      <xmax>697.72</xmax>
      <ymax>192.74</ymax>
    </bndbox>
  </object>
  <object>
    <name>WHITE</name>
    <occluded>0</occluded>
    <bndbox>
      <xmin>593.95</xmin>
      <ymin>153.92</ymin>
      <xmax>638.0</xmax>
      <ymax>178.8</ymax>
    </bndbox>
  </object>
  <object>
    <name>BLACK</name>
    <occluded>0</occluded>
    <bndbox>
      <xmin>553.64</xmin>
      <ymin>147.7</ymin>
      <xmax>594.7</xmax>
      <ymax>172.33</ymax>
    </bndbox>
  </object>
  <object>
    <name>WHITE</name>
    <occluded>0</occluded>
    <bndbox>
      <xmin>515.82</xmin>
      <ymin>178.06</ymin>
      <xmax>555.39</xmax>
      <ymax>207.92</ymax>
    </bndbox>
  </object>
  <object>
    <name>WHITE</name>
    <occluded>0</occluded>
    <bndbox>
      <xmin>561.11</xmin>
      <ymin>197.71</ymin>
      <xmax>604.9</xmax>
      <ymax>225.58</ymax>
    </bndbox>
  </object>
  <object>
    <name>WHITE</name>
    <occluded>0</occluded>
    <bndbox>
      <xmin>394.39</xmin>
      <ymin>234.54</ymin>
      <xmax>428.75</xmax>
      <ymax>265.15</ymax>
    </bndbox>
  </object>
  <object>
    <name>WHITE</name>
    <occluded>0</occluded>
    <bndbox>
      <xmin>358.75</xmin>
      <ymin>310.12</ymin>
      <xmax>386.7</xmax>
      <ymax>348.48</ymax>
    </bndbox>
  </object>
  <object>
    <name>WHITE</name>
    <occluded>0</occluded>
    <bndbox>
      <xmin>384.25</xmin>
      <ymin>344.73</ymin>
      <xmax>410.57</xmax>
      <ymax>381.87</ymax>
    </bndbox>
  </object>
  <object>
    <name>WHITE</name>
    <occluded>0</occluded>
    <bndbox>
      <xmin>360.41</xmin>
      <ymin>420.64</ymin>
      <xmax>394.83</xmax>
      <ymax>461.49</ymax>
    </bndbox>
  </object>
  <object>
    <name>WHITE</name>
    <occluded>0</occluded>
    <bndbox>
      <xmin>407.06</xmin>
      <ymin>390.16</ymin>
      <xmax>442.31</xmax>
      <ymax>435.16</ymax>
    </bndbox>
  </object>
</annotation>
