<annotation>
  <folder>HH</folder>
  <filename>HH_camera10.png</filename>
  <source>
    <database>Unknown</database>
    <annotation>Unknown</annotation>
    <image>Unknown</image>
  </source>
  <size>
    <width>1280</width>
    <height>960</height>
    <depth></depth>
  </size>
  <segmented>0</segmented>
  <object>
    <name>WHITE</name>
    <occluded>0</occluded>
    <bndbox>
      <xmin>514.3</xmin>
      <ymin>172.79</ymin>
      <xmax>555.71</xmax>
      <ymax>216.9</ymax>
    </bndbox>
  </object>
  <object>
    <name>WHITE</name>
    <occluded>0</occluded>
    <bndbox>
      <xmin>924.0</xmin>
      <ymin>519.03</ymin>
      <xmax>973.1</xmax>
      <ymax>575.8</ymax>
    </bndbox>
  </object>
  <object>
    <name>WHITE</name>
    <occluded>0</occluded>
    <bndbox>
      <xmin>925.3</xmin>
      <ymin>375.15</ymin>
      <xmax>972.0</xmax>
      <ymax>426.8</ymax>
    </bndbox>
  </object>
  <object>
    <name>WHITE</name>
    <occluded>0</occluded>
    <bndbox>
      <xmin>870.31</xmin>
      <ymin>451.78</ymin>
      <xmax>925.6</xmax>
      <ymax>504.08</ymax>
    </bndbox>
  </object>
  <object>
    <name>BLACK</name>
    <occluded>0</occluded>
    <bndbox>
      <xmin>840.82</xmin>
      <ymin>516.99</ymin>
      <xmax>894.8</xmax>
      <ymax>575.4</ymax>
    </bndbox>
  </object>
  <object>
    <name>WHITE</name>
    <occluded>0</occluded>
    <bndbox>
      <xmin>554.1</xmin>
      <ymin>108.31</ymin>
      <xmax>599.57</xmax>
      <ymax>140.4</ymax>
    </bndbox>
  </object>
  <object>
    <name>WHITE</name>
    <occluded>0</occluded>
    <bndbox>
      <xmin>483.55</xmin>
      <ymin>307.02</ymin>
      <xmax>530.4</xmax>
      <ymax>354.0</ymax>
    </bndbox>
  </object>
  <object>
    <name>WHITE</name>
    <occluded>0</occluded>
    <bndbox>
      <xmin>875.88</xmin>
      <ymin>298.89</ymin>
      <xmax>922.12</xmax>
      <ymax>347.11</ymax>
    </bndbox>
  </object>
  <object>
    <name>WHITE</name>
    <occluded>0</occluded>
    <bndbox>
      <xmin>842.74</xmin>
      <ymin>375.29</ymin>
      <xmax>889.26</xmax>
      <ymax>426.71</ymax>
    </bndbox>
  </object>
  <object>
    <name>WHITE</name>
    <occluded>0</occluded>
    <bndbox>
      <xmin>956.3</xmin>
      <ymin>465.28</ymin>
      <xmax>1001.33</xmax>
      <ymax>516.72</ymax>
    </bndbox>
  </object>
  <object>
    <name>WHITE</name>
    <occluded>0</occluded>
    <bndbox>
      <xmin>465.9</xmin>
      <ymin>243.82</ymin>
      <xmax>508.2</xmax>
      <ymax>285.9</ymax>
    </bndbox>
  </object>
  <object>
    <name>WHITE</name>
    <occluded>0</occluded>
    <bndbox>
      <xmin>535.2</xmin>
      <ymin>234.0</ymin>
      <xmax>584.81</xmax>
      <ymax>278.1</ymax>
    </bndbox>
  </object>
  <object>
    <name>WHITE</name>
    <occluded>0</occluded>
    <bndbox>
      <xmin>589.4</xmin>
      <ymin>156.54</ymin>
      <xmax>639.92</xmax>
      <ymax>202.6</ymax>
    </bndbox>
  </object>
  <object>
    <name>WHITE</name>
    <occluded>0</occluded>
    <bndbox>
      <xmin>635.4</xmin>
      <ymin>80.87</ymin>
      <xmax>680.45</xmax>
      <ymax>121.9</ymax>
    </bndbox>
  </object>
  <object>
    <name>WHITE</name>
    <occluded>0</occluded>
    <bndbox>
      <xmin>968.16</xmin>
      <ymin>117.87</ymin>
      <xmax>1005.3</xmax>
      <ymax>157.5</ymax>
    </bndbox>
  </object>
  <object>
    <name>WHITE</name>
    <occluded>0</occluded>
    <bndbox>
      <xmin>948.14</xmin>
      <ymin>167.83</ymin>
      <xmax>996.2</xmax>
      <ymax>212.9</ymax>
    </bndbox>
  </object>
  <object>
    <name>WHITE</name>
    <occluded>0</occluded>
    <bndbox>
      <xmin>919.26</xmin>
      <ymin>230.25</ymin>
      <xmax>962.0</xmax>
      <ymax>279.75</ymax>
    </bndbox>
  </object>
  <object>
    <name>WHITE</name>
    <occluded>0</occluded>
    <bndbox>
      <xmin>769.7</xmin>
      <ymin>457.1</ymin>
      <xmax>826.8</xmax>
      <ymax>511.3</ymax>
    </bndbox>
  </object>
  <object>
    <name>WHITE</name>
    <occluded>0</occluded>
    <bndbox>
      <xmin>721.1</xmin>
      <ymin>530.06</ymin>
      <xmax>780.6</xmax>
      <ymax>584.6</ymax>
    </bndbox>
  </object>
  <object>
    <name>WHITE</name>
    <occluded>0</occluded>
    <bndbox>
      <xmin>796.05</xmin>
      <ymin>106.08</ymin>
      <xmax>847.1</xmax>
      <ymax>145.4</ymax>
    </bndbox>
  </object>
  <object>
    <name>WHITE</name>
    <occluded>0</occluded>
    <bndbox>
      <xmin>495.04</xmin>
      <ymin>125.73</ymin>
      <xmax>534.65</xmax>
      <ymax>162.22</ymax>
    </bndbox>
  </object>
  <object>
    <name>WHITE</name>
    <occluded>0</occluded>
    <bndbox>
      <xmin>334.22</xmin>
      <ymin>701.19</ymin>
      <xmax>355.27</xmax>
      <ymax>751.09</ymax>
    </bndbox>
  </object>
  <object>
    <name>WHITE</name>
    <occluded>0</occluded>
    <bndbox>
      <xmin>315.92</xmin>
      <ymin>500.96</ymin>
      <xmax>341.0</xmax>
      <ymax>552.61</ymax>
    </bndbox>
  </object>
  <object>
    <name>WHITE</name>
    <occluded>0</occluded>
    <bndbox>
      <xmin>449.79</xmin>
      <ymin>187.73</ymin>
      <xmax>490.96</xmax>
      <ymax>227.7</ymax>
    </bndbox>
  </object>
  <object>
    <name>WHITE</name>
    <occluded>0</occluded>
    <bndbox>
      <xmin>402.1</xmin>
      <ymin>256.66</ymin>
      <xmax>436.69</xmax>
      <ymax>301.57</ymax>
    </bndbox>
  </object>
  <object>
    <name>WHITE</name>
    <occluded>0</occluded>
    <bndbox>
      <xmin>412.98</xmin>
      <ymin>322.47</ymin>
      <xmax>456.96</xmax>
      <ymax>367.69</ymax>
    </bndbox>
  </object>
  <object>
    <name>WHITE</name>
    <occluded>0</occluded>
    <bndbox>
      <xmin>345.3</xmin>
      <ymin>429.45</ymin>
      <xmax>375.55</xmax>
      <ymax>480.29</ymax>
    </bndbox>
  </object>
  <object>
    <name>WHITE</name>
    <occluded>0</occluded>
    <bndbox>
      <xmin>383.29</xmin>
      <ymin>405.48</ymin>
      <xmax>431.57</xmax>
      <ymax>447.03</ymax>
    </bndbox>
  </object>
  <object>
    <name>WHITE</name>
    <occluded>0</occluded>
    <bndbox>
      <xmin>522.8</xmin>
      <ymin>513.73</ymin>
      <xmax>581.1</xmax>
      <ymax>569.5</ymax>
    </bndbox>
  </object>
  <object>
    <name>WHITE</name>
    <occluded>0</occluded>
    <bndbox>
      <xmin>726.14</xmin>
      <ymin>242.58</ymin>
      <xmax>781.9</xmax>
      <ymax>290.38</ymax>
    </bndbox>
  </object>
  <object>
    <name>WHITE</name>
    <occluded>0</occluded>
    <bndbox>
      <xmin>754.5</xmin>
      <ymin>183.5</ymin>
      <xmax>806.4</xmax>
      <ymax>224.1</ymax>
    </bndbox>
  </object>
  <object>
    <name>WHITE</name>
    <occluded>0</occluded>
    <bndbox>
      <xmin>726.47</xmin>
      <ymin>63.04</ymin>
      <xmax>777.0</xmax>
      <ymax>97.03</ymax>
    </bndbox>
  </object>
  <object>
    <name>WHITE</name>
    <occluded>0</occluded>
    <bndbox>
      <xmin>604.74</xmin>
      <ymin>562.59</ymin>
      <xmax>663.5</xmax>
      <ymax>619.5</ymax>
    </bndbox>
  </object>
  <object>
    <name>WHITE</name>
    <occluded>0</occluded>
    <bndbox>
      <xmin>668.8</xmin>
      <ymin>460.7</ymin>
      <xmax>728.94</xmax>
      <ymax>518.39</ymax>
    </bndbox>
  </object>
  <object>
    <name>WHITE</name>
    <occluded>0</occluded>
    <bndbox>
      <xmin>750.9</xmin>
      <ymin>372.7</ymin>
      <xmax>808.0</xmax>
      <ymax>428.31</ymax>
    </bndbox>
  </object>
  <object>
    <name>WHITE</name>
    <occluded>0</occluded>
    <bndbox>
      <xmin>778.35</xmin>
      <ymin>307.19</ymin>
      <xmax>838.0</xmax>
      <ymax>358.9</ymax>
    </bndbox>
  </object>
  <object>
    <name>WHITE</name>
    <occluded>0</occluded>
    <bndbox>
      <xmin>820.62</xmin>
      <ymin>241.0</ymin>
      <xmax>873.0</xmax>
      <ymax>285.0</ymax>
    </bndbox>
  </object>
  <object>
    <name>WHITE</name>
    <occluded>0</occluded>
    <bndbox>
      <xmin>857.66</xmin>
      <ymin>164.32</ymin>
      <xmax>906.5</xmax>
      <ymax>205.1</ymax>
    </bndbox>
  </object>
  <object>
    <name>WHITE</name>
    <occluded>0</occluded>
    <bndbox>
      <xmin>890.53</xmin>
      <ymin>100.64</ymin>
      <xmax>933.6</xmax>
      <ymax>137.5</ymax>
    </bndbox>
  </object>
  <object>
    <name>WHITE</name>
    <occluded>0</occluded>
    <bndbox>
      <xmin>903.6</xmin>
      <ymin>56.5</ymin>
      <xmax>945.86</xmax>
      <ymax>90.45</ymax>
    </bndbox>
  </object>
  <object>
    <name>WHITE</name>
    <occluded>0</occluded>
    <bndbox>
      <xmin>332.0</xmin>
      <ymin>646.5</ymin>
      <xmax>368.0</xmax>
      <ymax>700.4</ymax>
    </bndbox>
  </object>
  <object>
    <name>WHITE</name>
    <occluded>0</occluded>
    <bndbox>
      <xmin>977.5</xmin>
      <ymin>537.75</ymin>
      <xmax>1025.7</xmax>
      <ymax>583.9</ymax>
    </bndbox>
  </object>
  <object>
    <name>BLACK</name>
    <occluded>0</occluded>
    <bndbox>
      <xmin>438.6</xmin>
      <ymin>381.62</ymin>
      <xmax>481.88</xmax>
      <ymax>430.1</ymax>
    </bndbox>
  </object>
  <object>
    <name>WHITE</name>
    <occluded>0</occluded>
    <bndbox>
      <xmin>1029.51</xmin>
      <ymin>332.81</ymin>
      <xmax>1064.6</xmax>
      <ymax>385.6</ymax>
    </bndbox>
  </object>
  <object>
    <name>WHITE</name>
    <occluded>0</occluded>
    <bndbox>
      <xmin>407.5</xmin>
      <ymin>201.48</ymin>
      <xmax>436.74</xmax>
      <ymax>241.55</ymax>
    </bndbox>
  </object>
  <object>
    <name>WHITE</name>
    <occluded>0</occluded>
    <bndbox>
      <xmin>753.49</xmin>
      <ymin>23.54</ymin>
      <xmax>800.6</xmax>
      <ymax>49.4</ymax>
    </bndbox>
  </object>
  <object>
    <name>WHITE</name>
    <occluded>0</occluded>
    <bndbox>
      <xmin>819.73</xmin>
      <ymin>51.23</ymin>
      <xmax>869.88</xmax>
      <ymax>83.79</ymax>
    </bndbox>
  </object>
  <object>
    <name>WHITE</name>
    <occluded>0</occluded>
    <bndbox>
      <xmin>1003.13</xmin>
      <ymin>246.61</ymin>
      <xmax>1040.55</xmax>
      <ymax>297.51</ymax>
    </bndbox>
  </object>
  <object>
    <name>BLACK</name>
    <occluded>0</occluded>
    <bndbox>
      <xmin>954.97</xmin>
      <ymin>312.18</ymin>
      <xmax>1001.49</xmax>
      <ymax>362.6</ymax>
    </bndbox>
  </object>
  <object>
    <name>WHITE</name>
    <occluded>0</occluded>
    <bndbox>
      <xmin>998.61</xmin>
      <ymin>396.36</ymin>
      <xmax>1036.29</xmax>
      <ymax>448.61</ymax>
    </bndbox>
  </object>
  <object>
    <name>BLACK</name>
    <occluded>0</occluded>
    <bndbox>
      <xmin>676.88</xmin>
      <ymin>37.46</ymin>
      <xmax>729.28</xmax>
      <ymax>65.53</ymax>
    </bndbox>
  </object>
  <object>
    <name>WHITE</name>
    <occluded>0</occluded>
    <bndbox>
      <xmin>613.25</xmin>
      <ymin>47.13</ymin>
      <xmax>660.66</xmax>
      <ymax>75.82</ymax>
    </bndbox>
  </object>
  <object>
    <name>WHITE</name>
    <occluded>0</occluded>
    <bndbox>
      <xmin>340.25</xmin>
      <ymin>538.73</ymin>
      <xmax>383.67</xmax>
      <ymax>590.38</ymax>
    </bndbox>
  </object>
  <object>
    <name>WHITE</name>
    <occluded>0</occluded>
    <bndbox>
      <xmin>393.02</xmin>
      <ymin>488.57</ymin>
      <xmax>436.44</xmax>
      <ymax>539.47</ymax>
    </bndbox>
  </object>
  <object>
    <name>WHITE</name>
    <occluded>0</occluded>
    <bndbox>
      <xmin>465.53</xmin>
      <ymin>448.99</ymin>
      <xmax>521.0</xmax>
      <ymax>500.6</ymax>
    </bndbox>
  </object>
  <object>
    <name>WHITE</name>
    <occluded>0</occluded>
    <bndbox>
      <xmin>654.18</xmin>
      <ymin>204.5</ymin>
      <xmax>703.2</xmax>
      <ymax>249.12</ymax>
    </bndbox>
  </object>
  <object>
    <name>WHITE</name>
    <occluded>0</occluded>
    <bndbox>
      <xmin>685.43</xmin>
      <ymin>125.21</ymin>
      <xmax>739.4</xmax>
      <ymax>165.6</ymax>
    </bndbox>
  </object>
  <object>
    <name>WHITE</name>
    <occluded>0</occluded>
    <bndbox>
      <xmin>367.57</xmin>
      <ymin>608.34</ymin>
      <xmax>417.72</xmax>
      <ymax>664.48</ymax>
    </bndbox>
  </object>
  <object>
    <name>WHITE</name>
    <occluded>0</occluded>
    <bndbox>
      <xmin>513.61</xmin>
      <ymin>608.8</ymin>
      <xmax>571.1</xmax>
      <ymax>666.86</ymax>
    </bndbox>
  </object>
  <object>
    <name>WHITE</name>
    <occluded>0</occluded>
    <bndbox>
      <xmin>434.09</xmin>
      <ymin>562.72</ymin>
      <xmax>480.0</xmax>
      <ymax>620.3</ymax>
    </bndbox>
  </object>
  <object>
    <name>WHITE</name>
    <occluded>0</occluded>
    <bndbox>
      <xmin>424.7</xmin>
      <ymin>684.33</ymin>
      <xmax>473.9</xmax>
      <ymax>736.0</ymax>
    </bndbox>
  </object>
  <object>
    <name>BLACK</name>
    <occluded>0</occluded>
    <bndbox>
      <xmin>383.15</xmin>
      <ymin>723.51</ymin>
      <xmax>436.3</xmax>
      <ymax>779.9</ymax>
    </bndbox>
  </object>
</annotation>
