<annotation>
  <folder>HH</folder>
  <filename>HH_camera2.png</filename>
  <source>
    <database>Unknown</database>
    <annotation>Unknown</annotation>
    <image>Unknown</image>
  </source>
  <size>
    <width>960</width>
    <height>1280</height>
    <depth></depth>
  </size>
  <segmented>0</segmented>
  <object>
    <name>WHITE</name>
    <occluded>0</occluded>
    <bndbox>
      <xmin>747.13</xmin>
      <ymin>632.82</ymin>
      <xmax>778.89</xmax>
      <ymax>680.19</ymax>
    </bndbox>
  </object>
  <object>
    <name>WHITE</name>
    <occluded>0</occluded>
    <bndbox>
      <xmin>768.5</xmin>
      <ymin>704.73</ymin>
      <xmax>812.11</xmax>
      <ymax>731.01</ymax>
    </bndbox>
  </object>
  <object>
    <name>WHITE</name>
    <occluded>0</occluded>
    <bndbox>
      <xmin>790.16</xmin>
      <ymin>507.78</ymin>
      <xmax>817.59</xmax>
      <ymax>552.25</ymax>
    </bndbox>
  </object>
  <object>
    <name>WHITE</name>
    <occluded>0</occluded>
    <bndbox>
      <xmin>808.04</xmin>
      <ymin>636.74</ymin>
      <xmax>832.83</xmax>
      <ymax>678.38</ymax>
    </bndbox>
  </object>
  <object>
    <name>WHITE</name>
    <occluded>0</occluded>
    <bndbox>
      <xmin>605.0</xmin>
      <ymin>434.0</ymin>
      <xmax>647.0</xmax>
      <ymax>472.0</ymax>
    </bndbox>
  </object>
  <object>
    <name>WHITE</name>
    <occluded>0</occluded>
    <bndbox>
      <xmin>777.5</xmin>
      <ymin>572.5</ymin>
      <xmax>800.5</xmax>
      <ymax>613.5</ymax>
    </bndbox>
  </object>
  <object>
    <name>WHITE</name>
    <occluded>0</occluded>
    <bndbox>
      <xmin>706.26</xmin>
      <ymin>561.55</ymin>
      <xmax>743.74</xmax>
      <ymax>600.45</ymax>
    </bndbox>
  </object>
  <object>
    <name>WHITE</name>
    <occluded>0</occluded>
    <bndbox>
      <xmin>669.09</xmin>
      <ymin>628.51</ymin>
      <xmax>708.91</xmax>
      <ymax>669.49</ymax>
    </bndbox>
  </object>
  <object>
    <name>WHITE</name>
    <occluded>0</occluded>
    <bndbox>
      <xmin>662.62</xmin>
      <ymin>496.79</ymin>
      <xmax>699.38</xmax>
      <ymax>539.21</ymax>
    </bndbox>
  </object>
  <object>
    <name>WHITE</name>
    <occluded>0</occluded>
    <bndbox>
      <xmin>480.81</xmin>
      <ymin>493.6</ymin>
      <xmax>523.19</xmax>
      <ymax>534.4</ymax>
    </bndbox>
  </object>
  <object>
    <name>WHITE</name>
    <occluded>0</occluded>
    <bndbox>
      <xmin>532.58</xmin>
      <ymin>429.21</ymin>
      <xmax>571.42</xmax>
      <ymax>470.79</ymax>
    </bndbox>
  </object>
  <object>
    <name>WHITE</name>
    <occluded>0</occluded>
    <bndbox>
      <xmin>570.5</xmin>
      <ymin>492.0</ymin>
      <xmax>613.5</xmax>
      <ymax>534.0</ymax>
    </bndbox>
  </object>
  <object>
    <name>WHITE</name>
    <occluded>0</occluded>
    <bndbox>
      <xmin>724.0</xmin>
      <ymin>399.19</ymin>
      <xmax>756.95</xmax>
      <ymax>440.78</ymax>
    </bndbox>
  </object>
  <object>
    <name>WHITE</name>
    <occluded>0</occluded>
    <bndbox>
      <xmin>688.59</xmin>
      <ymin>346.49</ymin>
      <xmax>723.89</xmax>
      <ymax>378.38</ymax>
    </bndbox>
  </object>
  <object>
    <name>WHITE</name>
    <occluded>0</occluded>
    <bndbox>
      <xmin>361.01</xmin>
      <ymin>872.27</ymin>
      <xmax>382.96</xmax>
      <ymax>913.69</ymax>
    </bndbox>
  </object>
  <object>
    <name>BLACK</name>
    <occluded>0</occluded>
    <bndbox>
      <xmin>383.96</xmin>
      <ymin>859.29</ymin>
      <xmax>411.41</xmax>
      <ymax>898.71</ymax>
    </bndbox>
  </object>
  <object>
    <name>WHITE</name>
    <occluded>0</occluded>
    <bndbox>
      <xmin>643.67</xmin>
      <ymin>301.59</ymin>
      <xmax>680.37</xmax>
      <ymax>327.84</ymax>
    </bndbox>
  </object>
  <object>
    <name>WHITE</name>
    <occluded>0</occluded>
    <bndbox>
      <xmin>604.36</xmin>
      <ymin>270.89</ymin>
      <xmax>645.07</xmax>
      <ymax>290.74</ymax>
    </bndbox>
  </object>
  <object>
    <name>WHITE</name>
    <occluded>0</occluded>
    <bndbox>
      <xmin>528.52</xmin>
      <ymin>267.23</ymin>
      <xmax>568.22</xmax>
      <ymax>290.58</ymax>
    </bndbox>
  </object>
  <object>
    <name>WHITE</name>
    <occluded>0</occluded>
    <bndbox>
      <xmin>489.05</xmin>
      <ymin>301.65</ymin>
      <xmax>528.52</xmax>
      <ymax>325.71</ymax>
    </bndbox>
  </object>
  <object>
    <name>WHITE</name>
    <occluded>0</occluded>
    <bndbox>
      <xmin>363.66</xmin>
      <ymin>360.85</ymin>
      <xmax>394.47</xmax>
      <ymax>392.62</ymax>
    </bndbox>
  </object>
  <object>
    <name>WHITE</name>
    <occluded>0</occluded>
    <bndbox>
      <xmin>323.06</xmin>
      <ymin>558.14</ymin>
      <xmax>342.99</xmax>
      <ymax>598.54</ymax>
    </bndbox>
  </object>
  <object>
    <name>WHITE</name>
    <occluded>0</occluded>
    <bndbox>
      <xmin>335.19</xmin>
      <ymin>426.74</ymin>
      <xmax>360.61</xmax>
      <ymax>464.86</ymax>
    </bndbox>
  </object>
  <object>
    <name>WHITE</name>
    <occluded>0</occluded>
    <bndbox>
      <xmin>388.62</xmin>
      <ymin>369.18</ymin>
      <xmax>418.94</xmax>
      <ymax>409.04</ymax>
    </bndbox>
  </object>
  <object>
    <name>WHITE</name>
    <occluded>0</occluded>
    <bndbox>
      <xmin>334.7</xmin>
      <ymin>624.91</ymin>
      <xmax>359.8</xmax>
      <ymax>667.07</ymax>
    </bndbox>
  </object>
  <object>
    <name>WHITE</name>
    <occluded>0</occluded>
    <bndbox>
      <xmin>395.44</xmin>
      <ymin>915.18</ymin>
      <xmax>420.89</xmax>
      <ymax>955.11</ymax>
    </bndbox>
  </object>
  <object>
    <name>WHITE</name>
    <occluded>0</occluded>
    <bndbox>
      <xmin>392.75</xmin>
      <ymin>625.78</ymin>
      <xmax>428.56</xmax>
      <ymax>669.38</ymax>
    </bndbox>
  </object>
  <object>
    <name>WHITE</name>
    <occluded>0</occluded>
    <bndbox>
      <xmin>351.45</xmin>
      <ymin>688.16</ymin>
      <xmax>383.77</xmax>
      <ymax>727.14</ymax>
    </bndbox>
  </object>
  <object>
    <name>WHITE</name>
    <occluded>0</occluded>
    <bndbox>
      <xmin>778.61</xmin>
      <ymin>439.62</ymin>
      <xmax>808.93</xmax>
      <ymax>482.36</ymax>
    </bndbox>
  </object>
  <object>
    <name>WHITE</name>
    <occluded>0</occluded>
    <bndbox>
      <xmin>355.0</xmin>
      <ymin>498.2</ymin>
      <xmax>377.63</xmax>
      <ymax>544.8</ymax>
    </bndbox>
  </object>
  <object>
    <name>BLACK</name>
    <occluded>0</occluded>
    <bndbox>
      <xmin>392.69</xmin>
      <ymin>452.58</ymin>
      <xmax>422.8</xmax>
      <ymax>495.7</ymax>
    </bndbox>
  </object>
  <object>
    <name>WHITE</name>
    <occluded>0</occluded>
    <bndbox>
      <xmin>446.29</xmin>
      <ymin>436.36</ymin>
      <xmax>488.01</xmax>
      <ymax>476.8</ymax>
    </bndbox>
  </object>
  <object>
    <name>WHITE</name>
    <occluded>0</occluded>
    <bndbox>
      <xmin>403.6</xmin>
      <ymin>502.22</ymin>
      <xmax>437.55</xmax>
      <ymax>545.8</ymax>
    </bndbox>
  </object>
  <object>
    <name>WHITE</name>
    <occluded>0</occluded>
    <bndbox>
      <xmin>611.8</xmin>
      <ymin>558.38</ymin>
      <xmax>658.7</xmax>
      <ymax>605.7</ymax>
    </bndbox>
  </object>
  <object>
    <name>WHITE</name>
    <occluded>0</occluded>
    <bndbox>
      <xmin>566.0</xmin>
      <ymin>628.14</ymin>
      <xmax>613.44</xmax>
      <ymax>675.0</ymax>
    </bndbox>
  </object>
  <object>
    <name>WHITE</name>
    <occluded>0</occluded>
    <bndbox>
      <xmin>522.0</xmin>
      <ymin>691.0</ymin>
      <xmax>567.8</xmax>
      <ymax>733.0</ymax>
    </bndbox>
  </object>
  <object>
    <name>WHITE</name>
    <occluded>0</occluded>
    <bndbox>
      <xmin>643.6</xmin>
      <ymin>389.6</ymin>
      <xmax>684.56</xmax>
      <ymax>426.27</ymax>
    </bndbox>
  </object>
  <object>
    <name>WHITE</name>
    <occluded>0</occluded>
    <bndbox>
      <xmin>369.06</xmin>
      <ymin>565.37</ymin>
      <xmax>395.4</xmax>
      <ymax>606.37</ymax>
    </bndbox>
  </object>
  <object>
    <name>WHITE</name>
    <occluded>0</occluded>
    <bndbox>
      <xmin>435.19</xmin>
      <ymin>555.87</ymin>
      <xmax>473.8</xmax>
      <ymax>601.6</ymax>
    </bndbox>
  </object>
  <object>
    <name>WHITE</name>
    <occluded>0</occluded>
    <bndbox>
      <xmin>563.09</xmin>
      <ymin>300.37</ymin>
      <xmax>607.9</xmax>
      <ymax>324.5</ymax>
    </bndbox>
  </object>
  <object>
    <name>WHITE</name>
    <occluded>0</occluded>
    <bndbox>
      <xmin>524.35</xmin>
      <ymin>338.15</ymin>
      <xmax>566.6</xmax>
      <ymax>367.8</ymax>
    </bndbox>
  </object>
  <object>
    <name>WHITE</name>
    <occluded>0</occluded>
    <bndbox>
      <xmin>564.35</xmin>
      <ymin>378.7</ymin>
      <xmax>613.6</xmax>
      <ymax>419.72</ymax>
    </bndbox>
  </object>
  <object>
    <name>WHITE</name>
    <occluded>0</occluded>
    <bndbox>
      <xmin>608.86</xmin>
      <ymin>338.15</ymin>
      <xmax>651.9</xmax>
      <ymax>367.9</ymax>
    </bndbox>
  </object>
  <object>
    <name>WHITE</name>
    <occluded>0</occluded>
    <bndbox>
      <xmin>428.45</xmin>
      <ymin>675.98</ymin>
      <xmax>467.3</xmax>
      <ymax>718.02</ymax>
    </bndbox>
  </object>
  <object>
    <name>WHITE</name>
    <occluded>0</occluded>
    <bndbox>
      <xmin>470.31</xmin>
      <ymin>626.8</ymin>
      <xmax>515.7</xmax>
      <ymax>669.49</ymax>
    </bndbox>
  </object>
  <object>
    <name>WHITE</name>
    <occluded>0</occluded>
    <bndbox>
      <xmin>520.5</xmin>
      <ymin>555.5</ymin>
      <xmax>569.6</xmax>
      <ymax>604.0</ymax>
    </bndbox>
  </object>
  <object>
    <name>WHITE</name>
    <occluded>0</occluded>
    <bndbox>
      <xmin>491.85</xmin>
      <ymin>388.38</ymin>
      <xmax>532.15</xmax>
      <ymax>424.3</ymax>
    </bndbox>
  </object>
  <object>
    <name>BLACK</name>
    <occluded>0</occluded>
    <bndbox>
      <xmin>571.8</xmin>
      <ymin>752.09</ymin>
      <xmax>619.6</xmax>
      <ymax>797.1</ymax>
    </bndbox>
  </object>
  <object>
    <name>WHITE</name>
    <occluded>0</occluded>
    <bndbox>
      <xmin>615.7</xmin>
      <ymin>690.4</ymin>
      <xmax>662.6</xmax>
      <ymax>733.0</ymax>
    </bndbox>
  </object>
  <object>
    <name>WHITE</name>
    <occluded>0</occluded>
    <bndbox>
      <xmin>732.55</xmin>
      <ymin>503.55</ymin>
      <xmax>768.0</xmax>
      <ymax>549.6</ymax>
    </bndbox>
  </object>
  <object>
    <name>BLACK</name>
    <occluded>0</occluded>
    <bndbox>
      <xmin>748.8</xmin>
      <ymin>460.32</ymin>
      <xmax>781.5</xmax>
      <ymax>506.0</ymax>
    </bndbox>
  </object>
  <object>
    <name>WHITE</name>
    <occluded>0</occluded>
    <bndbox>
      <xmin>703.14</xmin>
      <ymin>687.11</ymin>
      <xmax>747.7</xmax>
      <ymax>720.9</ymax>
    </bndbox>
  </object>
  <object>
    <name>WHITE</name>
    <occluded>0</occluded>
    <bndbox>
      <xmin>361.8</xmin>
      <ymin>432.47</ymin>
      <xmax>389.36</xmax>
      <ymax>474.1</ymax>
    </bndbox>
  </object>
  <object>
    <name>WHITE</name>
    <occluded>0</occluded>
    <bndbox>
      <xmin>418.6</xmin>
      <ymin>391.46</ymin>
      <xmax>451.51</xmax>
      <ymax>432.0</ymax>
    </bndbox>
  </object>
  <object>
    <name>WHITE</name>
    <occluded>0</occluded>
    <bndbox>
      <xmin>432.82</xmin>
      <ymin>886.42</ymin>
      <xmax>464.7</xmax>
      <ymax>925.1</ymax>
    </bndbox>
  </object>
  <object>
    <name>WHITE</name>
    <occluded>0</occluded>
    <bndbox>
      <xmin>324.77</xmin>
      <ymin>490.49</ymin>
      <xmax>345.71</xmax>
      <ymax>530.2</ymax>
    </bndbox>
  </object>
  <object>
    <name>WHITE</name>
    <occluded>0</occluded>
    <bndbox>
      <xmin>728.8</xmin>
      <ymin>946.16</ymin>
      <xmax>757.88</xmax>
      <ymax>983.58</ymax>
    </bndbox>
  </object>
  <object>
    <name>WHITE</name>
    <occluded>0</occluded>
    <bndbox>
      <xmin>687.87</xmin>
      <ymin>902.14</ymin>
      <xmax>726.72</xmax>
      <ymax>943.38</ymax>
    </bndbox>
  </object>
  <object>
    <name>WHITE</name>
    <occluded>0</occluded>
    <bndbox>
      <xmin>688.78</xmin>
      <ymin>442.37</ymin>
      <xmax>725.5</xmax>
      <ymax>484.79</ymax>
    </bndbox>
  </object>
</annotation>
