<annotation>
  <folder>HH</folder>
  <filename>HH_camera6.png</filename>
  <source>
    <database>Unknown</database>
    <annotation>Unknown</annotation>
    <image>Unknown</image>
  </source>
  <size>
    <width>1280</width>
    <height>960</height>
    <depth></depth>
  </size>
  <segmented>0</segmented>
  <object>
    <name>WHITE</name>
    <occluded>0</occluded>
    <bndbox>
      <xmin>365.9</xmin>
      <ymin>473.19</ymin>
      <xmax>401.79</xmax>
      <ymax>517.9</ymax>
    </bndbox>
  </object>
  <object>
    <name>WHITE</name>
    <occluded>0</occluded>
    <bndbox>
      <xmin>436.73</xmin>
      <ymin>919.72</ymin>
      <xmax>475.45</xmax>
      <ymax>953.51</ymax>
    </bndbox>
  </object>
  <object>
    <name>WHITE</name>
    <occluded>0</occluded>
    <bndbox>
      <xmin>652.71</xmin>
      <ymin>884.12</ymin>
      <xmax>691.18</xmax>
      <ymax>924.4</ymax>
    </bndbox>
  </object>
  <object>
    <name>WHITE</name>
    <occluded>0</occluded>
    <bndbox>
      <xmin>819.7</xmin>
      <ymin>891.35</ymin>
      <xmax>851.32</xmax>
      <ymax>929.69</ymax>
    </bndbox>
  </object>
  <object>
    <name>WHITE</name>
    <occluded>0</occluded>
    <bndbox>
      <xmin>865.66</xmin>
      <ymin>709.77</ymin>
      <xmax>905.69</xmax>
      <ymax>750.83</ymax>
    </bndbox>
  </object>
  <object>
    <name>WHITE</name>
    <occluded>0</occluded>
    <bndbox>
      <xmin>892.43</xmin>
      <ymin>750.57</ymin>
      <xmax>924.92</xmax>
      <ymax>788.0</ymax>
    </bndbox>
  </object>
  <object>
    <name>WHITE</name>
    <occluded>0</occluded>
    <bndbox>
      <xmin>866.7</xmin>
      <ymin>803.86</ymin>
      <xmax>896.59</xmax>
      <ymax>838.68</ymax>
    </bndbox>
  </object>
  <object>
    <name>WHITE</name>
    <occluded>0</occluded>
    <bndbox>
      <xmin>858.38</xmin>
      <ymin>840.24</ymin>
      <xmax>884.12</xmax>
      <ymax>878.45</ymax>
    </bndbox>
  </object>
  <object>
    <name>WHITE</name>
    <occluded>0</occluded>
    <bndbox>
      <xmin>906.47</xmin>
      <ymin>770.07</ymin>
      <xmax>932.46</xmax>
      <ymax>806.19</ymax>
    </bndbox>
  </object>
  <object>
    <name>WHITE</name>
    <occluded>0</occluded>
    <bndbox>
      <xmin>923.36</xmin>
      <ymin>684.55</ymin>
      <xmax>952.99</xmax>
      <ymax>723.28</ymax>
    </bndbox>
  </object>
  <object>
    <name>WHITE</name>
    <occluded>0</occluded>
    <bndbox>
      <xmin>893.21</xmin>
      <ymin>646.87</ymin>
      <xmax>926.22</xmax>
      <ymax>689.23</ymax>
    </bndbox>
  </object>
  <object>
    <name>BLACK</name>
    <occluded>0</occluded>
    <bndbox>
      <xmin>480.17</xmin>
      <ymin>422.59</ymin>
      <xmax>527.0</xmax>
      <ymax>474.3</ymax>
    </bndbox>
  </object>
  <object>
    <name>WHITE</name>
    <occluded>0</occluded>
    <bndbox>
      <xmin>741.1</xmin>
      <ymin>931.98</ymin>
      <xmax>778.32</xmax>
      <ymax>960.0</ymax>
    </bndbox>
  </object>
  <object>
    <name>WHITE</name>
    <occluded>0</occluded>
    <bndbox>
      <xmin>320.54</xmin>
      <ymin>511.1</ymin>
      <xmax>350.48</xmax>
      <ymax>558.2</ymax>
    </bndbox>
  </object>
  <object>
    <name>WHITE</name>
    <occluded>0</occluded>
    <bndbox>
      <xmin>905.93</xmin>
      <ymin>801.26</ymin>
      <xmax>928.08</xmax>
      <ymax>839.94</ymax>
    </bndbox>
  </object>
  <object>
    <name>WHITE</name>
    <occluded>0</occluded>
    <bndbox>
      <xmin>933.79</xmin>
      <ymin>383.51</ymin>
      <xmax>962.9</xmax>
      <ymax>429.4</ymax>
    </bndbox>
  </object>
  <object>
    <name>WHITE</name>
    <occluded>0</occluded>
    <bndbox>
      <xmin>945.88</xmin>
      <ymin>472.69</ymin>
      <xmax>968.88</xmax>
      <ymax>515.69</ymax>
    </bndbox>
  </object>
  <object>
    <name>WHITE</name>
    <occluded>0</occluded>
    <bndbox>
      <xmin>690.6</xmin>
      <ymin>917.32</ymin>
      <xmax>727.63</xmax>
      <ymax>954.6</ymax>
    </bndbox>
  </object>
  <object>
    <name>WHITE</name>
    <occluded>0</occluded>
    <bndbox>
      <xmin>325.1</xmin>
      <ymin>428.73</ymin>
      <xmax>355.98</xmax>
      <ymax>473.6</ymax>
    </bndbox>
  </object>
  <object>
    <name>WHITE</name>
    <occluded>0</occluded>
    <bndbox>
      <xmin>376.4</xmin>
      <ymin>396.43</ymin>
      <xmax>413.13</xmax>
      <ymax>438.4</ymax>
    </bndbox>
  </object>
  <object>
    <name>WHITE</name>
    <occluded>0</occluded>
    <bndbox>
      <xmin>438.0</xmin>
      <ymin>369.51</ymin>
      <xmax>476.87</xmax>
      <ymax>415.4</ymax>
    </bndbox>
  </object>
  <object>
    <name>WHITE</name>
    <occluded>0</occluded>
    <bndbox>
      <xmin>512.77</xmin>
      <ymin>356.69</ymin>
      <xmax>560.4</xmax>
      <ymax>404.4</ymax>
    </bndbox>
  </object>
  <object>
    <name>WHITE</name>
    <occluded>0</occluded>
    <bndbox>
      <xmin>896.35</xmin>
      <ymin>433.18</ymin>
      <xmax>927.65</xmax>
      <ymax>476.82</ymax>
    </bndbox>
  </object>
  <object>
    <name>WHITE</name>
    <occluded>0</occluded>
    <bndbox>
      <xmin>425.64</xmin>
      <ymin>454.32</ymin>
      <xmax>470.36</xmax>
      <ymax>493.68</ymax>
    </bndbox>
  </object>
  <object>
    <name>WHITE</name>
    <occluded>0</occluded>
    <bndbox>
      <xmin>879.99</xmin>
      <ymin>352.31</ymin>
      <xmax>910.01</xmax>
      <ymax>395.69</ymax>
    </bndbox>
  </object>
  <object>
    <name>WHITE</name>
    <occluded>0</occluded>
    <bndbox>
      <xmin>348.92</xmin>
      <ymin>358.59</ymin>
      <xmax>383.23</xmax>
      <ymax>397.89</ymax>
    </bndbox>
  </object>
  <object>
    <name>WHITE</name>
    <occluded>0</occluded>
    <bndbox>
      <xmin>402.56</xmin>
      <ymin>326.77</ymin>
      <xmax>439.37</xmax>
      <ymax>365.14</ymax>
    </bndbox>
  </object>
  <object>
    <name>WHITE</name>
    <occluded>0</occluded>
    <bndbox>
      <xmin>457.15</xmin>
      <ymin>311.18</ymin>
      <xmax>500.19</xmax>
      <ymax>349.54</ymax>
    </bndbox>
  </object>
  <object>
    <name>WHITE</name>
    <occluded>0</occluded>
    <bndbox>
      <xmin>503.0</xmin>
      <ymin>263.5</ymin>
      <xmax>548.84</xmax>
      <ymax>292.47</ymax>
    </bndbox>
  </object>
  <object>
    <name>WHITE</name>
    <occluded>0</occluded>
    <bndbox>
      <xmin>848.58</xmin>
      <ymin>289.03</ymin>
      <xmax>887.25</xmax>
      <ymax>325.84</ymax>
    </bndbox>
  </object>
  <object>
    <name>WHITE</name>
    <occluded>0</occluded>
    <bndbox>
      <xmin>928.73</xmin>
      <ymin>557.89</ymin>
      <xmax>959.92</xmax>
      <ymax>602.49</ymax>
    </bndbox>
  </object>
  <object>
    <name>WHITE</name>
    <occluded>0</occluded>
    <bndbox>
      <xmin>978.64</xmin>
      <ymin>510.79</ymin>
      <xmax>998.91</xmax>
      <ymax>556.64</ymax>
    </bndbox>
  </object>
  <object>
    <name>WHITE</name>
    <occluded>0</occluded>
    <bndbox>
      <xmin>904.6</xmin>
      <ymin>310.51</ymin>
      <xmax>935.27</xmax>
      <ymax>349.76</ymax>
    </bndbox>
  </object>
  <object>
    <name>WHITE</name>
    <occluded>0</occluded>
    <bndbox>
      <xmin>801.33</xmin>
      <ymin>239.49</ymin>
      <xmax>841.19</xmax>
      <ymax>269.59</ymax>
    </bndbox>
  </object>
  <object>
    <name>BLACK</name>
    <occluded>0</occluded>
    <bndbox>
      <xmin>284.04</xmin>
      <ymin>584.9</ymin>
      <xmax>303.69</xmax>
      <ymax>630.75</ymax>
    </bndbox>
  </object>
  <object>
    <name>WHITE</name>
    <occluded>0</occluded>
    <bndbox>
      <xmin>493.91</xmin>
      <ymin>736.08</ymin>
      <xmax>538.2</xmax>
      <ymax>782.6</ymax>
    </bndbox>
  </object>
  <object>
    <name>WHITE</name>
    <occluded>0</occluded>
    <bndbox>
      <xmin>758.52</xmin>
      <ymin>263.28</ymin>
      <xmax>803.4</xmax>
      <ymax>300.3</ymax>
    </bndbox>
  </object>
  <object>
    <name>WHITE</name>
    <occluded>0</occluded>
    <bndbox>
      <xmin>717.68</xmin>
      <ymin>325.1</ymin>
      <xmax>762.2</xmax>
      <ymax>367.12</ymax>
    </bndbox>
  </object>
  <object>
    <name>WHITE</name>
    <occluded>0</occluded>
    <bndbox>
      <xmin>667.19</xmin>
      <ymin>383.63</ymin>
      <xmax>715.0</xmax>
      <ymax>430.1</ymax>
    </bndbox>
  </object>
  <object>
    <name>WHITE</name>
    <occluded>0</occluded>
    <bndbox>
      <xmin>621.0</xmin>
      <ymin>457.75</ymin>
      <xmax>670.0</xmax>
      <ymax>507.1</ymax>
    </bndbox>
  </object>
  <object>
    <name>WHITE</name>
    <occluded>0</occluded>
    <bndbox>
      <xmin>570.41</xmin>
      <ymin>528.3</ymin>
      <xmax>618.1</xmax>
      <ymax>574.79</ymax>
    </bndbox>
  </object>
  <object>
    <name>WHITE</name>
    <occluded>0</occluded>
    <bndbox>
      <xmin>518.7</xmin>
      <ymin>589.3</ymin>
      <xmax>566.4</xmax>
      <ymax>634.0</ymax>
    </bndbox>
  </object>
  <object>
    <name>WHITE</name>
    <occluded>0</occluded>
    <bndbox>
      <xmin>459.92</xmin>
      <ymin>636.0</ymin>
      <xmax>506.2</xmax>
      <ymax>683.2</ymax>
    </bndbox>
  </object>
  <object>
    <name>WHITE</name>
    <occluded>0</occluded>
    <bndbox>
      <xmin>721.71</xmin>
      <ymin>224.86</ymin>
      <xmax>763.3</xmax>
      <ymax>255.6</ymax>
    </bndbox>
  </object>
  <object>
    <name>WHITE</name>
    <occluded>0</occluded>
    <bndbox>
      <xmin>681.07</xmin>
      <ymin>269.19</ymin>
      <xmax>729.1</xmax>
      <ymax>304.7</ymax>
    </bndbox>
  </object>
  <object>
    <name>WHITE</name>
    <occluded>0</occluded>
    <bndbox>
      <xmin>637.6</xmin>
      <ymin>312.6</ymin>
      <xmax>683.82</xmax>
      <ymax>354.5</ymax>
    </bndbox>
  </object>
  <object>
    <name>WHITE</name>
    <occluded>0</occluded>
    <bndbox>
      <xmin>593.8</xmin>
      <ymin>366.8</ymin>
      <xmax>643.0</xmax>
      <ymax>413.7</ymax>
    </bndbox>
  </object>
  <object>
    <name>WHITE</name>
    <occluded>0</occluded>
    <bndbox>
      <xmin>546.1</xmin>
      <ymin>432.31</ymin>
      <xmax>595.56</xmax>
      <ymax>481.96</ymax>
    </bndbox>
  </object>
  <object>
    <name>WHITE</name>
    <occluded>0</occluded>
    <bndbox>
      <xmin>497.38</xmin>
      <ymin>495.4</ymin>
      <xmax>544.1</xmax>
      <ymax>545.68</ymax>
    </bndbox>
  </object>
  <object>
    <name>WHITE</name>
    <occluded>0</occluded>
    <bndbox>
      <xmin>821.91</xmin>
      <ymin>400.08</ymin>
      <xmax>864.2</xmax>
      <ymax>445.2</ymax>
    </bndbox>
  </object>
  <object>
    <name>BLACK</name>
    <occluded>0</occluded>
    <bndbox>
      <xmin>617.52</xmin>
      <ymin>832.62</ymin>
      <xmax>664.5</xmax>
      <ymax>873.5</ymax>
    </bndbox>
  </object>
  <object>
    <name>WHITE</name>
    <occluded>0</occluded>
    <bndbox>
      <xmin>660.64</xmin>
      <ymin>767.0</ymin>
      <xmax>706.4</xmax>
      <ymax>806.5</ymax>
    </bndbox>
  </object>
  <object>
    <name>WHITE</name>
    <occluded>0</occluded>
    <bndbox>
      <xmin>709.9</xmin>
      <ymin>703.34</ymin>
      <xmax>756.1</xmax>
      <ymax>746.6</ymax>
    </bndbox>
  </object>
  <object>
    <name>WHITE</name>
    <occluded>0</occluded>
    <bndbox>
      <xmin>767.13</xmin>
      <ymin>632.6</ymin>
      <xmax>811.55</xmax>
      <ymax>674.3</ymax>
    </bndbox>
  </object>
  <object>
    <name>WHITE</name>
    <occluded>0</occluded>
    <bndbox>
      <xmin>808.0</xmin>
      <ymin>550.5</ymin>
      <xmax>852.4</xmax>
      <ymax>593.5</ymax>
    </bndbox>
  </object>
  <object>
    <name>BLACK</name>
    <occluded>0</occluded>
    <bndbox>
      <xmin>841.52</xmin>
      <ymin>472.71</ymin>
      <xmax>885.7</xmax>
      <ymax>525.4</ymax>
    </bndbox>
  </object>
  <object>
    <name>WHITE</name>
    <occluded>0</occluded>
    <bndbox>
      <xmin>814.1</xmin>
      <ymin>682.6</ymin>
      <xmax>858.42</xmax>
      <ymax>725.1</ymax>
    </bndbox>
  </object>
  <object>
    <name>WHITE</name>
    <occluded>0</occluded>
    <bndbox>
      <xmin>854.7</xmin>
      <ymin>601.1</ymin>
      <xmax>889.96</xmax>
      <ymax>645.37</ymax>
    </bndbox>
  </object>
  <object>
    <name>WHITE</name>
    <occluded>0</occluded>
    <bndbox>
      <xmin>886.94</xmin>
      <ymin>519.88</ymin>
      <xmax>921.7</xmax>
      <ymax>565.7</ymax>
    </bndbox>
  </object>
  <object>
    <name>WHITE</name>
    <occluded>0</occluded>
    <bndbox>
      <xmin>433.93</xmin>
      <ymin>537.14</ymin>
      <xmax>478.5</xmax>
      <ymax>584.9</ymax>
    </bndbox>
  </object>
  <object>
    <name>WHITE</name>
    <occluded>0</occluded>
    <bndbox>
      <xmin>380.77</xmin>
      <ymin>574.28</ymin>
      <xmax>419.9</xmax>
      <ymax>620.7</ymax>
    </bndbox>
  </object>
  <object>
    <name>WHITE</name>
    <occluded>0</occluded>
    <bndbox>
      <xmin>554.63</xmin>
      <ymin>300.63</ymin>
      <xmax>602.0</xmax>
      <ymax>342.0</ymax>
    </bndbox>
  </object>
  <object>
    <name>WHITE</name>
    <occluded>0</occluded>
    <bndbox>
      <xmin>597.3</xmin>
      <ymin>255.0</ymin>
      <xmax>642.5</xmax>
      <ymax>287.5</ymax>
    </bndbox>
  </object>
  <object>
    <name>WHITE</name>
    <occluded>0</occluded>
    <bndbox>
      <xmin>640.19</xmin>
      <ymin>224.0</ymin>
      <xmax>686.2</xmax>
      <ymax>248.1</ymax>
    </bndbox>
  </object>
  <object>
    <name>WHITE</name>
    <occluded>0</occluded>
    <bndbox>
      <xmin>798.7</xmin>
      <ymin>870.36</ymin>
      <xmax>836.17</xmax>
      <ymax>904.9</ymax>
    </bndbox>
  </object>
  <object>
    <name>WHITE</name>
    <occluded>0</occluded>
    <bndbox>
      <xmin>347.79</xmin>
      <ymin>822.33</ymin>
      <xmax>379.1</xmax>
      <ymax>862.1</ymax>
    </bndbox>
  </object>
  <object>
    <name>WHITE</name>
    <occluded>0</occluded>
    <bndbox>
      <xmin>403.37</xmin>
      <ymin>919.37</ymin>
      <xmax>439.6</xmax>
      <ymax>960.0</ymax>
    </bndbox>
  </object>
  <object>
    <name>WHITE</name>
    <occluded>0</occluded>
    <bndbox>
      <xmin>435.6</xmin>
      <ymin>861.94</ymin>
      <xmax>478.3</xmax>
      <ymax>899.5</ymax>
    </bndbox>
  </object>
  <object>
    <name>WHITE</name>
    <occluded>0</occluded>
    <bndbox>
      <xmin>496.85</xmin>
      <ymin>916.16</ymin>
      <xmax>542.4</xmax>
      <ymax>952.3</ymax>
    </bndbox>
  </object>
  <object>
    <name>WHITE</name>
    <occluded>0</occluded>
    <bndbox>
      <xmin>482.16</xmin>
      <ymin>828.38</ymin>
      <xmax>530.4</xmax>
      <ymax>867.3</ymax>
    </bndbox>
  </object>
  <object>
    <name>WHITE</name>
    <occluded>0</occluded>
    <bndbox>
      <xmin>558.66</xmin>
      <ymin>834.2</ymin>
      <xmax>601.94</xmax>
      <ymax>878.9</ymax>
    </bndbox>
  </object>
  <object>
    <name>WHITE</name>
    <occluded>0</occluded>
    <bndbox>
      <xmin>565.42</xmin>
      <ymin>902.04</ymin>
      <xmax>611.9</xmax>
      <ymax>941.9</ymax>
    </bndbox>
  </object>
  <object>
    <name>BLACK</name>
    <occluded>0</occluded>
    <bndbox>
      <xmin>678.07</xmin>
      <ymin>202.5</ymin>
      <xmax>721.4</xmax>
      <ymax>222.8</ymax>
    </bndbox>
  </object>
  <object>
    <name>WHITE</name>
    <occluded>0</occluded>
    <bndbox>
      <xmin>774.56</xmin>
      <ymin>468.45</ymin>
      <xmax>820.6</xmax>
      <ymax>519.8</ymax>
    </bndbox>
  </object>
  <object>
    <name>WHITE</name>
    <occluded>0</occluded>
    <bndbox>
      <xmin>721.86</xmin>
      <ymin>553.97</ymin>
      <xmax>769.5</xmax>
      <ymax>601.6</ymax>
    </bndbox>
  </object>
  <object>
    <name>WHITE</name>
    <occluded>0</occluded>
    <bndbox>
      <xmin>630.42</xmin>
      <ymin>694.69</ymin>
      <xmax>680.3</xmax>
      <ymax>740.6</ymax>
    </bndbox>
  </object>
  <object>
    <name>WHITE</name>
    <occluded>0</occluded>
    <bndbox>
      <xmin>682.98</xmin>
      <ymin>633.3</ymin>
      <xmax>732.9</xmax>
      <ymax>678.0</ymax>
    </bndbox>
  </object>
  <object>
    <name>WHITE</name>
    <occluded>0</occluded>
    <bndbox>
      <xmin>577.68</xmin>
      <ymin>762.69</ymin>
      <xmax>627.0</xmax>
      <ymax>808.6</ymax>
    </bndbox>
  </object>
  <object>
    <name>WHITE</name>
    <occluded>0</occluded>
    <bndbox>
      <xmin>795.66</xmin>
      <ymin>319.15</ymin>
      <xmax>838.6</xmax>
      <ymax>362.99</ymax>
    </bndbox>
  </object>
  <object>
    <name>WHITE</name>
    <occluded>0</occluded>
    <bndbox>
      <xmin>738.9</xmin>
      <ymin>389.08</ymin>
      <xmax>784.3</xmax>
      <ymax>434.6</ymax>
    </bndbox>
  </object>
  <object>
    <name>WHITE</name>
    <occluded>0</occluded>
    <bndbox>
      <xmin>696.42</xmin>
      <ymin>472.42</ymin>
      <xmax>744.7</xmax>
      <ymax>521.3</ymax>
    </bndbox>
  </object>
  <object>
    <name>WHITE</name>
    <occluded>0</occluded>
    <bndbox>
      <xmin>646.1</xmin>
      <ymin>548.6</ymin>
      <xmax>692.81</xmax>
      <ymax>593.36</ymax>
    </bndbox>
  </object>
  <object>
    <name>WHITE</name>
    <occluded>0</occluded>
    <bndbox>
      <xmin>600.96</xmin>
      <ymin>620.12</ymin>
      <xmax>652.4</xmax>
      <ymax>665.7</ymax>
    </bndbox>
  </object>
  <object>
    <name>WHITE</name>
    <occluded>0</occluded>
    <bndbox>
      <xmin>540.82</xmin>
      <ymin>677.48</ymin>
      <xmax>590.82</xmax>
      <ymax>724.24</ymax>
    </bndbox>
  </object>
</annotation>
