<annotation>
  <folder>HH</folder>
  <filename>HH_camera8.png</filename>
  <source>
    <database>Unknown</database>
    <annotation>Unknown</annotation>
    <image>Unknown</image>
  </source>
  <size>
    <width>1280</width>
    <height>960</height>
    <depth></depth>
  </size>
  <segmented>0</segmented>
  <object>
    <name>BLACK</name>
    <occluded>0</occluded>
    <bndbox>
      <xmin>230.52</xmin>
      <ymin>483.53</ymin>
      <xmax>264.52</xmax>
      <ymax>532.81</ymax>
    </bndbox>
  </object>
  <object>
    <name>WHITE</name>
    <occluded>0</occluded>
    <bndbox>
      <xmin>274.5</xmin>
      <ymin>414.29</ymin>
      <xmax>313.8</xmax>
      <ymax>458.27</ymax>
    </bndbox>
  </object>
  <object>
    <name>WHITE</name>
    <occluded>0</occluded>
    <bndbox>
      <xmin>243.0</xmin>
      <ymin>304.82</ymin>
      <xmax>272.32</xmax>
      <ymax>342.24</ymax>
    </bndbox>
  </object>
  <object>
    <name>WHITE</name>
    <occluded>0</occluded>
    <bndbox>
      <xmin>295.71</xmin>
      <ymin>240.57</ymin>
      <xmax>329.39</xmax>
      <ymax>274.56</ymax>
    </bndbox>
  </object>
  <object>
    <name>WHITE</name>
    <occluded>0</occluded>
    <bndbox>
      <xmin>425.15</xmin>
      <ymin>199.4</ymin>
      <xmax>468.5</xmax>
      <ymax>230.58</ymax>
    </bndbox>
  </object>
  <object>
    <name>BLACK</name>
    <occluded>0</occluded>
    <bndbox>
      <xmin>491.58</xmin>
      <ymin>217.17</ymin>
      <xmax>534.62</xmax>
      <ymax>250.23</ymax>
    </bndbox>
  </object>
  <object>
    <name>WHITE</name>
    <occluded>0</occluded>
    <bndbox>
      <xmin>549.59</xmin>
      <ymin>222.16</ymin>
      <xmax>593.26</xmax>
      <ymax>251.17</ymax>
    </bndbox>
  </object>
  <object>
    <name>WHITE</name>
    <occluded>0</occluded>
    <bndbox>
      <xmin>614.47</xmin>
      <ymin>237.76</ymin>
      <xmax>653.14</xmax>
      <ymax>262.71</ymax>
    </bndbox>
  </object>
  <object>
    <name>WHITE</name>
    <occluded>0</occluded>
    <bndbox>
      <xmin>701.8</xmin>
      <ymin>340.37</ymin>
      <xmax>738.29</xmax>
      <ymax>378.42</ymax>
    </bndbox>
  </object>
  <object>
    <name>WHITE</name>
    <occluded>0</occluded>
    <bndbox>
      <xmin>711.15</xmin>
      <ymin>297.64</ymin>
      <xmax>746.09</xmax>
      <ymax>326.65</ymax>
    </bndbox>
  </object>
  <object>
    <name>WHITE</name>
    <occluded>0</occluded>
    <bndbox>
      <xmin>755.76</xmin>
      <ymin>349.11</ymin>
      <xmax>786.32</xmax>
      <ymax>383.1</ymax>
    </bndbox>
  </object>
  <object>
    <name>WHITE</name>
    <occluded>0</occluded>
    <bndbox>
      <xmin>746.71</xmin>
      <ymin>405.87</ymin>
      <xmax>784.76</xmax>
      <ymax>447.04</ymax>
    </bndbox>
  </object>
  <object>
    <name>WHITE</name>
    <occluded>0</occluded>
    <bndbox>
      <xmin>781.33</xmin>
      <ymin>478.85</ymin>
      <xmax>814.39</xmax>
      <ymax>520.65</ymax>
    </bndbox>
  </object>
  <object>
    <name>WHITE</name>
    <occluded>0</occluded>
    <bndbox>
      <xmin>785.07</xmin>
      <ymin>564.63</ymin>
      <xmax>821.57</xmax>
      <ymax>610.79</ymax>
    </bndbox>
  </object>
  <object>
    <name>WHITE</name>
    <occluded>0</occluded>
    <bndbox>
      <xmin>823.12</xmin>
      <ymin>616.09</ymin>
      <xmax>853.69</xmax>
      <ymax>661.94</ymax>
    </bndbox>
  </object>
  <object>
    <name>WHITE</name>
    <occluded>0</occluded>
    <bndbox>
      <xmin>825.31</xmin>
      <ymin>686.58</ymin>
      <xmax>852.13</xmax>
      <ymax>729.31</ymax>
    </bndbox>
  </object>
  <object>
    <name>WHITE</name>
    <occluded>0</occluded>
    <bndbox>
      <xmin>798.48</xmin>
      <ymin>738.97</ymin>
      <xmax>826.55</xmax>
      <ymax>784.82</ymax>
    </bndbox>
  </object>
  <object>
    <name>WHITE</name>
    <occluded>0</occluded>
    <bndbox>
      <xmin>813.46</xmin>
      <ymin>775.15</ymin>
      <xmax>838.72</xmax>
      <ymax>820.07</ymax>
    </bndbox>
  </object>
  <object>
    <name>WHITE</name>
    <occluded>0</occluded>
    <bndbox>
      <xmin>839.97</xmin>
      <ymin>730.87</ymin>
      <xmax>865.23</xmax>
      <ymax>774.84</ymax>
    </bndbox>
  </object>
  <object>
    <name>WHITE</name>
    <occluded>0</occluded>
    <bndbox>
      <xmin>354.02</xmin>
      <ymin>200.57</ymin>
      <xmax>392.57</xmax>
      <ymax>225.27</ymax>
    </bndbox>
  </object>
  <object>
    <name>WHITE</name>
    <occluded>0</occluded>
    <bndbox>
      <xmin>753.2</xmin>
      <ymin>309.9</ymin>
      <xmax>781.27</xmax>
      <ymax>342.34</ymax>
    </bndbox>
  </object>
  <object>
    <name>WHITE</name>
    <occluded>0</occluded>
    <bndbox>
      <xmin>249.6</xmin>
      <ymin>350.4</ymin>
      <xmax>288.28</xmax>
      <ymax>392.8</ymax>
    </bndbox>
  </object>
  <object>
    <name>WHITE</name>
    <occluded>0</occluded>
    <bndbox>
      <xmin>299.1</xmin>
      <ymin>285.82</ymin>
      <xmax>337.43</xmax>
      <ymax>322.7</ymax>
    </bndbox>
  </object>
  <object>
    <name>WHITE</name>
    <occluded>0</occluded>
    <bndbox>
      <xmin>194.38</xmin>
      <ymin>505.44</ymin>
      <xmax>218.2</xmax>
      <ymax>550.2</ymax>
    </bndbox>
  </object>
  <object>
    <name>WHITE</name>
    <occluded>0</occluded>
    <bndbox>
      <xmin>207.9</xmin>
      <ymin>427.29</ymin>
      <xmax>240.93</xmax>
      <ymax>467.5</ymax>
    </bndbox>
  </object>
  <object>
    <name>WHITE</name>
    <occluded>0</occluded>
    <bndbox>
      <xmin>360.78</xmin>
      <ymin>234.25</ymin>
      <xmax>401.48</xmax>
      <ymax>267.2</ymax>
    </bndbox>
  </object>
  <object>
    <name>WHITE</name>
    <occluded>0</occluded>
    <bndbox>
      <xmin>375.85</xmin>
      <ymin>293.32</ymin>
      <xmax>416.15</xmax>
      <ymax>328.68</ymax>
    </bndbox>
  </object>
  <object>
    <name>WHITE</name>
    <occluded>0</occluded>
    <bndbox>
      <xmin>306.09</xmin>
      <ymin>474.89</ymin>
      <xmax>349.91</xmax>
      <ymax>511.11</ymax>
    </bndbox>
  </object>
  <object>
    <name>BLACK</name>
    <occluded>0</occluded>
    <bndbox>
      <xmin>307.39</xmin>
      <ymin>674.01</ymin>
      <xmax>360.2</xmax>
      <ymax>728.5</ymax>
    </bndbox>
  </object>
  <object>
    <name>WHITE</name>
    <occluded>0</occluded>
    <bndbox>
      <xmin>364.63</xmin>
      <ymin>612.76</ymin>
      <xmax>415.6</xmax>
      <ymax>659.76</ymax>
    </bndbox>
  </object>
  <object>
    <name>WHITE</name>
    <occluded>0</occluded>
    <bndbox>
      <xmin>397.25</xmin>
      <ymin>541.75</ymin>
      <xmax>448.2</xmax>
      <ymax>586.6</ymax>
    </bndbox>
  </object>
  <object>
    <name>WHITE</name>
    <occluded>0</occluded>
    <bndbox>
      <xmin>245.31</xmin>
      <ymin>685.1</ymin>
      <xmax>290.93</xmax>
      <ymax>734.5</ymax>
    </bndbox>
  </object>
  <object>
    <name>WHITE</name>
    <occluded>0</occluded>
    <bndbox>
      <xmin>258.2</xmin>
      <ymin>542.31</ymin>
      <xmax>299.8</xmax>
      <ymax>585.31</ymax>
    </bndbox>
  </object>
  <object>
    <name>WHITE</name>
    <occluded>0</occluded>
    <bndbox>
      <xmin>443.5</xmin>
      <ymin>243.82</ymin>
      <xmax>484.5</xmax>
      <ymax>282.2</ymax>
    </bndbox>
  </object>
  <object>
    <name>WHITE</name>
    <occluded>0</occluded>
    <bndbox>
      <xmin>320.0</xmin>
      <ymin>348.83</ymin>
      <xmax>363.8</xmax>
      <ymax>390.7</ymax>
    </bndbox>
  </object>
  <object>
    <name>WHITE</name>
    <occluded>0</occluded>
    <bndbox>
      <xmin>210.5</xmin>
      <ymin>560.5</ymin>
      <xmax>241.2</xmax>
      <ymax>606.1</ymax>
    </bndbox>
  </object>
  <object>
    <name>WHITE</name>
    <occluded>0</occluded>
    <bndbox>
      <xmin>403.5</xmin>
      <ymin>359.7</ymin>
      <xmax>451.5</xmax>
      <ymax>401.4</ymax>
    </bndbox>
  </object>
  <object>
    <name>WHITE</name>
    <occluded>0</occluded>
    <bndbox>
      <xmin>470.2</xmin>
      <ymin>305.5</ymin>
      <xmax>515.0</xmax>
      <ymax>343.9</ymax>
    </bndbox>
  </object>
  <object>
    <name>WHITE</name>
    <occluded>0</occluded>
    <bndbox>
      <xmin>527.29</xmin>
      <ymin>259.51</ymin>
      <xmax>570.0</xmax>
      <ymax>295.8</ymax>
    </bndbox>
  </object>
  <object>
    <name>WHITE</name>
    <occluded>0</occluded>
    <bndbox>
      <xmin>286.2</xmin>
      <ymin>607.2</ymin>
      <xmax>332.9</xmax>
      <ymax>652.1</ymax>
    </bndbox>
  </object>
  <object>
    <name>WHITE</name>
    <occluded>0</occluded>
    <bndbox>
      <xmin>321.76</xmin>
      <ymin>534.0</ymin>
      <xmax>371.4</xmax>
      <ymax>581.7</ymax>
    </bndbox>
  </object>
  <object>
    <name>WHITE</name>
    <occluded>0</occluded>
    <bndbox>
      <xmin>380.2</xmin>
      <ymin>478.9</ymin>
      <xmax>430.39</xmax>
      <ymax>526.77</ymax>
    </bndbox>
  </object>
  <object>
    <name>WHITE</name>
    <occluded>0</occluded>
    <bndbox>
      <xmin>427.88</xmin>
      <ymin>417.13</ymin>
      <xmax>477.6</xmax>
      <ymax>462.5</ymax>
    </bndbox>
  </object>
  <object>
    <name>WHITE</name>
    <occluded>0</occluded>
    <bndbox>
      <xmin>498.25</xmin>
      <ymin>377.6</ymin>
      <xmax>543.7</xmax>
      <ymax>418.7</ymax>
    </bndbox>
  </object>
  <object>
    <name>WHITE</name>
    <occluded>0</occluded>
    <bndbox>
      <xmin>558.9</xmin>
      <ymin>327.85</ymin>
      <xmax>604.2</xmax>
      <ymax>370.03</ymax>
    </bndbox>
  </object>
  <object>
    <name>WHITE</name>
    <occluded>0</occluded>
    <bndbox>
      <xmin>603.53</xmin>
      <ymin>273.4</ymin>
      <xmax>644.3</xmax>
      <ymax>309.3</ymax>
    </bndbox>
  </object>
  <object>
    <name>WHITE</name>
    <occluded>0</occluded>
    <bndbox>
      <xmin>606.58</xmin>
      <ymin>394.0</ymin>
      <xmax>652.4</xmax>
      <ymax>436.6</ymax>
    </bndbox>
  </object>
  <object>
    <name>WHITE</name>
    <occluded>0</occluded>
    <bndbox>
      <xmin>680.01</xmin>
      <ymin>757.69</ymin>
      <xmax>725.8</xmax>
      <ymax>802.9</ymax>
    </bndbox>
  </object>
  <object>
    <name>WHITE</name>
    <occluded>0</occluded>
    <bndbox>
      <xmin>505.58</xmin>
      <ymin>697.19</ymin>
      <xmax>557.8</xmax>
      <ymax>747.8</ymax>
    </bndbox>
  </object>
  <object>
    <name>BLACK</name>
    <occluded>0</occluded>
    <bndbox>
      <xmin>672.3</xmin>
      <ymin>531.28</ymin>
      <xmax>720.4</xmax>
      <ymax>577.1</ymax>
    </bndbox>
  </object>
  <object>
    <name>WHITE</name>
    <occluded>0</occluded>
    <bndbox>
      <xmin>718.82</xmin>
      <ymin>469.75</ymin>
      <xmax>759.0</xmax>
      <ymax>512.0</ymax>
    </bndbox>
  </object>
  <object>
    <name>WHITE</name>
    <occluded>0</occluded>
    <bndbox>
      <xmin>732.64</xmin>
      <ymin>545.01</ymin>
      <xmax>773.7</xmax>
      <ymax>590.0</ymax>
    </bndbox>
  </object>
  <object>
    <name>WHITE</name>
    <occluded>0</occluded>
    <bndbox>
      <xmin>721.24</xmin>
      <ymin>622.72</ymin>
      <xmax>763.5</xmax>
      <ymax>670.7</ymax>
    </bndbox>
  </object>
  <object>
    <name>WHITE</name>
    <occluded>0</occluded>
    <bndbox>
      <xmin>673.43</xmin>
      <ymin>684.06</ymin>
      <xmax>717.4</xmax>
      <ymax>732.7</ymax>
    </bndbox>
  </object>
  <object>
    <name>WHITE</name>
    <occluded>0</occluded>
    <bndbox>
      <xmin>593.83</xmin>
      <ymin>714.65</ymin>
      <xmax>644.1</xmax>
      <ymax>760.65</ymax>
    </bndbox>
  </object>
  <object>
    <name>WHITE</name>
    <occluded>0</occluded>
    <bndbox>
      <xmin>774.7</xmin>
      <ymin>650.91</ymin>
      <xmax>814.8</xmax>
      <ymax>695.8</ymax>
    </bndbox>
  </object>
  <object>
    <name>WHITE</name>
    <occluded>0</occluded>
    <bndbox>
      <xmin>578.76</xmin>
      <ymin>647.88</ymin>
      <xmax>631.1</xmax>
      <ymax>698.2</ymax>
    </bndbox>
  </object>
  <object>
    <name>BLACK</name>
    <occluded>0</occluded>
    <bndbox>
      <xmin>732.14</xmin>
      <ymin>796.7</ymin>
      <xmax>776.4</xmax>
      <ymax>844.0</ymax>
    </bndbox>
  </object>
  <object>
    <name>WHITE</name>
    <occluded>0</occluded>
    <bndbox>
      <xmin>739.39</xmin>
      <ymin>711.51</ymin>
      <xmax>784.0</xmax>
      <ymax>760.2</ymax>
    </bndbox>
  </object>
  <object>
    <name>WHITE</name>
    <occluded>0</occluded>
    <bndbox>
      <xmin>647.98</xmin>
      <ymin>593.32</ymin>
      <xmax>692.9</xmax>
      <ymax>643.42</ymax>
    </bndbox>
  </object>
  <object>
    <name>WHITE</name>
    <occluded>0</occluded>
    <bndbox>
      <xmin>677.6</xmin>
      <ymin>397.0</ymin>
      <xmax>718.9</xmax>
      <ymax>439.4</ymax>
    </bndbox>
  </object>
  <object>
    <name>WHITE</name>
    <occluded>0</occluded>
    <bndbox>
      <xmin>653.23</xmin>
      <ymin>460.55</ymin>
      <xmax>694.0</xmax>
      <ymax>502.69</ymax>
    </bndbox>
  </object>
  <object>
    <name>WHITE</name>
    <occluded>0</occluded>
    <bndbox>
      <xmin>455.13</xmin>
      <ymin>620.13</ymin>
      <xmax>505.5</xmax>
      <ymax>667.5</ymax>
    </bndbox>
  </object>
  <object>
    <name>WHITE</name>
    <occluded>0</occluded>
    <bndbox>
      <xmin>394.6</xmin>
      <ymin>680.6</ymin>
      <xmax>443.48</xmax>
      <ymax>728.81</ymax>
    </bndbox>
  </object>
  <object>
    <name>WHITE</name>
    <occluded>0</occluded>
    <bndbox>
      <xmin>663.42</xmin>
      <ymin>284.53</ymin>
      <xmax>700.8</xmax>
      <ymax>316.0</ymax>
    </bndbox>
  </object>
  <object>
    <name>WHITE</name>
    <occluded>0</occluded>
    <bndbox>
      <xmin>633.72</xmin>
      <ymin>333.54</ymin>
      <xmax>674.3</xmax>
      <ymax>375.8</ymax>
    </bndbox>
  </object>
  <object>
    <name>WHITE</name>
    <occluded>0</occluded>
    <bndbox>
      <xmin>350.5</xmin>
      <ymin>414.0</ymin>
      <xmax>395.2</xmax>
      <ymax>454.9</ymax>
    </bndbox>
  </object>
</annotation>
