<annotation>
  <folder>HH</folder>
  <filename>HH_camera11.png</filename>
  <source>
    <database>Unknown</database>
    <annotation>Unknown</annotation>
    <image>Unknown</image>
  </source>
  <size>
    <width>1280</width>
    <height>960</height>
    <depth></depth>
  </size>
  <segmented>0</segmented>
  <object>
    <name>BLACK</name>
    <occluded>0</occluded>
    <bndbox>
      <xmin>946.45</xmin>
      <ymin>377.86</ymin>
      <xmax>980.13</xmax>
      <ymax>420.6</ymax>
    </bndbox>
  </object>
  <object>
    <name>WHITE</name>
    <occluded>0</occluded>
    <bndbox>
      <xmin>959.24</xmin>
      <ymin>331.27</ymin>
      <xmax>986.06</xmax>
      <ymax>375.87</ymax>
    </bndbox>
  </object>
  <object>
    <name>WHITE</name>
    <occluded>0</occluded>
    <bndbox>
      <xmin>928.05</xmin>
      <ymin>254.85</ymin>
      <xmax>956.74</xmax>
      <ymax>294.77</ymax>
    </bndbox>
  </object>
  <object>
    <name>WHITE</name>
    <occluded>0</occluded>
    <bndbox>
      <xmin>945.2</xmin>
      <ymin>219.29</ymin>
      <xmax>975.14</xmax>
      <ymax>259.22</ymax>
    </bndbox>
  </object>
  <object>
    <name>WHITE</name>
    <occluded>0</occluded>
    <bndbox>
      <xmin>737.3</xmin>
      <ymin>119.61</ymin>
      <xmax>781.45</xmax>
      <ymax>148.98</ymax>
    </bndbox>
  </object>
  <object>
    <name>WHITE</name>
    <occluded>0</occluded>
    <bndbox>
      <xmin>700.89</xmin>
      <ymin>81.36</ymin>
      <xmax>743.67</xmax>
      <ymax>106.81</ymax>
    </bndbox>
  </object>
  <object>
    <name>WHITE</name>
    <occluded>0</occluded>
    <bndbox>
      <xmin>795.2</xmin>
      <ymin>84.1</ymin>
      <xmax>834.45</xmax>
      <ymax>107.76</ymax>
    </bndbox>
  </object>
  <object>
    <name>WHITE</name>
    <occluded>0</occluded>
    <bndbox>
      <xmin>565.18</xmin>
      <ymin>105.42</ymin>
      <xmax>606.24</xmax>
      <ymax>132.97</ymax>
    </bndbox>
  </object>
  <object>
    <name>BLACK</name>
    <occluded>0</occluded>
    <bndbox>
      <xmin>738.98</xmin>
      <ymin>74.32</ymin>
      <xmax>785.19</xmax>
      <ymax>102.3</ymax>
    </bndbox>
  </object>
  <object>
    <name>WHITE</name>
    <occluded>0</occluded>
    <bndbox>
      <xmin>521.82</xmin>
      <ymin>153.8</ymin>
      <xmax>553.66</xmax>
      <ymax>187.81</ymax>
    </bndbox>
  </object>
  <object>
    <name>WHITE</name>
    <occluded>0</occluded>
    <bndbox>
      <xmin>485.86</xmin>
      <ymin>210.33</ymin>
      <xmax>514.24</xmax>
      <ymax>253.44</ymax>
    </bndbox>
  </object>
  <object>
    <name>BLACK</name>
    <occluded>0</occluded>
    <bndbox>
      <xmin>509.73</xmin>
      <ymin>243.87</ymin>
      <xmax>548.09</xmax>
      <ymax>284.42</ymax>
    </bndbox>
  </object>
  <object>
    <name>WHITE</name>
    <occluded>0</occluded>
    <bndbox>
      <xmin>951.3</xmin>
      <ymin>538.5</ymin>
      <xmax>981.5</xmax>
      <ymax>583.5</ymax>
    </bndbox>
  </object>
  <object>
    <name>WHITE</name>
    <occluded>0</occluded>
    <bndbox>
      <xmin>919.57</xmin>
      <ymin>448.8</ymin>
      <xmax>953.7</xmax>
      <ymax>495.2</ymax>
    </bndbox>
  </object>
  <object>
    <name>WHITE</name>
    <occluded>0</occluded>
    <bndbox>
      <xmin>836.94</xmin>
      <ymin>348.37</ymin>
      <xmax>881.0</xmax>
      <ymax>396.7</ymax>
    </bndbox>
  </object>
  <object>
    <name>WHITE</name>
    <occluded>0</occluded>
    <bndbox>
      <xmin>891.0</xmin>
      <ymin>544.0</ymin>
      <xmax>927.0</xmax>
      <ymax>595.3</ymax>
    </bndbox>
  </object>
  <object>
    <name>WHITE</name>
    <occluded>0</occluded>
    <bndbox>
      <xmin>864.15</xmin>
      <ymin>462.17</ymin>
      <xmax>895.6</xmax>
      <ymax>508.7</ymax>
    </bndbox>
  </object>
  <object>
    <name>WHITE</name>
    <occluded>0</occluded>
    <bndbox>
      <xmin>790.6</xmin>
      <ymin>392.02</ymin>
      <xmax>838.4</xmax>
      <ymax>440.8</ymax>
    </bndbox>
  </object>
  <object>
    <name>BLACK</name>
    <occluded>0</occluded>
    <bndbox>
      <xmin>850.6</xmin>
      <ymin>644.21</ymin>
      <xmax>880.79</xmax>
      <ymax>696.8</ymax>
    </bndbox>
  </object>
  <object>
    <name>WHITE</name>
    <occluded>0</occluded>
    <bndbox>
      <xmin>817.4</xmin>
      <ymin>551.5</ymin>
      <xmax>862.0</xmax>
      <ymax>601.1</ymax>
    </bndbox>
  </object>
  <object>
    <name>WHITE</name>
    <occluded>0</occluded>
    <bndbox>
      <xmin>740.19</xmin>
      <ymin>209.6</ymin>
      <xmax>786.6</xmax>
      <ymax>258.6</ymax>
    </bndbox>
  </object>
  <object>
    <name>WHITE</name>
    <occluded>0</occluded>
    <bndbox>
      <xmin>782.52</xmin>
      <ymin>476.9</ymin>
      <xmax>835.9</xmax>
      <ymax>528.4</ymax>
    </bndbox>
  </object>
  <object>
    <name>BLACK</name>
    <occluded>0</occluded>
    <bndbox>
      <xmin>716.27</xmin>
      <ymin>415.26</ymin>
      <xmax>765.2</xmax>
      <ymax>466.8</ymax>
    </bndbox>
  </object>
  <object>
    <name>WHITE</name>
    <occluded>0</occluded>
    <bndbox>
      <xmin>759.2</xmin>
      <ymin>584.4</ymin>
      <xmax>808.26</xmax>
      <ymax>634.48</ymax>
    </bndbox>
  </object>
  <object>
    <name>WHITE</name>
    <occluded>0</occluded>
    <bndbox>
      <xmin>725.94</xmin>
      <ymin>521.5</ymin>
      <xmax>779.2</xmax>
      <ymax>572.1</ymax>
    </bndbox>
  </object>
  <object>
    <name>WHITE</name>
    <occluded>0</occluded>
    <bndbox>
      <xmin>642.64</xmin>
      <ymin>419.09</ymin>
      <xmax>693.7</xmax>
      <ymax>467.8</ymax>
    </bndbox>
  </object>
  <object>
    <name>WHITE</name>
    <occluded>0</occluded>
    <bndbox>
      <xmin>907.03</xmin>
      <ymin>299.32</ymin>
      <xmax>939.2</xmax>
      <ymax>341.5</ymax>
    </bndbox>
  </object>
  <object>
    <name>WHITE</name>
    <occluded>0</occluded>
    <bndbox>
      <xmin>900.9</xmin>
      <ymin>149.0</ymin>
      <xmax>935.71</xmax>
      <ymax>185.65</ymax>
    </bndbox>
  </object>
  <object>
    <name>WHITE</name>
    <occluded>0</occluded>
    <bndbox>
      <xmin>895.51</xmin>
      <ymin>182.39</ymin>
      <xmax>924.9</xmax>
      <ymax>221.6</ymax>
    </bndbox>
  </object>
  <object>
    <name>WHITE</name>
    <occluded>0</occluded>
    <bndbox>
      <xmin>863.95</xmin>
      <ymin>217.51</ymin>
      <xmax>900.2</xmax>
      <ymax>255.8</ymax>
    </bndbox>
  </object>
  <object>
    <name>WHITE</name>
    <occluded>0</occluded>
    <bndbox>
      <xmin>830.71</xmin>
      <ymin>257.67</ymin>
      <xmax>874.9</xmax>
      <ymax>301.8</ymax>
    </bndbox>
  </object>
  <object>
    <name>WHITE</name>
    <occluded>0</occluded>
    <bndbox>
      <xmin>845.9</xmin>
      <ymin>123.5</ymin>
      <xmax>884.15</xmax>
      <ymax>155.41</ymax>
    </bndbox>
  </object>
  <object>
    <name>WHITE</name>
    <occluded>0</occluded>
    <bndbox>
      <xmin>826.72</xmin>
      <ymin>149.07</ymin>
      <xmax>865.2</xmax>
      <ymax>184.0</ymax>
    </bndbox>
  </object>
  <object>
    <name>WHITE</name>
    <occluded>0</occluded>
    <bndbox>
      <xmin>788.28</xmin>
      <ymin>176.88</ymin>
      <xmax>830.9</xmax>
      <ymax>214.2</ymax>
    </bndbox>
  </object>
  <object>
    <name>WHITE</name>
    <occluded>0</occluded>
    <bndbox>
      <xmin>780.86</xmin>
      <ymin>100.9</ymin>
      <xmax>823.4</xmax>
      <ymax>130.4</ymax>
    </bndbox>
  </object>
  <object>
    <name>WHITE</name>
    <occluded>0</occluded>
    <bndbox>
      <xmin>687.78</xmin>
      <ymin>142.47</ymin>
      <xmax>734.9</xmax>
      <ymax>179.3</ymax>
    </bndbox>
  </object>
  <object>
    <name>WHITE</name>
    <occluded>0</occluded>
    <bndbox>
      <xmin>635.88</xmin>
      <ymin>167.76</ymin>
      <xmax>683.3</xmax>
      <ymax>215.5</ymax>
    </bndbox>
  </object>
  <object>
    <name>WHITE</name>
    <occluded>0</occluded>
    <bndbox>
      <xmin>597.24</xmin>
      <ymin>128.36</ymin>
      <xmax>639.02</xmax>
      <ymax>159.4</ymax>
    </bndbox>
  </object>
  <object>
    <name>WHITE</name>
    <occluded>0</occluded>
    <bndbox>
      <xmin>547.3</xmin>
      <ymin>179.95</ymin>
      <xmax>586.63</xmax>
      <ymax>219.4</ymax>
    </bndbox>
  </object>
  <object>
    <name>WHITE</name>
    <occluded>0</occluded>
    <bndbox>
      <xmin>916.5</xmin>
      <ymin>632.5</ymin>
      <xmax>954.7</xmax>
      <ymax>677.5</ymax>
    </bndbox>
  </object>
</annotation>
