<annotation>
  <folder>HH</folder>
  <filename>HH_camera3.png</filename>
  <source>
    <database>Unknown</database>
    <annotation>Unknown</annotation>
    <image>Unknown</image>
  </source>
  <size>
    <width>1280</width>
    <height>960</height>
    <depth></depth>
  </size>
  <segmented>0</segmented>
  <object>
    <name>WHITE</name>
    <occluded>0</occluded>
    <bndbox>
      <xmin>748.5</xmin>
      <ymin>663.5</ymin>
      <xmax>791.4</xmax>
      <ymax>701.2</ymax>
    </bndbox>
  </object>
  <object>
    <name>WHITE</name>
    <occluded>0</occluded>
    <bndbox>
      <xmin>840.45</xmin>
      <ymin>399.62</ymin>
      <xmax>879.7</xmax>
      <ymax>443.5</ymax>
    </bndbox>
  </object>
  <object>
    <name>WHITE</name>
    <occluded>0</occluded>
    <bndbox>
      <xmin>769.9</xmin>
      <ymin>845.79</ymin>
      <xmax>807.25</xmax>
      <ymax>878.4</ymax>
    </bndbox>
  </object>
  <object>
    <name>WHITE</name>
    <occluded>0</occluded>
    <bndbox>
      <xmin>606.8</xmin>
      <ymin>226.74</ymin>
      <xmax>649.96</xmax>
      <ymax>257.9</ymax>
    </bndbox>
  </object>
  <object>
    <name>WHITE</name>
    <occluded>0</occluded>
    <bndbox>
      <xmin>466.89</xmin>
      <ymin>589.32</ymin>
      <xmax>500.8</xmax>
      <ymax>628.22</ymax>
    </bndbox>
  </object>
  <object>
    <name>WHITE</name>
    <occluded>0</occluded>
    <bndbox>
      <xmin>840.34</xmin>
      <ymin>811.24</ymin>
      <xmax>877.5</xmax>
      <ymax>845.3</ymax>
    </bndbox>
  </object>
  <object>
    <name>WHITE</name>
    <occluded>0</occluded>
    <bndbox>
      <xmin>570.41</xmin>
      <ymin>276.5</ymin>
      <xmax>612.9</xmax>
      <ymax>315.3</ymax>
    </bndbox>
  </object>
  <object>
    <name>WHITE</name>
    <occluded>0</occluded>
    <bndbox>
      <xmin>481.4</xmin>
      <ymin>476.1</ymin>
      <xmax>518.81</xmax>
      <ymax>516.53</ymax>
    </bndbox>
  </object>
  <object>
    <name>BLACK</name>
    <occluded>0</occluded>
    <bndbox>
      <xmin>456.02</xmin>
      <ymin>410.46</ymin>
      <xmax>494.9</xmax>
      <ymax>455.6</ymax>
    </bndbox>
  </object>
  <object>
    <name>WHITE</name>
    <occluded>0</occluded>
    <bndbox>
      <xmin>497.2</xmin>
      <ymin>267.46</ymin>
      <xmax>535.8</xmax>
      <ymax>306.4</ymax>
    </bndbox>
  </object>
  <object>
    <name>WHITE</name>
    <occluded>0</occluded>
    <bndbox>
      <xmin>746.8</xmin>
      <ymin>741.6</ymin>
      <xmax>789.0</xmax>
      <ymax>770.0</ymax>
    </bndbox>
  </object>
  <object>
    <name>WHITE</name>
    <occluded>0</occluded>
    <bndbox>
      <xmin>683.4</xmin>
      <ymin>736.1</ymin>
      <xmax>724.5</xmax>
      <ymax>771.0</ymax>
    </bndbox>
  </object>
  <object>
    <name>WHITE</name>
    <occluded>0</occluded>
    <bndbox>
      <xmin>614.1</xmin>
      <ymin>328.17</ymin>
      <xmax>659.4</xmax>
      <ymax>367.17</ymax>
    </bndbox>
  </object>
  <object>
    <name>WHITE</name>
    <occluded>0</occluded>
    <bndbox>
      <xmin>647.0</xmin>
      <ymin>268.0</ymin>
      <xmax>688.7</xmax>
      <ymax>303.0</ymax>
    </bndbox>
  </object>
  <object>
    <name>WHITE</name>
    <occluded>0</occluded>
    <bndbox>
      <xmin>683.43</xmin>
      <ymin>218.0</ymin>
      <xmax>726.7</xmax>
      <ymax>245.3</ymax>
    </bndbox>
  </object>
  <object>
    <name>WHITE</name>
    <occluded>0</occluded>
    <bndbox>
      <xmin>554.89</xmin>
      <ymin>614.05</ymin>
      <xmax>595.1</xmax>
      <ymax>652.8</ymax>
    </bndbox>
  </object>
  <object>
    <name>WHITE</name>
    <occluded>0</occluded>
    <bndbox>
      <xmin>468.2</xmin>
      <ymin>341.32</ymin>
      <xmax>507.8</xmax>
      <ymax>376.68</ymax>
    </bndbox>
  </object>
  <object>
    <name>WHITE</name>
    <occluded>0</occluded>
    <bndbox>
      <xmin>548.0</xmin>
      <ymin>335.5</ymin>
      <xmax>588.0</xmax>
      <ymax>374.5</ymax>
    </bndbox>
  </object>
  <object>
    <name>WHITE</name>
    <occluded>0</occluded>
    <bndbox>
      <xmin>579.7</xmin>
      <ymin>556.0</ymin>
      <xmax>619.7</xmax>
      <ymax>596.0</ymax>
    </bndbox>
  </object>
  <object>
    <name>WHITE</name>
    <occluded>0</occluded>
    <bndbox>
      <xmin>620.9</xmin>
      <ymin>478.7</ymin>
      <xmax>663.5</xmax>
      <ymax>521.5</ymax>
    </bndbox>
  </object>
  <object>
    <name>WHITE</name>
    <occluded>0</occluded>
    <bndbox>
      <xmin>650.85</xmin>
      <ymin>398.95</ymin>
      <xmax>696.0</xmax>
      <ymax>443.4</ymax>
    </bndbox>
  </object>
  <object>
    <name>WHITE</name>
    <occluded>0</occluded>
    <bndbox>
      <xmin>685.89</xmin>
      <ymin>316.37</ymin>
      <xmax>729.1</xmax>
      <ymax>357.07</ymax>
    </bndbox>
  </object>
  <object>
    <name>WHITE</name>
    <occluded>0</occluded>
    <bndbox>
      <xmin>723.11</xmin>
      <ymin>256.45</ymin>
      <xmax>767.4</xmax>
      <ymax>294.4</ymax>
    </bndbox>
  </object>
  <object>
    <name>WHITE</name>
    <occluded>0</occluded>
    <bndbox>
      <xmin>896.11</xmin>
      <ymin>350.1</ymin>
      <xmax>927.6</xmax>
      <ymax>389.9</ymax>
    </bndbox>
  </object>
  <object>
    <name>WHITE</name>
    <occluded>0</occluded>
    <bndbox>
      <xmin>802.32</xmin>
      <ymin>802.9</ymin>
      <xmax>840.9</xmax>
      <ymax>840.8</ymax>
    </bndbox>
  </object>
  <object>
    <name>WHITE</name>
    <occluded>0</occluded>
    <bndbox>
      <xmin>574.02</xmin>
      <ymin>189.84</ymin>
      <xmax>615.7</xmax>
      <ymax>207.84</ymax>
    </bndbox>
  </object>
  <object>
    <name>WHITE</name>
    <occluded>0</occluded>
    <bndbox>
      <xmin>533.61</xmin>
      <ymin>220.86</ymin>
      <xmax>574.4</xmax>
      <ymax>249.2</ymax>
    </bndbox>
  </object>
  <object>
    <name>WHITE</name>
    <occluded>0</occluded>
    <bndbox>
      <xmin>445.76</xmin>
      <ymin>772.44</ymin>
      <xmax>474.3</xmax>
      <ymax>803.4</ymax>
    </bndbox>
  </object>
  <object>
    <name>WHITE</name>
    <occluded>0</occluded>
    <bndbox>
      <xmin>470.96</xmin>
      <ymin>751.63</ymin>
      <xmax>503.5</xmax>
      <ymax>786.4</ymax>
    </bndbox>
  </object>
  <object>
    <name>WHITE</name>
    <occluded>0</occluded>
    <bndbox>
      <xmin>600.2</xmin>
      <ymin>671.2</ymin>
      <xmax>640.54</xmax>
      <ymax>708.38</ymax>
    </bndbox>
  </object>
  <object>
    <name>WHITE</name>
    <occluded>0</occluded>
    <bndbox>
      <xmin>734.59</xmin>
      <ymin>521.24</ymin>
      <xmax>778.7</xmax>
      <ymax>563.2</ymax>
    </bndbox>
  </object>
  <object>
    <name>WHITE</name>
    <occluded>0</occluded>
    <bndbox>
      <xmin>801.11</xmin>
      <ymin>761.66</ymin>
      <xmax>842.5</xmax>
      <ymax>794.0</ymax>
    </bndbox>
  </object>
  <object>
    <name>WHITE</name>
    <occluded>0</occluded>
    <bndbox>
      <xmin>426.23</xmin>
      <ymin>609.1</ymin>
      <xmax>457.0</xmax>
      <ymax>646.1</ymax>
    </bndbox>
  </object>
  <object>
    <name>WHITE</name>
    <occluded>0</occluded>
    <bndbox>
      <xmin>646.93</xmin>
      <ymin>185.18</ymin>
      <xmax>690.0</xmax>
      <ymax>208.4</ymax>
    </bndbox>
  </object>
  <object>
    <name>BLACK</name>
    <occluded>0</occluded>
    <bndbox>
      <xmin>785.02</xmin>
      <ymin>370.76</ymin>
      <xmax>828.9</xmax>
      <ymax>416.5</ymax>
    </bndbox>
  </object>
  <object>
    <name>WHITE</name>
    <occluded>0</occluded>
    <bndbox>
      <xmin>765.02</xmin>
      <ymin>438.58</ymin>
      <xmax>808.7</xmax>
      <ymax>482.2</ymax>
    </bndbox>
  </object>
  <object>
    <name>WHITE</name>
    <occluded>0</occluded>
    <bndbox>
      <xmin>508.0</xmin>
      <ymin>555.3</ymin>
      <xmax>547.9</xmax>
      <ymax>593.0</ymax>
    </bndbox>
  </object>
  <object>
    <name>WHITE</name>
    <occluded>0</occluded>
    <bndbox>
      <xmin>552.0</xmin>
      <ymin>484.0</ymin>
      <xmax>592.0</xmax>
      <ymax>525.6</ymax>
    </bndbox>
  </object>
  <object>
    <name>WHITE</name>
    <occluded>0</occluded>
    <bndbox>
      <xmin>582.9</xmin>
      <ymin>409.4</ymin>
      <xmax>624.48</xmax>
      <ymax>452.5</ymax>
    </bndbox>
  </object>
  <object>
    <name>WHITE</name>
    <occluded>0</occluded>
    <bndbox>
      <xmin>625.73</xmin>
      <ymin>612.38</ymin>
      <xmax>664.8</xmax>
      <ymax>650.1</ymax>
    </bndbox>
  </object>
  <object>
    <name>WHITE</name>
    <occluded>0</occluded>
    <bndbox>
      <xmin>654.93</xmin>
      <ymin>544.82</ymin>
      <xmax>699.6</xmax>
      <ymax>586.3</ymax>
    </bndbox>
  </object>
  <object>
    <name>WHITE</name>
    <occluded>0</occluded>
    <bndbox>
      <xmin>692.0</xmin>
      <ymin>461.4</ymin>
      <xmax>736.71</xmax>
      <ymax>506.7</ymax>
    </bndbox>
  </object>
  <object>
    <name>WHITE</name>
    <occluded>0</occluded>
    <bndbox>
      <xmin>720.0</xmin>
      <ymin>379.5</ymin>
      <xmax>765.0</xmax>
      <ymax>424.2</ymax>
    </bndbox>
  </object>
  <object>
    <name>WHITE</name>
    <occluded>0</occluded>
    <bndbox>
      <xmin>758.05</xmin>
      <ymin>310.7</ymin>
      <xmax>800.9</xmax>
      <ymax>352.5</ymax>
    </bndbox>
  </object>
  <object>
    <name>WHITE</name>
    <occluded>0</occluded>
    <bndbox>
      <xmin>516.38</xmin>
      <ymin>806.99</ymin>
      <xmax>546.8</xmax>
      <ymax>841.4</ymax>
    </bndbox>
  </object>
  <object>
    <name>WHITE</name>
    <occluded>0</occluded>
    <bndbox>
      <xmin>597.4</xmin>
      <ymin>784.0</ymin>
      <xmax>636.69</xmax>
      <ymax>810.75</ymax>
    </bndbox>
  </object>
  <object>
    <name>BLACK</name>
    <occluded>0</occluded>
    <bndbox>
      <xmin>626.12</xmin>
      <ymin>726.26</ymin>
      <xmax>662.8</xmax>
      <ymax>765.6</ymax>
    </bndbox>
  </object>
  <object>
    <name>WHITE</name>
    <occluded>0</occluded>
    <bndbox>
      <xmin>670.2</xmin>
      <ymin>674.3</ymin>
      <xmax>711.93</xmax>
      <ymax>712.41</ymax>
    </bndbox>
  </object>
  <object>
    <name>WHITE</name>
    <occluded>0</occluded>
    <bndbox>
      <xmin>711.02</xmin>
      <ymin>600.9</ymin>
      <xmax>752.7</xmax>
      <ymax>643.02</ymax>
    </bndbox>
  </object>
  <object>
    <name>WHITE</name>
    <occluded>0</occluded>
    <bndbox>
      <xmin>792.1</xmin>
      <ymin>567.1</ymin>
      <xmax>831.0</xmax>
      <ymax>609.5</ymax>
    </bndbox>
  </object>
  <object>
    <name>WHITE</name>
    <occluded>0</occluded>
    <bndbox>
      <xmin>831.4</xmin>
      <ymin>325.4</ymin>
      <xmax>872.7</xmax>
      <ymax>365.7</ymax>
    </bndbox>
  </object>
  <object>
    <name>WHITE</name>
    <occluded>0</occluded>
    <bndbox>
      <xmin>839.4</xmin>
      <ymin>603.54</ymin>
      <xmax>874.47</xmax>
      <ymax>642.5</ymax>
    </bndbox>
  </object>
  <object>
    <name>WHITE</name>
    <occluded>0</occluded>
    <bndbox>
      <xmin>880.4</xmin>
      <ymin>510.16</ymin>
      <xmax>914.83</xmax>
      <ymax>552.8</ymax>
    </bndbox>
  </object>
  <object>
    <name>WHITE</name>
    <occluded>0</occluded>
    <bndbox>
      <xmin>900.88</xmin>
      <ymin>423.21</ymin>
      <xmax>934.9</xmax>
      <ymax>465.8</ymax>
    </bndbox>
  </object>
  <object>
    <name>WHITE</name>
    <occluded>0</occluded>
    <bndbox>
      <xmin>380.2</xmin>
      <ymin>321.72</ymin>
      <xmax>405.59</xmax>
      <ymax>361.2</ymax>
    </bndbox>
  </object>
  <object>
    <name>WHITE</name>
    <occluded>0</occluded>
    <bndbox>
      <xmin>824.9</xmin>
      <ymin>479.83</ymin>
      <xmax>866.4</xmax>
      <ymax>523.1</ymax>
    </bndbox>
  </object>
  <object>
    <name>WHITE</name>
    <occluded>0</occluded>
    <bndbox>
      <xmin>898.82</xmin>
      <ymin>737.32</ymin>
      <xmax>932.13</xmax>
      <ymax>774.74</ymax>
    </bndbox>
  </object>
  <object>
    <name>WHITE</name>
    <occluded>0</occluded>
    <bndbox>
      <xmin>735.86</xmin>
      <ymin>801.49</ymin>
      <xmax>777.71</xmax>
      <ymax>835.25</ymax>
    </bndbox>
  </object>
  <object>
    <name>WHITE</name>
    <occluded>0</occluded>
    <bndbox>
      <xmin>671.4</xmin>
      <ymin>799.7</ymin>
      <xmax>711.95</xmax>
      <ymax>820.98</ymax>
    </bndbox>
  </object>
  <object>
    <name>WHITE</name>
    <occluded>0</occluded>
    <bndbox>
      <xmin>705.19</xmin>
      <ymin>842.29</ymin>
      <xmax>742.36</xmax>
      <ymax>870.6</ymax>
    </bndbox>
  </object>
  <object>
    <name>WHITE</name>
    <occluded>0</occluded>
    <bndbox>
      <xmin>635.54</xmin>
      <ymin>830.34</ymin>
      <xmax>674.0</xmax>
      <ymax>857.11</ymax>
    </bndbox>
  </object>
  <object>
    <name>WHITE</name>
    <occluded>0</occluded>
    <bndbox>
      <xmin>578.35</xmin>
      <ymin>830.34</ymin>
      <xmax>612.66</xmax>
      <ymax>865.69</ymax>
    </bndbox>
  </object>
  <object>
    <name>WHITE</name>
    <occluded>0</occluded>
    <bndbox>
      <xmin>559.38</xmin>
      <ymin>796.55</ymin>
      <xmax>590.31</xmax>
      <ymax>829.3</ymax>
    </bndbox>
  </object>
  <object>
    <name>WHITE</name>
    <occluded>0</occluded>
    <bndbox>
      <xmin>422.1</xmin>
      <ymin>722.04</ymin>
      <xmax>450.9</xmax>
      <ymax>756.26</ymax>
    </bndbox>
  </object>
  <object>
    <name>WHITE</name>
    <occluded>0</occluded>
    <bndbox>
      <xmin>426.65</xmin>
      <ymin>686.73</ymin>
      <xmax>456.54</xmax>
      <ymax>721.82</ymax>
    </bndbox>
  </object>
  <object>
    <name>WHITE</name>
    <occluded>0</occluded>
    <bndbox>
      <xmin>405.2</xmin>
      <ymin>645.8</ymin>
      <xmax>435.74</xmax>
      <ymax>681.32</ymax>
    </bndbox>
  </object>
  <object>
    <name>WHITE</name>
    <occluded>0</occluded>
    <bndbox>
      <xmin>391.12</xmin>
      <ymin>655.54</ymin>
      <xmax>415.6</xmax>
      <ymax>692.15</ymax>
    </bndbox>
  </object>
  <object>
    <name>WHITE</name>
    <occluded>0</occluded>
    <bndbox>
      <xmin>925.03</xmin>
      <ymin>530.35</ymin>
      <xmax>953.62</xmax>
      <ymax>570.64</ymax>
    </bndbox>
  </object>
  <object>
    <name>WHITE</name>
    <occluded>0</occluded>
    <bndbox>
      <xmin>948.42</xmin>
      <ymin>458.01</ymin>
      <xmax>972.25</xmax>
      <ymax>500.9</ymax>
    </bndbox>
  </object>
  <object>
    <name>WHITE</name>
    <occluded>0</occluded>
    <bndbox>
      <xmin>946.69</xmin>
      <ymin>381.55</ymin>
      <xmax>970.73</xmax>
      <ymax>422.71</ymax>
    </bndbox>
  </object>
  <object>
    <name>WHITE</name>
    <occluded>0</occluded>
    <bndbox>
      <xmin>873.05</xmin>
      <ymin>287.55</ymin>
      <xmax>906.19</xmax>
      <ymax>321.99</ymax>
    </bndbox>
  </object>
  <object>
    <name>WHITE</name>
    <occluded>0</occluded>
    <bndbox>
      <xmin>816.52</xmin>
      <ymin>274.12</ymin>
      <xmax>855.5</xmax>
      <ymax>306.39</ymax>
    </bndbox>
  </object>
  <object>
    <name>WHITE</name>
    <occluded>0</occluded>
    <bndbox>
      <xmin>774.93</xmin>
      <ymin>226.9</ymin>
      <xmax>815.0</xmax>
      <ymax>255.71</ymax>
    </bndbox>
  </object>
  <object>
    <name>WHITE</name>
    <occluded>0</occluded>
    <bndbox>
      <xmin>726.63</xmin>
      <ymin>193.55</ymin>
      <xmax>766.92</xmax>
      <ymax>214.12</ymax>
    </bndbox>
  </object>
  <object>
    <name>WHITE</name>
    <occluded>0</occluded>
    <bndbox>
      <xmin>454.3</xmin>
      <ymin>235.06</ymin>
      <xmax>489.39</xmax>
      <ymax>270.15</ymax>
    </bndbox>
  </object>
  <object>
    <name>WHITE</name>
    <occluded>0</occluded>
    <bndbox>
      <xmin>372.68</xmin>
      <ymin>399.33</ymin>
      <xmax>395.56</xmax>
      <ymax>441.17</ymax>
    </bndbox>
  </object>
  <object>
    <name>WHITE</name>
    <occluded>0</occluded>
    <bndbox>
      <xmin>416.61</xmin>
      <ymin>447.67</ymin>
      <xmax>446.5</xmax>
      <ymax>488.19</ymax>
    </bndbox>
  </object>
  <object>
    <name>WHITE</name>
    <occluded>0</occluded>
    <bndbox>
      <xmin>406.73</xmin>
      <ymin>551.89</ymin>
      <xmax>434.54</xmax>
      <ymax>591.4</ymax>
    </bndbox>
  </object>
  <object>
    <name>WHITE</name>
    <occluded>0</occluded>
    <bndbox>
      <xmin>426.1</xmin>
      <ymin>290.84</ymin>
      <xmax>456.38</xmax>
      <ymax>330.7</ymax>
    </bndbox>
  </object>
  <object>
    <name>WHITE</name>
    <occluded>0</occluded>
    <bndbox>
      <xmin>413.53</xmin>
      <ymin>369.0</ymin>
      <xmax>442.6</xmax>
      <ymax>411.1</ymax>
    </bndbox>
  </object>
  <object>
    <name>WHITE</name>
    <occluded>0</occluded>
    <bndbox>
      <xmin>439.27</xmin>
      <ymin>518.49</ymin>
      <xmax>472.5</xmax>
      <ymax>558.4</ymax>
    </bndbox>
  </object>
  <object>
    <name>WHITE</name>
    <occluded>0</occluded>
    <bndbox>
      <xmin>513.36</xmin>
      <ymin>407.5</ymin>
      <xmax>553.9</xmax>
      <ymax>449.24</ymax>
    </bndbox>
  </object>
  <object>
    <name>WHITE</name>
    <occluded>0</occluded>
    <bndbox>
      <xmin>800.44</xmin>
      <ymin>851.27</ymin>
      <xmax>838.4</xmax>
      <ymax>882.2</ymax>
    </bndbox>
  </object>
  <object>
    <name>BLACK</name>
    <occluded>0</occluded>
    <bndbox>
      <xmin>855.6</xmin>
      <ymin>754.89</ymin>
      <xmax>892.3</xmax>
      <ymax>790.6</ymax>
    </bndbox>
  </object>
</annotation>
