<annotation>
  <folder>HH</folder>
  <filename>HH_camera4.png</filename>
  <source>
    <database>Unknown</database>
    <annotation>Unknown</annotation>
    <image>Unknown</image>
  </source>
  <size>
    <width>1280</width>
    <height>960</height>
    <depth></depth>
  </size>
  <segmented>0</segmented>
  <object>
    <name>WHITE</name>
    <occluded>0</occluded>
    <bndbox>
      <xmin>666.2</xmin>
      <ymin>539.58</ymin>
      <xmax>712.8</xmax>
      <ymax>586.0</ymax>
    </bndbox>
  </object>
  <object>
    <name>WHITE</name>
    <occluded>0</occluded>
    <bndbox>
      <xmin>812.8</xmin>
      <ymin>836.09</ymin>
      <xmax>845.68</xmax>
      <ymax>872.73</ymax>
    </bndbox>
  </object>
  <object>
    <name>BLACK</name>
    <occluded>0</occluded>
    <bndbox>
      <xmin>876.02</xmin>
      <ymin>689.29</ymin>
      <xmax>902.25</xmax>
      <ymax>724.5</ymax>
    </bndbox>
  </object>
  <object>
    <name>WHITE</name>
    <occluded>0</occluded>
    <bndbox>
      <xmin>689.54</xmin>
      <ymin>864.26</ymin>
      <xmax>723.85</xmax>
      <ymax>903.25</ymax>
    </bndbox>
  </object>
  <object>
    <name>WHITE</name>
    <occluded>0</occluded>
    <bndbox>
      <xmin>463.97</xmin>
      <ymin>878.74</ymin>
      <xmax>501.39</xmax>
      <ymax>918.76</ymax>
    </bndbox>
  </object>
  <object>
    <name>WHITE</name>
    <occluded>0</occluded>
    <bndbox>
      <xmin>746.68</xmin>
      <ymin>716.42</ymin>
      <xmax>781.3</xmax>
      <ymax>755.1</ymax>
    </bndbox>
  </object>
  <object>
    <name>WHITE</name>
    <occluded>0</occluded>
    <bndbox>
      <xmin>794.71</xmin>
      <ymin>656.54</ymin>
      <xmax>827.77</xmax>
      <ymax>698.33</ymax>
    </bndbox>
  </object>
  <object>
    <name>WHITE</name>
    <occluded>0</occluded>
    <bndbox>
      <xmin>778.92</xmin>
      <ymin>601.68</ymin>
      <xmax>809.97</xmax>
      <ymax>642.47</ymax>
    </bndbox>
  </object>
  <object>
    <name>WHITE</name>
    <occluded>0</occluded>
    <bndbox>
      <xmin>503.36</xmin>
      <ymin>731.59</ymin>
      <xmax>544.73</xmax>
      <ymax>768.84</ymax>
    </bndbox>
  </object>
  <object>
    <name>WHITE</name>
    <occluded>0</occluded>
    <bndbox>
      <xmin>469.58</xmin>
      <ymin>777.72</ymin>
      <xmax>513.33</xmax>
      <ymax>810.21</ymax>
    </bndbox>
  </object>
  <object>
    <name>WHITE</name>
    <occluded>0</occluded>
    <bndbox>
      <xmin>883.83</xmin>
      <ymin>459.27</ymin>
      <xmax>903.54</xmax>
      <ymax>499.55</ymax>
    </bndbox>
  </object>
  <object>
    <name>WHITE</name>
    <occluded>0</occluded>
    <bndbox>
      <xmin>706.75</xmin>
      <ymin>340.55</ymin>
      <xmax>746.38</xmax>
      <ymax>380.4</ymax>
    </bndbox>
  </object>
  <object>
    <name>WHITE</name>
    <occluded>0</occluded>
    <bndbox>
      <xmin>546.47</xmin>
      <ymin>246.44</ymin>
      <xmax>588.49</xmax>
      <ymax>273.08</ymax>
    </bndbox>
  </object>
  <object>
    <name>WHITE</name>
    <occluded>0</occluded>
    <bndbox>
      <xmin>503.15</xmin>
      <ymin>277.63</ymin>
      <xmax>544.52</xmax>
      <ymax>310.55</ymax>
    </bndbox>
  </object>
  <object>
    <name>WHITE</name>
    <occluded>0</occluded>
    <bndbox>
      <xmin>393.12</xmin>
      <ymin>345.64</ymin>
      <xmax>422.14</xmax>
      <ymax>389.39</ymax>
    </bndbox>
  </object>
  <object>
    <name>WHITE</name>
    <occluded>0</occluded>
    <bndbox>
      <xmin>769.17</xmin>
      <ymin>285.54</ymin>
      <xmax>806.64</xmax>
      <ymax>316.51</ymax>
    </bndbox>
  </object>
  <object>
    <name>WHITE</name>
    <occluded>0</occluded>
    <bndbox>
      <xmin>424.18</xmin>
      <ymin>296.27</ymin>
      <xmax>457.24</xmax>
      <ymax>332.76</ymax>
    </bndbox>
  </object>
  <object>
    <name>WHITE</name>
    <occluded>0</occluded>
    <bndbox>
      <xmin>355.45</xmin>
      <ymin>486.15</ymin>
      <xmax>386.5</xmax>
      <ymax>531.0</ymax>
    </bndbox>
  </object>
  <object>
    <name>BLACK</name>
    <occluded>0</occluded>
    <bndbox>
      <xmin>395.95</xmin>
      <ymin>450.82</ymin>
      <xmax>432.0</xmax>
      <ymax>497.9</ymax>
    </bndbox>
  </object>
  <object>
    <name>WHITE</name>
    <occluded>0</occluded>
    <bndbox>
      <xmin>365.64</xmin>
      <ymin>569.01</ymin>
      <xmax>397.9</xmax>
      <ymax>612.8</ymax>
    </bndbox>
  </object>
  <object>
    <name>WHITE</name>
    <occluded>0</occluded>
    <bndbox>
      <xmin>411.88</xmin>
      <ymin>517.12</ymin>
      <xmax>449.7</xmax>
      <ymax>560.12</ymax>
    </bndbox>
  </object>
  <object>
    <name>WHITE</name>
    <occluded>0</occluded>
    <bndbox>
      <xmin>452.54</xmin>
      <ymin>449.0</ymin>
      <xmax>495.7</xmax>
      <ymax>495.2</ymax>
    </bndbox>
  </object>
  <object>
    <name>WHITE</name>
    <occluded>0</occluded>
    <bndbox>
      <xmin>535.74</xmin>
      <ymin>328.14</ymin>
      <xmax>579.4</xmax>
      <ymax>373.4</ymax>
    </bndbox>
  </object>
  <object>
    <name>WHITE</name>
    <occluded>0</occluded>
    <bndbox>
      <xmin>621.94</xmin>
      <ymin>338.99</ymin>
      <xmax>667.5</xmax>
      <ymax>377.9</ymax>
    </bndbox>
  </object>
  <object>
    <name>WHITE</name>
    <occluded>0</occluded>
    <bndbox>
      <xmin>425.0</xmin>
      <ymin>713.14</ymin>
      <xmax>461.4</xmax>
      <ymax>753.1</ymax>
    </bndbox>
  </object>
  <object>
    <name>WHITE</name>
    <occluded>0</occluded>
    <bndbox>
      <xmin>465.5</xmin>
      <ymin>672.5</ymin>
      <xmax>507.9</xmax>
      <ymax>712.6</ymax>
    </bndbox>
  </object>
  <object>
    <name>WHITE</name>
    <occluded>0</occluded>
    <bndbox>
      <xmin>516.93</xmin>
      <ymin>604.15</ymin>
      <xmax>562.2</xmax>
      <ymax>646.6</ymax>
    </bndbox>
  </object>
  <object>
    <name>WHITE</name>
    <occluded>0</occluded>
    <bndbox>
      <xmin>574.2</xmin>
      <ymin>531.5</ymin>
      <xmax>623.0</xmax>
      <ymax>579.5</ymax>
    </bndbox>
  </object>
  <object>
    <name>WHITE</name>
    <occluded>0</occluded>
    <bndbox>
      <xmin>626.5</xmin>
      <ymin>459.7</ymin>
      <xmax>672.6</xmax>
      <ymax>506.0</ymax>
    </bndbox>
  </object>
  <object>
    <name>WHITE</name>
    <occluded>0</occluded>
    <bndbox>
      <xmin>609.17</xmin>
      <ymin>611.62</ymin>
      <xmax>656.0</xmax>
      <ymax>654.1</ymax>
    </bndbox>
  </object>
  <object>
    <name>WHITE</name>
    <occluded>0</occluded>
    <bndbox>
      <xmin>717.9</xmin>
      <ymin>472.81</ymin>
      <xmax>758.4</xmax>
      <ymax>518.0</ymax>
    </bndbox>
  </object>
  <object>
    <name>WHITE</name>
    <occluded>0</occluded>
    <bndbox>
      <xmin>752.62</xmin>
      <ymin>408.98</ymin>
      <xmax>792.8</xmax>
      <ymax>454.9</ymax>
    </bndbox>
  </object>
  <object>
    <name>BLACK</name>
    <occluded>0</occluded>
    <bndbox>
      <xmin>548.89</xmin>
      <ymin>795.55</ymin>
      <xmax>592.7</xmax>
      <ymax>827.3</ymax>
    </bndbox>
  </object>
  <object>
    <name>WHITE</name>
    <occluded>0</occluded>
    <bndbox>
      <xmin>601.5</xmin>
      <ymin>744.5</ymin>
      <xmax>642.5</xmax>
      <ymax>777.1</ymax>
    </bndbox>
  </object>
  <object>
    <name>WHITE</name>
    <occluded>0</occluded>
    <bndbox>
      <xmin>649.8</xmin>
      <ymin>686.47</ymin>
      <xmax>690.37</xmax>
      <ymax>725.2</ymax>
    </bndbox>
  </object>
  <object>
    <name>WHITE</name>
    <occluded>0</occluded>
    <bndbox>
      <xmin>697.9</xmin>
      <ymin>619.5</ymin>
      <xmax>737.2</xmax>
      <ymax>658.5</ymax>
    </bndbox>
  </object>
  <object>
    <name>WHITE</name>
    <occluded>0</occluded>
    <bndbox>
      <xmin>751.28</xmin>
      <ymin>546.53</ymin>
      <xmax>789.5</xmax>
      <ymax>587.53</ymax>
    </bndbox>
  </object>
  <object>
    <name>BLACK</name>
    <occluded>0</occluded>
    <bndbox>
      <xmin>782.86</xmin>
      <ymin>480.26</ymin>
      <xmax>813.8</xmax>
      <ymax>527.2</ymax>
    </bndbox>
  </object>
  <object>
    <name>WHITE</name>
    <occluded>0</occluded>
    <bndbox>
      <xmin>516.85</xmin>
      <ymin>896.48</ymin>
      <xmax>559.1</xmax>
      <ymax>935.8</ymax>
    </bndbox>
  </object>
  <object>
    <name>WHITE</name>
    <occluded>0</occluded>
    <bndbox>
      <xmin>584.78</xmin>
      <ymin>834.19</ymin>
      <xmax>626.3</xmax>
      <ymax>868.5</ymax>
    </bndbox>
  </object>
  <object>
    <name>WHITE</name>
    <occluded>0</occluded>
    <bndbox>
      <xmin>632.6</xmin>
      <ymin>783.1</ymin>
      <xmax>674.66</xmax>
      <ymax>814.9</ymax>
    </bndbox>
  </object>
  <object>
    <name>WHITE</name>
    <occluded>0</occluded>
    <bndbox>
      <xmin>681.0</xmin>
      <ymin>734.54</ymin>
      <xmax>720.2</xmax>
      <ymax>770.4</ymax>
    </bndbox>
  </object>
  <object>
    <name>WHITE</name>
    <occluded>0</occluded>
    <bndbox>
      <xmin>727.6</xmin>
      <ymin>671.71</ymin>
      <xmax>762.08</xmax>
      <ymax>714.0</ymax>
    </bndbox>
  </object>
  <object>
    <name>WHITE</name>
    <occluded>0</occluded>
    <bndbox>
      <xmin>817.54</xmin>
      <ymin>446.9</ymin>
      <xmax>846.4</xmax>
      <ymax>490.5</ymax>
    </bndbox>
  </object>
  <object>
    <name>WHITE</name>
    <occluded>0</occluded>
    <bndbox>
      <xmin>572.5</xmin>
      <ymin>927.7</ymin>
      <xmax>614.55</xmax>
      <ymax>949.41</ymax>
    </bndbox>
  </object>
  <object>
    <name>WHITE</name>
    <occluded>0</occluded>
    <bndbox>
      <xmin>321.64</xmin>
      <ymin>536.88</ymin>
      <xmax>352.7</xmax>
      <ymax>580.3</ymax>
    </bndbox>
  </object>
  <object>
    <name>WHITE</name>
    <occluded>0</occluded>
    <bndbox>
      <xmin>846.71</xmin>
      <ymin>415.17</ymin>
      <xmax>874.1</xmax>
      <ymax>458.2</ymax>
    </bndbox>
  </object>
  <object>
    <name>BLACK</name>
    <occluded>0</occluded>
    <bndbox>
      <xmin>640.5</xmin>
      <ymin>918.68</ymin>
      <xmax>679.3</xmax>
      <ymax>946.4</ymax>
    </bndbox>
  </object>
  <object>
    <name>WHITE</name>
    <occluded>0</occluded>
    <bndbox>
      <xmin>708.5</xmin>
      <ymin>894.8</ymin>
      <xmax>740.1</xmax>
      <ymax>932.1</ymax>
    </bndbox>
  </object>
  <object>
    <name>WHITE</name>
    <occluded>0</occluded>
    <bndbox>
      <xmin>421.74</xmin>
      <ymin>386.66</ymin>
      <xmax>455.7</xmax>
      <ymax>433.8</ymax>
    </bndbox>
  </object>
  <object>
    <name>WHITE</name>
    <occluded>0</occluded>
    <bndbox>
      <xmin>428.73</xmin>
      <ymin>588.43</ymin>
      <xmax>470.0</xmax>
      <ymax>631.43</ymax>
    </bndbox>
  </object>
  <object>
    <name>WHITE</name>
    <occluded>0</occluded>
    <bndbox>
      <xmin>393.2</xmin>
      <ymin>645.22</ymin>
      <xmax>429.3</xmax>
      <ymax>686.7</ymax>
    </bndbox>
  </object>
  <object>
    <name>WHITE</name>
    <occluded>0</occluded>
    <bndbox>
      <xmin>485.44</xmin>
      <ymin>523.0</ymin>
      <xmax>530.24</xmax>
      <ymax>568.08</ymax>
    </bndbox>
  </object>
  <object>
    <name>WHITE</name>
    <occluded>0</occluded>
    <bndbox>
      <xmin>537.0</xmin>
      <ymin>450.69</ymin>
      <xmax>582.6</xmax>
      <ymax>502.0</ymax>
    </bndbox>
  </object>
  <object>
    <name>WHITE</name>
    <occluded>0</occluded>
    <bndbox>
      <xmin>577.33</xmin>
      <ymin>385.45</ymin>
      <xmax>625.1</xmax>
      <ymax>430.1</ymax>
    </bndbox>
  </object>
  <object>
    <name>WHITE</name>
    <occluded>0</occluded>
    <bndbox>
      <xmin>667.66</xmin>
      <ymin>397.25</ymin>
      <xmax>712.9</xmax>
      <ymax>442.3</ymax>
    </bndbox>
  </object>
  <object>
    <name>WHITE</name>
    <occluded>0</occluded>
    <bndbox>
      <xmin>559.0</xmin>
      <ymin>680.3</ymin>
      <xmax>605.4</xmax>
      <ymax>717.82</ymax>
    </bndbox>
  </object>
  <object>
    <name>WHITE</name>
    <occluded>0</occluded>
    <bndbox>
      <xmin>324.8</xmin>
      <ymin>451.75</ymin>
      <xmax>345.55</xmax>
      <ymax>492.8</ymax>
    </bndbox>
  </object>
  <object>
    <name>WHITE</name>
    <occluded>0</occluded>
    <bndbox>
      <xmin>361.5</xmin>
      <ymin>411.04</ymin>
      <xmax>391.28</xmax>
      <ymax>454.6</ymax>
    </bndbox>
  </object>
  <object>
    <name>WHITE</name>
    <occluded>0</occluded>
    <bndbox>
      <xmin>859.9</xmin>
      <ymin>384.85</ymin>
      <xmax>887.97</xmax>
      <ymax>424.46</ymax>
    </bndbox>
  </object>
  <object>
    <name>WHITE</name>
    <occluded>0</occluded>
    <bndbox>
      <xmin>463.29</xmin>
      <ymin>320.95</ymin>
      <xmax>502.06</xmax>
      <ymax>362.53</ymax>
    </bndbox>
  </object>
  <object>
    <name>WHITE</name>
    <occluded>0</occluded>
    <bndbox>
      <xmin>625.09</xmin>
      <ymin>254.02</ymin>
      <xmax>668.62</xmax>
      <ymax>277.63</ymax>
    </bndbox>
  </object>
  <object>
    <name>WHITE</name>
    <occluded>0</occluded>
    <bndbox>
      <xmin>708.26</xmin>
      <ymin>269.83</ymin>
      <xmax>746.6</xmax>
      <ymax>296.47</ymax>
    </bndbox>
  </object>
  <object>
    <name>WHITE</name>
    <occluded>0</occluded>
    <bndbox>
      <xmin>665.16</xmin>
      <ymin>289.54</ymin>
      <xmax>708.05</xmax>
      <ymax>321.38</ymax>
    </bndbox>
  </object>
  <object>
    <name>WHITE</name>
    <occluded>0</occluded>
    <bndbox>
      <xmin>809.63</xmin>
      <ymin>342.5</ymin>
      <xmax>842.12</xmax>
      <ymax>375.42</ymax>
    </bndbox>
  </object>
  <object>
    <name>WHITE</name>
    <occluded>0</occluded>
    <bndbox>
      <xmin>753.96</xmin>
      <ymin>316.29</ymin>
      <xmax>789.7</xmax>
      <ymax>354.85</ymax>
    </bndbox>
  </object>
  <object>
    <name>WHITE</name>
    <occluded>0</occluded>
    <bndbox>
      <xmin>791.43</xmin>
      <ymin>369.36</ymin>
      <xmax>823.06</xmax>
      <ymax>408.99</ymax>
    </bndbox>
  </object>
  <object>
    <name>WHITE</name>
    <occluded>0</occluded>
    <bndbox>
      <xmin>856.11</xmin>
      <ymin>618.03</ymin>
      <xmax>883.18</xmax>
      <ymax>659.18</ymax>
    </bndbox>
  </object>
  <object>
    <name>WHITE</name>
    <occluded>0</occluded>
    <bndbox>
      <xmin>838.11</xmin>
      <ymin>586.54</ymin>
      <xmax>864.36</xmax>
      <ymax>625.27</ymax>
    </bndbox>
  </object>
  <object>
    <name>WHITE</name>
    <occluded>0</occluded>
    <bndbox>
      <xmin>857.61</xmin>
      <ymin>496.09</ymin>
      <xmax>882.56</xmax>
      <ymax>535.34</ymax>
    </bndbox>
  </object>
  <object>
    <name>WHITE</name>
    <occluded>0</occluded>
    <bndbox>
      <xmin>816.28</xmin>
      <ymin>527.54</ymin>
      <xmax>844.61</xmax>
      <ymax>569.13</ymax>
    </bndbox>
  </object>
  <object>
    <name>WHITE</name>
    <occluded>0</occluded>
    <bndbox>
      <xmin>411.13</xmin>
      <ymin>756.08</ymin>
      <xmax>445.69</xmax>
      <ymax>789.09</ymax>
    </bndbox>
  </object>
  <object>
    <name>WHITE</name>
    <occluded>0</occluded>
    <bndbox>
      <xmin>369.02</xmin>
      <ymin>688.74</ymin>
      <xmax>401.51</xmax>
      <ymax>730.07</ymax>
    </bndbox>
  </object>
  <object>
    <name>WHITE</name>
    <occluded>0</occluded>
    <bndbox>
      <xmin>511.53</xmin>
      <ymin>829.61</ymin>
      <xmax>552.6</xmax>
      <ymax>862.62</ymax>
    </bndbox>
  </object>
  <object>
    <name>WHITE</name>
    <occluded>0</occluded>
    <bndbox>
      <xmin>710.82</xmin>
      <ymin>779.81</ymin>
      <xmax>745.48</xmax>
      <ymax>817.53</ymax>
    </bndbox>
  </object>
  <object>
    <name>WHITE</name>
    <occluded>0</occluded>
    <bndbox>
      <xmin>655.41</xmin>
      <ymin>825.65</ymin>
      <xmax>692.95</xmax>
      <ymax>861.75</ymax>
    </bndbox>
  </object>
  <object>
    <name>WHITE</name>
    <occluded>0</occluded>
    <bndbox>
      <xmin>716.6</xmin>
      <ymin>811.57</ymin>
      <xmax>750.71</xmax>
      <ymax>848.94</ymax>
    </bndbox>
  </object>
  <object>
    <name>WHITE</name>
    <occluded>0</occluded>
    <bndbox>
      <xmin>750.17</xmin>
      <ymin>839.91</ymin>
      <xmax>781.58</xmax>
      <ymax>880.16</ymax>
    </bndbox>
  </object>
  <object>
    <name>WHITE</name>
    <occluded>0</occluded>
    <bndbox>
      <xmin>771.47</xmin>
      <ymin>864.82</ymin>
      <xmax>804.86</xmax>
      <ymax>898.21</ymax>
    </bndbox>
  </object>
  <object>
    <name>WHITE</name>
    <occluded>0</occluded>
    <bndbox>
      <xmin>621.7</xmin>
      <ymin>878.0</ymin>
      <xmax>660.35</xmax>
      <ymax>914.14</ymax>
    </bndbox>
  </object>
  <object>
    <name>WHITE</name>
    <occluded>0</occluded>
    <bndbox>
      <xmin>497.03</xmin>
      <ymin>380.2</ymin>
      <xmax>537.03</xmax>
      <ymax>421.98</ymax>
    </bndbox>
  </object>
  <object>
    <name>WHITE</name>
    <occluded>0</occluded>
    <bndbox>
      <xmin>582.82</xmin>
      <ymin>288.17</ymin>
      <xmax>628.4</xmax>
      <ymax>321.4</ymax>
    </bndbox>
  </object>
</annotation>
