<annotation>
  <folder>HH</folder>
  <filename>HH_camera9.png</filename>
  <source>
    <database>Unknown</database>
    <annotation>Unknown</annotation>
    <image>Unknown</image>
  </source>
  <size>
    <width>960</width>
    <height>1280</height>
    <depth></depth>
  </size>
  <segmented>0</segmented>
  <object>
    <name>WHITE</name>
    <occluded>0</occluded>
    <bndbox>
      <xmin>611.69</xmin>
      <ymin>666.66</ymin>
      <xmax>632.31</xmax>
      <ymax>709.34</ymax>
    </bndbox>
  </object>
  <object>
    <name>WHITE</name>
    <occluded>0</occluded>
    <bndbox>
      <xmin>111.69</xmin>
      <ymin>730.04</ymin>
      <xmax>135.64</xmax>
      <ymax>774.46</ymax>
    </bndbox>
  </object>
  <object>
    <name>WHITE</name>
    <occluded>0</occluded>
    <bndbox>
      <xmin>527.76</xmin>
      <ymin>771.36</ymin>
      <xmax>567.61</xmax>
      <ymax>820.16</ymax>
    </bndbox>
  </object>
  <object>
    <name>BLACK</name>
    <occluded>0</occluded>
    <bndbox>
      <xmin>582.34</xmin>
      <ymin>794.75</ymin>
      <xmax>610.35</xmax>
      <ymax>841.24</ymax>
    </bndbox>
  </object>
  <object>
    <name>WHITE</name>
    <occluded>0</occluded>
    <bndbox>
      <xmin>582.05</xmin>
      <ymin>717.06</ymin>
      <xmax>610.36</xmax>
      <ymax>763.27</ymax>
    </bndbox>
  </object>
  <object>
    <name>WHITE</name>
    <occluded>0</occluded>
    <bndbox>
      <xmin>321.19</xmin>
      <ymin>605.31</ymin>
      <xmax>366.81</xmax>
      <ymax>648.69</ymax>
    </bndbox>
  </object>
  <object>
    <name>WHITE</name>
    <occluded>0</occluded>
    <bndbox>
      <xmin>595.86</xmin>
      <ymin>594.06</ymin>
      <xmax>626.01</xmax>
      <ymax>635.65</ymax>
    </bndbox>
  </object>
  <object>
    <name>WHITE</name>
    <occluded>0</occluded>
    <bndbox>
      <xmin>149.51</xmin>
      <ymin>440.19</ymin>
      <xmax>176.19</xmax>
      <ymax>479.35</ymax>
    </bndbox>
  </object>
  <object>
    <name>WHITE</name>
    <occluded>0</occluded>
    <bndbox>
      <xmin>117.97</xmin>
      <ymin>526.83</ymin>
      <xmax>150.55</xmax>
      <ymax>564.26</ymax>
    </bndbox>
  </object>
  <object>
    <name>WHITE</name>
    <occluded>0</occluded>
    <bndbox>
      <xmin>188.67</xmin>
      <ymin>363.6</ymin>
      <xmax>224.36</xmax>
      <ymax>401.72</ymax>
    </bndbox>
  </object>
  <object>
    <name>WHITE</name>
    <occluded>0</occluded>
    <bndbox>
      <xmin>262.48</xmin>
      <ymin>343.85</ymin>
      <xmax>306.84</xmax>
      <ymax>371.23</ymax>
    </bndbox>
  </object>
  <object>
    <name>WHITE</name>
    <occluded>0</occluded>
    <bndbox>
      <xmin>341.15</xmin>
      <ymin>336.23</ymin>
      <xmax>388.28</xmax>
      <ymax>376.43</ymax>
    </bndbox>
  </object>
  <object>
    <name>WHITE</name>
    <occluded>0</occluded>
    <bndbox>
      <xmin>306.49</xmin>
      <ymin>302.61</ymin>
      <xmax>352.24</xmax>
      <ymax>328.95</ymax>
    </bndbox>
  </object>
  <object>
    <name>WHITE</name>
    <occluded>0</occluded>
    <bndbox>
      <xmin>291.94</xmin>
      <ymin>275.23</ymin>
      <xmax>334.56</xmax>
      <ymax>296.03</ymax>
    </bndbox>
  </object>
  <object>
    <name>BLACK</name>
    <occluded>0</occluded>
    <bndbox>
      <xmin>358.13</xmin>
      <ymin>276.62</ymin>
      <xmax>404.91</xmax>
      <ymax>305.73</ymax>
    </bndbox>
  </object>
  <object>
    <name>WHITE</name>
    <occluded>0</occluded>
    <bndbox>
      <xmin>395.56</xmin>
      <ymin>296.72</ymin>
      <xmax>446.15</xmax>
      <ymax>329.64</ymax>
    </bndbox>
  </object>
  <object>
    <name>WHITE</name>
    <occluded>0</occluded>
    <bndbox>
      <xmin>481.16</xmin>
      <ymin>308.16</ymin>
      <xmax>523.43</xmax>
      <ymax>338.31</ymax>
    </bndbox>
  </object>
  <object>
    <name>WHITE</name>
    <occluded>0</occluded>
    <bndbox>
      <xmin>508.19</xmin>
      <ymin>287.71</ymin>
      <xmax>548.04</xmax>
      <ymax>313.7</ymax>
    </bndbox>
  </object>
  <object>
    <name>WHITE</name>
    <occluded>0</occluded>
    <bndbox>
      <xmin>365.75</xmin>
      <ymin>256.87</ymin>
      <xmax>410.46</xmax>
      <ymax>279.39</ymax>
    </bndbox>
  </object>
  <object>
    <name>WHITE</name>
    <occluded>0</occluded>
    <bndbox>
      <xmin>555.66</xmin>
      <ymin>335.19</ymin>
      <xmax>591.01</xmax>
      <ymax>368.11</ymax>
    </bndbox>
  </object>
  <object>
    <name>WHITE</name>
    <occluded>0</occluded>
    <bndbox>
      <xmin>562.25</xmin>
      <ymin>435.34</ymin>
      <xmax>592.4</xmax>
      <ymax>478.31</ymax>
    </bndbox>
  </object>
  <object>
    <name>WHITE</name>
    <occluded>0</occluded>
    <bndbox>
      <xmin>591.36</xmin>
      <ymin>398.61</ymin>
      <xmax>621.16</xmax>
      <ymax>439.5</ymax>
    </bndbox>
  </object>
  <object>
    <name>WHITE</name>
    <occluded>0</occluded>
    <bndbox>
      <xmin>619.08</xmin>
      <ymin>479.35</ymin>
      <xmax>641.26</xmax>
      <ymax>526.14</ymax>
    </bndbox>
  </object>
  <object>
    <name>WHITE</name>
    <occluded>0</occluded>
    <bndbox>
      <xmin>101.99</xmin>
      <ymin>603.28</ymin>
      <xmax>129.72</xmax>
      <ymax>650.06</ymax>
    </bndbox>
  </object>
  <object>
    <name>WHITE</name>
    <occluded>0</occluded>
    <bndbox>
      <xmin>129.72</xmin>
      <ymin>647.64</ymin>
      <xmax>156.75</xmax>
      <ymax>693.38</ymax>
    </bndbox>
  </object>
  <object>
    <name>WHITE</name>
    <occluded>0</occluded>
    <bndbox>
      <xmin>628.06</xmin>
      <ymin>560.2</ymin>
      <xmax>650.93</xmax>
      <ymax>602.48</ymax>
    </bndbox>
  </object>
  <object>
    <name>WHITE</name>
    <occluded>0</occluded>
    <bndbox>
      <xmin>430.45</xmin>
      <ymin>276.59</ymin>
      <xmax>471.69</xmax>
      <ymax>299.46</ymax>
    </bndbox>
  </object>
  <object>
    <name>WHITE</name>
    <occluded>0</occluded>
    <bndbox>
      <xmin>238.12</xmin>
      <ymin>307.43</ymin>
      <xmax>275.89</xmax>
      <ymax>334.81</ymax>
    </bndbox>
  </object>
  <object>
    <name>WHITE</name>
    <occluded>0</occluded>
    <bndbox>
      <xmin>276.97</xmin>
      <ymin>679.64</ymin>
      <xmax>323.03</xmax>
      <ymax>724.36</ymax>
    </bndbox>
  </object>
  <object>
    <name>WHITE</name>
    <occluded>0</occluded>
    <bndbox>
      <xmin>210.08</xmin>
      <ymin>412.5</ymin>
      <xmax>253.92</xmax>
      <ymax>441.5</ymax>
    </bndbox>
  </object>
  <object>
    <name>WHITE</name>
    <occluded>0</occluded>
    <bndbox>
      <xmin>200.89</xmin>
      <ymin>553.18</ymin>
      <xmax>245.11</xmax>
      <ymax>590.82</ymax>
    </bndbox>
  </object>
  <object>
    <name>WHITE</name>
    <occluded>0</occluded>
    <bndbox>
      <xmin>243.64</xmin>
      <ymin>613.88</ymin>
      <xmax>288.36</xmax>
      <ymax>654.12</ymax>
    </bndbox>
  </object>
  <object>
    <name>WHITE</name>
    <occluded>0</occluded>
    <bndbox>
      <xmin>434.3</xmin>
      <ymin>338.5</ymin>
      <xmax>463.7</xmax>
      <ymax>381.5</ymax>
    </bndbox>
  </object>
  <object>
    <name>WHITE</name>
    <occluded>0</occluded>
    <bndbox>
      <xmin>478.22</xmin>
      <ymin>401.09</ymin>
      <xmax>521.8</xmax>
      <ymax>448.0</ymax>
    </bndbox>
  </object>
  <object>
    <name>WHITE</name>
    <occluded>0</occluded>
    <bndbox>
      <xmin>357.19</xmin>
      <ymin>677.97</ymin>
      <xmax>402.81</xmax>
      <ymax>724.03</ymax>
    </bndbox>
  </object>
  <object>
    <name>WHITE</name>
    <occluded>0</occluded>
    <bndbox>
      <xmin>403.36</xmin>
      <ymin>605.8</ymin>
      <xmax>448.64</xmax>
      <ymax>650.2</ymax>
    </bndbox>
  </object>
  <object>
    <name>WHITE</name>
    <occluded>0</occluded>
    <bndbox>
      <xmin>485.56</xmin>
      <ymin>618.27</ymin>
      <xmax>530.44</xmax>
      <ymax>657.73</ymax>
    </bndbox>
  </object>
  <object>
    <name>WHITE</name>
    <occluded>0</occluded>
    <bndbox>
      <xmin>587.02</xmin>
      <ymin>521.66</ymin>
      <xmax>612.98</xmax>
      <ymax>564.34</ymax>
    </bndbox>
  </object>
  <object>
    <name>WHITE</name>
    <occluded>0</occluded>
    <bndbox>
      <xmin>554.0</xmin>
      <ymin>632.0</ymin>
      <xmax>590.0</xmax>
      <ymax>676.0</ymax>
    </bndbox>
  </object>
  <object>
    <name>WHITE</name>
    <occluded>0</occluded>
    <bndbox>
      <xmin>180.3</xmin>
      <ymin>758.7</ymin>
      <xmax>218.2</xmax>
      <ymax>801.25</ymax>
    </bndbox>
  </object>
  <object>
    <name>WHITE</name>
    <occluded>0</occluded>
    <bndbox>
      <xmin>239.86</xmin>
      <ymin>462.9</ymin>
      <xmax>284.14</xmax>
      <ymax>507.9</ymax>
    </bndbox>
  </object>
  <object>
    <name>WHITE</name>
    <occluded>0</occluded>
    <bndbox>
      <xmin>176.34</xmin>
      <ymin>628.5</ymin>
      <xmax>213.1</xmax>
      <ymax>674.0</ymax>
    </bndbox>
  </object>
  <object>
    <name>WHITE</name>
    <occluded>0</occluded>
    <bndbox>
      <xmin>132.51</xmin>
      <ymin>772.5</ymin>
      <xmax>170.0</xmax>
      <ymax>816.99</ymax>
    </bndbox>
  </object>
  <object>
    <name>WHITE</name>
    <occluded>0</occluded>
    <bndbox>
      <xmin>173.7</xmin>
      <ymin>487.58</ymin>
      <xmax>210.37</xmax>
      <ymax>532.3</ymax>
    </bndbox>
  </object>
  <object>
    <name>BLACK</name>
    <occluded>0</occluded>
    <bndbox>
      <xmin>149.1</xmin>
      <ymin>571.78</ymin>
      <xmax>176.87</xmax>
      <ymax>617.2</ymax>
    </bndbox>
  </object>
  <object>
    <name>BLACK</name>
    <occluded>0</occluded>
    <bndbox>
      <xmin>101.01</xmin>
      <ymin>797.01</ymin>
      <xmax>129.5</xmax>
      <ymax>842.0</ymax>
    </bndbox>
  </object>
  <object>
    <name>WHITE</name>
    <occluded>0</occluded>
    <bndbox>
      <xmin>410.8</xmin>
      <ymin>459.0</ymin>
      <xmax>459.0</xmax>
      <ymax>503.5</ymax>
    </bndbox>
  </object>
  <object>
    <name>WHITE</name>
    <occluded>0</occluded>
    <bndbox>
      <xmin>366.5</xmin>
      <ymin>529.2</ymin>
      <xmax>415.0</xmax>
      <ymax>577.0</ymax>
    </bndbox>
  </object>
  <object>
    <name>WHITE</name>
    <occluded>0</occluded>
    <bndbox>
      <xmin>241.5</xmin>
      <ymin>744.5</ymin>
      <xmax>283.94</xmax>
      <ymax>783.0</ymax>
    </bndbox>
  </object>
  <object>
    <name>WHITE</name>
    <occluded>0</occluded>
    <bndbox>
      <xmin>379.72</xmin>
      <ymin>392.85</ymin>
      <xmax>426.5</xmax>
      <ymax>431.3</ymax>
    </bndbox>
  </object>
  <object>
    <name>WHITE</name>
    <occluded>0</occluded>
    <bndbox>
      <xmin>325.37</xmin>
      <ymin>455.18</ymin>
      <xmax>374.5</xmax>
      <ymax>499.2</ymax>
    </bndbox>
  </object>
  <object>
    <name>WHITE</name>
    <occluded>0</occluded>
    <bndbox>
      <xmin>287.5</xmin>
      <ymin>532.0</ymin>
      <xmax>330.5</xmax>
      <ymax>578.4</ymax>
    </bndbox>
  </object>
  <object>
    <name>WHITE</name>
    <occluded>0</occluded>
    <bndbox>
      <xmin>289.86</xmin>
      <ymin>392.8</ymin>
      <xmax>334.14</xmax>
      <ymax>431.99</ymax>
    </bndbox>
  </object>
  <object>
    <name>WHITE</name>
    <occluded>0</occluded>
    <bndbox>
      <xmin>519.91</xmin>
      <ymin>364.0</ymin>
      <xmax>559.6</xmax>
      <ymax>401.5</ymax>
    </bndbox>
  </object>
  <object>
    <name>WHITE</name>
    <occluded>0</occluded>
    <bndbox>
      <xmin>451.98</xmin>
      <ymin>537.64</ymin>
      <xmax>498.9</xmax>
      <ymax>584.1</ymax>
    </bndbox>
  </object>
  <object>
    <name>WHITE</name>
    <occluded>0</occluded>
    <bndbox>
      <xmin>505.58</xmin>
      <ymin>476.44</ymin>
      <xmax>543.4</xmax>
      <ymax>520.3</ymax>
    </bndbox>
  </object>
  <object>
    <name>WHITE</name>
    <occluded>0</occluded>
    <bndbox>
      <xmin>383.0</xmin>
      <ymin>745.5</ymin>
      <xmax>432.5</xmax>
      <ymax>782.5</ymax>
    </bndbox>
  </object>
  <object>
    <name>WHITE</name>
    <occluded>0</occluded>
    <bndbox>
      <xmin>511.0</xmin>
      <ymin>700.5</ymin>
      <xmax>551.7</xmax>
      <ymax>744.9</ymax>
    </bndbox>
  </object>
  <object>
    <name>WHITE</name>
    <occluded>0</occluded>
    <bndbox>
      <xmin>461.5</xmin>
      <ymin>752.5</ymin>
      <xmax>504.5</xmax>
      <ymax>792.0</ymax>
    </bndbox>
  </object>
  <object>
    <name>BLACK</name>
    <occluded>0</occluded>
    <bndbox>
      <xmin>536.92</xmin>
      <ymin>557.94</ymin>
      <xmax>579.9</xmax>
      <ymax>611.3</ymax>
    </bndbox>
  </object>
  <object>
    <name>WHITE</name>
    <occluded>0</occluded>
    <bndbox>
      <xmin>437.8</xmin>
      <ymin>683.0</ymin>
      <xmax>483.0</xmax>
      <ymax>729.0</ymax>
    </bndbox>
  </object>
</annotation>
