<annotation>
  <folder>JH</folder>
  <filename>JH_camera7.png</filename>
  <source>
    <database>Unknown</database>
    <annotation>Unknown</annotation>
    <image>Unknown</image>
  </source>
  <size>
    <width>1280</width>
    <height>960</height>
    <depth></depth>
  </size>
  <segmented>0</segmented>
  <object>
    <name>WHITE</name>
    <occluded>0</occluded>
    <bndbox>
      <xmin>444.76</xmin>
      <ymin>207.85</ymin>
      <xmax>485.62</xmax>
      <ymax>251.83</ymax>
    </bndbox>
  </object>
  <object>
    <name>WHITE</name>
    <occluded>0</occluded>
    <bndbox>
      <xmin>445.77</xmin>
      <ymin>115.71</ymin>
      <xmax>480.34</xmax>
      <ymax>158.85</ymax>
    </bndbox>
  </object>
  <object>
    <name>WHITE</name>
    <occluded>0</occluded>
    <bndbox>
      <xmin>527.12</xmin>
      <ymin>70.48</ymin>
      <xmax>574.17</xmax>
      <ymax>100.89</ymax>
    </bndbox>
  </object>
  <object>
    <name>WHITE</name>
    <occluded>0</occluded>
    <bndbox>
      <xmin>1000.04</xmin>
      <ymin>646.69</ymin>
      <xmax>1028.63</xmax>
      <ymax>698.9</ymax>
    </bndbox>
  </object>
  <object>
    <name>WHITE</name>
    <occluded>0</occluded>
    <bndbox>
      <xmin>838.69</xmin>
      <ymin>183.52</ymin>
      <xmax>877.99</xmax>
      <ymax>228.75</ymax>
    </bndbox>
  </object>
  <object>
    <name>WHITE</name>
    <occluded>0</occluded>
    <bndbox>
      <xmin>723.6</xmin>
      <ymin>159.82</ymin>
      <xmax>775.37</xmax>
      <ymax>196.31</ymax>
    </bndbox>
  </object>
  <object>
    <name>WHITE</name>
    <occluded>0</occluded>
    <bndbox>
      <xmin>384.26</xmin>
      <ymin>282.39</ymin>
      <xmax>417.63</xmax>
      <ymax>329.2</ymax>
    </bndbox>
  </object>
  <object>
    <name>WHITE</name>
    <occluded>0</occluded>
    <bndbox>
      <xmin>357.89</xmin>
      <ymin>646.76</ymin>
      <xmax>394.11</xmax>
      <ymax>702.6</ymax>
    </bndbox>
  </object>
  <object>
    <name>BLACK</name>
    <occluded>0</occluded>
    <bndbox>
      <xmin>494.1</xmin>
      <ymin>481.95</ymin>
      <xmax>551.66</xmax>
      <ymax>538.3</ymax>
    </bndbox>
  </object>
  <object>
    <name>WHITE</name>
    <occluded>0</occluded>
    <bndbox>
      <xmin>437.16</xmin>
      <ymin>560.7</ymin>
      <xmax>484.84</xmax>
      <ymax>618.2</ymax>
    </bndbox>
  </object>
  <object>
    <name>WHITE</name>
    <occluded>0</occluded>
    <bndbox>
      <xmin>418.79</xmin>
      <ymin>648.5</ymin>
      <xmax>466.5</xmax>
      <ymax>706.5</ymax>
    </bndbox>
  </object>
  <object>
    <name>BLACK</name>
    <occluded>0</occluded>
    <bndbox>
      <xmin>400.72</xmin>
      <ymin>746.84</ymin>
      <xmax>448.4</xmax>
      <ymax>798.5</ymax>
    </bndbox>
  </object>
  <object>
    <name>WHITE</name>
    <occluded>0</occluded>
    <bndbox>
      <xmin>513.6</xmin>
      <ymin>591.65</ymin>
      <xmax>574.5</xmax>
      <ymax>650.6</ymax>
    </bndbox>
  </object>
  <object>
    <name>WHITE</name>
    <occluded>0</occluded>
    <bndbox>
      <xmin>486.2</xmin>
      <ymin>663.11</ymin>
      <xmax>533.02</xmax>
      <ymax>722.7</ymax>
    </bndbox>
  </object>
  <object>
    <name>BLACK</name>
    <occluded>0</occluded>
    <bndbox>
      <xmin>801.53</xmin>
      <ymin>241.62</ymin>
      <xmax>852.8</xmax>
      <ymax>296.2</ymax>
    </bndbox>
  </object>
  <object>
    <name>WHITE</name>
    <occluded>0</occluded>
    <bndbox>
      <xmin>760.0</xmin>
      <ymin>125.3</ymin>
      <xmax>811.8</xmax>
      <ymax>157.77</ymax>
    </bndbox>
  </object>
  <object>
    <name>WHITE</name>
    <occluded>0</occluded>
    <bndbox>
      <xmin>639.03</xmin>
      <ymin>105.58</ymin>
      <xmax>693.4</xmax>
      <ymax>135.7</ymax>
    </bndbox>
  </object>
  <object>
    <name>WHITE</name>
    <occluded>0</occluded>
    <bndbox>
      <xmin>591.1</xmin>
      <ymin>165.6</ymin>
      <xmax>645.44</xmax>
      <ymax>209.93</ymax>
    </bndbox>
  </object>
  <object>
    <name>WHITE</name>
    <occluded>0</occluded>
    <bndbox>
      <xmin>527.48</xmin>
      <ymin>140.56</ymin>
      <xmax>577.7</xmax>
      <ymax>180.1</ymax>
    </bndbox>
  </object>
  <object>
    <name>WHITE</name>
    <occluded>0</occluded>
    <bndbox>
      <xmin>474.5</xmin>
      <ymin>235.0</ymin>
      <xmax>523.2</xmax>
      <ymax>283.7</ymax>
    </bndbox>
  </object>
  <object>
    <name>WHITE</name>
    <occluded>0</occluded>
    <bndbox>
      <xmin>483.2</xmin>
      <ymin>116.97</ymin>
      <xmax>526.38</xmax>
      <ymax>159.5</ymax>
    </bndbox>
  </object>
  <object>
    <name>WHITE</name>
    <occluded>0</occluded>
    <bndbox>
      <xmin>576.0</xmin>
      <ymin>518.45</ymin>
      <xmax>633.7</xmax>
      <ymax>576.6</ymax>
    </bndbox>
  </object>
  <object>
    <name>WHITE</name>
    <occluded>0</occluded>
    <bndbox>
      <xmin>400.16</xmin>
      <ymin>350.38</ymin>
      <xmax>435.72</xmax>
      <ymax>403.09</ymax>
    </bndbox>
  </object>
  <object>
    <name>WHITE</name>
    <occluded>0</occluded>
    <bndbox>
      <xmin>346.63</xmin>
      <ymin>453.21</ymin>
      <xmax>378.07</xmax>
      <ymax>506.2</ymax>
    </bndbox>
  </object>
  <object>
    <name>WHITE</name>
    <occluded>0</occluded>
    <bndbox>
      <xmin>341.5</xmin>
      <ymin>550.86</ymin>
      <xmax>371.41</xmax>
      <ymax>606.0</ymax>
    </bndbox>
  </object>
  <object>
    <name>WHITE</name>
    <occluded>0</occluded>
    <bndbox>
      <xmin>428.6</xmin>
      <ymin>466.69</ymin>
      <xmax>472.54</xmax>
      <ymax>520.3</ymax>
    </bndbox>
  </object>
  <object>
    <name>WHITE</name>
    <occluded>0</occluded>
    <bndbox>
      <xmin>382.85</xmin>
      <ymin>552.55</ymin>
      <xmax>418.1</xmax>
      <ymax>608.1</ymax>
    </bndbox>
  </object>
</annotation>
