<annotation>
  <folder>JH</folder>
  <filename>JH_camera1.png</filename>
  <source>
    <database>Unknown</database>
    <annotation>Unknown</annotation>
    <image>Unknown</image>
  </source>
  <size>
    <width>960</width>
    <height>1280</height>
    <depth></depth>
  </size>
  <segmented>0</segmented>
  <object>
    <name>WHITE</name>
    <occluded>0</occluded>
    <bndbox>
      <xmin>507.0</xmin>
      <ymin>609.0</ymin>
      <xmax>547.0</xmax>
      <ymax>647.0</ymax>
    </bndbox>
  </object>
  <object>
    <name>WHITE</name>
    <occluded>0</occluded>
    <bndbox>
      <xmin>566.0</xmin>
      <ymin>440.5</ymin>
      <xmax>604.0</xmax>
      <ymax>481.5</ymax>
    </bndbox>
  </object>
  <object>
    <name>WHITE</name>
    <occluded>0</occluded>
    <bndbox>
      <xmin>492.49</xmin>
      <ymin>423.79</ymin>
      <xmax>533.51</xmax>
      <ymax>466.21</ymax>
    </bndbox>
  </object>
  <object>
    <name>WHITE</name>
    <occluded>0</occluded>
    <bndbox>
      <xmin>558.59</xmin>
      <ymin>381.2</ymin>
      <xmax>597.41</xmax>
      <ymax>422.8</ymax>
    </bndbox>
  </object>
  <object>
    <name>WHITE</name>
    <occluded>0</occluded>
    <bndbox>
      <xmin>624.97</xmin>
      <ymin>342.85</ymin>
      <xmax>661.03</xmax>
      <ymax>383.15</ymax>
    </bndbox>
  </object>
  <object>
    <name>WHITE</name>
    <occluded>0</occluded>
    <bndbox>
      <xmin>645.32</xmin>
      <ymin>477.62</ymin>
      <xmax>677.2</xmax>
      <ymax>520.94</ymax>
    </bndbox>
  </object>
  <object>
    <name>WHITE</name>
    <occluded>0</occluded>
    <bndbox>
      <xmin>684.13</xmin>
      <ymin>594.75</ymin>
      <xmax>714.28</xmax>
      <ymax>635.3</ymax>
    </bndbox>
  </object>
  <object>
    <name>WHITE</name>
    <occluded>0</occluded>
    <bndbox>
      <xmin>699.38</xmin>
      <ymin>522.67</ymin>
      <xmax>725.37</xmax>
      <ymax>564.26</ymax>
    </bndbox>
  </object>
  <object>
    <name>WHITE</name>
    <occluded>0</occluded>
    <bndbox>
      <xmin>234.79</xmin>
      <ymin>296.0</ymin>
      <xmax>263.9</xmax>
      <ymax>333.01</ymax>
    </bndbox>
  </object>
  <object>
    <name>WHITE</name>
    <occluded>0</occluded>
    <bndbox>
      <xmin>727.61</xmin>
      <ymin>343.75</ymin>
      <xmax>754.55</xmax>
      <ymax>385.67</ymax>
    </bndbox>
  </object>
  <object>
    <name>WHITE</name>
    <occluded>0</occluded>
    <bndbox>
      <xmin>325.99</xmin>
      <ymin>571.9</ymin>
      <xmax>363.1</xmax>
      <ymax>617.24</ymax>
    </bndbox>
  </object>
  <object>
    <name>BLACK</name>
    <occluded>0</occluded>
    <bndbox>
      <xmin>434.0</xmin>
      <ymin>474.69</ymin>
      <xmax>483.2</xmax>
      <ymax>518.7</ymax>
    </bndbox>
  </object>
  <object>
    <name>WHITE</name>
    <occluded>0</occluded>
    <bndbox>
      <xmin>391.29</xmin>
      <ymin>695.71</ymin>
      <xmax>435.3</xmax>
      <ymax>720.2</ymax>
    </bndbox>
  </object>
  <object>
    <name>WHITE</name>
    <occluded>0</occluded>
    <bndbox>
      <xmin>250.7</xmin>
      <ymin>403.61</ymin>
      <xmax>283.9</xmax>
      <ymax>447.1</ymax>
    </bndbox>
  </object>
  <object>
    <name>WHITE</name>
    <occluded>0</occluded>
    <bndbox>
      <xmin>233.8</xmin>
      <ymin>345.3</ymin>
      <xmax>269.09</xmax>
      <ymax>384.4</ymax>
    </bndbox>
  </object>
  <object>
    <name>WHITE</name>
    <occluded>0</occluded>
    <bndbox>
      <xmin>356.98</xmin>
      <ymin>498.69</ymin>
      <xmax>399.9</xmax>
      <ymax>544.4</ymax>
    </bndbox>
  </object>
  <object>
    <name>WHITE</name>
    <occluded>0</occluded>
    <bndbox>
      <xmin>407.53</xmin>
      <ymin>423.7</ymin>
      <xmax>451.2</xmax>
      <ymax>470.77</ymax>
    </bndbox>
  </object>
  <object>
    <name>WHITE</name>
    <occluded>0</occluded>
    <bndbox>
      <xmin>545.0</xmin>
      <ymin>304.2</ymin>
      <xmax>589.9</xmax>
      <ymax>348.0</ymax>
    </bndbox>
  </object>
  <object>
    <name>WHITE</name>
    <occluded>0</occluded>
    <bndbox>
      <xmin>603.6</xmin>
      <ymin>268.48</ymin>
      <xmax>639.4</xmax>
      <ymax>309.5</ymax>
    </bndbox>
  </object>
  <object>
    <name>WHITE</name>
    <occluded>0</occluded>
    <bndbox>
      <xmin>287.31</xmin>
      <ymin>493.7</ymin>
      <xmax>328.69</xmax>
      <ymax>536.8</ymax>
    </bndbox>
  </object>
  <object>
    <name>WHITE</name>
    <occluded>0</occluded>
    <bndbox>
      <xmin>199.1</xmin>
      <ymin>411.81</ymin>
      <xmax>228.4</xmax>
      <ymax>454.3</ymax>
    </bndbox>
  </object>
  <object>
    <name>WHITE</name>
    <occluded>0</occluded>
    <bndbox>
      <xmin>258.37</xmin>
      <ymin>569.05</ymin>
      <xmax>295.3</xmax>
      <ymax>609.53</ymax>
    </bndbox>
  </object>
  <object>
    <name>WHITE</name>
    <occluded>0</occluded>
    <bndbox>
      <xmin>477.14</xmin>
      <ymin>351.14</ymin>
      <xmax>518.86</xmax>
      <ymax>392.86</ymax>
    </bndbox>
  </object>
  <object>
    <name>WHITE</name>
    <occluded>0</occluded>
    <bndbox>
      <xmin>364.5</xmin>
      <ymin>285.5</ymin>
      <xmax>401.5</xmax>
      <ymax>322.5</ymax>
    </bndbox>
  </object>
  <object>
    <name>WHITE</name>
    <occluded>0</occluded>
    <bndbox>
      <xmin>308.14</xmin>
      <ymin>422.42</ymin>
      <xmax>349.86</xmax>
      <ymax>457.58</ymax>
    </bndbox>
  </object>
  <object>
    <name>WHITE</name>
    <occluded>0</occluded>
    <bndbox>
      <xmin>229.5</xmin>
      <ymin>486.5</ymin>
      <xmax>256.5</xmax>
      <ymax>527.5</ymax>
    </bndbox>
  </object>
  <object>
    <name>WHITE</name>
    <occluded>0</occluded>
    <bndbox>
      <xmin>487.75</xmin>
      <ymin>687.81</ymin>
      <xmax>528.25</xmax>
      <ymax>716.19</ymax>
    </bndbox>
  </object>
  <object>
    <name>WHITE</name>
    <occluded>0</occluded>
    <bndbox>
      <xmin>462.11</xmin>
      <ymin>293.58</ymin>
      <xmax>507.0</xmax>
      <ymax>337.6</ymax>
    </bndbox>
  </object>
  <object>
    <name>BLACK</name>
    <occluded>0</occluded>
    <bndbox>
      <xmin>710.39</xmin>
      <ymin>286.74</ymin>
      <xmax>732.8</xmax>
      <ymax>328.1</ymax>
    </bndbox>
  </object>
  <object>
    <name>WHITE</name>
    <occluded>0</occluded>
    <bndbox>
      <xmin>675.29</xmin>
      <ymin>305.45</ymin>
      <xmax>705.8</xmax>
      <ymax>346.6</ymax>
    </bndbox>
  </object>
  <object>
    <name>WHITE</name>
    <occluded>0</occluded>
    <bndbox>
      <xmin>639.51</xmin>
      <ymin>416.8</ymin>
      <xmax>680.49</xmax>
      <ymax>460.5</ymax>
    </bndbox>
  </object>
  <object>
    <name>WHITE</name>
    <occluded>0</occluded>
    <bndbox>
      <xmin>635.5</xmin>
      <ymin>567.8</ymin>
      <xmax>667.77</xmax>
      <ymax>610.3</ymax>
    </bndbox>
  </object>
  <object>
    <name>WHITE</name>
    <occluded>0</occluded>
    <bndbox>
      <xmin>627.1</xmin>
      <ymin>648.8</ymin>
      <xmax>663.23</xmax>
      <ymax>683.5</ymax>
    </bndbox>
  </object>
  <object>
    <name>WHITE</name>
    <occluded>0</occluded>
    <bndbox>
      <xmin>574.0</xmin>
      <ymin>536.5</ymin>
      <xmax>611.0</xmax>
      <ymax>580.0</ymax>
    </bndbox>
  </object>
  <object>
    <name>WHITE</name>
    <occluded>0</occluded>
    <bndbox>
      <xmin>570.93</xmin>
      <ymin>639.42</ymin>
      <xmax>610.53</xmax>
      <ymax>675.7</ymax>
    </bndbox>
  </object>
  <object>
    <name>WHITE</name>
    <occluded>0</occluded>
    <bndbox>
      <xmin>551.55</xmin>
      <ymin>699.49</ymin>
      <xmax>590.45</xmax>
      <ymax>726.4</ymax>
    </bndbox>
  </object>
  <object>
    <name>WHITE</name>
    <occluded>0</occluded>
    <bndbox>
      <xmin>503.9</xmin>
      <ymin>508.6</ymin>
      <xmax>547.0</xmax>
      <ymax>556.5</ymax>
    </bndbox>
  </object>
  <object>
    <name>WHITE</name>
    <occluded>0</occluded>
    <bndbox>
      <xmin>311.94</xmin>
      <ymin>689.0</ymin>
      <xmax>348.0</xmax>
      <ymax>720.3</ymax>
    </bndbox>
  </object>
  <object>
    <name>WHITE</name>
    <occluded>0</occluded>
    <bndbox>
      <xmin>407.0</xmin>
      <ymin>628.0</ymin>
      <xmax>451.6</xmax>
      <ymax>664.5</ymax>
    </bndbox>
  </object>
  <object>
    <name>WHITE</name>
    <occluded>0</occluded>
    <bndbox>
      <xmin>309.22</xmin>
      <ymin>641.73</ymin>
      <xmax>348.7</xmax>
      <ymax>675.5</ymax>
    </bndbox>
  </object>
  <object>
    <name>WHITE</name>
    <occluded>0</occluded>
    <bndbox>
      <xmin>419.64</xmin>
      <ymin>554.2</ymin>
      <xmax>466.1</xmax>
      <ymax>597.52</ymax>
    </bndbox>
  </object>
  <object>
    <name>WHITE</name>
    <occluded>0</occluded>
    <bndbox>
      <xmin>510.5</xmin>
      <ymin>239.39</ymin>
      <xmax>557.0</xmax>
      <ymax>277.2</ymax>
    </bndbox>
  </object>
  <object>
    <name>WHITE</name>
    <occluded>0</occluded>
    <bndbox>
      <xmin>377.06</xmin>
      <ymin>353.4</ymin>
      <xmax>421.4</xmax>
      <ymax>397.37</ymax>
    </bndbox>
  </object>
  <object>
    <name>WHITE</name>
    <occluded>0</occluded>
    <bndbox>
      <xmin>477.5</xmin>
      <ymin>176.1</ymin>
      <xmax>521.3</xmax>
      <ymax>205.5</ymax>
    </bndbox>
  </object>
  <object>
    <name>WHITE</name>
    <occluded>0</occluded>
    <bndbox>
      <xmin>418.2</xmin>
      <ymin>226.68</ymin>
      <xmax>459.8</xmax>
      <ymax>266.6</ymax>
    </bndbox>
  </object>
  <object>
    <name>WHITE</name>
    <occluded>0</occluded>
    <bndbox>
      <xmin>291.9</xmin>
      <ymin>343.74</ymin>
      <xmax>328.22</xmax>
      <ymax>382.3</ymax>
    </bndbox>
  </object>
  <object>
    <name>WHITE</name>
    <occluded>0</occluded>
    <bndbox>
      <xmin>697.65</xmin>
      <ymin>444.7</ymin>
      <xmax>724.68</xmax>
      <ymax>488.02</ymax>
    </bndbox>
  </object>
  <object>
    <name>WHITE</name>
    <occluded>0</occluded>
    <bndbox>
      <xmin>697.3</xmin>
      <ymin>378.51</ymin>
      <xmax>724.33</xmax>
      <ymax>421.83</ymax>
    </bndbox>
  </object>
  <object>
    <name>WHITE</name>
    <occluded>0</occluded>
    <bndbox>
      <xmin>652.94</xmin>
      <ymin>235.03</ymin>
      <xmax>689.67</xmax>
      <ymax>274.54</ymax>
    </bndbox>
  </object>
  <object>
    <name>WHITE</name>
    <occluded>0</occluded>
    <bndbox>
      <xmin>574.27</xmin>
      <ymin>196.57</ymin>
      <xmax>617.25</xmax>
      <ymax>234.34</ymax>
    </bndbox>
  </object>
  <object>
    <name>WHITE</name>
    <occluded>0</occluded>
    <bndbox>
      <xmin>538.23</xmin>
      <ymin>145.97</ymin>
      <xmax>577.04</xmax>
      <ymax>170.23</ymax>
    </bndbox>
  </object>
  <object>
    <name>WHITE</name>
    <occluded>0</occluded>
    <bndbox>
      <xmin>444.66</xmin>
      <ymin>136.61</ymin>
      <xmax>486.6</xmax>
      <ymax>161.57</ymax>
    </bndbox>
  </object>
  <object>
    <name>BLACK</name>
    <occluded>0</occluded>
    <bndbox>
      <xmin>328.22</xmin>
      <ymin>192.06</ymin>
      <xmax>365.65</xmax>
      <ymax>219.79</ymax>
    </bndbox>
  </object>
  <object>
    <name>WHITE</name>
    <occluded>0</occluded>
    <bndbox>
      <xmin>393.72</xmin>
      <ymin>172.66</ymin>
      <xmax>433.23</xmax>
      <ymax>204.88</ymax>
    </bndbox>
  </object>
  <object>
    <name>WHITE</name>
    <occluded>0</occluded>
    <bndbox>
      <xmin>338.27</xmin>
      <ymin>230.18</ymin>
      <xmax>377.43</xmax>
      <ymax>265.53</ymax>
    </bndbox>
  </object>
  <object>
    <name>WHITE</name>
    <occluded>0</occluded>
    <bndbox>
      <xmin>283.17</xmin>
      <ymin>284.94</ymin>
      <xmax>317.48</xmax>
      <ymax>324.79</ymax>
    </bndbox>
  </object>
  <object>
    <name>WHITE</name>
    <occluded>0</occluded>
    <bndbox>
      <xmin>178.17</xmin>
      <ymin>483.17</ymin>
      <xmax>202.08</xmax>
      <ymax>526.83</ymax>
    </bndbox>
  </object>
  <object>
    <name>WHITE</name>
    <occluded>0</occluded>
    <bndbox>
      <xmin>202.81</xmin>
      <ymin>556.99</ymin>
      <xmax>229.67</xmax>
      <ymax>596.55</ymax>
    </bndbox>
  </object>
  <object>
    <name>WHITE</name>
    <occluded>0</occluded>
    <bndbox>
      <xmin>245.84</xmin>
      <ymin>632.94</ymin>
      <xmax>283.67</xmax>
      <ymax>664.71</ymax>
    </bndbox>
  </object>
  <object>
    <name>WHITE</name>
    <occluded>0</occluded>
    <bndbox>
      <xmin>252.77</xmin>
      <ymin>685.5</ymin>
      <xmax>288.0</xmax>
      <ymax>712.93</ymax>
    </bndbox>
  </object>
  <object>
    <name>WHITE</name>
    <occluded>0</occluded>
    <bndbox>
      <xmin>333.35</xmin>
      <ymin>755.96</ymin>
      <xmax>373.49</xmax>
      <ymax>781.09</ymax>
    </bndbox>
  </object>
  <object>
    <name>WHITE</name>
    <occluded>0</occluded>
    <bndbox>
      <xmin>380.13</xmin>
      <ymin>733.44</ymin>
      <xmax>419.41</xmax>
      <ymax>759.72</ymax>
    </bndbox>
  </object>
</annotation>
