<annotation>
  <folder>JH</folder>
  <filename>JH_camera11.png</filename>
  <source>
    <database>Unknown</database>
    <annotation>Unknown</annotation>
    <image>Unknown</image>
  </source>
  <size>
    <width>1280</width>
    <height>960</height>
    <depth></depth>
  </size>
  <segmented>0</segmented>
  <object>
    <name>WHITE</name>
    <occluded>0</occluded>
    <bndbox>
      <xmin>549.18</xmin>
      <ymin>84.78</ymin>
      <xmax>600.83</xmax>
      <ymax>114.43</ymax>
    </bndbox>
  </object>
  <object>
    <name>WHITE</name>
    <occluded>0</occluded>
    <bndbox>
      <xmin>913.37</xmin>
      <ymin>283.93</ymin>
      <xmax>938.7</xmax>
      <ymax>328.66</ymax>
    </bndbox>
  </object>
  <object>
    <name>WHITE</name>
    <occluded>0</occluded>
    <bndbox>
      <xmin>422.64</xmin>
      <ymin>149.69</ymin>
      <xmax>467.36</xmax>
      <ymax>178.31</ymax>
    </bndbox>
  </object>
  <object>
    <name>WHITE</name>
    <occluded>0</occluded>
    <bndbox>
      <xmin>407.76</xmin>
      <ymin>509.6</ymin>
      <xmax>460.0</xmax>
      <ymax>562.2</ymax>
    </bndbox>
  </object>
  <object>
    <name>WHITE</name>
    <occluded>0</occluded>
    <bndbox>
      <xmin>821.26</xmin>
      <ymin>586.86</ymin>
      <xmax>854.1</xmax>
      <ymax>639.6</ymax>
    </bndbox>
  </object>
  <object>
    <name>WHITE</name>
    <occluded>0</occluded>
    <bndbox>
      <xmin>774.0</xmin>
      <ymin>495.0</ymin>
      <xmax>814.9</xmax>
      <ymax>546.4</ymax>
    </bndbox>
  </object>
  <object>
    <name>WHITE</name>
    <occluded>0</occluded>
    <bndbox>
      <xmin>837.9</xmin>
      <ymin>321.0</ymin>
      <xmax>873.9</xmax>
      <ymax>365.0</ymax>
    </bndbox>
  </object>
  <object>
    <name>WHITE</name>
    <occluded>0</occluded>
    <bndbox>
      <xmin>762.3</xmin>
      <ymin>342.02</ymin>
      <xmax>803.1</xmax>
      <ymax>387.98</ymax>
    </bndbox>
  </object>
  <object>
    <name>BLACK</name>
    <occluded>0</occluded>
    <bndbox>
      <xmin>739.5</xmin>
      <ymin>395.91</ymin>
      <xmax>784.3</xmax>
      <ymax>449.6</ymax>
    </bndbox>
  </object>
  <object>
    <name>WHITE</name>
    <occluded>0</occluded>
    <bndbox>
      <xmin>811.1</xmin>
      <ymin>177.79</ymin>
      <xmax>850.2</xmax>
      <ymax>220.2</ymax>
    </bndbox>
  </object>
  <object>
    <name>WHITE</name>
    <occluded>0</occluded>
    <bndbox>
      <xmin>781.2</xmin>
      <ymin>226.7</ymin>
      <xmax>821.5</xmax>
      <ymax>270.1</ymax>
    </bndbox>
  </object>
  <object>
    <name>WHITE</name>
    <occluded>0</occluded>
    <bndbox>
      <xmin>733.9</xmin>
      <ymin>268.73</ymin>
      <xmax>777.0</xmax>
      <ymax>313.27</ymax>
    </bndbox>
  </object>
  <object>
    <name>WHITE</name>
    <occluded>0</occluded>
    <bndbox>
      <xmin>675.3</xmin>
      <ymin>313.67</ymin>
      <xmax>723.2</xmax>
      <ymax>360.33</ymax>
    </bndbox>
  </object>
  <object>
    <name>WHITE</name>
    <occluded>0</occluded>
    <bndbox>
      <xmin>732.15</xmin>
      <ymin>141.74</ymin>
      <xmax>777.2</xmax>
      <ymax>180.4</ymax>
    </bndbox>
  </object>
  <object>
    <name>WHITE</name>
    <occluded>0</occluded>
    <bndbox>
      <xmin>682.42</xmin>
      <ymin>182.65</ymin>
      <xmax>726.0</xmax>
      <ymax>222.9</ymax>
    </bndbox>
  </object>
  <object>
    <name>WHITE</name>
    <occluded>0</occluded>
    <bndbox>
      <xmin>631.0</xmin>
      <ymin>226.37</ymin>
      <xmax>681.9</xmax>
      <ymax>271.63</ymax>
    </bndbox>
  </object>
  <object>
    <name>WHITE</name>
    <occluded>0</occluded>
    <bndbox>
      <xmin>574.8</xmin>
      <ymin>278.15</ymin>
      <xmax>626.1</xmax>
      <ymax>321.2</ymax>
    </bndbox>
  </object>
  <object>
    <name>WHITE</name>
    <occluded>0</occluded>
    <bndbox>
      <xmin>642.92</xmin>
      <ymin>107.11</ymin>
      <xmax>687.7</xmax>
      <ymax>145.1</ymax>
    </bndbox>
  </object>
  <object>
    <name>WHITE</name>
    <occluded>0</occluded>
    <bndbox>
      <xmin>589.4</xmin>
      <ymin>142.64</ymin>
      <xmax>636.9</xmax>
      <ymax>187.36</ymax>
    </bndbox>
  </object>
  <object>
    <name>WHITE</name>
    <occluded>0</occluded>
    <bndbox>
      <xmin>485.6</xmin>
      <ymin>105.9</ymin>
      <xmax>535.5</xmax>
      <ymax>135.0</ymax>
    </bndbox>
  </object>
  <object>
    <name>WHITE</name>
    <occluded>0</occluded>
    <bndbox>
      <xmin>334.1</xmin>
      <ymin>155.64</ymin>
      <xmax>373.34</xmax>
      <ymax>193.9</ymax>
    </bndbox>
  </object>
  <object>
    <name>WHITE</name>
    <occluded>0</occluded>
    <bndbox>
      <xmin>396.6</xmin>
      <ymin>102.26</ymin>
      <xmax>437.87</xmax>
      <ymax>134.4</ymax>
    </bndbox>
  </object>
  <object>
    <name>WHITE</name>
    <occluded>0</occluded>
    <bndbox>
      <xmin>357.4</xmin>
      <ymin>190.61</ymin>
      <xmax>408.41</xmax>
      <ymax>225.4</ymax>
    </bndbox>
  </object>
  <object>
    <name>WHITE</name>
    <occluded>0</occluded>
    <bndbox>
      <xmin>531.55</xmin>
      <ymin>176.52</ymin>
      <xmax>581.4</xmax>
      <ymax>221.0</ymax>
    </bndbox>
  </object>
  <object>
    <name>WHITE</name>
    <occluded>0</occluded>
    <bndbox>
      <xmin>764.99</xmin>
      <ymin>664.0</ymin>
      <xmax>813.01</xmax>
      <ymax>713.8</ymax>
    </bndbox>
  </object>
  <object>
    <name>WHITE</name>
    <occluded>0</occluded>
    <bndbox>
      <xmin>739.3</xmin>
      <ymin>589.5</ymin>
      <xmax>785.8</xmax>
      <ymax>639.8</ymax>
    </bndbox>
  </object>
  <object>
    <name>WHITE</name>
    <occluded>0</occluded>
    <bndbox>
      <xmin>689.52</xmin>
      <ymin>489.2</ymin>
      <xmax>738.7</xmax>
      <ymax>544.0</ymax>
    </bndbox>
  </object>
  <object>
    <name>WHITE</name>
    <occluded>0</occluded>
    <bndbox>
      <xmin>672.17</xmin>
      <ymin>392.61</ymin>
      <xmax>722.0</xmax>
      <ymax>443.8</ymax>
    </bndbox>
  </object>
  <object>
    <name>WHITE</name>
    <occluded>0</occluded>
    <bndbox>
      <xmin>598.3</xmin>
      <ymin>377.86</ymin>
      <xmax>653.7</xmax>
      <ymax>429.9</ymax>
    </bndbox>
  </object>
  <object>
    <name>WHITE</name>
    <occluded>0</occluded>
    <bndbox>
      <xmin>701.5</xmin>
      <ymin>675.5</ymin>
      <xmax>746.1</xmax>
      <ymax>726.3</ymax>
    </bndbox>
  </object>
  <object>
    <name>WHITE</name>
    <occluded>0</occluded>
    <bndbox>
      <xmin>656.65</xmin>
      <ymin>592.84</ymin>
      <xmax>710.7</xmax>
      <ymax>648.0</ymax>
    </bndbox>
  </object>
  <object>
    <name>WHITE</name>
    <occluded>0</occluded>
    <bndbox>
      <xmin>606.85</xmin>
      <ymin>502.05</ymin>
      <xmax>663.7</xmax>
      <ymax>557.5</ymax>
    </bndbox>
  </object>
  <object>
    <name>WHITE</name>
    <occluded>0</occluded>
    <bndbox>
      <xmin>536.25</xmin>
      <ymin>429.7</ymin>
      <xmax>592.4</xmax>
      <ymax>484.1</ymax>
    </bndbox>
  </object>
  <object>
    <name>BLACK</name>
    <occluded>0</occluded>
    <bndbox>
      <xmin>617.56</xmin>
      <ymin>696.01</ymin>
      <xmax>671.4</xmax>
      <ymax>750.7</ymax>
    </bndbox>
  </object>
  <object>
    <name>WHITE</name>
    <occluded>0</occluded>
    <bndbox>
      <xmin>566.9</xmin>
      <ymin>605.5</ymin>
      <xmax>617.1</xmax>
      <ymax>661.1</ymax>
    </bndbox>
  </object>
  <object>
    <name>BLACK</name>
    <occluded>0</occluded>
    <bndbox>
      <xmin>461.4</xmin>
      <ymin>462.06</ymin>
      <xmax>521.5</xmax>
      <ymax>523.3</ymax>
    </bndbox>
  </object>
  <object>
    <name>WHITE</name>
    <occluded>0</occluded>
    <bndbox>
      <xmin>529.3</xmin>
      <ymin>526.75</ymin>
      <xmax>582.0</xmax>
      <ymax>581.7</ymax>
    </bndbox>
  </object>
  <object>
    <name>WHITE</name>
    <occluded>0</occluded>
    <bndbox>
      <xmin>500.4</xmin>
      <ymin>640.96</ymin>
      <xmax>559.49</xmax>
      <ymax>696.4</ymax>
    </bndbox>
  </object>
  <object>
    <name>WHITE</name>
    <occluded>0</occluded>
    <bndbox>
      <xmin>449.0</xmin>
      <ymin>557.0</ymin>
      <xmax>506.0</xmax>
      <ymax>609.7</ymax>
    </bndbox>
  </object>
  <object>
    <name>WHITE</name>
    <occluded>0</occluded>
    <bndbox>
      <xmin>903.77</xmin>
      <ymin>660.09</ymin>
      <xmax>939.7</xmax>
      <ymax>709.3</ymax>
    </bndbox>
  </object>
  <object>
    <name>WHITE</name>
    <occluded>0</occluded>
    <bndbox>
      <xmin>943.65</xmin>
      <ymin>529.31</ymin>
      <xmax>967.4</xmax>
      <ymax>576.9</ymax>
    </bndbox>
  </object>
  <object>
    <name>WHITE</name>
    <occluded>0</occluded>
    <bndbox>
      <xmin>464.4</xmin>
      <ymin>208.2</ymin>
      <xmax>518.0</xmax>
      <ymax>255.5</ymax>
    </bndbox>
  </object>
  <object>
    <name>WHITE</name>
    <occluded>0</occluded>
    <bndbox>
      <xmin>900.22</xmin>
      <ymin>585.5</ymin>
      <xmax>932.6</xmax>
      <ymax>634.8</ymax>
    </bndbox>
  </object>
  <object>
    <name>WHITE</name>
    <occluded>0</occluded>
    <bndbox>
      <xmin>839.67</xmin>
      <ymin>651.0</ymin>
      <xmax>880.1</xmax>
      <ymax>703.9</ymax>
    </bndbox>
  </object>
  <object>
    <name>BLACK</name>
    <occluded>0</occluded>
    <bndbox>
      <xmin>244.45</xmin>
      <ymin>306.61</ymin>
      <xmax>272.74</xmax>
      <ymax>356.91</ymax>
    </bndbox>
  </object>
  <object>
    <name>WHITE</name>
    <occluded>0</occluded>
    <bndbox>
      <xmin>276.34</xmin>
      <ymin>220.38</ymin>
      <xmax>315.41</xmax>
      <ymax>263.49</ymax>
    </bndbox>
  </object>
  <object>
    <name>WHITE</name>
    <occluded>0</occluded>
    <bndbox>
      <xmin>824.72</xmin>
      <ymin>140.43</ymin>
      <xmax>862.0</xmax>
      <ymax>175.01</ymax>
    </bndbox>
  </object>
  <object>
    <name>WHITE</name>
    <occluded>0</occluded>
    <bndbox>
      <xmin>866.94</xmin>
      <ymin>206.9</ymin>
      <xmax>900.18</xmax>
      <ymax>251.37</ymax>
    </bndbox>
  </object>
  <object>
    <name>WHITE</name>
    <occluded>0</occluded>
    <bndbox>
      <xmin>939.25</xmin>
      <ymin>357.81</ymin>
      <xmax>965.3</xmax>
      <ymax>401.82</ymax>
    </bndbox>
  </object>
  <object>
    <name>WHITE</name>
    <occluded>0</occluded>
    <bndbox>
      <xmin>900.18</xmin>
      <ymin>347.48</ymin>
      <xmax>927.6</xmax>
      <ymax>390.15</ymax>
    </bndbox>
  </object>
  <object>
    <name>WHITE</name>
    <occluded>0</occluded>
    <bndbox>
      <xmin>849.43</xmin>
      <ymin>263.94</ymin>
      <xmax>886.71</xmax>
      <ymax>308.85</ymax>
    </bndbox>
  </object>
  <object>
    <name>WHITE</name>
    <occluded>0</occluded>
    <bndbox>
      <xmin>938.5</xmin>
      <ymin>608.55</ymin>
      <xmax>960.2</xmax>
      <ymax>650.55</ymax>
    </bndbox>
  </object>
</annotation>
