<annotation>
  <folder>JH</folder>
  <filename>JH_camera9.png</filename>
  <source>
    <database>Unknown</database>
    <annotation>Unknown</annotation>
    <image>Unknown</image>
  </source>
  <size>
    <width>960</width>
    <height>1280</height>
    <depth></depth>
  </size>
  <segmented>0</segmented>
  <object>
    <name>WHITE</name>
    <occluded>0</occluded>
    <bndbox>
      <xmin>591.72</xmin>
      <ymin>826.04</ymin>
      <xmax>633.0</xmax>
      <ymax>869.1</ymax>
    </bndbox>
  </object>
  <object>
    <name>WHITE</name>
    <occluded>0</occluded>
    <bndbox>
      <xmin>642.4</xmin>
      <ymin>764.33</ymin>
      <xmax>674.2</xmax>
      <ymax>811.9</ymax>
    </bndbox>
  </object>
  <object>
    <name>BLACK</name>
    <occluded>0</occluded>
    <bndbox>
      <xmin>592.04</xmin>
      <ymin>868.7</ymin>
      <xmax>633.8</xmax>
      <ymax>920.7</ymax>
    </bndbox>
  </object>
  <object>
    <name>WHITE</name>
    <occluded>0</occluded>
    <bndbox>
      <xmin>262.72</xmin>
      <ymin>498.92</ymin>
      <xmax>301.66</xmax>
      <ymax>533.2</ymax>
    </bndbox>
  </object>
  <object>
    <name>WHITE</name>
    <occluded>0</occluded>
    <bndbox>
      <xmin>238.57</xmin>
      <ymin>619.31</ymin>
      <xmax>279.43</xmax>
      <ymax>657.8</ymax>
    </bndbox>
  </object>
  <object>
    <name>WHITE</name>
    <occluded>0</occluded>
    <bndbox>
      <xmin>385.16</xmin>
      <ymin>450.37</ymin>
      <xmax>429.66</xmax>
      <ymax>474.07</ymax>
    </bndbox>
  </object>
  <object>
    <name>WHITE</name>
    <occluded>0</occluded>
    <bndbox>
      <xmin>527.59</xmin>
      <ymin>860.43</ymin>
      <xmax>574.2</xmax>
      <ymax>904.5</ymax>
    </bndbox>
  </object>
  <object>
    <name>WHITE</name>
    <occluded>0</occluded>
    <bndbox>
      <xmin>622.38</xmin>
      <ymin>493.67</ymin>
      <xmax>654.4</xmax>
      <ymax>528.2</ymax>
    </bndbox>
  </object>
  <object>
    <name>WHITE</name>
    <occluded>0</occluded>
    <bndbox>
      <xmin>650.66</xmin>
      <ymin>905.4</ymin>
      <xmax>685.39</xmax>
      <ymax>948.52</ymax>
    </bndbox>
  </object>
  <object>
    <name>WHITE</name>
    <occluded>0</occluded>
    <bndbox>
      <xmin>690.18</xmin>
      <ymin>873.07</ymin>
      <xmax>715.93</xmax>
      <ymax>917.38</ymax>
    </bndbox>
  </object>
  <object>
    <name>WHITE</name>
    <occluded>0</occluded>
    <bndbox>
      <xmin>660.54</xmin>
      <ymin>668.28</ymin>
      <xmax>689.65</xmax>
      <ymax>707.37</ymax>
    </bndbox>
  </object>
  <object>
    <name>WHITE</name>
    <occluded>0</occluded>
    <bndbox>
      <xmin>636.42</xmin>
      <ymin>598.41</ymin>
      <xmax>666.78</xmax>
      <ymax>640.42</ymax>
    </bndbox>
  </object>
  <object>
    <name>BLACK</name>
    <occluded>0</occluded>
    <bndbox>
      <xmin>161.1</xmin>
      <ymin>733.57</ymin>
      <xmax>192.7</xmax>
      <ymax>778.07</ymax>
    </bndbox>
  </object>
  <object>
    <name>WHITE</name>
    <occluded>0</occluded>
    <bndbox>
      <xmin>179.39</xmin>
      <ymin>650.81</ymin>
      <xmax>203.1</xmax>
      <ymax>692.81</ymax>
    </bndbox>
  </object>
  <object>
    <name>WHITE</name>
    <occluded>0</occluded>
    <bndbox>
      <xmin>413.94</xmin>
      <ymin>484.88</ymin>
      <xmax>458.44</xmax>
      <ymax>518.98</ymax>
    </bndbox>
  </object>
  <object>
    <name>WHITE</name>
    <occluded>0</occluded>
    <bndbox>
      <xmin>471.33</xmin>
      <ymin>450.78</ymin>
      <xmax>511.67</xmax>
      <ymax>487.38</ymax>
    </bndbox>
  </object>
  <object>
    <name>BLACK</name>
    <occluded>0</occluded>
    <bndbox>
      <xmin>353.73</xmin>
      <ymin>420.23</ymin>
      <xmax>396.01</xmax>
      <ymax>451.77</ymax>
    </bndbox>
  </object>
  <object>
    <name>WHITE</name>
    <occluded>0</occluded>
    <bndbox>
      <xmin>424.08</xmin>
      <ymin>410.87</ymin>
      <xmax>466.36</xmax>
      <ymax>441.02</ymax>
    </bndbox>
  </object>
  <object>
    <name>WHITE</name>
    <occluded>0</occluded>
    <bndbox>
      <xmin>500.32</xmin>
      <ymin>418.15</ymin>
      <xmax>539.13</xmax>
      <ymax>444.84</ymax>
    </bndbox>
  </object>
  <object>
    <name>WHITE</name>
    <occluded>0</occluded>
    <bndbox>
      <xmin>297.24</xmin>
      <ymin>425.43</ymin>
      <xmax>332.24</xmax>
      <ymax>456.27</ymax>
    </bndbox>
  </object>
  <object>
    <name>WHITE</name>
    <occluded>0</occluded>
    <bndbox>
      <xmin>467.4</xmin>
      <ymin>372.06</ymin>
      <xmax>506.21</xmax>
      <ymax>396.32</ymax>
    </bndbox>
  </object>
  <object>
    <name>WHITE</name>
    <occluded>0</occluded>
    <bndbox>
      <xmin>382.08</xmin>
      <ymin>862.05</ymin>
      <xmax>418.81</xmax>
      <ymax>904.33</ymax>
    </bndbox>
  </object>
  <object>
    <name>WHITE</name>
    <occluded>0</occluded>
    <bndbox>
      <xmin>210.5</xmin>
      <ymin>569.34</ymin>
      <xmax>244.72</xmax>
      <ymax>608.1</ymax>
    </bndbox>
  </object>
  <object>
    <name>WHITE</name>
    <occluded>0</occluded>
    <bndbox>
      <xmin>636.78</xmin>
      <ymin>708.92</ymin>
      <xmax>663.22</xmax>
      <ymax>749.08</ymax>
    </bndbox>
  </object>
  <object>
    <name>WHITE</name>
    <occluded>0</occluded>
    <bndbox>
      <xmin>448.42</xmin>
      <ymin>809.17</ymin>
      <xmax>490.42</xmax>
      <ymax>852.17</ymax>
    </bndbox>
  </object>
  <object>
    <name>WHITE</name>
    <occluded>0</occluded>
    <bndbox>
      <xmin>524.8</xmin>
      <ymin>809.0</ymin>
      <xmax>565.5</xmax>
      <ymax>853.5</ymax>
    </bndbox>
  </object>
  <object>
    <name>WHITE</name>
    <occluded>0</occluded>
    <bndbox>
      <xmin>496.02</xmin>
      <ymin>744.75</ymin>
      <xmax>541.4</xmax>
      <ymax>789.2</ymax>
    </bndbox>
  </object>
  <object>
    <name>BLACK</name>
    <occluded>0</occluded>
    <bndbox>
      <xmin>556.51</xmin>
      <ymin>676.76</ymin>
      <xmax>598.0</xmax>
      <ymax>722.8</ymax>
    </bndbox>
  </object>
  <object>
    <name>WHITE</name>
    <occluded>0</occluded>
    <bndbox>
      <xmin>651.61</xmin>
      <ymin>846.69</ymin>
      <xmax>684.6</xmax>
      <ymax>891.3</ymax>
    </bndbox>
  </object>
  <object>
    <name>WHITE</name>
    <occluded>0</occluded>
    <bndbox>
      <xmin>691.8</xmin>
      <ymin>793.0</ymin>
      <xmax>718.0</xmax>
      <ymax>834.7</ymax>
    </bndbox>
  </object>
  <object>
    <name>WHITE</name>
    <occluded>0</occluded>
    <bndbox>
      <xmin>601.28</xmin>
      <ymin>524.3</ymin>
      <xmax>632.2</xmax>
      <ymax>563.2</ymax>
    </bndbox>
  </object>
  <object>
    <name>WHITE</name>
    <occluded>0</occluded>
    <bndbox>
      <xmin>558.89</xmin>
      <ymin>566.49</ymin>
      <xmax>596.7</xmax>
      <ymax>602.2</ymax>
    </bndbox>
  </object>
  <object>
    <name>WHITE</name>
    <occluded>0</occluded>
    <bndbox>
      <xmin>515.84</xmin>
      <ymin>605.01</ymin>
      <xmax>560.5</xmax>
      <ymax>645.9</ymax>
    </bndbox>
  </object>
  <object>
    <name>WHITE</name>
    <occluded>0</occluded>
    <bndbox>
      <xmin>465.62</xmin>
      <ymin>668.7</ymin>
      <xmax>507.1</xmax>
      <ymax>714.0</ymax>
    </bndbox>
  </object>
  <object>
    <name>WHITE</name>
    <occluded>0</occluded>
    <bndbox>
      <xmin>420.43</xmin>
      <ymin>739.43</ymin>
      <xmax>463.57</xmax>
      <ymax>787.1</ymax>
    </bndbox>
  </object>
  <object>
    <name>WHITE</name>
    <occluded>0</occluded>
    <bndbox>
      <xmin>549.61</xmin>
      <ymin>465.44</ymin>
      <xmax>589.2</xmax>
      <ymax>498.8</ymax>
    </bndbox>
  </object>
  <object>
    <name>WHITE</name>
    <occluded>0</occluded>
    <bndbox>
      <xmin>513.8</xmin>
      <ymin>503.9</ymin>
      <xmax>553.9</xmax>
      <ymax>537.9</ymax>
    </bndbox>
  </object>
  <object>
    <name>WHITE</name>
    <occluded>0</occluded>
    <bndbox>
      <xmin>472.3</xmin>
      <ymin>537.6</ymin>
      <xmax>514.7</xmax>
      <ymax>578.8</ymax>
    </bndbox>
  </object>
  <object>
    <name>WHITE</name>
    <occluded>0</occluded>
    <bndbox>
      <xmin>371.0</xmin>
      <ymin>668.5</ymin>
      <xmax>413.0</xmax>
      <ymax>713.7</ymax>
    </bndbox>
  </object>
  <object>
    <name>WHITE</name>
    <occluded>0</occluded>
    <bndbox>
      <xmin>370.8</xmin>
      <ymin>535.0</ymin>
      <xmax>412.0</xmax>
      <ymax>574.0</ymax>
    </bndbox>
  </object>
  <object>
    <name>WHITE</name>
    <occluded>0</occluded>
    <bndbox>
      <xmin>285.5</xmin>
      <ymin>677.5</ymin>
      <xmax>327.9</xmax>
      <ymax>724.3</ymax>
    </bndbox>
  </object>
  <object>
    <name>WHITE</name>
    <occluded>0</occluded>
    <bndbox>
      <xmin>260.0</xmin>
      <ymin>767.0</ymin>
      <xmax>297.7</xmax>
      <ymax>813.6</ymax>
    </bndbox>
  </object>
  <object>
    <name>WHITE</name>
    <occluded>0</occluded>
    <bndbox>
      <xmin>289.65</xmin>
      <ymin>543.5</ymin>
      <xmax>330.35</xmax>
      <ymax>580.6</ymax>
    </bndbox>
  </object>
  <object>
    <name>WHITE</name>
    <occluded>0</occluded>
    <bndbox>
      <xmin>241.27</xmin>
      <ymin>472.41</ymin>
      <xmax>275.37</xmax>
      <ymax>503.6</ymax>
    </bndbox>
  </object>
  <object>
    <name>WHITE</name>
    <occluded>0</occluded>
    <bndbox>
      <xmin>215.84</xmin>
      <ymin>704.39</ymin>
      <xmax>248.78</xmax>
      <ymax>747.31</ymax>
    </bndbox>
  </object>
  <object>
    <name>WHITE</name>
    <occluded>0</occluded>
    <bndbox>
      <xmin>574.75</xmin>
      <ymin>438.06</ymin>
      <xmax>612.6</xmax>
      <ymax>465.51</ymax>
    </bndbox>
  </object>
  <object>
    <name>WHITE</name>
    <occluded>0</occluded>
    <bndbox>
      <xmin>364.74</xmin>
      <ymin>390.23</ymin>
      <xmax>403.83</xmax>
      <ymax>413.52</ymax>
    </bndbox>
  </object>
  <object>
    <name>WHITE</name>
    <occluded>0</occluded>
    <bndbox>
      <xmin>580.24</xmin>
      <ymin>751.13</ymin>
      <xmax>613.76</xmax>
      <ymax>792.87</ymax>
    </bndbox>
  </object>
  <object>
    <name>WHITE</name>
    <occluded>0</occluded>
    <bndbox>
      <xmin>461.23</xmin>
      <ymin>858.8</ymin>
      <xmax>504.77</xmax>
      <ymax>899.2</ymax>
    </bndbox>
  </object>
  <object>
    <name>WHITE</name>
    <occluded>0</occluded>
    <bndbox>
      <xmin>612.4</xmin>
      <ymin>635.92</ymin>
      <xmax>639.6</xmax>
      <ymax>676.08</ymax>
    </bndbox>
  </object>
  <object>
    <name>WHITE</name>
    <occluded>0</occluded>
    <bndbox>
      <xmin>368.31</xmin>
      <ymin>814.76</ymin>
      <xmax>411.69</xmax>
      <ymax>857.24</ymax>
    </bndbox>
  </object>
  <object>
    <name>WHITE</name>
    <occluded>0</occluded>
    <bndbox>
      <xmin>417.2</xmin>
      <ymin>596.2</ymin>
      <xmax>456.8</xmax>
      <ymax>635.8</ymax>
    </bndbox>
  </object>
  <object>
    <name>WHITE</name>
    <occluded>0</occluded>
    <bndbox>
      <xmin>328.0</xmin>
      <ymin>750.5</ymin>
      <xmax>368.0</xmax>
      <ymax>793.5</ymax>
    </bndbox>
  </object>
  <object>
    <name>WHITE</name>
    <occluded>0</occluded>
    <bndbox>
      <xmin>296.49</xmin>
      <ymin>826.2</ymin>
      <xmax>337.51</xmax>
      <ymax>865.8</ymax>
    </bndbox>
  </object>
  <object>
    <name>WHITE</name>
    <occluded>0</occluded>
    <bndbox>
      <xmin>251.17</xmin>
      <ymin>886.39</ymin>
      <xmax>294.83</xmax>
      <ymax>921.61</ymax>
    </bndbox>
  </object>
  <object>
    <name>WHITE</name>
    <occluded>0</occluded>
    <bndbox>
      <xmin>324.5</xmin>
      <ymin>603.5</ymin>
      <xmax>363.5</xmax>
      <ymax>640.5</ymax>
    </bndbox>
  </object>
  <object>
    <name>WHITE</name>
    <occluded>0</occluded>
    <bndbox>
      <xmin>236.0</xmin>
      <ymin>844.5</ymin>
      <xmax>268.0</xmax>
      <ymax>885.5</ymax>
    </bndbox>
  </object>
  <object>
    <name>WHITE</name>
    <occluded>0</occluded>
    <bndbox>
      <xmin>339.0</xmin>
      <ymin>490.0</ymin>
      <xmax>377.0</xmax>
      <ymax>520.0</ymax>
    </bndbox>
  </object>
  <object>
    <name>WHITE</name>
    <occluded>0</occluded>
    <bndbox>
      <xmin>203.5</xmin>
      <ymin>788.0</ymin>
      <xmax>234.5</xmax>
      <ymax>830.0</ymax>
    </bndbox>
  </object>
</annotation>
