<annotation>
  <folder>JH</folder>
  <filename>JH_camera10.png</filename>
  <source>
    <database>Unknown</database>
    <annotation>Unknown</annotation>
    <image>Unknown</image>
  </source>
  <size>
    <width>1280</width>
    <height>960</height>
    <depth></depth>
  </size>
  <segmented>0</segmented>
  <object>
    <name>WHITE</name>
    <occluded>0</occluded>
    <bndbox>
      <xmin>305.62</xmin>
      <ymin>465.38</ymin>
      <xmax>339.31</xmax>
      <ymax>510.29</ymax>
    </bndbox>
  </object>
  <object>
    <name>WHITE</name>
    <occluded>0</occluded>
    <bndbox>
      <xmin>874.41</xmin>
      <ymin>379.25</ymin>
      <xmax>916.71</xmax>
      <ymax>427.53</ymax>
    </bndbox>
  </object>
  <object>
    <name>WHITE</name>
    <occluded>0</occluded>
    <bndbox>
      <xmin>757.97</xmin>
      <ymin>667.01</ymin>
      <xmax>800.39</xmax>
      <ymax>719.34</ymax>
    </bndbox>
  </object>
  <object>
    <name>WHITE</name>
    <occluded>0</occluded>
    <bndbox>
      <xmin>752.67</xmin>
      <ymin>615.41</ymin>
      <xmax>801.33</xmax>
      <ymax>662.59</ymax>
    </bndbox>
  </object>
  <object>
    <name>WHITE</name>
    <occluded>0</occluded>
    <bndbox>
      <xmin>697.4</xmin>
      <ymin>693.51</ymin>
      <xmax>746.6</xmax>
      <ymax>744.49</ymax>
    </bndbox>
  </object>
  <object>
    <name>WHITE</name>
    <occluded>0</occluded>
    <bndbox>
      <xmin>706.96</xmin>
      <ymin>527.73</ymin>
      <xmax>757.04</xmax>
      <ymax>578.27</ymax>
    </bndbox>
  </object>
  <object>
    <name>WHITE</name>
    <occluded>0</occluded>
    <bndbox>
      <xmin>828.38</xmin>
      <ymin>300.65</ymin>
      <xmax>865.06</xmax>
      <ymax>342.94</ymax>
    </bndbox>
  </object>
  <object>
    <name>WHITE</name>
    <occluded>0</occluded>
    <bndbox>
      <xmin>851.58</xmin>
      <ymin>257.98</ymin>
      <xmax>886.02</xmax>
      <ymax>294.66</ymax>
    </bndbox>
  </object>
  <object>
    <name>WHITE</name>
    <occluded>0</occluded>
    <bndbox>
      <xmin>701.5</xmin>
      <ymin>172.27</ymin>
      <xmax>748.66</xmax>
      <ymax>208.21</ymax>
    </bndbox>
  </object>
  <object>
    <name>WHITE</name>
    <occluded>0</occluded>
    <bndbox>
      <xmin>605.31</xmin>
      <ymin>178.64</ymin>
      <xmax>656.21</xmax>
      <ymax>215.32</ymax>
    </bndbox>
  </object>
  <object>
    <name>WHITE</name>
    <occluded>0</occluded>
    <bndbox>
      <xmin>646.11</xmin>
      <ymin>140.09</ymin>
      <xmax>689.9</xmax>
      <ymax>163.67</ymax>
    </bndbox>
  </object>
  <object>
    <name>WHITE</name>
    <occluded>0</occluded>
    <bndbox>
      <xmin>553.29</xmin>
      <ymin>145.33</ymin>
      <xmax>603.06</xmax>
      <ymax>170.8</ymax>
    </bndbox>
  </object>
  <object>
    <name>BLACK</name>
    <occluded>0</occluded>
    <bndbox>
      <xmin>481.42</xmin>
      <ymin>171.15</ymin>
      <xmax>523.72</xmax>
      <ymax>206.33</ymax>
    </bndbox>
  </object>
  <object>
    <name>WHITE</name>
    <occluded>0</occluded>
    <bndbox>
      <xmin>385.99</xmin>
      <ymin>250.5</ymin>
      <xmax>421.92</xmax>
      <ymax>292.42</ymax>
    </bndbox>
  </object>
  <object>
    <name>WHITE</name>
    <occluded>0</occluded>
    <bndbox>
      <xmin>307.39</xmin>
      <ymin>401.7</ymin>
      <xmax>341.82</xmax>
      <ymax>447.74</ymax>
    </bndbox>
  </object>
  <object>
    <name>WHITE</name>
    <occluded>0</occluded>
    <bndbox>
      <xmin>237.51</xmin>
      <ymin>565.16</ymin>
      <xmax>260.9</xmax>
      <ymax>613.81</ymax>
    </bndbox>
  </object>
  <object>
    <name>WHITE</name>
    <occluded>0</occluded>
    <bndbox>
      <xmin>662.5</xmin>
      <ymin>228.5</ymin>
      <xmax>712.7</xmax>
      <ymax>265.0</ymax>
    </bndbox>
  </object>
  <object>
    <name>WHITE</name>
    <occluded>0</occluded>
    <bndbox>
      <xmin>502.5</xmin>
      <ymin>700.5</ymin>
      <xmax>549.5</xmax>
      <ymax>759.6</ymax>
    </bndbox>
  </object>
  <object>
    <name>WHITE</name>
    <occluded>0</occluded>
    <bndbox>
      <xmin>553.25</xmin>
      <ymin>619.72</ymin>
      <xmax>610.6</xmax>
      <ymax>675.4</ymax>
    </bndbox>
  </object>
  <object>
    <name>WHITE</name>
    <occluded>0</occluded>
    <bndbox>
      <xmin>839.19</xmin>
      <ymin>679.61</ymin>
      <xmax>885.0</xmax>
      <ymax>716.89</ymax>
    </bndbox>
  </object>
  <object>
    <name>BLACK</name>
    <occluded>0</occluded>
    <bndbox>
      <xmin>275.98</xmin>
      <ymin>535.44</ymin>
      <xmax>309.66</xmax>
      <ymax>586.64</ymax>
    </bndbox>
  </object>
  <object>
    <name>WHITE</name>
    <occluded>0</occluded>
    <bndbox>
      <xmin>238.7</xmin>
      <ymin>649.52</ymin>
      <xmax>267.44</xmax>
      <ymax>701.62</ymax>
    </bndbox>
  </object>
  <object>
    <name>WHITE</name>
    <occluded>0</occluded>
    <bndbox>
      <xmin>290.35</xmin>
      <ymin>616.28</ymin>
      <xmax>332.57</xmax>
      <ymax>665.24</ymax>
    </bndbox>
  </object>
  <object>
    <name>WHITE</name>
    <occluded>0</occluded>
    <bndbox>
      <xmin>894.43</xmin>
      <ymin>632.45</ymin>
      <xmax>933.05</xmax>
      <ymax>679.16</ymax>
    </bndbox>
  </object>
  <object>
    <name>WHITE</name>
    <occluded>0</occluded>
    <bndbox>
      <xmin>229.27</xmin>
      <ymin>755.96</ymin>
      <xmax>255.32</xmax>
      <ymax>805.82</ymax>
    </bndbox>
  </object>
  <object>
    <name>BLACK</name>
    <occluded>0</occluded>
    <bndbox>
      <xmin>245.89</xmin>
      <ymin>852.53</ymin>
      <xmax>280.92</xmax>
      <ymax>901.48</ymax>
    </bndbox>
  </object>
  <object>
    <name>WHITE</name>
    <occluded>0</occluded>
    <bndbox>
      <xmin>346.04</xmin>
      <ymin>330.19</ymin>
      <xmax>377.93</xmax>
      <ymax>374.2</ymax>
    </bndbox>
  </object>
  <object>
    <name>WHITE</name>
    <occluded>0</occluded>
    <bndbox>
      <xmin>376.13</xmin>
      <ymin>389.02</ymin>
      <xmax>415.66</xmax>
      <ymax>436.63</ymax>
    </bndbox>
  </object>
  <object>
    <name>WHITE</name>
    <occluded>0</occluded>
    <bndbox>
      <xmin>415.5</xmin>
      <ymin>729.5</ymin>
      <xmax>457.8</xmax>
      <ymax>783.9</ymax>
    </bndbox>
  </object>
  <object>
    <name>WHITE</name>
    <occluded>0</occluded>
    <bndbox>
      <xmin>514.11</xmin>
      <ymin>535.11</ymin>
      <xmax>566.1</xmax>
      <ymax>589.8</ymax>
    </bndbox>
  </object>
  <object>
    <name>WHITE</name>
    <occluded>0</occluded>
    <bndbox>
      <xmin>780.7</xmin>
      <ymin>366.07</ymin>
      <xmax>830.3</xmax>
      <ymax>413.93</ymax>
    </bndbox>
  </object>
  <object>
    <name>WHITE</name>
    <occluded>0</occluded>
    <bndbox>
      <xmin>446.1</xmin>
      <ymin>368.07</ymin>
      <xmax>490.08</xmax>
      <ymax>412.4</ymax>
    </bndbox>
  </object>
  <object>
    <name>BLACK</name>
    <occluded>0</occluded>
    <bndbox>
      <xmin>736.68</xmin>
      <ymin>446.39</ymin>
      <xmax>791.3</xmax>
      <ymax>500.6</ymax>
    </bndbox>
  </object>
  <object>
    <name>WHITE</name>
    <occluded>0</occluded>
    <bndbox>
      <xmin>798.8</xmin>
      <ymin>540.62</ymin>
      <xmax>841.7</xmax>
      <ymax>589.38</ymax>
    </bndbox>
  </object>
  <object>
    <name>WHITE</name>
    <occluded>0</occluded>
    <bndbox>
      <xmin>651.8</xmin>
      <ymin>611.73</ymin>
      <xmax>705.04</xmax>
      <ymax>662.27</ymax>
    </bndbox>
  </object>
  <object>
    <name>WHITE</name>
    <occluded>0</occluded>
    <bndbox>
      <xmin>336.4</xmin>
      <ymin>771.11</ymin>
      <xmax>375.4</xmax>
      <ymax>827.3</ymax>
    </bndbox>
  </object>
  <object>
    <name>WHITE</name>
    <occluded>0</occluded>
    <bndbox>
      <xmin>278.45</xmin>
      <ymin>719.59</ymin>
      <xmax>312.9</xmax>
      <ymax>771.2</ymax>
    </bndbox>
  </object>
  <object>
    <name>WHITE</name>
    <occluded>0</occluded>
    <bndbox>
      <xmin>532.7</xmin>
      <ymin>459.0</ymin>
      <xmax>586.82</xmax>
      <ymax>508.26</ymax>
    </bndbox>
  </object>
  <object>
    <name>WHITE</name>
    <occluded>0</occluded>
    <bndbox>
      <xmin>277.67</xmin>
      <ymin>813.17</ymin>
      <xmax>314.0</xmax>
      <ymax>864.3</ymax>
    </bndbox>
  </object>
  <object>
    <name>WHITE</name>
    <occluded>0</occluded>
    <bndbox>
      <xmin>871.59</xmin>
      <ymin>551.15</ymin>
      <xmax>907.2</xmax>
      <ymax>598.15</ymax>
    </bndbox>
  </object>
  <object>
    <name>WHITE</name>
    <occluded>0</occluded>
    <bndbox>
      <xmin>500.0</xmin>
      <ymin>413.0</ymin>
      <xmax>544.0</xmax>
      <ymax>461.0</ymax>
    </bndbox>
  </object>
  <object>
    <name>WHITE</name>
    <occluded>0</occluded>
    <bndbox>
      <xmin>353.66</xmin>
      <ymin>677.96</ymin>
      <xmax>399.4</xmax>
      <ymax>732.7</ymax>
    </bndbox>
  </object>
  <object>
    <name>WHITE</name>
    <occluded>0</occluded>
    <bndbox>
      <xmin>513.82</xmin>
      <ymin>198.41</ymin>
      <xmax>563.2</xmax>
      <ymax>241.5</ymax>
    </bndbox>
  </object>
  <object>
    <name>WHITE</name>
    <occluded>0</occluded>
    <bndbox>
      <xmin>573.52</xmin>
      <ymin>388.97</ymin>
      <xmax>622.3</xmax>
      <ymax>437.3</ymax>
    </bndbox>
  </object>
  <object>
    <name>WHITE</name>
    <occluded>0</occluded>
    <bndbox>
      <xmin>780.2</xmin>
      <ymin>196.3</ymin>
      <xmax>820.81</xmax>
      <ymax>231.47</ymax>
    </bndbox>
  </object>
  <object>
    <name>BLACK</name>
    <occluded>0</occluded>
    <bndbox>
      <xmin>598.69</xmin>
      <ymin>685.49</ymin>
      <xmax>657.4</xmax>
      <ymax>745.5</ymax>
    </bndbox>
  </object>
  <object>
    <name>WHITE</name>
    <occluded>0</occluded>
    <bndbox>
      <xmin>611.3</xmin>
      <ymin>301.86</ymin>
      <xmax>662.1</xmax>
      <ymax>346.1</ymax>
    </bndbox>
  </object>
  <object>
    <name>WHITE</name>
    <occluded>0</occluded>
    <bndbox>
      <xmin>436.8</xmin>
      <ymin>232.4</ymin>
      <xmax>474.4</xmax>
      <ymax>277.1</ymax>
    </bndbox>
  </object>
  <object>
    <name>WHITE</name>
    <occluded>0</occluded>
    <bndbox>
      <xmin>561.74</xmin>
      <ymin>244.99</ymin>
      <xmax>607.9</xmax>
      <ymax>284.9</ymax>
    </bndbox>
  </object>
  <object>
    <name>WHITE</name>
    <occluded>0</occluded>
    <bndbox>
      <xmin>456.0</xmin>
      <ymin>626.3</ymin>
      <xmax>502.0</xmax>
      <ymax>684.8</ymax>
    </bndbox>
  </object>
  <object>
    <name>WHITE</name>
    <occluded>0</occluded>
    <bndbox>
      <xmin>837.34</xmin>
      <ymin>621.3</ymin>
      <xmax>872.34</xmax>
      <ymax>670.3</ymax>
    </bndbox>
  </object>
  <object>
    <name>WHITE</name>
    <occluded>0</occluded>
    <bndbox>
      <xmin>831.96</xmin>
      <ymin>454.86</ymin>
      <xmax>875.1</xmax>
      <ymax>508.2</ymax>
    </bndbox>
  </object>
  <object>
    <name>WHITE</name>
    <occluded>0</occluded>
    <bndbox>
      <xmin>526.05</xmin>
      <ymin>335.6</ymin>
      <xmax>571.95</xmax>
      <ymax>376.4</ymax>
    </bndbox>
  </object>
  <object>
    <name>WHITE</name>
    <occluded>0</occluded>
    <bndbox>
      <xmin>609.0</xmin>
      <ymin>530.5</ymin>
      <xmax>659.0</xmax>
      <ymax>579.5</ymax>
    </bndbox>
  </object>
  <object>
    <name>WHITE</name>
    <occluded>0</occluded>
    <bndbox>
      <xmin>481.04</xmin>
      <ymin>276.42</ymin>
      <xmax>527.7</xmax>
      <ymax>324.6</ymax>
    </bndbox>
  </object>
  <object>
    <name>WHITE</name>
    <occluded>0</occluded>
    <bndbox>
      <xmin>402.0</xmin>
      <ymin>311.02</ymin>
      <xmax>438.21</xmax>
      <ymax>363.0</ymax>
    </bndbox>
  </object>
  <object>
    <name>WHITE</name>
    <occluded>0</occluded>
    <bndbox>
      <xmin>621.53</xmin>
      <ymin>455.0</ymin>
      <xmax>674.5</xmax>
      <ymax>503.39</ymax>
    </bndbox>
  </object>
  <object>
    <name>WHITE</name>
    <occluded>0</occluded>
    <bndbox>
      <xmin>664.4</xmin>
      <ymin>367.85</ymin>
      <xmax>714.91</xmax>
      <ymax>417.9</ymax>
    </bndbox>
  </object>
  <object>
    <name>WHITE</name>
    <occluded>0</occluded>
    <bndbox>
      <xmin>720.5</xmin>
      <ymin>292.5</ymin>
      <xmax>770.4</xmax>
      <ymax>336.0</ymax>
    </bndbox>
  </object>
  <object>
    <name>WHITE</name>
    <occluded>0</occluded>
    <bndbox>
      <xmin>762.28</xmin>
      <ymin>231.02</ymin>
      <xmax>807.8</xmax>
      <ymax>273.6</ymax>
    </bndbox>
  </object>
</annotation>
