<annotation>
  <folder>JH</folder>
  <filename>JH_camera5.png</filename>
  <source>
    <database>Unknown</database>
    <annotation>Unknown</annotation>
    <image>Unknown</image>
  </source>
  <size>
    <width>1280</width>
    <height>960</height>
    <depth></depth>
  </size>
  <segmented>0</segmented>
  <object>
    <name>WHITE</name>
    <occluded>0</occluded>
    <bndbox>
      <xmin>702.5</xmin>
      <ymin>554.6</ymin>
      <xmax>736.01</xmax>
      <ymax>596.9</ymax>
    </bndbox>
  </object>
  <object>
    <name>WHITE</name>
    <occluded>0</occluded>
    <bndbox>
      <xmin>496.5</xmin>
      <ymin>317.0</ymin>
      <xmax>537.5</xmax>
      <ymax>353.0</ymax>
    </bndbox>
  </object>
  <object>
    <name>WHITE</name>
    <occluded>0</occluded>
    <bndbox>
      <xmin>548.5</xmin>
      <ymin>585.0</ymin>
      <xmax>589.5</xmax>
      <ymax>625.0</ymax>
    </bndbox>
  </object>
  <object>
    <name>WHITE</name>
    <occluded>0</occluded>
    <bndbox>
      <xmin>685.99</xmin>
      <ymin>430.63</ymin>
      <xmax>718.01</xmax>
      <ymax>471.37</ymax>
    </bndbox>
  </object>
  <object>
    <name>WHITE</name>
    <occluded>0</occluded>
    <bndbox>
      <xmin>738.84</xmin>
      <ymin>404.09</ymin>
      <xmax>763.16</xmax>
      <ymax>443.91</ymax>
    </bndbox>
  </object>
  <object>
    <name>WHITE</name>
    <occluded>0</occluded>
    <bndbox>
      <xmin>477.67</xmin>
      <ymin>258.34</ymin>
      <xmax>518.93</xmax>
      <ymax>298.5</ymax>
    </bndbox>
  </object>
  <object>
    <name>WHITE</name>
    <occluded>0</occluded>
    <bndbox>
      <xmin>414.6</xmin>
      <ymin>304.32</ymin>
      <xmax>455.63</xmax>
      <ymax>347.8</ymax>
    </bndbox>
  </object>
  <object>
    <name>WHITE</name>
    <occluded>0</occluded>
    <bndbox>
      <xmin>346.32</xmin>
      <ymin>364.21</ymin>
      <xmax>387.92</xmax>
      <ymax>411.5</ymax>
    </bndbox>
  </object>
  <object>
    <name>WHITE</name>
    <occluded>0</occluded>
    <bndbox>
      <xmin>303.13</xmin>
      <ymin>436.38</ymin>
      <xmax>338.1</xmax>
      <ymax>480.7</ymax>
    </bndbox>
  </object>
  <object>
    <name>BLACK</name>
    <occluded>0</occluded>
    <bndbox>
      <xmin>267.88</xmin>
      <ymin>434.77</ymin>
      <xmax>289.0</xmax>
      <ymax>483.2</ymax>
    </bndbox>
  </object>
  <object>
    <name>WHITE</name>
    <occluded>0</occluded>
    <bndbox>
      <xmin>293.2</xmin>
      <ymin>367.71</ymin>
      <xmax>324.03</xmax>
      <ymax>406.5</ymax>
    </bndbox>
  </object>
  <object>
    <name>WHITE</name>
    <occluded>0</occluded>
    <bndbox>
      <xmin>594.51</xmin>
      <ymin>321.5</ymin>
      <xmax>634.9</xmax>
      <ymax>365.5</ymax>
    </bndbox>
  </object>
  <object>
    <name>WHITE</name>
    <occluded>0</occluded>
    <bndbox>
      <xmin>590.0</xmin>
      <ymin>771.14</ymin>
      <xmax>631.9</xmax>
      <ymax>803.1</ymax>
    </bndbox>
  </object>
  <object>
    <name>WHITE</name>
    <occluded>0</occluded>
    <bndbox>
      <xmin>634.3</xmin>
      <ymin>701.86</ymin>
      <xmax>673.02</xmax>
      <ymax>743.6</ymax>
    </bndbox>
  </object>
  <object>
    <name>WHITE</name>
    <occluded>0</occluded>
    <bndbox>
      <xmin>672.6</xmin>
      <ymin>632.17</ymin>
      <xmax>706.13</xmax>
      <ymax>671.5</ymax>
    </bndbox>
  </object>
  <object>
    <name>WHITE</name>
    <occluded>0</occluded>
    <bndbox>
      <xmin>775.2</xmin>
      <ymin>379.04</ymin>
      <xmax>802.2</xmax>
      <ymax>421.8</ymax>
    </bndbox>
  </object>
  <object>
    <name>WHITE</name>
    <occluded>0</occluded>
    <bndbox>
      <xmin>708.0</xmin>
      <ymin>677.34</ymin>
      <xmax>741.03</xmax>
      <ymax>716.5</ymax>
    </bndbox>
  </object>
  <object>
    <name>WHITE</name>
    <occluded>0</occluded>
    <bndbox>
      <xmin>670.5</xmin>
      <ymin>748.05</ymin>
      <xmax>701.96</xmax>
      <ymax>781.9</ymax>
    </bndbox>
  </object>
  <object>
    <name>WHITE</name>
    <occluded>0</occluded>
    <bndbox>
      <xmin>619.25</xmin>
      <ymin>805.09</ymin>
      <xmax>661.4</xmax>
      <ymax>842.5</ymax>
    </bndbox>
  </object>
  <object>
    <name>WHITE</name>
    <occluded>0</occluded>
    <bndbox>
      <xmin>733.88</xmin>
      <ymin>480.37</ymin>
      <xmax>759.88</xmax>
      <ymax>520.37</ymax>
    </bndbox>
  </object>
  <object>
    <name>WHITE</name>
    <occluded>0</occluded>
    <bndbox>
      <xmin>338.83</xmin>
      <ymin>811.2</ymin>
      <xmax>365.4</xmax>
      <ymax>847.88</ymax>
    </bndbox>
  </object>
  <object>
    <name>WHITE</name>
    <occluded>0</occluded>
    <bndbox>
      <xmin>297.66</xmin>
      <ymin>574.66</ymin>
      <xmax>324.98</xmax>
      <ymax>616.95</ymax>
    </bndbox>
  </object>
  <object>
    <name>WHITE</name>
    <occluded>0</occluded>
    <bndbox>
      <xmin>346.31</xmin>
      <ymin>300.69</ymin>
      <xmax>382.99</xmax>
      <ymax>340.36</ymax>
    </bndbox>
  </object>
  <object>
    <name>WHITE</name>
    <occluded>0</occluded>
    <bndbox>
      <xmin>398.34</xmin>
      <ymin>221.72</ymin>
      <xmax>432.02</xmax>
      <ymax>254.65</ymax>
    </bndbox>
  </object>
  <object>
    <name>WHITE</name>
    <occluded>0</occluded>
    <bndbox>
      <xmin>407.69</xmin>
      <ymin>253.9</ymin>
      <xmax>448.86</xmax>
      <ymax>286.84</ymax>
    </bndbox>
  </object>
  <object>
    <name>WHITE</name>
    <occluded>0</occluded>
    <bndbox>
      <xmin>472.44</xmin>
      <ymin>217.22</ymin>
      <xmax>513.61</xmax>
      <ymax>248.29</ymax>
    </bndbox>
  </object>
  <object>
    <name>WHITE</name>
    <occluded>0</occluded>
    <bndbox>
      <xmin>728.45</xmin>
      <ymin>329.51</ymin>
      <xmax>757.64</xmax>
      <ymax>371.43</ymax>
    </bndbox>
  </object>
  <object>
    <name>WHITE</name>
    <occluded>0</occluded>
    <bndbox>
      <xmin>414.99</xmin>
      <ymin>889.34</ymin>
      <xmax>455.0</xmax>
      <ymax>916.0</ymax>
    </bndbox>
  </object>
  <object>
    <name>WHITE</name>
    <occluded>0</occluded>
    <bndbox>
      <xmin>444.2</xmin>
      <ymin>861.0</ymin>
      <xmax>483.6</xmax>
      <ymax>889.5</ymax>
    </bndbox>
  </object>
  <object>
    <name>WHITE</name>
    <occluded>0</occluded>
    <bndbox>
      <xmin>671.56</xmin>
      <ymin>293.58</ymin>
      <xmax>702.2</xmax>
      <ymax>338.86</ymax>
    </bndbox>
  </object>
  <object>
    <name>WHITE</name>
    <occluded>0</occluded>
    <bndbox>
      <xmin>780.1</xmin>
      <ymin>455.26</ymin>
      <xmax>803.68</xmax>
      <ymax>495.69</ymax>
    </bndbox>
  </object>
  <object>
    <name>WHITE</name>
    <occluded>0</occluded>
    <bndbox>
      <xmin>766.25</xmin>
      <ymin>528.62</ymin>
      <xmax>793.57</xmax>
      <ymax>568.3</ymax>
    </bndbox>
  </object>
  <object>
    <name>WHITE</name>
    <occluded>0</occluded>
    <bndbox>
      <xmin>748.66</xmin>
      <ymin>600.48</ymin>
      <xmax>775.98</xmax>
      <ymax>639.03</ymax>
    </bndbox>
  </object>
  <object>
    <name>WHITE</name>
    <occluded>0</occluded>
    <bndbox>
      <xmin>738.55</xmin>
      <ymin>744.2</ymin>
      <xmax>767.75</xmax>
      <ymax>778.26</ymax>
    </bndbox>
  </object>
  <object>
    <name>WHITE</name>
    <occluded>0</occluded>
    <bndbox>
      <xmin>692.89</xmin>
      <ymin>775.27</ymin>
      <xmax>723.58</xmax>
      <ymax>812.32</ymax>
    </bndbox>
  </object>
  <object>
    <name>WHITE</name>
    <occluded>0</occluded>
    <bndbox>
      <xmin>324.0</xmin>
      <ymin>642.18</ymin>
      <xmax>360.68</xmax>
      <ymax>681.47</ymax>
    </bndbox>
  </object>
  <object>
    <name>BLACK</name>
    <occluded>0</occluded>
    <bndbox>
      <xmin>617.21</xmin>
      <ymin>454.51</ymin>
      <xmax>659.0</xmax>
      <ymax>505.4</ymax>
    </bndbox>
  </object>
  <object>
    <name>WHITE</name>
    <occluded>0</occluded>
    <bndbox>
      <xmin>573.1</xmin>
      <ymin>513.86</ymin>
      <xmax>618.5</xmax>
      <ymax>560.9</ymax>
    </bndbox>
  </object>
  <object>
    <name>WHITE</name>
    <occluded>0</occluded>
    <bndbox>
      <xmin>312.8</xmin>
      <ymin>694.9</ymin>
      <xmax>343.84</xmax>
      <ymax>731.25</ymax>
    </bndbox>
  </object>
  <object>
    <name>WHITE</name>
    <occluded>0</occluded>
    <bndbox>
      <xmin>299.68</xmin>
      <ymin>726.39</ymin>
      <xmax>327.75</xmax>
      <ymax>764.19</ymax>
    </bndbox>
  </object>
  <object>
    <name>WHITE</name>
    <occluded>0</occluded>
    <bndbox>
      <xmin>548.94</xmin>
      <ymin>820.71</ymin>
      <xmax>589.74</xmax>
      <ymax>851.4</ymax>
    </bndbox>
  </object>
  <object>
    <name>WHITE</name>
    <occluded>0</occluded>
    <bndbox>
      <xmin>473.34</xmin>
      <ymin>821.83</ymin>
      <xmax>517.13</xmax>
      <ymax>857.38</ymax>
    </bndbox>
  </object>
  <object>
    <name>WHITE</name>
    <occluded>0</occluded>
    <bndbox>
      <xmin>365.92</xmin>
      <ymin>861.88</ymin>
      <xmax>393.99</xmax>
      <ymax>899.68</ymax>
    </bndbox>
  </object>
  <object>
    <name>WHITE</name>
    <occluded>0</occluded>
    <bndbox>
      <xmin>536.4</xmin>
      <ymin>448.3</ymin>
      <xmax>584.3</xmax>
      <ymax>498.0</ymax>
    </bndbox>
  </object>
  <object>
    <name>WHITE</name>
    <occluded>0</occluded>
    <bndbox>
      <xmin>487.2</xmin>
      <ymin>516.79</ymin>
      <xmax>533.3</xmax>
      <ymax>561.1</ymax>
    </bndbox>
  </object>
  <object>
    <name>WHITE</name>
    <occluded>0</occluded>
    <bndbox>
      <xmin>443.9</xmin>
      <ymin>591.98</ymin>
      <xmax>490.3</xmax>
      <ymax>634.02</ymax>
    </bndbox>
  </object>
  <object>
    <name>WHITE</name>
    <occluded>0</occluded>
    <bndbox>
      <xmin>399.09</xmin>
      <ymin>659.14</ymin>
      <xmax>441.0</xmax>
      <ymax>700.86</ymax>
    </bndbox>
  </object>
  <object>
    <name>WHITE</name>
    <occluded>0</occluded>
    <bndbox>
      <xmin>365.04</xmin>
      <ymin>708.35</ymin>
      <xmax>402.5</xmax>
      <ymax>747.2</ymax>
    </bndbox>
  </object>
  <object>
    <name>WHITE</name>
    <occluded>0</occluded>
    <bndbox>
      <xmin>385.23</xmin>
      <ymin>836.25</ymin>
      <xmax>417.6</xmax>
      <ymax>877.5</ymax>
    </bndbox>
  </object>
  <object>
    <name>BLACK</name>
    <occluded>0</occluded>
    <bndbox>
      <xmin>414.13</xmin>
      <ymin>775.34</ymin>
      <xmax>461.0</xmax>
      <ymax>813.9</ymax>
    </bndbox>
  </object>
  <object>
    <name>WHITE</name>
    <occluded>0</occluded>
    <bndbox>
      <xmin>501.21</xmin>
      <ymin>779.21</ymin>
      <xmax>541.0</xmax>
      <ymax>812.9</ymax>
    </bndbox>
  </object>
  <object>
    <name>WHITE</name>
    <occluded>0</occluded>
    <bndbox>
      <xmin>542.7</xmin>
      <ymin>723.48</ymin>
      <xmax>589.2</xmax>
      <ymax>760.2</ymax>
    </bndbox>
  </object>
  <object>
    <name>WHITE</name>
    <occluded>0</occluded>
    <bndbox>
      <xmin>604.7</xmin>
      <ymin>387.5</ymin>
      <xmax>651.1</xmax>
      <ymax>434.5</ymax>
    </bndbox>
  </object>
  <object>
    <name>WHITE</name>
    <occluded>0</occluded>
    <bndbox>
      <xmin>515.76</xmin>
      <ymin>371.38</ymin>
      <xmax>565.6</xmax>
      <ymax>420.5</ymax>
    </bndbox>
  </object>
  <object>
    <name>WHITE</name>
    <occluded>0</occluded>
    <bndbox>
      <xmin>452.26</xmin>
      <ymin>438.76</ymin>
      <xmax>503.6</xmax>
      <ymax>489.7</ymax>
    </bndbox>
  </object>
  <object>
    <name>WHITE</name>
    <occluded>0</occluded>
    <bndbox>
      <xmin>355.9</xmin>
      <ymin>585.98</ymin>
      <xmax>396.3</xmax>
      <ymax>632.5</ymax>
    </bndbox>
  </object>
  <object>
    <name>WHITE</name>
    <occluded>0</occluded>
    <bndbox>
      <xmin>399.38</xmin>
      <ymin>514.01</ymin>
      <xmax>446.9</xmax>
      <ymax>564.6</ymax>
    </bndbox>
  </object>
  <object>
    <name>WHITE</name>
    <occluded>0</occluded>
    <bndbox>
      <xmin>573.39</xmin>
      <ymin>261.07</ymin>
      <xmax>618.1</xmax>
      <ymax>299.2</ymax>
    </bndbox>
  </object>
  <object>
    <name>WHITE</name>
    <occluded>0</occluded>
    <bndbox>
      <xmin>426.08</xmin>
      <ymin>362.56</ymin>
      <xmax>474.4</xmax>
      <ymax>411.9</ymax>
    </bndbox>
  </object>
  <object>
    <name>WHITE</name>
    <occluded>0</occluded>
    <bndbox>
      <xmin>370.38</xmin>
      <ymin>437.26</ymin>
      <xmax>413.6</xmax>
      <ymax>486.9</ymax>
    </bndbox>
  </object>
  <object>
    <name>WHITE</name>
    <occluded>0</occluded>
    <bndbox>
      <xmin>323.38</xmin>
      <ymin>513.13</ymin>
      <xmax>362.5</xmax>
      <ymax>556.7</ymax>
    </bndbox>
  </object>
  <object>
    <name>WHITE</name>
    <occluded>0</occluded>
    <bndbox>
      <xmin>547.77</xmin>
      <ymin>216.86</ymin>
      <xmax>592.0</xmax>
      <ymax>248.5</ymax>
    </bndbox>
  </object>
  <object>
    <name>WHITE</name>
    <occluded>0</occluded>
    <bndbox>
      <xmin>590.55</xmin>
      <ymin>647.49</ymin>
      <xmax>637.3</xmax>
      <ymax>691.9</ymax>
    </bndbox>
  </object>
  <object>
    <name>WHITE</name>
    <occluded>0</occluded>
    <bndbox>
      <xmin>629.13</xmin>
      <ymin>573.51</ymin>
      <xmax>668.5</xmax>
      <ymax>616.1</ymax>
    </bndbox>
  </object>
  <object>
    <name>WHITE</name>
    <occluded>0</occluded>
    <bndbox>
      <xmin>659.13</xmin>
      <ymin>498.92</ymin>
      <xmax>703.7</xmax>
      <ymax>544.8</ymax>
    </bndbox>
  </object>
  <object>
    <name>WHITE</name>
    <occluded>0</occluded>
    <bndbox>
      <xmin>676.96</xmin>
      <ymin>354.3</ymin>
      <xmax>711.5</xmax>
      <ymax>397.06</ymax>
    </bndbox>
  </object>
  <object>
    <name>WHITE</name>
    <occluded>0</occluded>
    <bndbox>
      <xmin>491.63</xmin>
      <ymin>661.88</ymin>
      <xmax>537.5</xmax>
      <ymax>702.6</ymax>
    </bndbox>
  </object>
  <object>
    <name>WHITE</name>
    <occluded>0</occluded>
    <bndbox>
      <xmin>442.24</xmin>
      <ymin>722.15</ymin>
      <xmax>487.0</xmax>
      <ymax>763.2</ymax>
    </bndbox>
  </object>
  <object>
    <name>WHITE</name>
    <occluded>0</occluded>
    <bndbox>
      <xmin>580.5</xmin>
      <ymin>856.38</ymin>
      <xmax>616.9</xmax>
      <ymax>890.6</ymax>
    </bndbox>
  </object>
  <object>
    <name>WHITE</name>
    <occluded>0</occluded>
    <bndbox>
      <xmin>528.1</xmin>
      <ymin>878.63</ymin>
      <xmax>569.7</xmax>
      <ymax>920.4</ymax>
    </bndbox>
  </object>
</annotation>
