<annotation>
  <folder>JH</folder>
  <filename>JH_camera8.png</filename>
  <source>
    <database>Unknown</database>
    <annotation>Unknown</annotation>
    <image>Unknown</image>
  </source>
  <size>
    <width>1280</width>
    <height>960</height>
    <depth></depth>
  </size>
  <segmented>0</segmented>
  <object>
    <name>BLACK</name>
    <occluded>0</occluded>
    <bndbox>
      <xmin>901.8</xmin>
      <ymin>862.07</ymin>
      <xmax>947.36</xmax>
      <ymax>907.8</ymax>
    </bndbox>
  </object>
  <object>
    <name>WHITE</name>
    <occluded>0</occluded>
    <bndbox>
      <xmin>410.5</xmin>
      <ymin>685.0</ymin>
      <xmax>439.5</xmax>
      <ymax>731.0</ymax>
    </bndbox>
  </object>
  <object>
    <name>WHITE</name>
    <occluded>0</occluded>
    <bndbox>
      <xmin>464.13</xmin>
      <ymin>309.41</ymin>
      <xmax>503.81</xmax>
      <ymax>340.85</ymax>
    </bndbox>
  </object>
  <object>
    <name>BLACK</name>
    <occluded>0</occluded>
    <bndbox>
      <xmin>580.16</xmin>
      <ymin>261.88</ymin>
      <xmax>629.19</xmax>
      <ymax>292.57</ymax>
    </bndbox>
  </object>
  <object>
    <name>WHITE</name>
    <occluded>0</occluded>
    <bndbox>
      <xmin>716.39</xmin>
      <ymin>245.78</ymin>
      <xmax>757.19</xmax>
      <ymax>272.35</ymax>
    </bndbox>
  </object>
  <object>
    <name>WHITE</name>
    <occluded>0</occluded>
    <bndbox>
      <xmin>844.4</xmin>
      <ymin>294.81</ymin>
      <xmax>884.82</xmax>
      <ymax>327.0</ymax>
    </bndbox>
  </object>
  <object>
    <name>WHITE</name>
    <occluded>0</occluded>
    <bndbox>
      <xmin>903.16</xmin>
      <ymin>302.67</ymin>
      <xmax>939.46</xmax>
      <ymax>336.73</ymax>
    </bndbox>
  </object>
  <object>
    <name>WHITE</name>
    <occluded>0</occluded>
    <bndbox>
      <xmin>957.68</xmin>
      <ymin>343.27</ymin>
      <xmax>987.93</xmax>
      <ymax>379.77</ymax>
    </bndbox>
  </object>
  <object>
    <name>WHITE</name>
    <occluded>0</occluded>
    <bndbox>
      <xmin>778.64</xmin>
      <ymin>249.56</ymin>
      <xmax>824.67</xmax>
      <ymax>272.77</ymax>
    </bndbox>
  </object>
  <object>
    <name>WHITE</name>
    <occluded>0</occluded>
    <bndbox>
      <xmin>515.15</xmin>
      <ymin>259.67</ymin>
      <xmax>553.7</xmax>
      <ymax>285.87</ymax>
    </bndbox>
  </object>
  <object>
    <name>WHITE</name>
    <occluded>0</occluded>
    <bndbox>
      <xmin>545.48</xmin>
      <ymin>481.27</ymin>
      <xmax>595.6</xmax>
      <ymax>526.2</ymax>
    </bndbox>
  </object>
  <object>
    <name>WHITE</name>
    <occluded>0</occluded>
    <bndbox>
      <xmin>515.4</xmin>
      <ymin>531.5</ymin>
      <xmax>561.71</xmax>
      <ymax>577.5</ymax>
    </bndbox>
  </object>
  <object>
    <name>WHITE</name>
    <occluded>0</occluded>
    <bndbox>
      <xmin>449.4</xmin>
      <ymin>599.15</ymin>
      <xmax>491.06</xmax>
      <ymax>646.8</ymax>
    </bndbox>
  </object>
  <object>
    <name>WHITE</name>
    <occluded>0</occluded>
    <bndbox>
      <xmin>376.9</xmin>
      <ymin>746.1</ymin>
      <xmax>400.4</xmax>
      <ymax>791.8</ymax>
    </bndbox>
  </object>
  <object>
    <name>WHITE</name>
    <occluded>0</occluded>
    <bndbox>
      <xmin>651.0</xmin>
      <ymin>248.13</ymin>
      <xmax>693.1</xmax>
      <ymax>278.0</ymax>
    </bndbox>
  </object>
  <object>
    <name>WHITE</name>
    <occluded>0</occluded>
    <bndbox>
      <xmin>625.0</xmin>
      <ymin>305.9</ymin>
      <xmax>667.0</xmax>
      <ymax>343.5</ymax>
    </bndbox>
  </object>
  <object>
    <name>WHITE</name>
    <occluded>0</occluded>
    <bndbox>
      <xmin>695.6</xmin>
      <ymin>430.86</ymin>
      <xmax>742.4</xmax>
      <ymax>477.0</ymax>
    </bndbox>
  </object>
  <object>
    <name>WHITE</name>
    <occluded>0</occluded>
    <bndbox>
      <xmin>746.27</xmin>
      <ymin>361.87</ymin>
      <xmax>794.4</xmax>
      <ymax>403.1</ymax>
    </bndbox>
  </object>
  <object>
    <name>WHITE</name>
    <occluded>0</occluded>
    <bndbox>
      <xmin>770.13</xmin>
      <ymin>293.44</ymin>
      <xmax>812.4</xmax>
      <ymax>328.3</ymax>
    </bndbox>
  </object>
  <object>
    <name>WHITE</name>
    <occluded>0</occluded>
    <bndbox>
      <xmin>512.7</xmin>
      <ymin>736.8</ymin>
      <xmax>561.7</xmax>
      <ymax>787.6</ymax>
    </bndbox>
  </object>
  <object>
    <name>WHITE</name>
    <occluded>0</occluded>
    <bndbox>
      <xmin>575.93</xmin>
      <ymin>677.02</ymin>
      <xmax>625.2</xmax>
      <ymax>728.8</ymax>
    </bndbox>
  </object>
  <object>
    <name>WHITE</name>
    <occluded>0</occluded>
    <bndbox>
      <xmin>786.4</xmin>
      <ymin>487.64</ymin>
      <xmax>834.2</xmax>
      <ymax>532.36</ymax>
    </bndbox>
  </object>
  <object>
    <name>WHITE</name>
    <occluded>0</occluded>
    <bndbox>
      <xmin>800.07</xmin>
      <ymin>423.93</ymin>
      <xmax>847.3</xmax>
      <ymax>467.31</ymax>
    </bndbox>
  </object>
  <object>
    <name>WHITE</name>
    <occluded>0</occluded>
    <bndbox>
      <xmin>832.6</xmin>
      <ymin>356.3</ymin>
      <xmax>876.4</xmax>
      <ymax>400.3</ymax>
    </bndbox>
  </object>
  <object>
    <name>WHITE</name>
    <occluded>0</occluded>
    <bndbox>
      <xmin>623.1</xmin>
      <ymin>750.4</ymin>
      <xmax>674.6</xmax>
      <ymax>802.6</ymax>
    </bndbox>
  </object>
  <object>
    <name>WHITE</name>
    <occluded>0</occluded>
    <bndbox>
      <xmin>703.22</xmin>
      <ymin>703.51</ymin>
      <xmax>756.0</xmax>
      <ymax>755.2</ymax>
    </bndbox>
  </object>
  <object>
    <name>WHITE</name>
    <occluded>0</occluded>
    <bndbox>
      <xmin>786.88</xmin>
      <ymin>637.26</ymin>
      <xmax>837.2</xmax>
      <ymax>686.7</ymax>
    </bndbox>
  </object>
  <object>
    <name>BLACK</name>
    <occluded>0</occluded>
    <bndbox>
      <xmin>821.14</xmin>
      <ymin>555.79</ymin>
      <xmax>875.3</xmax>
      <ymax>604.8</ymax>
    </bndbox>
  </object>
  <object>
    <name>WHITE</name>
    <occluded>0</occluded>
    <bndbox>
      <xmin>867.88</xmin>
      <ymin>496.47</ymin>
      <xmax>910.9</xmax>
      <ymax>540.6</ymax>
    </bndbox>
  </object>
  <object>
    <name>WHITE</name>
    <occluded>0</occluded>
    <bndbox>
      <xmin>887.5</xmin>
      <ymin>424.5</ymin>
      <xmax>930.6</xmax>
      <ymax>466.1</ymax>
    </bndbox>
  </object>
  <object>
    <name>WHITE</name>
    <occluded>0</occluded>
    <bndbox>
      <xmin>937.8</xmin>
      <ymin>507.8</ymin>
      <xmax>976.5</xmax>
      <ymax>555.5</ymax>
    </bndbox>
  </object>
  <object>
    <name>WHITE</name>
    <occluded>0</occluded>
    <bndbox>
      <xmin>946.78</xmin>
      <ymin>401.33</ymin>
      <xmax>982.4</xmax>
      <ymax>443.0</ymax>
    </bndbox>
  </object>
  <object>
    <name>WHITE</name>
    <occluded>0</occluded>
    <bndbox>
      <xmin>450.31</xmin>
      <ymin>416.88</ymin>
      <xmax>495.3</xmax>
      <ymax>463.2</ymax>
    </bndbox>
  </object>
  <object>
    <name>WHITE</name>
    <occluded>0</occluded>
    <bndbox>
      <xmin>493.5</xmin>
      <ymin>356.63</ymin>
      <xmax>538.6</xmax>
      <ymax>392.63</ymax>
    </bndbox>
  </object>
  <object>
    <name>WHITE</name>
    <occluded>0</occluded>
    <bndbox>
      <xmin>534.6</xmin>
      <ymin>306.0</ymin>
      <xmax>578.0</xmax>
      <ymax>338.0</ymax>
    </bndbox>
  </object>
  <object>
    <name>WHITE</name>
    <occluded>0</occluded>
    <bndbox>
      <xmin>388.8</xmin>
      <ymin>614.5</ymin>
      <xmax>428.43</xmax>
      <ymax>664.0</ymax>
    </bndbox>
  </object>
  <object>
    <name>WHITE</name>
    <occluded>0</occluded>
    <bndbox>
      <xmin>485.73</xmin>
      <ymin>475.32</ymin>
      <xmax>530.27</xmax>
      <ymax>520.4</ymax>
    </bndbox>
  </object>
  <object>
    <name>WHITE</name>
    <occluded>0</occluded>
    <bndbox>
      <xmin>524.09</xmin>
      <ymin>421.89</ymin>
      <xmax>570.2</xmax>
      <ymax>458.5</ymax>
    </bndbox>
  </object>
  <object>
    <name>WHITE</name>
    <occluded>0</occluded>
    <bndbox>
      <xmin>565.9</xmin>
      <ymin>360.9</ymin>
      <xmax>611.9</xmax>
      <ymax>403.5</ymax>
    </bndbox>
  </object>
  <object>
    <name>WHITE</name>
    <occluded>0</occluded>
    <bndbox>
      <xmin>967.5</xmin>
      <ymin>787.05</ymin>
      <xmax>1006.03</xmax>
      <ymax>838.2</ymax>
    </bndbox>
  </object>
  <object>
    <name>WHITE</name>
    <occluded>0</occluded>
    <bndbox>
      <xmin>996.32</xmin>
      <ymin>723.4</ymin>
      <xmax>1034.1</xmax>
      <ymax>773.1</ymax>
    </bndbox>
  </object>
  <object>
    <name>WHITE</name>
    <occluded>0</occluded>
    <bndbox>
      <xmin>825.0</xmin>
      <ymin>813.89</ymin>
      <xmax>881.7</xmax>
      <ymax>868.2</ymax>
    </bndbox>
  </object>
  <object>
    <name>WHITE</name>
    <occluded>0</occluded>
    <bndbox>
      <xmin>894.89</xmin>
      <ymin>758.88</ymin>
      <xmax>945.6</xmax>
      <ymax>810.6</ymax>
    </bndbox>
  </object>
  <object>
    <name>WHITE</name>
    <occluded>0</occluded>
    <bndbox>
      <xmin>939.77</xmin>
      <ymin>686.76</ymin>
      <xmax>983.3</xmax>
      <ymax>739.9</ymax>
    </bndbox>
  </object>
  <object>
    <name>WHITE</name>
    <occluded>0</occluded>
    <bndbox>
      <xmin>736.57</xmin>
      <ymin>777.99</ymin>
      <xmax>794.4</xmax>
      <ymax>833.8</ymax>
    </bndbox>
  </object>
  <object>
    <name>WHITE</name>
    <occluded>0</occluded>
    <bndbox>
      <xmin>812.4</xmin>
      <ymin>730.5</ymin>
      <xmax>866.0</xmax>
      <ymax>779.5</ymax>
    </bndbox>
  </object>
  <object>
    <name>WHITE</name>
    <occluded>0</occluded>
    <bndbox>
      <xmin>873.4</xmin>
      <ymin>658.0</ymin>
      <xmax>915.5</xmax>
      <ymax>705.0</ymax>
    </bndbox>
  </object>
  <object>
    <name>WHITE</name>
    <occluded>0</occluded>
    <bndbox>
      <xmin>941.11</xmin>
      <ymin>587.41</ymin>
      <xmax>985.1</xmax>
      <ymax>631.8</ymax>
    </bndbox>
  </object>
  <object>
    <name>WHITE</name>
    <occluded>0</occluded>
    <bndbox>
      <xmin>890.2</xmin>
      <ymin>571.02</ymin>
      <xmax>932.7</xmax>
      <ymax>621.1</ymax>
    </bndbox>
  </object>
  <object>
    <name>WHITE</name>
    <occluded>0</occluded>
    <bndbox>
      <xmin>898.62</xmin>
      <ymin>356.13</ymin>
      <xmax>939.7</xmax>
      <ymax>395.2</ymax>
    </bndbox>
  </object>
  <object>
    <name>WHITE</name>
    <occluded>0</occluded>
    <bndbox>
      <xmin>1001.52</xmin>
      <ymin>819.97</ymin>
      <xmax>1034.5</xmax>
      <ymax>871.4</ymax>
    </bndbox>
  </object>
  <object>
    <name>WHITE</name>
    <occluded>0</occluded>
    <bndbox>
      <xmin>521.76</xmin>
      <ymin>593.37</ymin>
      <xmax>574.6</xmax>
      <ymax>645.7</ymax>
    </bndbox>
  </object>
  <object>
    <name>WHITE</name>
    <occluded>0</occluded>
    <bndbox>
      <xmin>483.92</xmin>
      <ymin>678.4</ymin>
      <xmax>530.58</xmax>
      <ymax>728.8</ymax>
    </bndbox>
  </object>
  <object>
    <name>BLACK</name>
    <occluded>0</occluded>
    <bndbox>
      <xmin>425.01</xmin>
      <ymin>730.27</ymin>
      <xmax>466.8</xmax>
      <ymax>783.5</ymax>
    </bndbox>
  </object>
  <object>
    <name>WHITE</name>
    <occluded>0</occluded>
    <bndbox>
      <xmin>693.5</xmin>
      <ymin>299.4</ymin>
      <xmax>736.4</xmax>
      <ymax>335.2</ymax>
    </bndbox>
  </object>
  <object>
    <name>WHITE</name>
    <occluded>0</occluded>
    <bndbox>
      <xmin>665.7</xmin>
      <ymin>367.3</ymin>
      <xmax>712.8</xmax>
      <ymax>410.7</ymax>
    </bndbox>
  </object>
  <object>
    <name>WHITE</name>
    <occluded>0</occluded>
    <bndbox>
      <xmin>604.5</xmin>
      <ymin>429.0</ymin>
      <xmax>656.4</xmax>
      <ymax>473.2</ymax>
    </bndbox>
  </object>
  <object>
    <name>WHITE</name>
    <occluded>0</occluded>
    <bndbox>
      <xmin>995.23</xmin>
      <ymin>641.02</ymin>
      <xmax>1033.03</xmax>
      <ymax>686.68</ymax>
    </bndbox>
  </object>
  <object>
    <name>WHITE</name>
    <occluded>0</occluded>
    <bndbox>
      <xmin>998.22</xmin>
      <ymin>457.25</ymin>
      <xmax>1030.04</xmax>
      <ymax>499.91</ymax>
    </bndbox>
  </object>
  <object>
    <name>WHITE</name>
    <occluded>0</occluded>
    <bndbox>
      <xmin>446.92</xmin>
      <ymin>539.59</ymin>
      <xmax>487.71</xmax>
      <ymax>586.37</ymax>
    </bndbox>
  </object>
  <object>
    <name>BLACK</name>
    <occluded>0</occluded>
    <bndbox>
      <xmin>364.2</xmin>
      <ymin>553.06</ymin>
      <xmax>396.76</xmax>
      <ymax>602.84</ymax>
    </bndbox>
  </object>
  <object>
    <name>WHITE</name>
    <occluded>0</occluded>
    <bndbox>
      <xmin>417.72</xmin>
      <ymin>481.95</ymin>
      <xmax>454.78</xmax>
      <ymax>524.99</ymax>
    </bndbox>
  </object>
  <object>
    <name>WHITE</name>
    <occluded>0</occluded>
    <bndbox>
      <xmin>420.72</xmin>
      <ymin>365.17</ymin>
      <xmax>458.52</xmax>
      <ymax>401.85</ymax>
    </bndbox>
  </object>
</annotation>
