<annotation>
  <folder>JH</folder>
  <filename>JH_camera3.png</filename>
  <source>
    <database>Unknown</database>
    <annotation>Unknown</annotation>
    <image>Unknown</image>
  </source>
  <size>
    <width>1280</width>
    <height>960</height>
    <depth></depth>
  </size>
  <segmented>0</segmented>
  <object>
    <name>WHITE</name>
    <occluded>0</occluded>
    <bndbox>
      <xmin>655.5</xmin>
      <ymin>790.13</ymin>
      <xmax>696.6</xmax>
      <ymax>835.5</ymax>
    </bndbox>
  </object>
  <object>
    <name>WHITE</name>
    <occluded>0</occluded>
    <bndbox>
      <xmin>677.99</xmin>
      <ymin>735.91</ymin>
      <xmax>717.6</xmax>
      <ymax>776.8</ymax>
    </bndbox>
  </object>
  <object>
    <name>WHITE</name>
    <occluded>0</occluded>
    <bndbox>
      <xmin>715.0</xmin>
      <ymin>673.12</ymin>
      <xmax>761.0</xmax>
      <ymax>714.4</ymax>
    </bndbox>
  </object>
  <object>
    <name>WHITE</name>
    <occluded>0</occluded>
    <bndbox>
      <xmin>745.49</xmin>
      <ymin>586.08</ymin>
      <xmax>794.0</xmax>
      <ymax>636.3</ymax>
    </bndbox>
  </object>
  <object>
    <name>WHITE</name>
    <occluded>0</occluded>
    <bndbox>
      <xmin>1018.96</xmin>
      <ymin>351.14</ymin>
      <xmax>1056.01</xmax>
      <ymax>386.32</ymax>
    </bndbox>
  </object>
  <object>
    <name>WHITE</name>
    <occluded>0</occluded>
    <bndbox>
      <xmin>488.05</xmin>
      <ymin>787.94</ymin>
      <xmax>513.01</xmax>
      <ymax>823.81</ymax>
    </bndbox>
  </object>
  <object>
    <name>WHITE</name>
    <occluded>0</occluded>
    <bndbox>
      <xmin>493.08</xmin>
      <ymin>709.66</ymin>
      <xmax>523.61</xmax>
      <ymax>749.27</ymax>
    </bndbox>
  </object>
  <object>
    <name>WHITE</name>
    <occluded>0</occluded>
    <bndbox>
      <xmin>482.47</xmin>
      <ymin>642.29</ymin>
      <xmax>509.89</xmax>
      <ymax>685.64</ymax>
    </bndbox>
  </object>
  <object>
    <name>WHITE</name>
    <occluded>0</occluded>
    <bndbox>
      <xmin>653.52</xmin>
      <ymin>900.05</ymin>
      <xmax>690.57</xmax>
      <ymax>940.1</ymax>
    </bndbox>
  </object>
  <object>
    <name>WHITE</name>
    <occluded>0</occluded>
    <bndbox>
      <xmin>722.76</xmin>
      <ymin>933.36</ymin>
      <xmax>766.17</xmax>
      <ymax>960.0</ymax>
    </bndbox>
  </object>
  <object>
    <name>WHITE</name>
    <occluded>0</occluded>
    <bndbox>
      <xmin>850.5</xmin>
      <ymin>705.26</ymin>
      <xmax>901.7</xmax>
      <ymax>749.0</ymax>
    </bndbox>
  </object>
  <object>
    <name>WHITE</name>
    <occluded>0</occluded>
    <bndbox>
      <xmin>893.64</xmin>
      <ymin>621.13</ymin>
      <xmax>945.2</xmax>
      <ymax>670.0</ymax>
    </bndbox>
  </object>
  <object>
    <name>WHITE</name>
    <occluded>0</occluded>
    <bndbox>
      <xmin>920.26</xmin>
      <ymin>533.25</ymin>
      <xmax>968.9</xmax>
      <ymax>581.2</ymax>
    </bndbox>
  </object>
  <object>
    <name>WHITE</name>
    <occluded>0</occluded>
    <bndbox>
      <xmin>919.08</xmin>
      <ymin>439.02</ymin>
      <xmax>967.3</xmax>
      <ymax>482.98</ymax>
    </bndbox>
  </object>
  <object>
    <name>WHITE</name>
    <occluded>0</occluded>
    <bndbox>
      <xmin>860.84</xmin>
      <ymin>304.26</ymin>
      <xmax>905.1</xmax>
      <ymax>339.3</ymax>
    </bndbox>
  </object>
  <object>
    <name>WHITE</name>
    <occluded>0</occluded>
    <bndbox>
      <xmin>885.6</xmin>
      <ymin>274.2</ymin>
      <xmax>930.27</xmax>
      <ymax>301.96</ymax>
    </bndbox>
  </object>
  <object>
    <name>WHITE</name>
    <occluded>0</occluded>
    <bndbox>
      <xmin>904.1</xmin>
      <ymin>761.76</ymin>
      <xmax>953.2</xmax>
      <ymax>801.8</ymax>
    </bndbox>
  </object>
  <object>
    <name>WHITE</name>
    <occluded>0</occluded>
    <bndbox>
      <xmin>781.4</xmin>
      <ymin>497.4</ymin>
      <xmax>829.77</xmax>
      <ymax>547.4</ymax>
    </bndbox>
  </object>
  <object>
    <name>WHITE</name>
    <occluded>0</occluded>
    <bndbox>
      <xmin>834.94</xmin>
      <ymin>416.25</ymin>
      <xmax>884.1</xmax>
      <ymax>463.6</ymax>
    </bndbox>
  </object>
  <object>
    <name>WHITE</name>
    <occluded>0</occluded>
    <bndbox>
      <xmin>849.38</xmin>
      <ymin>928.76</ymin>
      <xmax>900.4</xmax>
      <ymax>960.0</ymax>
    </bndbox>
  </object>
  <object>
    <name>BLACK</name>
    <occluded>0</occluded>
    <bndbox>
      <xmin>729.1</xmin>
      <ymin>231.4</ymin>
      <xmax>768.9</xmax>
      <ymax>255.7</ymax>
    </bndbox>
  </object>
  <object>
    <name>WHITE</name>
    <occluded>0</occluded>
    <bndbox>
      <xmin>539.6</xmin>
      <ymin>423.25</ymin>
      <xmax>573.8</xmax>
      <ymax>467.4</ymax>
    </bndbox>
  </object>
  <object>
    <name>WHITE</name>
    <occluded>0</occluded>
    <bndbox>
      <xmin>484.7</xmin>
      <ymin>452.7</ymin>
      <xmax>509.31</xmax>
      <ymax>493.3</ymax>
    </bndbox>
  </object>
  <object>
    <name>WHITE</name>
    <occluded>0</occluded>
    <bndbox>
      <xmin>981.26</xmin>
      <ymin>568.0</ymin>
      <xmax>1029.7</xmax>
      <ymax>618.6</ymax>
    </bndbox>
  </object>
  <object>
    <name>WHITE</name>
    <occluded>0</occluded>
    <bndbox>
      <xmin>1054.16</xmin>
      <ymin>423.53</ymin>
      <xmax>1083.8</xmax>
      <ymax>467.0</ymax>
    </bndbox>
  </object>
  <object>
    <name>WHITE</name>
    <occluded>0</occluded>
    <bndbox>
      <xmin>1016.7</xmin>
      <ymin>703.92</ymin>
      <xmax>1059.44</xmax>
      <ymax>750.6</ymax>
    </bndbox>
  </object>
  <object>
    <name>WHITE</name>
    <occluded>0</occluded>
    <bndbox>
      <xmin>975.07</xmin>
      <ymin>382.58</ymin>
      <xmax>1017.2</xmax>
      <ymax>421.2</ymax>
    </bndbox>
  </object>
  <object>
    <name>WHITE</name>
    <occluded>0</occluded>
    <bndbox>
      <xmin>997.91</xmin>
      <ymin>475.46</ymin>
      <xmax>1039.9</xmax>
      <ymax>521.6</ymax>
    </bndbox>
  </object>
  <object>
    <name>WHITE</name>
    <occluded>0</occluded>
    <bndbox>
      <xmin>953.51</xmin>
      <ymin>667.13</ymin>
      <xmax>1000.0</xmax>
      <ymax>717.0</ymax>
    </bndbox>
  </object>
  <object>
    <name>WHITE</name>
    <occluded>0</occluded>
    <bndbox>
      <xmin>1096.76</xmin>
      <ymin>648.25</ymin>
      <xmax>1124.1</xmax>
      <ymax>694.9</ymax>
    </bndbox>
  </object>
  <object>
    <name>WHITE</name>
    <occluded>0</occluded>
    <bndbox>
      <xmin>805.62</xmin>
      <ymin>349.14</ymin>
      <xmax>849.62</xmax>
      <ymax>392.2</ymax>
    </bndbox>
  </object>
  <object>
    <name>WHITE</name>
    <occluded>0</occluded>
    <bndbox>
      <xmin>749.5</xmin>
      <ymin>427.59</ymin>
      <xmax>798.35</xmax>
      <ymax>472.5</ymax>
    </bndbox>
  </object>
  <object>
    <name>WHITE</name>
    <occluded>0</occluded>
    <bndbox>
      <xmin>700.01</xmin>
      <ymin>501.5</ymin>
      <xmax>746.9</xmax>
      <ymax>547.7</ymax>
    </bndbox>
  </object>
  <object>
    <name>WHITE</name>
    <occluded>0</occluded>
    <bndbox>
      <xmin>799.5</xmin>
      <ymin>886.5</ymin>
      <xmax>845.0</xmax>
      <ymax>927.9</ymax>
    </bndbox>
  </object>
  <object>
    <name>BLACK</name>
    <occluded>0</occluded>
    <bndbox>
      <xmin>850.38</xmin>
      <ymin>491.95</ymin>
      <xmax>903.3</xmax>
      <ymax>545.6</ymax>
    </bndbox>
  </object>
  <object>
    <name>WHITE</name>
    <occluded>0</occluded>
    <bndbox>
      <xmin>827.65</xmin>
      <ymin>579.44</ymin>
      <xmax>880.7</xmax>
      <ymax>629.2</ymax>
    </bndbox>
  </object>
  <object>
    <name>WHITE</name>
    <occluded>0</occluded>
    <bndbox>
      <xmin>794.46</xmin>
      <ymin>665.14</ymin>
      <xmax>841.9</xmax>
      <ymax>712.2</ymax>
    </bndbox>
  </object>
  <object>
    <name>WHITE</name>
    <occluded>0</occluded>
    <bndbox>
      <xmin>766.0</xmin>
      <ymin>738.8</ymin>
      <xmax>813.5</xmax>
      <ymax>781.6</ymax>
    </bndbox>
  </object>
  <object>
    <name>WHITE</name>
    <occluded>0</occluded>
    <bndbox>
      <xmin>805.02</xmin>
      <ymin>826.63</ymin>
      <xmax>852.8</xmax>
      <ymax>861.3</ymax>
    </bndbox>
  </object>
  <object>
    <name>WHITE</name>
    <occluded>0</occluded>
    <bndbox>
      <xmin>634.58</xmin>
      <ymin>292.75</ymin>
      <xmax>676.38</xmax>
      <ymax>331.73</ymax>
    </bndbox>
  </object>
  <object>
    <name>WHITE</name>
    <occluded>0</occluded>
    <bndbox>
      <xmin>780.7</xmin>
      <ymin>298.82</ymin>
      <xmax>826.4</xmax>
      <ymax>328.2</ymax>
    </bndbox>
  </object>
  <object>
    <name>WHITE</name>
    <occluded>0</occluded>
    <bndbox>
      <xmin>729.1</xmin>
      <ymin>354.95</ymin>
      <xmax>768.56</xmax>
      <ymax>399.4</ymax>
    </bndbox>
  </object>
  <object>
    <name>WHITE</name>
    <occluded>0</occluded>
    <bndbox>
      <xmin>677.71</xmin>
      <ymin>420.47</ymin>
      <xmax>725.7</xmax>
      <ymax>467.7</ymax>
    </bndbox>
  </object>
  <object>
    <name>WHITE</name>
    <occluded>0</occluded>
    <bndbox>
      <xmin>626.25</xmin>
      <ymin>499.62</ymin>
      <xmax>671.6</xmax>
      <ymax>547.9</ymax>
    </bndbox>
  </object>
  <object>
    <name>WHITE</name>
    <occluded>0</occluded>
    <bndbox>
      <xmin>526.05</xmin>
      <ymin>689.84</ymin>
      <xmax>559.7</xmax>
      <ymax>728.6</ymax>
    </bndbox>
  </object>
  <object>
    <name>WHITE</name>
    <occluded>0</occluded>
    <bndbox>
      <xmin>724.01</xmin>
      <ymin>288.38</ymin>
      <xmax>769.4</xmax>
      <ymax>322.6</ymax>
    </bndbox>
  </object>
  <object>
    <name>WHITE</name>
    <occluded>0</occluded>
    <bndbox>
      <xmin>662.08</xmin>
      <ymin>352.91</ymin>
      <xmax>709.4</xmax>
      <ymax>396.8</ymax>
    </bndbox>
  </object>
  <object>
    <name>WHITE</name>
    <occluded>0</occluded>
    <bndbox>
      <xmin>600.92</xmin>
      <ymin>425.99</ymin>
      <xmax>643.08</xmax>
      <ymax>469.8</ymax>
    </bndbox>
  </object>
  <object>
    <name>WHITE</name>
    <occluded>0</occluded>
    <bndbox>
      <xmin>565.9</xmin>
      <ymin>500.1</ymin>
      <xmax>610.2</xmax>
      <ymax>544.7</ymax>
    </bndbox>
  </object>
  <object>
    <name>WHITE</name>
    <occluded>0</occluded>
    <bndbox>
      <xmin>536.31</xmin>
      <ymin>576.7</ymin>
      <xmax>569.2</xmax>
      <ymax>621.7</ymax>
    </bndbox>
  </object>
  <object>
    <name>WHITE</name>
    <occluded>0</occluded>
    <bndbox>
      <xmin>501.87</xmin>
      <ymin>614.19</ymin>
      <xmax>535.1</xmax>
      <ymax>654.43</ymax>
    </bndbox>
  </object>
  <object>
    <name>BLACK</name>
    <occluded>0</occluded>
    <bndbox>
      <xmin>515.9</xmin>
      <ymin>500.37</ymin>
      <xmax>548.5</xmax>
      <ymax>547.7</ymax>
    </bndbox>
  </object>
  <object>
    <name>WHITE</name>
    <occluded>0</occluded>
    <bndbox>
      <xmin>739.0</xmin>
      <ymin>881.0</ymin>
      <xmax>779.0</xmax>
      <ymax>915.0</ymax>
    </bndbox>
  </object>
  <object>
    <name>WHITE</name>
    <occluded>0</occluded>
    <bndbox>
      <xmin>760.0</xmin>
      <ymin>260.0</ymin>
      <xmax>800.0</xmax>
      <ymax>280.0</ymax>
    </bndbox>
  </object>
  <object>
    <name>WHITE</name>
    <occluded>0</occluded>
    <bndbox>
      <xmin>607.48</xmin>
      <ymin>907.54</ymin>
      <xmax>638.17</xmax>
      <ymax>944.59</ymax>
    </bndbox>
  </object>
  <object>
    <name>WHITE</name>
    <occluded>0</occluded>
    <bndbox>
      <xmin>565.94</xmin>
      <ymin>658.27</ymin>
      <xmax>598.5</xmax>
      <ymax>696.45</ymax>
    </bndbox>
  </object>
  <object>
    <name>WHITE</name>
    <occluded>0</occluded>
    <bndbox>
      <xmin>587.64</xmin>
      <ymin>583.42</ymin>
      <xmax>631.43</xmax>
      <ymax>630.2</ymax>
    </bndbox>
  </object>
  <object>
    <name>WHITE</name>
    <occluded>0</occluded>
    <bndbox>
      <xmin>1048.8</xmin>
      <ymin>611.5</ymin>
      <xmax>1081.84</xmax>
      <ymax>659.85</ymax>
    </bndbox>
  </object>
  <object>
    <name>WHITE</name>
    <occluded>0</occluded>
    <bndbox>
      <xmin>1104.61</xmin>
      <ymin>570.65</ymin>
      <xmax>1133.62</xmax>
      <ymax>618.99</ymax>
    </bndbox>
  </object>
  <object>
    <name>WHITE</name>
    <occluded>0</occluded>
    <bndbox>
      <xmin>1061.26</xmin>
      <ymin>521.37</ymin>
      <xmax>1094.32</xmax>
      <ymax>569.08</ymax>
    </bndbox>
  </object>
  <object>
    <name>WHITE</name>
    <occluded>0</occluded>
    <bndbox>
      <xmin>885.35</xmin>
      <ymin>359.18</ymin>
      <xmax>933.38</xmax>
      <ymax>397.85</ymax>
    </bndbox>
  </object>
  <object>
    <name>WHITE</name>
    <occluded>0</occluded>
    <bndbox>
      <xmin>826.09</xmin>
      <ymin>264.36</ymin>
      <xmax>870.06</xmax>
      <ymax>290.25</ymax>
    </bndbox>
  </object>
  <object>
    <name>WHITE</name>
    <occluded>0</occluded>
    <bndbox>
      <xmin>777.74</xmin>
      <ymin>229.12</ymin>
      <xmax>820.47</xmax>
      <ymax>254.07</ymax>
    </bndbox>
  </object>
  <object>
    <name>WHITE</name>
    <occluded>0</occluded>
    <bndbox>
      <xmin>674.19</xmin>
      <ymin>255.32</ymin>
      <xmax>718.48</xmax>
      <ymax>281.21</ymax>
    </bndbox>
  </object>
  <object>
    <name>WHITE</name>
    <occluded>0</occluded>
    <bndbox>
      <xmin>586.57</xmin>
      <ymin>720.26</ymin>
      <xmax>625.0</xmax>
      <ymax>759.7</ymax>
    </bndbox>
  </object>
  <object>
    <name>WHITE</name>
    <occluded>0</occluded>
    <bndbox>
      <xmin>579.69</xmin>
      <ymin>352.32</ymin>
      <xmax>622.73</xmax>
      <ymax>392.24</ymax>
    </bndbox>
  </object>
  <object>
    <name>WHITE</name>
    <occluded>0</occluded>
    <bndbox>
      <xmin>513.88</xmin>
      <ymin>380.7</ymin>
      <xmax>543.82</xmax>
      <ymax>419.38</ymax>
    </bndbox>
  </object>
  <object>
    <name>WHITE</name>
    <occluded>0</occluded>
    <bndbox>
      <xmin>548.81</xmin>
      <ymin>315.2</ymin>
      <xmax>575.32</xmax>
      <ymax>351.38</ymax>
    </bndbox>
  </object>
  <object>
    <name>WHITE</name>
    <occluded>0</occluded>
    <bndbox>
      <xmin>483.69</xmin>
      <ymin>539.36</ymin>
      <xmax>508.98</xmax>
      <ymax>582.09</ymax>
    </bndbox>
  </object>
  <object>
    <name>WHITE</name>
    <occluded>0</occluded>
    <bndbox>
      <xmin>463.76</xmin>
      <ymin>568.37</ymin>
      <xmax>488.68</xmax>
      <ymax>609.85</ymax>
    </bndbox>
  </object>
  <object>
    <name>WHITE</name>
    <occluded>0</occluded>
    <bndbox>
      <xmin>730.56</xmin>
      <ymin>806.64</ymin>
      <xmax>776.1</xmax>
      <ymax>851.0</ymax>
    </bndbox>
  </object>
  <object>
    <name>BLACK</name>
    <occluded>0</occluded>
    <bndbox>
      <xmin>677.27</xmin>
      <ymin>854.18</ymin>
      <xmax>720.0</xmax>
      <ymax>898.2</ymax>
    </bndbox>
  </object>
  <object>
    <name>WHITE</name>
    <occluded>0</occluded>
    <bndbox>
      <xmin>663.55</xmin>
      <ymin>587.08</ymin>
      <xmax>706.6</xmax>
      <ymax>634.7</ymax>
    </bndbox>
  </object>
  <object>
    <name>WHITE</name>
    <occluded>0</occluded>
    <bndbox>
      <xmin>630.55</xmin>
      <ymin>665.74</ymin>
      <xmax>672.0</xmax>
      <ymax>707.6</ymax>
    </bndbox>
  </object>
</annotation>
