<annotation>
  <folder>JH</folder>
  <filename>JH_camera2.png</filename>
  <source>
    <database>Unknown</database>
    <annotation>Unknown</annotation>
    <image>Unknown</image>
  </source>
  <size>
    <width>960</width>
    <height>1280</height>
    <depth></depth>
  </size>
  <segmented>0</segmented>
  <object>
    <name>WHITE</name>
    <occluded>0</occluded>
    <bndbox>
      <xmin>453.17</xmin>
      <ymin>326.1</ymin>
      <xmax>495.76</xmax>
      <ymax>350.64</ymax>
    </bndbox>
  </object>
  <object>
    <name>BLACK</name>
    <occluded>0</occluded>
    <bndbox>
      <xmin>517.66</xmin>
      <ymin>327.54</ymin>
      <xmax>560.0</xmax>
      <ymax>359.1</ymax>
    </bndbox>
  </object>
  <object>
    <name>WHITE</name>
    <occluded>0</occluded>
    <bndbox>
      <xmin>749.1</xmin>
      <ymin>652.48</ymin>
      <xmax>774.49</xmax>
      <ymax>700.3</ymax>
    </bndbox>
  </object>
  <object>
    <name>WHITE</name>
    <occluded>0</occluded>
    <bndbox>
      <xmin>693.81</xmin>
      <ymin>805.93</ymin>
      <xmax>724.17</xmax>
      <ymax>854.17</ymax>
    </bndbox>
  </object>
  <object>
    <name>WHITE</name>
    <occluded>0</occluded>
    <bndbox>
      <xmin>712.9</xmin>
      <ymin>879.12</ymin>
      <xmax>745.79</xmax>
      <ymax>930.27</ymax>
    </bndbox>
  </object>
  <object>
    <name>WHITE</name>
    <occluded>0</occluded>
    <bndbox>
      <xmin>219.32</xmin>
      <ymin>803.43</ymin>
      <xmax>247.59</xmax>
      <ymax>852.92</ymax>
    </bndbox>
  </object>
  <object>
    <name>WHITE</name>
    <occluded>0</occluded>
    <bndbox>
      <xmin>559.5</xmin>
      <ymin>557.67</ymin>
      <xmax>608.15</xmax>
      <ymax>606.0</ymax>
    </bndbox>
  </object>
  <object>
    <name>WHITE</name>
    <occluded>0</occluded>
    <bndbox>
      <xmin>496.3</xmin>
      <ymin>618.52</ymin>
      <xmax>548.26</xmax>
      <ymax>669.6</ymax>
    </bndbox>
  </object>
  <object>
    <name>WHITE</name>
    <occluded>0</occluded>
    <bndbox>
      <xmin>602.0</xmin>
      <ymin>652.26</ymin>
      <xmax>651.3</xmax>
      <ymax>706.2</ymax>
    </bndbox>
  </object>
  <object>
    <name>BLACK</name>
    <occluded>0</occluded>
    <bndbox>
      <xmin>638.7</xmin>
      <ymin>589.36</ymin>
      <xmax>684.8</xmax>
      <ymax>642.75</ymax>
    </bndbox>
  </object>
  <object>
    <name>WHITE</name>
    <occluded>0</occluded>
    <bndbox>
      <xmin>426.9</xmin>
      <ymin>693.0</ymin>
      <xmax>480.0</xmax>
      <ymax>748.1</ymax>
    </bndbox>
  </object>
  <object>
    <name>WHITE</name>
    <occluded>0</occluded>
    <bndbox>
      <xmin>353.0</xmin>
      <ymin>767.5</ymin>
      <xmax>400.3</xmax>
      <ymax>820.0</ymax>
    </bndbox>
  </object>
  <object>
    <name>WHITE</name>
    <occluded>0</occluded>
    <bndbox>
      <xmin>301.79</xmin>
      <ymin>826.46</ymin>
      <xmax>352.1</xmax>
      <ymax>877.9</ymax>
    </bndbox>
  </object>
  <object>
    <name>WHITE</name>
    <occluded>0</occluded>
    <bndbox>
      <xmin>269.38</xmin>
      <ymin>471.56</ymin>
      <xmax>301.61</xmax>
      <ymax>514.53</ymax>
    </bndbox>
  </object>
  <object>
    <name>WHITE</name>
    <occluded>0</occluded>
    <bndbox>
      <xmin>598.58</xmin>
      <ymin>799.8</ymin>
      <xmax>647.9</xmax>
      <ymax>849.8</ymax>
    </bndbox>
  </object>
  <object>
    <name>WHITE</name>
    <occluded>0</occluded>
    <bndbox>
      <xmin>652.84</xmin>
      <ymin>728.6</ymin>
      <xmax>692.9</xmax>
      <ymax>782.1</ymax>
    </bndbox>
  </object>
  <object>
    <name>WHITE</name>
    <occluded>0</occluded>
    <bndbox>
      <xmin>689.7</xmin>
      <ymin>659.5</ymin>
      <xmax>726.9</xmax>
      <ymax>709.2</ymax>
    </bndbox>
  </object>
  <object>
    <name>WHITE</name>
    <occluded>0</occluded>
    <bndbox>
      <xmin>701.1</xmin>
      <ymin>575.0</ymin>
      <xmax>735.07</xmax>
      <ymax>621.29</ymax>
    </bndbox>
  </object>
  <object>
    <name>WHITE</name>
    <occluded>0</occluded>
    <bndbox>
      <xmin>549.5</xmin>
      <ymin>862.9</ymin>
      <xmax>596.5</xmax>
      <ymax>912.4</ymax>
    </bndbox>
  </object>
  <object>
    <name>WHITE</name>
    <occluded>0</occluded>
    <bndbox>
      <xmin>685.8</xmin>
      <ymin>503.2</ymin>
      <xmax>722.5</xmax>
      <ymax>544.7</ymax>
    </bndbox>
  </object>
  <object>
    <name>WHITE</name>
    <occluded>0</occluded>
    <bndbox>
      <xmin>650.9</xmin>
      <ymin>873.59</ymin>
      <xmax>689.49</xmax>
      <ymax>916.9</ymax>
    </bndbox>
  </object>
  <object>
    <name>BLACK</name>
    <occluded>0</occluded>
    <bndbox>
      <xmin>636.1</xmin>
      <ymin>1077.45</ymin>
      <xmax>683.55</xmax>
      <ymax>1117.7</ymax>
    </bndbox>
  </object>
  <object>
    <name>BLACK</name>
    <occluded>0</occluded>
    <bndbox>
      <xmin>362.96</xmin>
      <ymin>925.08</ymin>
      <xmax>412.3</xmax>
      <ymax>966.6</ymax>
    </bndbox>
  </object>
  <object>
    <name>WHITE</name>
    <occluded>0</occluded>
    <bndbox>
      <xmin>623.31</xmin>
      <ymin>512.36</ymin>
      <xmax>664.4</xmax>
      <ymax>556.5</ymax>
    </bndbox>
  </object>
  <object>
    <name>WHITE</name>
    <occluded>0</occluded>
    <bndbox>
      <xmin>725.83</xmin>
      <ymin>739.81</ymin>
      <xmax>753.28</xmax>
      <ymax>785.59</ymax>
    </bndbox>
  </object>
  <object>
    <name>WHITE</name>
    <occluded>0</occluded>
    <bndbox>
      <xmin>592.76</xmin>
      <ymin>441.22</ymin>
      <xmax>637.67</xmax>
      <ymax>481.56</ymax>
    </bndbox>
  </object>
  <object>
    <name>WHITE</name>
    <occluded>0</occluded>
    <bndbox>
      <xmin>670.11</xmin>
      <ymin>437.89</ymin>
      <xmax>708.78</xmax>
      <ymax>480.77</ymax>
    </bndbox>
  </object>
  <object>
    <name>WHITE</name>
    <occluded>0</occluded>
    <bndbox>
      <xmin>736.23</xmin>
      <ymin>494.03</ymin>
      <xmax>771.16</xmax>
      <ymax>536.45</ymax>
    </bndbox>
  </object>
  <object>
    <name>WHITE</name>
    <occluded>0</occluded>
    <bndbox>
      <xmin>573.21</xmin>
      <ymin>387.16</ymin>
      <xmax>619.79</xmax>
      <ymax>420.43</ymax>
    </bndbox>
  </object>
  <object>
    <name>WHITE</name>
    <occluded>0</occluded>
    <bndbox>
      <xmin>222.8</xmin>
      <ymin>592.09</ymin>
      <xmax>250.91</xmax>
      <ymax>643.3</ymax>
    </bndbox>
  </object>
  <object>
    <name>WHITE</name>
    <occluded>0</occluded>
    <bndbox>
      <xmin>339.2</xmin>
      <ymin>455.21</ymin>
      <xmax>379.68</xmax>
      <ymax>491.6</ymax>
    </bndbox>
  </object>
  <object>
    <name>WHITE</name>
    <occluded>0</occluded>
    <bndbox>
      <xmin>231.09</xmin>
      <ymin>659.58</ymin>
      <xmax>265.3</xmax>
      <ymax>707.7</ymax>
    </bndbox>
  </object>
  <object>
    <name>WHITE</name>
    <occluded>0</occluded>
    <bndbox>
      <xmin>290.0</xmin>
      <ymin>593.3</ymin>
      <xmax>327.7</xmax>
      <ymax>641.0</ymax>
    </bndbox>
  </object>
  <object>
    <name>WHITE</name>
    <occluded>0</occluded>
    <bndbox>
      <xmin>354.93</xmin>
      <ymin>513.87</ymin>
      <xmax>400.7</xmax>
      <ymax>554.5</ymax>
    </bndbox>
  </object>
  <object>
    <name>WHITE</name>
    <occluded>0</occluded>
    <bndbox>
      <xmin>428.67</xmin>
      <ymin>452.09</ymin>
      <xmax>476.8</xmax>
      <ymax>490.2</ymax>
    </bndbox>
  </object>
  <object>
    <name>WHITE</name>
    <occluded>0</occluded>
    <bndbox>
      <xmin>484.09</xmin>
      <ymin>408.5</ymin>
      <xmax>533.1</xmax>
      <ymax>437.0</ymax>
    </bndbox>
  </object>
  <object>
    <name>WHITE</name>
    <occluded>0</occluded>
    <bndbox>
      <xmin>249.87</xmin>
      <ymin>738.58</ymin>
      <xmax>292.1</xmax>
      <ymax>790.5</ymax>
    </bndbox>
  </object>
  <object>
    <name>WHITE</name>
    <occluded>0</occluded>
    <bndbox>
      <xmin>312.08</xmin>
      <ymin>678.0</ymin>
      <xmax>360.5</xmax>
      <ymax>728.12</ymax>
    </bndbox>
  </object>
  <object>
    <name>WHITE</name>
    <occluded>0</occluded>
    <bndbox>
      <xmin>386.53</xmin>
      <ymin>597.46</ymin>
      <xmax>438.6</xmax>
      <ymax>649.5</ymax>
    </bndbox>
  </object>
  <object>
    <name>WHITE</name>
    <occluded>0</occluded>
    <bndbox>
      <xmin>459.18</xmin>
      <ymin>526.24</ymin>
      <xmax>508.9</xmax>
      <ymax>568.5</ymax>
    </bndbox>
  </object>
  <object>
    <name>WHITE</name>
    <occluded>0</occluded>
    <bndbox>
      <xmin>273.2</xmin>
      <ymin>523.6</ymin>
      <xmax>316.17</xmax>
      <ymax>563.1</ymax>
    </bndbox>
  </object>
  <object>
    <name>WHITE</name>
    <occluded>0</occluded>
    <bndbox>
      <xmin>747.46</xmin>
      <ymin>566.56</ymin>
      <xmax>779.8</xmax>
      <ymax>609.1</ymax>
    </bndbox>
  </object>
  <object>
    <name>WHITE</name>
    <occluded>0</occluded>
    <bndbox>
      <xmin>214.01</xmin>
      <ymin>980.73</ymin>
      <xmax>239.3</xmax>
      <ymax>1021.7</ymax>
    </bndbox>
  </object>
  <object>
    <name>WHITE</name>
    <occluded>0</occluded>
    <bndbox>
      <xmin>577.8</xmin>
      <ymin>1097.14</ymin>
      <xmax>619.81</xmax>
      <ymax>1137.9</ymax>
    </bndbox>
  </object>
  <object>
    <name>WHITE</name>
    <occluded>0</occluded>
    <bndbox>
      <xmin>407.93</xmin>
      <ymin>847.34</ymin>
      <xmax>461.7</xmax>
      <ymax>897.5</ymax>
    </bndbox>
  </object>
  <object>
    <name>WHITE</name>
    <occluded>0</occluded>
    <bndbox>
      <xmin>475.8</xmin>
      <ymin>781.0</ymin>
      <xmax>526.5</xmax>
      <ymax>833.5</ymax>
    </bndbox>
  </object>
  <object>
    <name>WHITE</name>
    <occluded>0</occluded>
    <bndbox>
      <xmin>544.0</xmin>
      <ymin>716.5</ymin>
      <xmax>590.0</xmax>
      <ymax>763.5</ymax>
    </bndbox>
  </object>
  <object>
    <name>WHITE</name>
    <occluded>0</occluded>
    <bndbox>
      <xmin>397.15</xmin>
      <ymin>408.93</ymin>
      <xmax>444.28</xmax>
      <ymax>442.55</ymax>
    </bndbox>
  </object>
  <object>
    <name>WHITE</name>
    <occluded>0</occluded>
    <bndbox>
      <xmin>741.24</xmin>
      <ymin>799.77</ymin>
      <xmax>767.58</xmax>
      <ymax>844.13</ymax>
    </bndbox>
  </object>
  <object>
    <name>WHITE</name>
    <occluded>0</occluded>
    <bndbox>
      <xmin>788.28</xmin>
      <ymin>553.64</ymin>
      <xmax>811.09</xmax>
      <ymax>596.38</ymax>
    </bndbox>
  </object>
  <object>
    <name>WHITE</name>
    <occluded>0</occluded>
    <bndbox>
      <xmin>790.3</xmin>
      <ymin>635.94</ymin>
      <xmax>809.65</xmax>
      <ymax>678.39</ymax>
    </bndbox>
  </object>
  <object>
    <name>WHITE</name>
    <occluded>0</occluded>
    <bndbox>
      <xmin>770.09</xmin>
      <ymin>482.59</ymin>
      <xmax>799.54</xmax>
      <ymax>521.29</ymax>
    </bndbox>
  </object>
  <object>
    <name>WHITE</name>
    <occluded>0</occluded>
    <bndbox>
      <xmin>712.6</xmin>
      <ymin>431.99</ymin>
      <xmax>744.85</xmax>
      <ymax>465.44</ymax>
    </bndbox>
  </object>
  <object>
    <name>WHITE</name>
    <occluded>0</occluded>
    <bndbox>
      <xmin>461.11</xmin>
      <ymin>354.25</ymin>
      <xmax>506.35</xmax>
      <ymax>373.75</ymax>
    </bndbox>
  </object>
  <object>
    <name>WHITE</name>
    <occluded>0</occluded>
    <bndbox>
      <xmin>529.59</xmin>
      <ymin>471.65</ymin>
      <xmax>577.2</xmax>
      <ymax>510.0</ymax>
    </bndbox>
  </object>
</annotation>
