<annotation>
  <folder>JH</folder>
  <filename>JH_camera4.png</filename>
  <source>
    <database>Unknown</database>
    <annotation>Unknown</annotation>
    <image>Unknown</image>
  </source>
  <size>
    <width>1280</width>
    <height>960</height>
    <depth></depth>
  </size>
  <segmented>0</segmented>
  <object>
    <name>WHITE</name>
    <occluded>0</occluded>
    <bndbox>
      <xmin>523.5</xmin>
      <ymin>406.0</ymin>
      <xmax>552.5</xmax>
      <ymax>444.0</ymax>
    </bndbox>
  </object>
  <object>
    <name>WHITE</name>
    <occluded>0</occluded>
    <bndbox>
      <xmin>741.0</xmin>
      <ymin>271.5</ymin>
      <xmax>779.0</xmax>
      <ymax>292.5</ymax>
    </bndbox>
  </object>
  <object>
    <name>WHITE</name>
    <occluded>0</occluded>
    <bndbox>
      <xmin>747.5</xmin>
      <ymin>699.0</ymin>
      <xmax>786.5</xmax>
      <ymax>733.0</ymax>
    </bndbox>
  </object>
  <object>
    <name>WHITE</name>
    <occluded>0</occluded>
    <bndbox>
      <xmin>847.58</xmin>
      <ymin>262.59</ymin>
      <xmax>886.5</xmax>
      <ymax>287.66</ymax>
    </bndbox>
  </object>
  <object>
    <name>WHITE</name>
    <occluded>0</occluded>
    <bndbox>
      <xmin>742.78</xmin>
      <ymin>795.19</ymin>
      <xmax>781.22</xmax>
      <ymax>824.81</ymax>
    </bndbox>
  </object>
  <object>
    <name>WHITE</name>
    <occluded>0</occluded>
    <bndbox>
      <xmin>961.95</xmin>
      <ymin>348.05</ymin>
      <xmax>992.7</xmax>
      <ymax>387.0</ymax>
    </bndbox>
  </object>
  <object>
    <name>WHITE</name>
    <occluded>0</occluded>
    <bndbox>
      <xmin>498.65</xmin>
      <ymin>754.16</ymin>
      <xmax>532.6</xmax>
      <ymax>790.27</ymax>
    </bndbox>
  </object>
  <object>
    <name>WHITE</name>
    <occluded>0</occluded>
    <bndbox>
      <xmin>815.17</xmin>
      <ymin>701.88</ymin>
      <xmax>854.83</xmax>
      <ymax>732.12</ymax>
    </bndbox>
  </object>
  <object>
    <name>WHITE</name>
    <occluded>0</occluded>
    <bndbox>
      <xmin>916.07</xmin>
      <ymin>282.8</ymin>
      <xmax>951.25</xmax>
      <ymax>317.98</ymax>
    </bndbox>
  </object>
  <object>
    <name>WHITE</name>
    <occluded>0</occluded>
    <bndbox>
      <xmin>749.93</xmin>
      <ymin>841.93</ymin>
      <xmax>788.6</xmax>
      <ymax>874.3</ymax>
    </bndbox>
  </object>
  <object>
    <name>WHITE</name>
    <occluded>0</occluded>
    <bndbox>
      <xmin>821.75</xmin>
      <ymin>271.94</ymin>
      <xmax>860.3</xmax>
      <ymax>300.39</ymax>
    </bndbox>
  </object>
  <object>
    <name>WHITE</name>
    <occluded>0</occluded>
    <bndbox>
      <xmin>715.83</xmin>
      <ymin>229.28</ymin>
      <xmax>754.38</xmax>
      <ymax>253.23</ymax>
    </bndbox>
  </object>
  <object>
    <name>WHITE</name>
    <occluded>0</occluded>
    <bndbox>
      <xmin>798.17</xmin>
      <ymin>232.64</ymin>
      <xmax>836.35</xmax>
      <ymax>254.35</ymax>
    </bndbox>
  </object>
  <object>
    <name>WHITE</name>
    <occluded>0</occluded>
    <bndbox>
      <xmin>654.45</xmin>
      <ymin>264.46</ymin>
      <xmax>694.12</xmax>
      <ymax>288.79</ymax>
    </bndbox>
  </object>
  <object>
    <name>WHITE</name>
    <occluded>0</occluded>
    <bndbox>
      <xmin>565.58</xmin>
      <ymin>779.98</ymin>
      <xmax>601.4</xmax>
      <ymax>813.0</ymax>
    </bndbox>
  </object>
  <object>
    <name>WHITE</name>
    <occluded>0</occluded>
    <bndbox>
      <xmin>994.29</xmin>
      <ymin>501.75</ymin>
      <xmax>1020.87</xmax>
      <ymax>546.66</ymax>
    </bndbox>
  </object>
  <object>
    <name>WHITE</name>
    <occluded>0</occluded>
    <bndbox>
      <xmin>916.07</xmin>
      <ymin>485.65</ymin>
      <xmax>944.52</xmax>
      <ymax>530.19</ymax>
    </bndbox>
  </object>
  <object>
    <name>WHITE</name>
    <occluded>0</occluded>
    <bndbox>
      <xmin>977.08</xmin>
      <ymin>588.95</ymin>
      <xmax>1007.39</xmax>
      <ymax>629.38</ymax>
    </bndbox>
  </object>
  <object>
    <name>WHITE</name>
    <occluded>0</occluded>
    <bndbox>
      <xmin>969.97</xmin>
      <ymin>788.44</ymin>
      <xmax>1000.28</xmax>
      <ymax>821.75</ymax>
    </bndbox>
  </object>
  <object>
    <name>BLACK</name>
    <occluded>0</occluded>
    <bndbox>
      <xmin>998.79</xmin>
      <ymin>722.2</ymin>
      <xmax>1028.73</xmax>
      <ymax>761.5</ymax>
    </bndbox>
  </object>
  <object>
    <name>WHITE</name>
    <occluded>0</occluded>
    <bndbox>
      <xmin>985.31</xmin>
      <ymin>681.03</ymin>
      <xmax>1014.13</xmax>
      <ymax>723.32</ymax>
    </bndbox>
  </object>
  <object>
    <name>WHITE</name>
    <occluded>0</occluded>
    <bndbox>
      <xmin>939.28</xmin>
      <ymin>670.55</ymin>
      <xmax>970.34</xmax>
      <ymax>708.72</ymax>
    </bndbox>
  </object>
  <object>
    <name>WHITE</name>
    <occluded>0</occluded>
    <bndbox>
      <xmin>899.23</xmin>
      <ymin>574.36</ymin>
      <xmax>937.4</xmax>
      <ymax>616.65</ymax>
    </bndbox>
  </object>
  <object>
    <name>WHITE</name>
    <occluded>0</occluded>
    <bndbox>
      <xmin>882.0</xmin>
      <ymin>692.25</ymin>
      <xmax>915.7</xmax>
      <ymax>729.31</ymax>
    </bndbox>
  </object>
  <object>
    <name>WHITE</name>
    <occluded>0</occluded>
    <bndbox>
      <xmin>855.06</xmin>
      <ymin>641.73</ymin>
      <xmax>894.74</xmax>
      <ymax>680.28</ymax>
    </bndbox>
  </object>
  <object>
    <name>WHITE</name>
    <occluded>0</occluded>
    <bndbox>
      <xmin>472.55</xmin>
      <ymin>566.5</ymin>
      <xmax>503.99</xmax>
      <ymax>607.29</ymax>
    </bndbox>
  </object>
  <object>
    <name>WHITE</name>
    <occluded>0</occluded>
    <bndbox>
      <xmin>487.15</xmin>
      <ymin>639.86</ymin>
      <xmax>522.33</xmax>
      <ymax>680.65</ymax>
    </bndbox>
  </object>
  <object>
    <name>WHITE</name>
    <occluded>0</occluded>
    <bndbox>
      <xmin>518.59</xmin>
      <ymin>711.34</ymin>
      <xmax>553.77</xmax>
      <ymax>752.89</ymax>
    </bndbox>
  </object>
  <object>
    <name>WHITE</name>
    <occluded>0</occluded>
    <bndbox>
      <xmin>817.55</xmin>
      <ymin>840.5</ymin>
      <xmax>857.84</xmax>
      <ymax>871.43</ymax>
    </bndbox>
  </object>
  <object>
    <name>WHITE</name>
    <occluded>0</occluded>
    <bndbox>
      <xmin>863.3</xmin>
      <ymin>898.2</ymin>
      <xmax>897.35</xmax>
      <ymax>927.83</ymax>
    </bndbox>
  </object>
  <object>
    <name>WHITE</name>
    <occluded>0</occluded>
    <bndbox>
      <xmin>786.1</xmin>
      <ymin>913.28</ymin>
      <xmax>823.53</xmax>
      <ymax>934.33</ymax>
    </bndbox>
  </object>
  <object>
    <name>WHITE</name>
    <occluded>0</occluded>
    <bndbox>
      <xmin>771.55</xmin>
      <ymin>887.81</ymin>
      <xmax>812.09</xmax>
      <ymax>914.58</ymax>
    </bndbox>
  </object>
  <object>
    <name>WHITE</name>
    <occluded>0</occluded>
    <bndbox>
      <xmin>676.94</xmin>
      <ymin>840.37</ymin>
      <xmax>718.79</xmax>
      <ymax>869.74</ymax>
    </bndbox>
  </object>
  <object>
    <name>BLACK</name>
    <occluded>0</occluded>
    <bndbox>
      <xmin>706.65</xmin>
      <ymin>911.36</ymin>
      <xmax>748.42</xmax>
      <ymax>940.55</ymax>
    </bndbox>
  </object>
  <object>
    <name>WHITE</name>
    <occluded>0</occluded>
    <bndbox>
      <xmin>699.91</xmin>
      <ymin>888.01</ymin>
      <xmax>740.78</xmax>
      <ymax>919.0</ymax>
    </bndbox>
  </object>
  <object>
    <name>WHITE</name>
    <occluded>0</occluded>
    <bndbox>
      <xmin>645.57</xmin>
      <ymin>903.28</ymin>
      <xmax>681.5</xmax>
      <ymax>935.17</ymax>
    </bndbox>
  </object>
  <object>
    <name>WHITE</name>
    <occluded>0</occluded>
    <bndbox>
      <xmin>633.89</xmin>
      <ymin>871.39</ymin>
      <xmax>670.27</xmax>
      <ymax>908.22</ymax>
    </bndbox>
  </object>
  <object>
    <name>WHITE</name>
    <occluded>0</occluded>
    <bndbox>
      <xmin>604.7</xmin>
      <ymin>833.21</ymin>
      <xmax>641.53</xmax>
      <ymax>866.0</ymax>
    </bndbox>
  </object>
  <object>
    <name>WHITE</name>
    <occluded>0</occluded>
    <bndbox>
      <xmin>840.7</xmin>
      <ymin>872.95</ymin>
      <xmax>879.37</xmax>
      <ymax>901.1</ymax>
    </bndbox>
  </object>
  <object>
    <name>WHITE</name>
    <occluded>0</occluded>
    <bndbox>
      <xmin>478.75</xmin>
      <ymin>428.62</ymin>
      <xmax>499.2</xmax>
      <ymax>468.6</ymax>
    </bndbox>
  </object>
  <object>
    <name>WHITE</name>
    <occluded>0</occluded>
    <bndbox>
      <xmin>576.9</xmin>
      <ymin>859.8</ymin>
      <xmax>608.9</xmax>
      <ymax>894.48</ymax>
    </bndbox>
  </object>
  <object>
    <name>BLACK</name>
    <occluded>0</occluded>
    <bndbox>
      <xmin>647.8</xmin>
      <ymin>790.46</ymin>
      <xmax>688.6</xmax>
      <ymax>828.8</ymax>
    </bndbox>
  </object>
  <object>
    <name>WHITE</name>
    <occluded>0</occluded>
    <bndbox>
      <xmin>704.12</xmin>
      <ymin>746.88</ymin>
      <xmax>746.9</xmax>
      <ymax>779.5</ymax>
    </bndbox>
  </object>
  <object>
    <name>WHITE</name>
    <occluded>0</occluded>
    <bndbox>
      <xmin>788.75</xmin>
      <ymin>639.74</ymin>
      <xmax>830.5</xmax>
      <ymax>680.8</ymax>
    </bndbox>
  </object>
  <object>
    <name>WHITE</name>
    <occluded>0</occluded>
    <bndbox>
      <xmin>828.26</xmin>
      <ymin>585.52</ymin>
      <xmax>868.48</xmax>
      <ymax>629.7</ymax>
    </bndbox>
  </object>
  <object>
    <name>BLACK</name>
    <occluded>0</occluded>
    <bndbox>
      <xmin>859.02</xmin>
      <ymin>520.63</ymin>
      <xmax>900.9</xmax>
      <ymax>566.6</ymax>
    </bndbox>
  </object>
  <object>
    <name>WHITE</name>
    <occluded>0</occluded>
    <bndbox>
      <xmin>586.08</xmin>
      <ymin>894.6</ymin>
      <xmax>625.7</xmax>
      <ymax>927.2</ymax>
    </bndbox>
  </object>
  <object>
    <name>WHITE</name>
    <occluded>0</occluded>
    <bndbox>
      <xmin>782.6</xmin>
      <ymin>745.82</ymin>
      <xmax>824.82</xmax>
      <ymax>781.2</ymax>
    </bndbox>
  </object>
  <object>
    <name>WHITE</name>
    <occluded>0</occluded>
    <bndbox>
      <xmin>894.0</xmin>
      <ymin>407.1</ymin>
      <xmax>929.9</xmax>
      <ymax>450.6</ymax>
    </bndbox>
  </object>
  <object>
    <name>WHITE</name>
    <occluded>0</occluded>
    <bndbox>
      <xmin>868.99</xmin>
      <ymin>334.65</ymin>
      <xmax>903.1</xmax>
      <ymax>371.7</ymax>
    </bndbox>
  </object>
  <object>
    <name>WHITE</name>
    <occluded>0</occluded>
    <bndbox>
      <xmin>811.99</xmin>
      <ymin>791.4</ymin>
      <xmax>850.01</xmax>
      <ymax>828.21</ymax>
    </bndbox>
  </object>
  <object>
    <name>WHITE</name>
    <occluded>0</occluded>
    <bndbox>
      <xmin>839.8</xmin>
      <ymin>746.07</ymin>
      <xmax>875.33</xmax>
      <ymax>787.3</ymax>
    </bndbox>
  </object>
  <object>
    <name>WHITE</name>
    <occluded>0</occluded>
    <bndbox>
      <xmin>927.6</xmin>
      <ymin>627.86</ymin>
      <xmax>960.99</xmax>
      <ymax>665.0</ymax>
    </bndbox>
  </object>
  <object>
    <name>WHITE</name>
    <occluded>0</occluded>
    <bndbox>
      <xmin>948.5</xmin>
      <ymin>542.0</ymin>
      <xmax>977.6</xmax>
      <ymax>583.7</ymax>
    </bndbox>
  </object>
  <object>
    <name>WHITE</name>
    <occluded>0</occluded>
    <bndbox>
      <xmin>953.5</xmin>
      <ymin>449.5</ymin>
      <xmax>982.4</xmax>
      <ymax>493.4</ymax>
    </bndbox>
  </object>
  <object>
    <name>WHITE</name>
    <occluded>0</occluded>
    <bndbox>
      <xmin>931.62</xmin>
      <ymin>374.38</ymin>
      <xmax>965.0</xmax>
      <ymax>414.2</ymax>
    </bndbox>
  </object>
  <object>
    <name>WHITE</name>
    <occluded>0</occluded>
    <bndbox>
      <xmin>986.63</xmin>
      <ymin>415.99</ymin>
      <xmax>1016.6</xmax>
      <ymax>460.0</ymax>
    </bndbox>
  </object>
  <object>
    <name>WHITE</name>
    <occluded>0</occluded>
    <bndbox>
      <xmin>467.5</xmin>
      <ymin>494.75</ymin>
      <xmax>493.6</xmax>
      <ymax>531.75</ymax>
    </bndbox>
  </object>
  <object>
    <name>BLACK</name>
    <occluded>0</occluded>
    <bndbox>
      <xmin>502.63</xmin>
      <ymin>464.25</ymin>
      <xmax>534.9</xmax>
      <ymax>507.5</ymax>
    </bndbox>
  </object>
  <object>
    <name>WHITE</name>
    <occluded>0</occluded>
    <bndbox>
      <xmin>514.01</xmin>
      <ymin>522.49</ymin>
      <xmax>550.2</xmax>
      <ymax>564.5</ymax>
    </bndbox>
  </object>
  <object>
    <name>WHITE</name>
    <occluded>0</occluded>
    <bndbox>
      <xmin>549.88</xmin>
      <ymin>475.5</ymin>
      <xmax>587.9</xmax>
      <ymax>517.0</ymax>
    </bndbox>
  </object>
  <object>
    <name>WHITE</name>
    <occluded>0</occluded>
    <bndbox>
      <xmin>588.2</xmin>
      <ymin>406.71</ymin>
      <xmax>627.8</xmax>
      <ymax>452.5</ymax>
    </bndbox>
  </object>
  <object>
    <name>WHITE</name>
    <occluded>0</occluded>
    <bndbox>
      <xmin>630.83</xmin>
      <ymin>358.42</ymin>
      <xmax>671.9</xmax>
      <ymax>402.8</ymax>
    </bndbox>
  </object>
  <object>
    <name>WHITE</name>
    <occluded>0</occluded>
    <bndbox>
      <xmin>686.14</xmin>
      <ymin>309.67</ymin>
      <xmax>733.7</xmax>
      <ymax>348.6</ymax>
    </bndbox>
  </object>
  <object>
    <name>WHITE</name>
    <occluded>0</occluded>
    <bndbox>
      <xmin>524.32</xmin>
      <ymin>591.01</ymin>
      <xmax>559.9</xmax>
      <ymax>633.7</ymax>
    </bndbox>
  </object>
  <object>
    <name>WHITE</name>
    <occluded>0</occluded>
    <bndbox>
      <xmin>576.63</xmin>
      <ymin>545.88</ymin>
      <xmax>619.9</xmax>
      <ymax>591.1</ymax>
    </bndbox>
  </object>
  <object>
    <name>WHITE</name>
    <occluded>0</occluded>
    <bndbox>
      <xmin>620.14</xmin>
      <ymin>484.47</ymin>
      <xmax>662.2</xmax>
      <ymax>528.3</ymax>
    </bndbox>
  </object>
  <object>
    <name>WHITE</name>
    <occluded>0</occluded>
    <bndbox>
      <xmin>671.51</xmin>
      <ymin>418.51</ymin>
      <xmax>717.9</xmax>
      <ymax>465.4</ymax>
    </bndbox>
  </object>
  <object>
    <name>WHITE</name>
    <occluded>0</occluded>
    <bndbox>
      <xmin>722.25</xmin>
      <ymin>365.25</ymin>
      <xmax>769.4</xmax>
      <ymax>410.7</ymax>
    </bndbox>
  </object>
  <object>
    <name>WHITE</name>
    <occluded>0</occluded>
    <bndbox>
      <xmin>779.56</xmin>
      <ymin>307.11</ymin>
      <xmax>820.7</xmax>
      <ymax>346.89</ymax>
    </bndbox>
  </object>
  <object>
    <name>WHITE</name>
    <occluded>0</occluded>
    <bndbox>
      <xmin>560.64</xmin>
      <ymin>669.62</ymin>
      <xmax>602.4</xmax>
      <ymax>707.4</ymax>
    </bndbox>
  </object>
  <object>
    <name>WHITE</name>
    <occluded>0</occluded>
    <bndbox>
      <xmin>608.5</xmin>
      <ymin>618.0</ymin>
      <xmax>650.4</xmax>
      <ymax>663.9</ymax>
    </bndbox>
  </object>
  <object>
    <name>WHITE</name>
    <occluded>0</occluded>
    <bndbox>
      <xmin>655.5</xmin>
      <ymin>561.5</ymin>
      <xmax>700.5</xmax>
      <ymax>610.6</ymax>
    </bndbox>
  </object>
  <object>
    <name>WHITE</name>
    <occluded>0</occluded>
    <bndbox>
      <xmin>701.0</xmin>
      <ymin>494.7</ymin>
      <xmax>750.8</xmax>
      <ymax>542.6</ymax>
    </bndbox>
  </object>
  <object>
    <name>WHITE</name>
    <occluded>0</occluded>
    <bndbox>
      <xmin>763.46</xmin>
      <ymin>433.53</ymin>
      <xmax>809.3</xmax>
      <ymax>478.2</ymax>
    </bndbox>
  </object>
  <object>
    <name>WHITE</name>
    <occluded>0</occluded>
    <bndbox>
      <xmin>810.75</xmin>
      <ymin>367.35</ymin>
      <xmax>852.2</xmax>
      <ymax>409.5</ymax>
    </bndbox>
  </object>
  <object>
    <name>WHITE</name>
    <occluded>0</occluded>
    <bndbox>
      <xmin>1032.47</xmin>
      <ymin>460.58</ymin>
      <xmax>1054.93</xmax>
      <ymax>504.74</ymax>
    </bndbox>
  </object>
  <object>
    <name>WHITE</name>
    <occluded>0</occluded>
    <bndbox>
      <xmin>602.5</xmin>
      <ymin>731.18</ymin>
      <xmax>644.4</xmax>
      <ymax>772.3</ymax>
    </bndbox>
  </object>
  <object>
    <name>WHITE</name>
    <occluded>0</occluded>
    <bndbox>
      <xmin>649.5</xmin>
      <ymin>689.5</ymin>
      <xmax>695.2</xmax>
      <ymax>725.2</ymax>
    </bndbox>
  </object>
  <object>
    <name>WHITE</name>
    <occluded>0</occluded>
    <bndbox>
      <xmin>703.43</xmin>
      <ymin>635.41</ymin>
      <xmax>746.7</xmax>
      <ymax>676.2</ymax>
    </bndbox>
  </object>
  <object>
    <name>WHITE</name>
    <occluded>0</occluded>
    <bndbox>
      <xmin>742.38</xmin>
      <ymin>574.38</ymin>
      <xmax>789.8</xmax>
      <ymax>619.4</ymax>
    </bndbox>
  </object>
  <object>
    <name>WHITE</name>
    <occluded>0</occluded>
    <bndbox>
      <xmin>789.75</xmin>
      <ymin>512.0</ymin>
      <xmax>833.2</xmax>
      <ymax>558.1</ymax>
    </bndbox>
  </object>
  <object>
    <name>WHITE</name>
    <occluded>0</occluded>
    <bndbox>
      <xmin>841.88</xmin>
      <ymin>443.58</ymin>
      <xmax>883.7</xmax>
      <ymax>488.9</ymax>
    </bndbox>
  </object>
  <object>
    <name>WHITE</name>
    <occluded>0</occluded>
    <bndbox>
      <xmin>607.67</xmin>
      <ymin>298.14</ymin>
      <xmax>643.22</xmax>
      <ymax>332.2</ymax>
    </bndbox>
  </object>
  <object>
    <name>WHITE</name>
    <occluded>0</occluded>
    <bndbox>
      <xmin>559.39</xmin>
      <ymin>348.67</ymin>
      <xmax>593.07</xmax>
      <ymax>389.09</ymax>
    </bndbox>
  </object>
  <object>
    <name>WHITE</name>
    <occluded>0</occluded>
    <bndbox>
      <xmin>443.36</xmin>
      <ymin>534.31</ymin>
      <xmax>462.45</xmax>
      <ymax>575.85</ymax>
    </bndbox>
  </object>
  <object>
    <name>WHITE</name>
    <occluded>0</occluded>
    <bndbox>
      <xmin>896.23</xmin>
      <ymin>312.74</ymin>
      <xmax>934.41</xmax>
      <ymax>351.66</ymax>
    </bndbox>
  </object>
  <object>
    <name>WHITE</name>
    <occluded>0</occluded>
    <bndbox>
      <xmin>1012.63</xmin>
      <ymin>386.1</ymin>
      <xmax>1037.33</xmax>
      <ymax>423.53</ymax>
    </bndbox>
  </object>
</annotation>
