<annotation>
  <folder>JH</folder>
  <filename>JH_camera6.png</filename>
  <source>
    <database>Unknown</database>
    <annotation>Unknown</annotation>
    <image>Unknown</image>
  </source>
  <size>
    <width>1280</width>
    <height>960</height>
    <depth></depth>
  </size>
  <segmented>0</segmented>
  <object>
    <name>WHITE</name>
    <occluded>0</occluded>
    <bndbox>
      <xmin>533.16</xmin>
      <ymin>550.05</ymin>
      <xmax>587.2</xmax>
      <ymax>603.3</ymax>
    </bndbox>
  </object>
  <object>
    <name>WHITE</name>
    <occluded>0</occluded>
    <bndbox>
      <xmin>721.52</xmin>
      <ymin>326.4</ymin>
      <xmax>746.6</xmax>
      <ymax>370.94</ymax>
    </bndbox>
  </object>
  <object>
    <name>WHITE</name>
    <occluded>0</occluded>
    <bndbox>
      <xmin>770.18</xmin>
      <ymin>366.82</ymin>
      <xmax>790.01</xmax>
      <ymax>409.49</ymax>
    </bndbox>
  </object>
  <object>
    <name>WHITE</name>
    <occluded>0</occluded>
    <bndbox>
      <xmin>667.25</xmin>
      <ymin>357.84</ymin>
      <xmax>703.93</xmax>
      <ymax>396.39</ymax>
    </bndbox>
  </object>
  <object>
    <name>WHITE</name>
    <occluded>0</occluded>
    <bndbox>
      <xmin>810.22</xmin>
      <ymin>665.12</ymin>
      <xmax>837.92</xmax>
      <ymax>705.92</ymax>
    </bndbox>
  </object>
  <object>
    <name>WHITE</name>
    <occluded>0</occluded>
    <bndbox>
      <xmin>783.3</xmin>
      <ymin>625.45</ymin>
      <xmax>813.2</xmax>
      <ymax>670.36</ymax>
    </bndbox>
  </object>
  <object>
    <name>WHITE</name>
    <occluded>0</occluded>
    <bndbox>
      <xmin>769.43</xmin>
      <ymin>748.58</ymin>
      <xmax>800.49</xmax>
      <ymax>789.0</ymax>
    </bndbox>
  </object>
  <object>
    <name>WHITE</name>
    <occluded>0</occluded>
    <bndbox>
      <xmin>662.76</xmin>
      <ymin>925.62</ymin>
      <xmax>698.32</xmax>
      <ymax>956.31</ymax>
    </bndbox>
  </object>
  <object>
    <name>WHITE</name>
    <occluded>0</occluded>
    <bndbox>
      <xmin>651.16</xmin>
      <ymin>898.29</ymin>
      <xmax>689.71</xmax>
      <ymax>928.23</ymax>
    </bndbox>
  </object>
  <object>
    <name>WHITE</name>
    <occluded>0</occluded>
    <bndbox>
      <xmin>676.98</xmin>
      <ymin>848.89</ymin>
      <xmax>714.79</xmax>
      <ymax>887.81</ymax>
    </bndbox>
  </object>
  <object>
    <name>WHITE</name>
    <occluded>0</occluded>
    <bndbox>
      <xmin>139.9</xmin>
      <ymin>577.54</ymin>
      <xmax>165.35</xmax>
      <ymax>624.32</ymax>
    </bndbox>
  </object>
  <object>
    <name>WHITE</name>
    <occluded>0</occluded>
    <bndbox>
      <xmin>174.71</xmin>
      <ymin>548.35</ymin>
      <xmax>212.88</xmax>
      <ymax>595.5</ymax>
    </bndbox>
  </object>
  <object>
    <name>WHITE</name>
    <occluded>0</occluded>
    <bndbox>
      <xmin>158.99</xmin>
      <ymin>674.1</ymin>
      <xmax>194.54</xmax>
      <ymax>720.14</ymax>
    </bndbox>
  </object>
  <object>
    <name>WHITE</name>
    <occluded>0</occluded>
    <bndbox>
      <xmin>197.79</xmin>
      <ymin>913.56</ymin>
      <xmax>230.57</xmax>
      <ymax>946.8</ymax>
    </bndbox>
  </object>
  <object>
    <name>BLACK</name>
    <occluded>0</occluded>
    <bndbox>
      <xmin>180.72</xmin>
      <ymin>881.67</ymin>
      <xmax>208.56</xmax>
      <ymax>918.95</ymax>
    </bndbox>
  </object>
  <object>
    <name>WHITE</name>
    <occluded>0</occluded>
    <bndbox>
      <xmin>731.5</xmin>
      <ymin>393.79</ymin>
      <xmax>760.5</xmax>
      <ymax>436.21</ymax>
    </bndbox>
  </object>
  <object>
    <name>WHITE</name>
    <occluded>0</occluded>
    <bndbox>
      <xmin>791.22</xmin>
      <ymin>442.94</ymin>
      <xmax>810.78</xmax>
      <ymax>483.06</ymax>
    </bndbox>
  </object>
  <object>
    <name>WHITE</name>
    <occluded>0</occluded>
    <bndbox>
      <xmin>278.84</xmin>
      <ymin>981.61</ymin>
      <xmax>293.82</xmax>
      <ymax>1020.92</ymax>
    </bndbox>
  </object>
  <object>
    <name>WHITE</name>
    <occluded>0</occluded>
    <bndbox>
      <xmin>337.1</xmin>
      <ymin>981.78</ymin>
      <xmax>356.39</xmax>
      <ymax>1021.31</ymax>
    </bndbox>
  </object>
  <object>
    <name>WHITE</name>
    <occluded>0</occluded>
    <bndbox>
      <xmin>402.77</xmin>
      <ymin>602.3</ymin>
      <xmax>448.5</xmax>
      <ymax>650.32</ymax>
    </bndbox>
  </object>
  <object>
    <name>WHITE</name>
    <occluded>0</occluded>
    <bndbox>
      <xmin>454.56</xmin>
      <ymin>529.48</ymin>
      <xmax>505.8</xmax>
      <ymax>581.7</ymax>
    </bndbox>
  </object>
  <object>
    <name>WHITE</name>
    <occluded>0</occluded>
    <bndbox>
      <xmin>743.2</xmin>
      <ymin>583.86</ymin>
      <xmax>777.21</xmax>
      <ymax>628.1</ymax>
    </bndbox>
  </object>
  <object>
    <name>WHITE</name>
    <occluded>0</occluded>
    <bndbox>
      <xmin>707.43</xmin>
      <ymin>671.69</ymin>
      <xmax>750.57</xmax>
      <ymax>715.6</ymax>
    </bndbox>
  </object>
  <object>
    <name>WHITE</name>
    <occluded>0</occluded>
    <bndbox>
      <xmin>669.4</xmin>
      <ymin>755.74</ymin>
      <xmax>713.19</xmax>
      <ymax>789.2</ymax>
    </bndbox>
  </object>
  <object>
    <name>WHITE</name>
    <occluded>0</occluded>
    <bndbox>
      <xmin>641.08</xmin>
      <ymin>814.54</ymin>
      <xmax>685.88</xmax>
      <ymax>853.73</ymax>
    </bndbox>
  </object>
  <object>
    <name>WHITE</name>
    <occluded>0</occluded>
    <bndbox>
      <xmin>674.7</xmin>
      <ymin>438.71</ymin>
      <xmax>715.7</xmax>
      <ymax>484.8</ymax>
    </bndbox>
  </object>
  <object>
    <name>WHITE</name>
    <occluded>0</occluded>
    <bndbox>
      <xmin>687.1</xmin>
      <ymin>529.3</ymin>
      <xmax>727.04</xmax>
      <ymax>579.07</ymax>
    </bndbox>
  </object>
  <object>
    <name>WHITE</name>
    <occluded>0</occluded>
    <bndbox>
      <xmin>628.1</xmin>
      <ymin>703.29</ymin>
      <xmax>675.3</xmax>
      <ymax>743.0</ymax>
    </bndbox>
  </object>
  <object>
    <name>WHITE</name>
    <occluded>0</occluded>
    <bndbox>
      <xmin>590.48</xmin>
      <ymin>776.09</ymin>
      <xmax>638.0</xmax>
      <ymax>812.3</ymax>
    </bndbox>
  </object>
  <object>
    <name>WHITE</name>
    <occluded>0</occluded>
    <bndbox>
      <xmin>412.36</xmin>
      <ymin>933.36</ymin>
      <xmax>459.6</xmax>
      <ymax>960.0</ymax>
    </bndbox>
  </object>
  <object>
    <name>BLACK</name>
    <occluded>0</occluded>
    <bndbox>
      <xmin>610.27</xmin>
      <ymin>568.38</ymin>
      <xmax>663.7</xmax>
      <ymax>620.4</ymax>
    </bndbox>
  </object>
  <object>
    <name>WHITE</name>
    <occluded>0</occluded>
    <bndbox>
      <xmin>591.5</xmin>
      <ymin>393.2</ymin>
      <xmax>636.4</xmax>
      <ymax>436.5</ymax>
    </bndbox>
  </object>
  <object>
    <name>WHITE</name>
    <occluded>0</occluded>
    <bndbox>
      <xmin>322.7</xmin>
      <ymin>793.29</ymin>
      <xmax>369.2</xmax>
      <ymax>837.3</ymax>
    </bndbox>
  </object>
  <object>
    <name>WHITE</name>
    <occluded>0</occluded>
    <bndbox>
      <xmin>747.06</xmin>
      <ymin>484.64</ymin>
      <xmax>778.7</xmax>
      <ymax>530.4</ymax>
    </bndbox>
  </object>
  <object>
    <name>WHITE</name>
    <occluded>0</occluded>
    <bndbox>
      <xmin>708.2</xmin>
      <ymin>791.15</ymin>
      <xmax>745.52</xmax>
      <ymax>828.2</ymax>
    </bndbox>
  </object>
  <object>
    <name>WHITE</name>
    <occluded>0</occluded>
    <bndbox>
      <xmin>745.5</xmin>
      <ymin>712.54</ymin>
      <xmax>777.49</xmax>
      <ymax>755.6</ymax>
    </bndbox>
  </object>
  <object>
    <name>WHITE</name>
    <occluded>0</occluded>
    <bndbox>
      <xmin>800.5</xmin>
      <ymin>533.8</ymin>
      <xmax>824.1</xmax>
      <ymax>575.5</ymax>
    </bndbox>
  </object>
  <object>
    <name>WHITE</name>
    <occluded>0</occluded>
    <bndbox>
      <xmin>722.9</xmin>
      <ymin>892.36</ymin>
      <xmax>758.47</xmax>
      <ymax>930.3</ymax>
    </bndbox>
  </object>
  <object>
    <name>WHITE</name>
    <occluded>0</occluded>
    <bndbox>
      <xmin>213.4</xmin>
      <ymin>886.9</ymin>
      <xmax>248.38</xmax>
      <ymax>923.35</ymax>
    </bndbox>
  </object>
  <object>
    <name>WHITE</name>
    <occluded>0</occluded>
    <bndbox>
      <xmin>255.15</xmin>
      <ymin>857.49</ymin>
      <xmax>293.9</xmax>
      <ymax>894.1</ymax>
    </bndbox>
  </object>
  <object>
    <name>WHITE</name>
    <occluded>0</occluded>
    <bndbox>
      <xmin>353.8</xmin>
      <ymin>406.6</ymin>
      <xmax>402.5</xmax>
      <ymax>452.63</ymax>
    </bndbox>
  </object>
  <object>
    <name>WHITE</name>
    <occluded>0</occluded>
    <bndbox>
      <xmin>296.08</xmin>
      <ymin>463.1</ymin>
      <xmax>342.2</xmax>
      <ymax>512.4</ymax>
    </bndbox>
  </object>
  <object>
    <name>WHITE</name>
    <occluded>0</occluded>
    <bndbox>
      <xmin>232.28</xmin>
      <ymin>518.89</ymin>
      <xmax>274.6</xmax>
      <ymax>567.1</ymax>
    </bndbox>
  </object>
  <object>
    <name>BLACK</name>
    <occluded>0</occluded>
    <bndbox>
      <xmin>238.72</xmin>
      <ymin>434.38</ymin>
      <xmax>282.3</xmax>
      <ymax>490.0</ymax>
    </bndbox>
  </object>
  <object>
    <name>WHITE</name>
    <occluded>0</occluded>
    <bndbox>
      <xmin>182.3</xmin>
      <ymin>459.91</ymin>
      <xmax>215.98</xmax>
      <ymax>506.5</ymax>
    </bndbox>
  </object>
  <object>
    <name>WHITE</name>
    <occluded>0</occluded>
    <bndbox>
      <xmin>291.05</xmin>
      <ymin>376.76</ymin>
      <xmax>334.19</xmax>
      <ymax>416.78</ymax>
    </bndbox>
  </object>
  <object>
    <name>WHITE</name>
    <occluded>0</occluded>
    <bndbox>
      <xmin>220.8</xmin>
      <ymin>377.61</ymin>
      <xmax>260.53</xmax>
      <ymax>421.8</ymax>
    </bndbox>
  </object>
  <object>
    <name>WHITE</name>
    <occluded>0</occluded>
    <bndbox>
      <xmin>348.4</xmin>
      <ymin>320.38</ymin>
      <xmax>399.04</xmax>
      <ymax>357.6</ymax>
    </bndbox>
  </object>
  <object>
    <name>WHITE</name>
    <occluded>0</occluded>
    <bndbox>
      <xmin>420.99</xmin>
      <ymin>283.1</ymin>
      <xmax>465.6</xmax>
      <ymax>311.0</ymax>
    </bndbox>
  </object>
  <object>
    <name>WHITE</name>
    <occluded>0</occluded>
    <bndbox>
      <xmin>519.73</xmin>
      <ymin>464.22</ymin>
      <xmax>566.9</xmax>
      <ymax>511.9</ymax>
    </bndbox>
  </object>
  <object>
    <name>WHITE</name>
    <occluded>0</occluded>
    <bndbox>
      <xmin>385.39</xmin>
      <ymin>741.13</ymin>
      <xmax>433.7</xmax>
      <ymax>785.0</ymax>
    </bndbox>
  </object>
  <object>
    <name>WHITE</name>
    <occluded>0</occluded>
    <bndbox>
      <xmin>441.2</xmin>
      <ymin>693.92</ymin>
      <xmax>491.6</xmax>
      <ymax>738.08</ymax>
    </bndbox>
  </object>
  <object>
    <name>WHITE</name>
    <occluded>0</occluded>
    <bndbox>
      <xmin>490.88</xmin>
      <ymin>629.5</ymin>
      <xmax>541.6</xmax>
      <ymax>678.2</ymax>
    </bndbox>
  </object>
  <object>
    <name>WHITE</name>
    <occluded>0</occluded>
    <bndbox>
      <xmin>647.04</xmin>
      <ymin>294.59</ymin>
      <xmax>687.09</xmax>
      <ymax>332.76</ymax>
    </bndbox>
  </object>
  <object>
    <name>BLACK</name>
    <occluded>0</occluded>
    <bndbox>
      <xmin>374.88</xmin>
      <ymin>867.98</ymin>
      <xmax>427.0</xmax>
      <ymax>908.5</ymax>
    </bndbox>
  </object>
  <object>
    <name>WHITE</name>
    <occluded>0</occluded>
    <bndbox>
      <xmin>408.0</xmin>
      <ymin>812.4</ymin>
      <xmax>455.5</xmax>
      <ymax>854.9</ymax>
    </bndbox>
  </object>
  <object>
    <name>WHITE</name>
    <occluded>0</occluded>
    <bndbox>
      <xmin>502.13</xmin>
      <ymin>778.12</ymin>
      <xmax>551.6</xmax>
      <ymax>815.6</ymax>
    </bndbox>
  </object>
  <object>
    <name>WHITE</name>
    <occluded>0</occluded>
    <bndbox>
      <xmin>529.13</xmin>
      <ymin>720.0</ymin>
      <xmax>578.9</xmax>
      <ymax>756.7</ymax>
    </bndbox>
  </object>
  <object>
    <name>WHITE</name>
    <occluded>0</occluded>
    <bndbox>
      <xmin>567.7</xmin>
      <ymin>641.9</ymin>
      <xmax>615.36</xmax>
      <ymax>685.12</ymax>
    </bndbox>
  </object>
  <object>
    <name>WHITE</name>
    <occluded>0</occluded>
    <bndbox>
      <xmin>108.83</xmin>
      <ymin>596.63</ymin>
      <xmax>133.16</xmax>
      <ymax>645.28</ymax>
    </bndbox>
  </object>
  <object>
    <name>WHITE</name>
    <occluded>0</occluded>
    <bndbox>
      <xmin>282.5</xmin>
      <ymin>315.17</ymin>
      <xmax>326.66</xmax>
      <ymax>345.86</ymax>
    </bndbox>
  </object>
  <object>
    <name>BLACK</name>
    <occluded>0</occluded>
    <bndbox>
      <xmin>526.9</xmin>
      <ymin>241.81</ymin>
      <xmax>567.32</xmax>
      <ymax>267.27</ymax>
    </bndbox>
  </object>
  <object>
    <name>WHITE</name>
    <occluded>0</occluded>
    <bndbox>
      <xmin>605.39</xmin>
      <ymin>482.53</ymin>
      <xmax>648.61</xmax>
      <ymax>527.47</ymax>
    </bndbox>
  </object>
  <object>
    <name>WHITE</name>
    <occluded>0</occluded>
    <bndbox>
      <xmin>308.4</xmin>
      <ymin>564.0</ymin>
      <xmax>356.2</xmax>
      <ymax>612.9</ymax>
    </bndbox>
  </object>
  <object>
    <name>WHITE</name>
    <occluded>0</occluded>
    <bndbox>
      <xmin>372.5</xmin>
      <ymin>498.7</ymin>
      <xmax>421.5</xmax>
      <ymax>547.36</ymax>
    </bndbox>
  </object>
  <object>
    <name>WHITE</name>
    <occluded>0</occluded>
    <bndbox>
      <xmin>436.95</xmin>
      <ymin>439.78</ymin>
      <xmax>482.9</xmax>
      <ymax>486.0</ymax>
    </bndbox>
  </object>
  <object>
    <name>WHITE</name>
    <occluded>0</occluded>
    <bndbox>
      <xmin>497.3</xmin>
      <ymin>384.0</ymin>
      <xmax>548.4</xmax>
      <ymax>427.5</ymax>
    </bndbox>
  </object>
  <object>
    <name>WHITE</name>
    <occluded>0</occluded>
    <bndbox>
      <xmin>581.4</xmin>
      <ymin>323.6</ymin>
      <xmax>625.88</xmax>
      <ymax>361.99</ymax>
    </bndbox>
  </object>
  <object>
    <name>WHITE</name>
    <occluded>0</occluded>
    <bndbox>
      <xmin>238.6</xmin>
      <ymin>756.83</ymin>
      <xmax>278.3</xmax>
      <ymax>800.4</ymax>
    </bndbox>
  </object>
  <object>
    <name>WHITE</name>
    <occluded>0</occluded>
    <bndbox>
      <xmin>289.52</xmin>
      <ymin>706.89</ymin>
      <xmax>331.8</xmax>
      <ymax>750.0</ymax>
    </bndbox>
  </object>
  <object>
    <name>WHITE</name>
    <occluded>0</occluded>
    <bndbox>
      <xmin>334.6</xmin>
      <ymin>659.4</ymin>
      <xmax>381.4</xmax>
      <ymax>706.0</ymax>
    </bndbox>
  </object>
  <object>
    <name>WHITE</name>
    <occluded>0</occluded>
    <bndbox>
      <xmin>330.63</xmin>
      <ymin>937.06</ymin>
      <xmax>381.1</xmax>
      <ymax>960.0</ymax>
    </bndbox>
  </object>
  <object>
    <name>WHITE</name>
    <occluded>0</occluded>
    <bndbox>
      <xmin>313.22</xmin>
      <ymin>872.34</ymin>
      <xmax>357.4</xmax>
      <ymax>909.8</ymax>
    </bndbox>
  </object>
  <object>
    <name>WHITE</name>
    <occluded>0</occluded>
    <bndbox>
      <xmin>248.25</xmin>
      <ymin>620.75</ymin>
      <xmax>294.5</xmax>
      <ymax>666.1</ymax>
    </bndbox>
  </object>
  <object>
    <name>WHITE</name>
    <occluded>0</occluded>
    <bndbox>
      <xmin>204.71</xmin>
      <ymin>651.36</ymin>
      <xmax>243.7</xmax>
      <ymax>699.0</ymax>
    </bndbox>
  </object>
  <object>
    <name>WHITE</name>
    <occluded>0</occluded>
    <bndbox>
      <xmin>567.75</xmin>
      <ymin>270.25</ymin>
      <xmax>611.7</xmax>
      <ymax>301.9</ymax>
    </bndbox>
  </object>
  <object>
    <name>WHITE</name>
    <occluded>0</occluded>
    <bndbox>
      <xmin>497.13</xmin>
      <ymin>311.25</ymin>
      <xmax>547.0</xmax>
      <ymax>352.0</ymax>
    </bndbox>
  </object>
  <object>
    <name>WHITE</name>
    <occluded>0</occluded>
    <bndbox>
      <xmin>423.01</xmin>
      <ymin>358.38</ymin>
      <xmax>469.4</xmax>
      <ymax>400.2</ymax>
    </bndbox>
  </object>
  <object>
    <name>WHITE</name>
    <occluded>0</occluded>
    <bndbox>
      <xmin>668.0</xmin>
      <ymin>631.0</ymin>
      <xmax>708.0</xmax>
      <ymax>673.0</ymax>
    </bndbox>
  </object>
</annotation>
