<annotation>
  <folder>JJ</folder>
  <filename>JJ_camera6.png</filename>
  <source>
    <database>Unknown</database>
    <annotation>Unknown</annotation>
    <image>Unknown</image>
  </source>
  <size>
    <width>1280</width>
    <height>960</height>
    <depth></depth>
  </size>
  <segmented>0</segmented>
  <object>
    <name>WHITE</name>
    <occluded>0</occluded>
    <bndbox>
      <xmin>572.7</xmin>
      <ymin>912.76</ymin>
      <xmax>614.37</xmax>
      <ymax>945.7</ymax>
    </bndbox>
  </object>
  <object>
    <name>WHITE</name>
    <occluded>0</occluded>
    <bndbox>
      <xmin>515.5</xmin>
      <ymin>285.9</ymin>
      <xmax>561.2</xmax>
      <ymax>319.2</ymax>
    </bndbox>
  </object>
  <object>
    <name>WHITE</name>
    <occluded>0</occluded>
    <bndbox>
      <xmin>232.33</xmin>
      <ymin>661.13</ymin>
      <xmax>271.3</xmax>
      <ymax>707.5</ymax>
    </bndbox>
  </object>
  <object>
    <name>WHITE</name>
    <occluded>0</occluded>
    <bndbox>
      <xmin>237.56</xmin>
      <ymin>535.38</ymin>
      <xmax>282.7</xmax>
      <ymax>582.0</ymax>
    </bndbox>
  </object>
  <object>
    <name>BLACK</name>
    <occluded>0</occluded>
    <bndbox>
      <xmin>296.8</xmin>
      <ymin>418.26</ymin>
      <xmax>342.2</xmax>
      <ymax>466.3</ymax>
    </bndbox>
  </object>
  <object>
    <name>WHITE</name>
    <occluded>0</occluded>
    <bndbox>
      <xmin>354.82</xmin>
      <ymin>663.56</ymin>
      <xmax>401.6</xmax>
      <ymax>706.9</ymax>
    </bndbox>
  </object>
  <object>
    <name>WHITE</name>
    <occluded>0</occluded>
    <bndbox>
      <xmin>407.8</xmin>
      <ymin>611.2</ymin>
      <xmax>456.1</xmax>
      <ymax>655.6</ymax>
    </bndbox>
  </object>
  <object>
    <name>WHITE</name>
    <occluded>0</occluded>
    <bndbox>
      <xmin>454.5</xmin>
      <ymin>541.95</ymin>
      <xmax>506.5</xmax>
      <ymax>590.9</ymax>
    </bndbox>
  </object>
  <object>
    <name>WHITE</name>
    <occluded>0</occluded>
    <bndbox>
      <xmin>507.0</xmin>
      <ymin>469.39</ymin>
      <xmax>557.2</xmax>
      <ymax>520.6</ymax>
    </bndbox>
  </object>
  <object>
    <name>WHITE</name>
    <occluded>0</occluded>
    <bndbox>
      <xmin>558.3</xmin>
      <ymin>397.0</ymin>
      <xmax>603.5</xmax>
      <ymax>442.0</ymax>
    </bndbox>
  </object>
  <object>
    <name>WHITE</name>
    <occluded>0</occluded>
    <bndbox>
      <xmin>624.51</xmin>
      <ymin>339.06</ymin>
      <xmax>668.1</xmax>
      <ymax>381.6</ymax>
    </bndbox>
  </object>
  <object>
    <name>WHITE</name>
    <occluded>0</occluded>
    <bndbox>
      <xmin>395.5</xmin>
      <ymin>740.8</ymin>
      <xmax>442.5</xmax>
      <ymax>783.4</ymax>
    </bndbox>
  </object>
  <object>
    <name>WHITE</name>
    <occluded>0</occluded>
    <bndbox>
      <xmin>445.56</xmin>
      <ymin>684.45</ymin>
      <xmax>492.3</xmax>
      <ymax>725.8</ymax>
    </bndbox>
  </object>
  <object>
    <name>WHITE</name>
    <occluded>0</occluded>
    <bndbox>
      <xmin>494.8</xmin>
      <ymin>628.68</ymin>
      <xmax>543.94</xmax>
      <ymax>670.9</ymax>
    </bndbox>
  </object>
  <object>
    <name>WHITE</name>
    <occluded>0</occluded>
    <bndbox>
      <xmin>533.8</xmin>
      <ymin>552.56</ymin>
      <xmax>581.18</xmax>
      <ymax>601.5</ymax>
    </bndbox>
  </object>
  <object>
    <name>WHITE</name>
    <occluded>0</occluded>
    <bndbox>
      <xmin>585.88</xmin>
      <ymin>474.63</ymin>
      <xmax>632.9</xmax>
      <ymax>523.9</ymax>
    </bndbox>
  </object>
  <object>
    <name>WHITE</name>
    <occluded>0</occluded>
    <bndbox>
      <xmin>638.94</xmin>
      <ymin>411.0</ymin>
      <xmax>683.1</xmax>
      <ymax>456.8</ymax>
    </bndbox>
  </object>
  <object>
    <name>BLACK</name>
    <occluded>0</occluded>
    <bndbox>
      <xmin>440.52</xmin>
      <ymin>810.54</ymin>
      <xmax>486.7</xmax>
      <ymax>847.9</ymax>
    </bndbox>
  </object>
  <object>
    <name>WHITE</name>
    <occluded>0</occluded>
    <bndbox>
      <xmin>479.0</xmin>
      <ymin>751.2</ymin>
      <xmax>521.0</xmax>
      <ymax>790.0</ymax>
    </bndbox>
  </object>
  <object>
    <name>WHITE</name>
    <occluded>0</occluded>
    <bndbox>
      <xmin>529.57</xmin>
      <ymin>697.69</ymin>
      <xmax>577.8</xmax>
      <ymax>739.6</ymax>
    </bndbox>
  </object>
  <object>
    <name>WHITE</name>
    <occluded>0</occluded>
    <bndbox>
      <xmin>582.3</xmin>
      <ymin>636.4</ymin>
      <xmax>627.5</xmax>
      <ymax>677.5</ymax>
    </bndbox>
  </object>
  <object>
    <name>WHITE</name>
    <occluded>0</occluded>
    <bndbox>
      <xmin>620.6</xmin>
      <ymin>555.4</ymin>
      <xmax>664.0</xmax>
      <ymax>602.5</ymax>
    </bndbox>
  </object>
  <object>
    <name>WHITE</name>
    <occluded>0</occluded>
    <bndbox>
      <xmin>241.8</xmin>
      <ymin>443.51</ymin>
      <xmax>274.51</xmax>
      <ymax>491.1</ymax>
    </bndbox>
  </object>
  <object>
    <name>WHITE</name>
    <occluded>0</occluded>
    <bndbox>
      <xmin>339.0</xmin>
      <ymin>362.5</ymin>
      <xmax>383.1</xmax>
      <ymax>406.3</ymax>
    </bndbox>
  </object>
  <object>
    <name>WHITE</name>
    <occluded>0</occluded>
    <bndbox>
      <xmin>386.5</xmin>
      <ymin>309.87</ymin>
      <xmax>432.81</xmax>
      <ymax>348.7</ymax>
    </bndbox>
  </object>
  <object>
    <name>WHITE</name>
    <occluded>0</occluded>
    <bndbox>
      <xmin>437.95</xmin>
      <ymin>270.56</ymin>
      <xmax>483.3</xmax>
      <ymax>296.1</ymax>
    </bndbox>
  </object>
  <object>
    <name>BLACK</name>
    <occluded>0</occluded>
    <bndbox>
      <xmin>654.01</xmin>
      <ymin>483.46</ymin>
      <xmax>699.5</xmax>
      <ymax>533.9</ymax>
    </bndbox>
  </object>
  <object>
    <name>WHITE</name>
    <occluded>0</occluded>
    <bndbox>
      <xmin>478.5</xmin>
      <ymin>856.83</ymin>
      <xmax>516.31</xmax>
      <ymax>897.0</ymax>
    </bndbox>
  </object>
  <object>
    <name>WHITE</name>
    <occluded>0</occluded>
    <bndbox>
      <xmin>639.0</xmin>
      <ymin>684.5</ymin>
      <xmax>686.0</xmax>
      <ymax>727.9</ymax>
    </bndbox>
  </object>
  <object>
    <name>WHITE</name>
    <occluded>0</occluded>
    <bndbox>
      <xmin>703.0</xmin>
      <ymin>529.0</ymin>
      <xmax>740.1</xmax>
      <ymax>576.3</ymax>
    </bndbox>
  </object>
  <object>
    <name>WHITE</name>
    <occluded>0</occluded>
    <bndbox>
      <xmin>721.1</xmin>
      <ymin>655.13</ymin>
      <xmax>756.5</xmax>
      <ymax>695.2</ymax>
    </bndbox>
  </object>
  <object>
    <name>WHITE</name>
    <occluded>0</occluded>
    <bndbox>
      <xmin>771.0</xmin>
      <ymin>487.5</ymin>
      <xmax>795.1</xmax>
      <ymax>534.7</ymax>
    </bndbox>
  </object>
  <object>
    <name>WHITE</name>
    <occluded>0</occluded>
    <bndbox>
      <xmin>760.5</xmin>
      <ymin>413.0</ymin>
      <xmax>791.7</xmax>
      <ymax>453.0</ymax>
    </bndbox>
  </object>
  <object>
    <name>WHITE</name>
    <occluded>0</occluded>
    <bndbox>
      <xmin>649.2</xmin>
      <ymin>888.57</ymin>
      <xmax>685.38</xmax>
      <ymax>921.0</ymax>
    </bndbox>
  </object>
  <object>
    <name>WHITE</name>
    <occluded>0</occluded>
    <bndbox>
      <xmin>700.1</xmin>
      <ymin>804.27</ymin>
      <xmax>732.8</xmax>
      <ymax>840.9</ymax>
    </bndbox>
  </object>
  <object>
    <name>WHITE</name>
    <occluded>0</occluded>
    <bndbox>
      <xmin>811.0</xmin>
      <ymin>453.7</ymin>
      <xmax>828.6</xmax>
      <ymax>495.5</ymax>
    </bndbox>
  </object>
  <object>
    <name>WHITE</name>
    <occluded>0</occluded>
    <bndbox>
      <xmin>690.7</xmin>
      <ymin>838.65</ymin>
      <xmax>723.06</xmax>
      <ymax>875.7</ymax>
    </bndbox>
  </object>
  <object>
    <name>WHITE</name>
    <occluded>0</occluded>
    <bndbox>
      <xmin>274.86</xmin>
      <ymin>928.75</ymin>
      <xmax>310.6</xmax>
      <ymax>960.0</ymax>
    </bndbox>
  </object>
  <object>
    <name>WHITE</name>
    <occluded>0</occluded>
    <bndbox>
      <xmin>271.06</xmin>
      <ymin>876.4</ymin>
      <xmax>306.1</xmax>
      <ymax>915.4</ymax>
    </bndbox>
  </object>
  <object>
    <name>WHITE</name>
    <occluded>0</occluded>
    <bndbox>
      <xmin>263.78</xmin>
      <ymin>821.62</ymin>
      <xmax>302.6</xmax>
      <ymax>862.1</ymax>
    </bndbox>
  </object>
  <object>
    <name>WHITE</name>
    <occluded>0</occluded>
    <bndbox>
      <xmin>324.42</xmin>
      <ymin>879.92</ymin>
      <xmax>370.4</xmax>
      <ymax>917.1</ymax>
    </bndbox>
  </object>
  <object>
    <name>WHITE</name>
    <occluded>0</occluded>
    <bndbox>
      <xmin>364.36</xmin>
      <ymin>931.94</ymin>
      <xmax>410.6</xmax>
      <ymax>960.0</ymax>
    </bndbox>
  </object>
  <object>
    <name>WHITE</name>
    <occluded>0</occluded>
    <bndbox>
      <xmin>308.52</xmin>
      <ymin>799.74</ymin>
      <xmax>355.6</xmax>
      <ymax>837.6</ymax>
    </bndbox>
  </object>
  <object>
    <name>WHITE</name>
    <occluded>0</occluded>
    <bndbox>
      <xmin>381.92</xmin>
      <ymin>805.16</ymin>
      <xmax>428.7</xmax>
      <ymax>850.8</ymax>
    </bndbox>
  </object>
  <object>
    <name>WHITE</name>
    <occluded>0</occluded>
    <bndbox>
      <xmin>396.22</xmin>
      <ymin>869.8</ymin>
      <xmax>440.9</xmax>
      <ymax>907.9</ymax>
    </bndbox>
  </object>
  <object>
    <name>WHITE</name>
    <occluded>0</occluded>
    <bndbox>
      <xmin>440.75</xmin>
      <ymin>920.82</ymin>
      <xmax>484.7</xmax>
      <ymax>957.8</ymax>
    </bndbox>
  </object>
  <object>
    <name>WHITE</name>
    <occluded>0</occluded>
    <bndbox>
      <xmin>501.31</xmin>
      <ymin>939.88</ymin>
      <xmax>544.0</xmax>
      <ymax>960.0</ymax>
    </bndbox>
  </object>
  <object>
    <name>WHITE</name>
    <occluded>0</occluded>
    <bndbox>
      <xmin>314.0</xmin>
      <ymin>717.0</ymin>
      <xmax>358.3</xmax>
      <ymax>759.0</ymax>
    </bndbox>
  </object>
  <object>
    <name>WHITE</name>
    <occluded>0</occluded>
    <bndbox>
      <xmin>596.58</xmin>
      <ymin>285.74</ymin>
      <xmax>640.0</xmax>
      <ymax>316.1</ymax>
    </bndbox>
  </object>
  <object>
    <name>WHITE</name>
    <occluded>0</occluded>
    <bndbox>
      <xmin>543.5</xmin>
      <ymin>336.5</ymin>
      <xmax>588.1</xmax>
      <ymax>376.3</ymax>
    </bndbox>
  </object>
  <object>
    <name>WHITE</name>
    <occluded>0</occluded>
    <bndbox>
      <xmin>487.0</xmin>
      <ymin>384.0</ymin>
      <xmax>535.1</xmax>
      <ymax>429.4</ymax>
    </bndbox>
  </object>
  <object>
    <name>WHITE</name>
    <occluded>0</occluded>
    <bndbox>
      <xmin>434.5</xmin>
      <ymin>457.5</ymin>
      <xmax>483.1</xmax>
      <ymax>502.7</ymax>
    </bndbox>
  </object>
  <object>
    <name>WHITE</name>
    <occluded>0</occluded>
    <bndbox>
      <xmin>380.1</xmin>
      <ymin>518.0</ymin>
      <xmax>430.0</xmax>
      <ymax>572.0</ymax>
    </bndbox>
  </object>
  <object>
    <name>WHITE</name>
    <occluded>0</occluded>
    <bndbox>
      <xmin>329.13</xmin>
      <ymin>582.62</ymin>
      <xmax>376.4</xmax>
      <ymax>629.6</ymax>
    </bndbox>
  </object>
  <object>
    <name>WHITE</name>
    <occluded>0</occluded>
    <bndbox>
      <xmin>272.88</xmin>
      <ymin>625.88</ymin>
      <xmax>320.9</xmax>
      <ymax>673.1</ymax>
    </bndbox>
  </object>
  <object>
    <name>WHITE</name>
    <occluded>0</occluded>
    <bndbox>
      <xmin>744.81</xmin>
      <ymin>777.53</ymin>
      <xmax>777.87</xmax>
      <ymax>812.46</ymax>
    </bndbox>
  </object>
  <object>
    <name>WHITE</name>
    <occluded>0</occluded>
    <bndbox>
      <xmin>672.0</xmin>
      <ymin>610.2</ymin>
      <xmax>714.0</xmax>
      <ymax>652.5</ymax>
    </bndbox>
  </object>
  <object>
    <name>WHITE</name>
    <occluded>0</occluded>
    <bndbox>
      <xmin>298.8</xmin>
      <ymin>317.79</ymin>
      <xmax>338.72</xmax>
      <ymax>353.35</ymax>
    </bndbox>
  </object>
  <object>
    <name>BLACK</name>
    <occluded>0</occluded>
    <bndbox>
      <xmin>533.93</xmin>
      <ymin>231.84</ymin>
      <xmax>575.0</xmax>
      <ymax>247.43</ymax>
    </bndbox>
  </object>
  <object>
    <name>WHITE</name>
    <occluded>0</occluded>
    <bndbox>
      <xmin>236.65</xmin>
      <ymin>869.48</ymin>
      <xmax>274.85</xmax>
      <ymax>911.33</ymax>
    </bndbox>
  </object>
  <object>
    <name>BLACK</name>
    <occluded>0</occluded>
    <bndbox>
      <xmin>222.09</xmin>
      <ymin>810.74</ymin>
      <xmax>258.0</xmax>
      <ymax>855.19</ymax>
    </bndbox>
  </object>
  <object>
    <name>WHITE</name>
    <occluded>0</occluded>
    <bndbox>
      <xmin>200.78</xmin>
      <ymin>796.97</ymin>
      <xmax>230.41</xmax>
      <ymax>840.11</ymax>
    </bndbox>
  </object>
  <object>
    <name>BLACK</name>
    <occluded>0</occluded>
    <bndbox>
      <xmin>710.19</xmin>
      <ymin>861.74</ymin>
      <xmax>739.19</xmax>
      <ymax>898.23</ymax>
    </bndbox>
  </object>
  <object>
    <name>WHITE</name>
    <occluded>0</occluded>
    <bndbox>
      <xmin>725.78</xmin>
      <ymin>756.0</ymin>
      <xmax>760.09</xmax>
      <ymax>792.81</ymax>
    </bndbox>
  </object>
  <object>
    <name>WHITE</name>
    <occluded>0</occluded>
    <bndbox>
      <xmin>714.44</xmin>
      <ymin>445.0</ymin>
      <xmax>747.7</xmax>
      <ymax>491.0</ymax>
    </bndbox>
  </object>
  <object>
    <name>WHITE</name>
    <occluded>0</occluded>
    <bndbox>
      <xmin>789.57</xmin>
      <ymin>384.45</ymin>
      <xmax>814.27</xmax>
      <ymax>422.63</ymax>
    </bndbox>
  </object>
  <object>
    <name>WHITE</name>
    <occluded>0</occluded>
    <bndbox>
      <xmin>564.84</xmin>
      <ymin>250.73</ymin>
      <xmax>607.89</xmax>
      <ymax>274.75</ymax>
    </bndbox>
  </object>
  <object>
    <name>WHITE</name>
    <occluded>0</occluded>
    <bndbox>
      <xmin>647.18</xmin>
      <ymin>270.07</ymin>
      <xmax>687.11</xmax>
      <ymax>297.21</ymax>
    </bndbox>
  </object>
  <object>
    <name>WHITE</name>
    <occluded>0</occluded>
    <bndbox>
      <xmin>687.42</xmin>
      <ymin>318.1</ymin>
      <xmax>722.04</xmax>
      <ymax>354.91</ymax>
    </bndbox>
  </object>
  <object>
    <name>WHITE</name>
    <occluded>0</occluded>
    <bndbox>
      <xmin>738.26</xmin>
      <ymin>345.24</ymin>
      <xmax>769.76</xmax>
      <ymax>382.67</ymax>
    </bndbox>
  </object>
  <object>
    <name>WHITE</name>
    <occluded>0</occluded>
    <bndbox>
      <xmin>489.05</xmin>
      <ymin>246.37</ymin>
      <xmax>532.72</xmax>
      <ymax>266.95</ymax>
    </bndbox>
  </object>
  <object>
    <name>WHITE</name>
    <occluded>0</occluded>
    <bndbox>
      <xmin>350.88</xmin>
      <ymin>272.88</ymin>
      <xmax>393.61</xmax>
      <ymax>301.26</ymax>
    </bndbox>
  </object>
  <object>
    <name>WHITE</name>
    <occluded>0</occluded>
    <bndbox>
      <xmin>246.4</xmin>
      <ymin>329.64</ymin>
      <xmax>283.51</xmax>
      <ymax>363.64</ymax>
    </bndbox>
  </object>
  <object>
    <name>WHITE</name>
    <occluded>0</occluded>
    <bndbox>
      <xmin>523.12</xmin>
      <ymin>888.08</ymin>
      <xmax>562.12</xmax>
      <ymax>928.8</ymax>
    </bndbox>
  </object>
  <object>
    <name>WHITE</name>
    <occluded>0</occluded>
    <bndbox>
      <xmin>741.69</xmin>
      <ymin>807.16</ymin>
      <xmax>770.07</xmax>
      <ymax>848.33</ymax>
    </bndbox>
  </object>
  <object>
    <name>WHITE</name>
    <occluded>0</occluded>
    <bndbox>
      <xmin>194.31</xmin>
      <ymin>572.3</ymin>
      <xmax>226.12</xmax>
      <ymax>618.15</ymax>
    </bndbox>
  </object>
  <object>
    <name>WHITE</name>
    <occluded>0</occluded>
    <bndbox>
      <xmin>185.58</xmin>
      <ymin>469.37</ymin>
      <xmax>216.77</xmax>
      <ymax>514.91</ymax>
    </bndbox>
  </object>
  <object>
    <name>WHITE</name>
    <occluded>0</occluded>
    <bndbox>
      <xmin>212.09</xmin>
      <ymin>394.83</ymin>
      <xmax>247.02</xmax>
      <ymax>434.75</ymax>
    </bndbox>
  </object>
  <object>
    <name>WHITE</name>
    <occluded>0</occluded>
    <bndbox>
      <xmin>268.23</xmin>
      <ymin>373.0</ymin>
      <xmax>307.84</xmax>
      <ymax>415.1</ymax>
    </bndbox>
  </object>
  <object>
    <name>WHITE</name>
    <occluded>0</occluded>
    <bndbox>
      <xmin>757.91</xmin>
      <ymin>689.88</ymin>
      <xmax>788.47</xmax>
      <ymax>730.43</ymax>
    </bndbox>
  </object>
  <object>
    <name>WHITE</name>
    <occluded>0</occluded>
    <bndbox>
      <xmin>771.94</xmin>
      <ymin>727.0</ymin>
      <xmax>802.2</xmax>
      <ymax>760.99</ymax>
    </bndbox>
  </object>
  <object>
    <name>WHITE</name>
    <occluded>0</occluded>
    <bndbox>
      <xmin>753.54</xmin>
      <ymin>570.74</ymin>
      <xmax>784.42</xmax>
      <ymax>613.16</ymax>
    </bndbox>
  </object>
  <object>
    <name>WHITE</name>
    <occluded>0</occluded>
    <bndbox>
      <xmin>786.91</xmin>
      <ymin>612.53</ymin>
      <xmax>814.67</xmax>
      <ymax>658.38</ymax>
    </bndbox>
  </object>
  <object>
    <name>WHITE</name>
    <occluded>0</occluded>
    <bndbox>
      <xmin>808.43</xmin>
      <ymin>532.69</ymin>
      <xmax>830.3</xmax>
      <ymax>575.73</ymax>
    </bndbox>
  </object>
  <object>
    <name>WHITE</name>
    <occluded>0</occluded>
    <bndbox>
      <xmin>704.88</xmin>
      <ymin>377.38</ymin>
      <xmax>740.3</xmax>
      <ymax>419.4</ymax>
    </bndbox>
  </object>
  <object>
    <name>WHITE</name>
    <occluded>0</occluded>
    <bndbox>
      <xmin>700.82</xmin>
      <ymin>716.44</ymin>
      <xmax>740.82</xmax>
      <ymax>754.9</ymax>
    </bndbox>
  </object>
  <object>
    <name>WHITE</name>
    <occluded>0</occluded>
    <bndbox>
      <xmin>462.57</xmin>
      <ymin>322.39</ymin>
      <xmax>511.2</xmax>
      <ymax>362.5</ymax>
    </bndbox>
  </object>
  <object>
    <name>WHITE</name>
    <occluded>0</occluded>
    <bndbox>
      <xmin>412.9</xmin>
      <ymin>370.0</ymin>
      <xmax>461.8</xmax>
      <ymax>411.1</ymax>
    </bndbox>
  </object>
  <object>
    <name>WHITE</name>
    <occluded>0</occluded>
    <bndbox>
      <xmin>358.76</xmin>
      <ymin>431.12</ymin>
      <xmax>406.0</xmax>
      <ymax>479.3</ymax>
    </bndbox>
  </object>
  <object>
    <name>WHITE</name>
    <occluded>0</occluded>
    <bndbox>
      <xmin>303.2</xmin>
      <ymin>488.45</ymin>
      <xmax>349.93</xmax>
      <ymax>539.4</ymax>
    </bndbox>
  </object>
  <object>
    <name>WHITE</name>
    <occluded>0</occluded>
    <bndbox>
      <xmin>197.8</xmin>
      <ymin>359.11</ymin>
      <xmax>231.48</xmax>
      <ymax>395.04</ymax>
    </bndbox>
  </object>
</annotation>
