<annotation>
  <folder>JJ</folder>
  <filename>JJ_camera4.png</filename>
  <source>
    <database>Unknown</database>
    <annotation>Unknown</annotation>
    <image>Unknown</image>
  </source>
  <size>
    <width>1280</width>
    <height>960</height>
    <depth></depth>
  </size>
  <segmented>0</segmented>
  <object>
    <name>WHITE</name>
    <occluded>0</occluded>
    <bndbox>
      <xmin>926.91</xmin>
      <ymin>836.18</ymin>
      <xmax>957.69</xmax>
      <ymax>872.14</ymax>
    </bndbox>
  </object>
  <object>
    <name>WHITE</name>
    <occluded>0</occluded>
    <bndbox>
      <xmin>822.95</xmin>
      <ymin>893.58</ymin>
      <xmax>859.79</xmax>
      <ymax>923.04</ymax>
    </bndbox>
  </object>
  <object>
    <name>WHITE</name>
    <occluded>0</occluded>
    <bndbox>
      <xmin>752.1</xmin>
      <ymin>871.05</ymin>
      <xmax>793.95</xmax>
      <ymax>910.7</ymax>
    </bndbox>
  </object>
  <object>
    <name>WHITE</name>
    <occluded>0</occluded>
    <bndbox>
      <xmin>950.32</xmin>
      <ymin>466.38</ymin>
      <xmax>981.51</xmax>
      <ymax>509.11</ymax>
    </bndbox>
  </object>
  <object>
    <name>WHITE</name>
    <occluded>0</occluded>
    <bndbox>
      <xmin>837.7</xmin>
      <ymin>631.04</ymin>
      <xmax>879.32</xmax>
      <ymax>672.9</ymax>
    </bndbox>
  </object>
  <object>
    <name>WHITE</name>
    <occluded>0</occluded>
    <bndbox>
      <xmin>888.6</xmin>
      <ymin>566.38</ymin>
      <xmax>924.13</xmax>
      <ymax>609.4</ymax>
    </bndbox>
  </object>
  <object>
    <name>BLACK</name>
    <occluded>0</occluded>
    <bndbox>
      <xmin>917.8</xmin>
      <ymin>504.37</ymin>
      <xmax>948.91</xmax>
      <ymax>550.3</ymax>
    </bndbox>
  </object>
  <object>
    <name>WHITE</name>
    <occluded>0</occluded>
    <bndbox>
      <xmin>868.2</xmin>
      <ymin>687.63</ymin>
      <xmax>904.08</xmax>
      <ymax>726.2</ymax>
    </bndbox>
  </object>
  <object>
    <name>WHITE</name>
    <occluded>0</occluded>
    <bndbox>
      <xmin>791.02</xmin>
      <ymin>837.8</ymin>
      <xmax>829.1</xmax>
      <ymax>869.18</ymax>
    </bndbox>
  </object>
  <object>
    <name>WHITE</name>
    <occluded>0</occluded>
    <bndbox>
      <xmin>845.8</xmin>
      <ymin>791.16</ymin>
      <xmax>883.1</xmax>
      <ymax>823.9</ymax>
    </bndbox>
  </object>
  <object>
    <name>WHITE</name>
    <occluded>0</occluded>
    <bndbox>
      <xmin>983.38</xmin>
      <ymin>437.68</ymin>
      <xmax>1006.77</xmax>
      <ymax>477.61</ymax>
    </bndbox>
  </object>
  <object>
    <name>WHITE</name>
    <occluded>0</occluded>
    <bndbox>
      <xmin>991.8</xmin>
      <ymin>512.85</ymin>
      <xmax>1017.37</xmax>
      <ymax>553.4</ymax>
    </bndbox>
  </object>
  <object>
    <name>WHITE</name>
    <occluded>0</occluded>
    <bndbox>
      <xmin>1017.69</xmin>
      <ymin>474.8</ymin>
      <xmax>1038.27</xmax>
      <ymax>515.03</ymax>
    </bndbox>
  </object>
  <object>
    <name>WHITE</name>
    <occluded>0</occluded>
    <bndbox>
      <xmin>550.0</xmin>
      <ymin>381.17</ymin>
      <xmax>580.28</xmax>
      <ymax>420.16</ymax>
    </bndbox>
  </object>
  <object>
    <name>WHITE</name>
    <occluded>0</occluded>
    <bndbox>
      <xmin>576.51</xmin>
      <ymin>330.33</ymin>
      <xmax>611.16</xmax>
      <ymax>364.33</ymax>
    </bndbox>
  </object>
  <object>
    <name>WHITE</name>
    <occluded>0</occluded>
    <bndbox>
      <xmin>530.66</xmin>
      <ymin>349.98</ymin>
      <xmax>558.76</xmax>
      <ymax>383.35</ymax>
    </bndbox>
  </object>
  <object>
    <name>WHITE</name>
    <occluded>0</occluded>
    <bndbox>
      <xmin>496.35</xmin>
      <ymin>404.56</ymin>
      <xmax>521.33</xmax>
      <ymax>442.3</ymax>
    </bndbox>
  </object>
  <object>
    <name>WHITE</name>
    <occluded>0</occluded>
    <bndbox>
      <xmin>652.61</xmin>
      <ymin>312.24</ymin>
      <xmax>694.12</xmax>
      <ymax>343.74</ymax>
    </bndbox>
  </object>
  <object>
    <name>WHITE</name>
    <occluded>0</occluded>
    <bndbox>
      <xmin>813.4</xmin>
      <ymin>866.1</ymin>
      <xmax>850.31</xmax>
      <ymax>896.3</ymax>
    </bndbox>
  </object>
  <object>
    <name>WHITE</name>
    <occluded>0</occluded>
    <bndbox>
      <xmin>616.12</xmin>
      <ymin>285.42</ymin>
      <xmax>653.27</xmax>
      <ymax>314.11</ymax>
    </bndbox>
  </object>
  <object>
    <name>WHITE</name>
    <occluded>0</occluded>
    <bndbox>
      <xmin>809.53</xmin>
      <ymin>318.79</ymin>
      <xmax>850.7</xmax>
      <ymax>354.03</ymax>
    </bndbox>
  </object>
  <object>
    <name>WHITE</name>
    <occluded>0</occluded>
    <bndbox>
      <xmin>768.36</xmin>
      <ymin>281.67</ymin>
      <xmax>811.4</xmax>
      <ymax>309.43</ymax>
    </bndbox>
  </object>
  <object>
    <name>BLACK</name>
    <occluded>0</occluded>
    <bndbox>
      <xmin>733.42</xmin>
      <ymin>257.03</ymin>
      <xmax>773.97</xmax>
      <ymax>276.37</ymax>
    </bndbox>
  </object>
  <object>
    <name>WHITE</name>
    <occluded>0</occluded>
    <bndbox>
      <xmin>845.71</xmin>
      <ymin>294.15</ymin>
      <xmax>886.25</xmax>
      <ymax>324.71</ymax>
    </bndbox>
  </object>
  <object>
    <name>WHITE</name>
    <occluded>0</occluded>
    <bndbox>
      <xmin>948.13</xmin>
      <ymin>364.14</ymin>
      <xmax>979.63</xmax>
      <ymax>401.25</ymax>
    </bndbox>
  </object>
  <object>
    <name>WHITE</name>
    <occluded>0</occluded>
    <bndbox>
      <xmin>891.68</xmin>
      <ymin>344.18</ymin>
      <xmax>926.3</xmax>
      <ymax>380.98</ymax>
    </bndbox>
  </object>
  <object>
    <name>WHITE</name>
    <occluded>0</occluded>
    <bndbox>
      <xmin>910.39</xmin>
      <ymin>309.25</ymin>
      <xmax>942.21</xmax>
      <ymax>342.31</ymax>
    </bndbox>
  </object>
  <object>
    <name>WHITE</name>
    <occluded>0</occluded>
    <bndbox>
      <xmin>672.27</xmin>
      <ymin>253.16</ymin>
      <xmax>713.44</xmax>
      <ymax>273.37</ymax>
    </bndbox>
  </object>
  <object>
    <name>WHITE</name>
    <occluded>0</occluded>
    <bndbox>
      <xmin>971.53</xmin>
      <ymin>785.28</ymin>
      <xmax>1000.36</xmax>
      <ymax>818.64</ymax>
    </bndbox>
  </object>
  <object>
    <name>WHITE</name>
    <occluded>0</occluded>
    <bndbox>
      <xmin>873.63</xmin>
      <ymin>843.1</ymin>
      <xmax>906.14</xmax>
      <ymax>876.04</ymax>
    </bndbox>
  </object>
  <object>
    <name>WHITE</name>
    <occluded>0</occluded>
    <bndbox>
      <xmin>886.6</xmin>
      <ymin>864.77</ymin>
      <xmax>916.97</xmax>
      <ymax>895.7</ymax>
    </bndbox>
  </object>
  <object>
    <name>WHITE</name>
    <occluded>0</occluded>
    <bndbox>
      <xmin>723.5</xmin>
      <ymin>847.88</ymin>
      <xmax>763.41</xmax>
      <ymax>876.04</ymax>
    </bndbox>
  </object>
  <object>
    <name>WHITE</name>
    <occluded>0</occluded>
    <bndbox>
      <xmin>669.46</xmin>
      <ymin>628.09</ymin>
      <xmax>713.6</xmax>
      <ymax>668.7</ymax>
    </bndbox>
  </object>
  <object>
    <name>WHITE</name>
    <occluded>0</occluded>
    <bndbox>
      <xmin>723.22</xmin>
      <ymin>562.01</ymin>
      <xmax>770.0</xmax>
      <ymax>604.8</ymax>
    </bndbox>
  </object>
  <object>
    <name>WHITE</name>
    <occluded>0</occluded>
    <bndbox>
      <xmin>701.45</xmin>
      <ymin>917.12</ymin>
      <xmax>740.8</xmax>
      <ymax>938.1</ymax>
    </bndbox>
  </object>
  <object>
    <name>WHITE</name>
    <occluded>0</occluded>
    <bndbox>
      <xmin>648.26</xmin>
      <ymin>748.19</ymin>
      <xmax>691.9</xmax>
      <ymax>785.4</ymax>
    </bndbox>
  </object>
  <object>
    <name>WHITE</name>
    <occluded>0</occluded>
    <bndbox>
      <xmin>807.0</xmin>
      <ymin>563.0</ymin>
      <xmax>850.3</xmax>
      <ymax>607.7</ymax>
    </bndbox>
  </object>
  <object>
    <name>WHITE</name>
    <occluded>0</occluded>
    <bndbox>
      <xmin>601.94</xmin>
      <ymin>880.12</ymin>
      <xmax>634.3</xmax>
      <ymax>914.22</ymax>
    </bndbox>
  </object>
  <object>
    <name>WHITE</name>
    <occluded>0</occluded>
    <bndbox>
      <xmin>653.1</xmin>
      <ymin>836.52</ymin>
      <xmax>691.06</xmax>
      <ymax>872.5</ymax>
    </bndbox>
  </object>
  <object>
    <name>WHITE</name>
    <occluded>0</occluded>
    <bndbox>
      <xmin>951.46</xmin>
      <ymin>546.49</ymin>
      <xmax>979.79</xmax>
      <ymax>588.33</ymax>
    </bndbox>
  </object>
  <object>
    <name>WHITE</name>
    <occluded>0</occluded>
    <bndbox>
      <xmin>974.59</xmin>
      <ymin>598.21</ymin>
      <xmax>999.54</xmax>
      <ymax>636.68</ymax>
    </bndbox>
  </object>
  <object>
    <name>WHITE</name>
    <occluded>0</occluded>
    <bndbox>
      <xmin>479.45</xmin>
      <ymin>474.71</ymin>
      <xmax>501.28</xmax>
      <ymax>514.63</ymax>
    </bndbox>
  </object>
  <object>
    <name>WHITE</name>
    <occluded>0</occluded>
    <bndbox>
      <xmin>480.07</xmin>
      <ymin>556.42</ymin>
      <xmax>509.39</xmax>
      <ymax>598.53</ymax>
    </bndbox>
  </object>
  <object>
    <name>WHITE</name>
    <occluded>0</occluded>
    <bndbox>
      <xmin>517.19</xmin>
      <ymin>703.33</ymin>
      <xmax>549.62</xmax>
      <ymax>742.94</ymax>
    </bndbox>
  </object>
  <object>
    <name>BLACK</name>
    <occluded>0</occluded>
    <bndbox>
      <xmin>691.39</xmin>
      <ymin>807.53</ymin>
      <xmax>732.9</xmax>
      <ymax>839.0</ymax>
    </bndbox>
  </object>
  <object>
    <name>WHITE</name>
    <occluded>0</occluded>
    <bndbox>
      <xmin>916.97</xmin>
      <ymin>618.12</ymin>
      <xmax>948.8</xmax>
      <ymax>658.35</ymax>
    </bndbox>
  </object>
  <object>
    <name>WHITE</name>
    <occluded>0</occluded>
    <bndbox>
      <xmin>933.82</xmin>
      <ymin>671.45</ymin>
      <xmax>964.1</xmax>
      <ymax>710.75</ymax>
    </bndbox>
  </object>
  <object>
    <name>WHITE</name>
    <occluded>0</occluded>
    <bndbox>
      <xmin>1005.55</xmin>
      <ymin>723.22</ymin>
      <xmax>1028.35</xmax>
      <ymax>755.04</ymax>
    </bndbox>
  </object>
  <object>
    <name>BLACK</name>
    <occluded>0</occluded>
    <bndbox>
      <xmin>1001.5</xmin>
      <ymin>688.92</ymin>
      <xmax>1027.11</xmax>
      <ymax>722.91</ymax>
    </bndbox>
  </object>
  <object>
    <name>WHITE</name>
    <occluded>0</occluded>
    <bndbox>
      <xmin>887.2</xmin>
      <ymin>440.4</ymin>
      <xmax>928.2</xmax>
      <ymax>483.3</ymax>
    </bndbox>
  </object>
  <object>
    <name>WHITE</name>
    <occluded>0</occluded>
    <bndbox>
      <xmin>611.97</xmin>
      <ymin>483.4</ymin>
      <xmax>655.4</xmax>
      <ymax>529.4</ymax>
    </bndbox>
  </object>
  <object>
    <name>WHITE</name>
    <occluded>0</occluded>
    <bndbox>
      <xmin>749.6</xmin>
      <ymin>757.35</ymin>
      <xmax>788.6</xmax>
      <ymax>794.3</ymax>
    </bndbox>
  </object>
  <object>
    <name>WHITE</name>
    <occluded>0</occluded>
    <bndbox>
      <xmin>794.6</xmin>
      <ymin>696.7</ymin>
      <xmax>835.09</xmax>
      <ymax>736.2</ymax>
    </bndbox>
  </object>
  <object>
    <name>WHITE</name>
    <occluded>0</occluded>
    <bndbox>
      <xmin>761.0</xmin>
      <ymin>633.0</ymin>
      <xmax>801.0</xmax>
      <ymax>671.0</ymax>
    </bndbox>
  </object>
  <object>
    <name>WHITE</name>
    <occluded>0</occluded>
    <bndbox>
      <xmin>712.0</xmin>
      <ymin>694.0</ymin>
      <xmax>753.0</xmax>
      <ymax>729.0</ymax>
    </bndbox>
  </object>
  <object>
    <name>WHITE</name>
    <occluded>0</occluded>
    <bndbox>
      <xmin>774.29</xmin>
      <ymin>492.51</ymin>
      <xmax>814.79</xmax>
      <ymax>534.11</ymax>
    </bndbox>
  </object>
  <object>
    <name>WHITE</name>
    <occluded>0</occluded>
    <bndbox>
      <xmin>519.0</xmin>
      <ymin>442.21</ymin>
      <xmax>549.79</xmax>
      <ymax>481.7</ymax>
    </bndbox>
  </object>
  <object>
    <name>WHITE</name>
    <occluded>0</occluded>
    <bndbox>
      <xmin>578.28</xmin>
      <ymin>420.8</ymin>
      <xmax>614.0</xmax>
      <ymax>465.1</ymax>
    </bndbox>
  </object>
  <object>
    <name>WHITE</name>
    <occluded>0</occluded>
    <bndbox>
      <xmin>512.4</xmin>
      <ymin>514.1</ymin>
      <xmax>541.0</xmax>
      <ymax>556.0</ymax>
    </bndbox>
  </object>
  <object>
    <name>BLACK</name>
    <occluded>0</occluded>
    <bndbox>
      <xmin>554.5</xmin>
      <ymin>480.27</ymin>
      <xmax>588.55</xmax>
      <ymax>526.4</ymax>
    </bndbox>
  </object>
  <object>
    <name>WHITE</name>
    <occluded>0</occluded>
    <bndbox>
      <xmin>527.44</xmin>
      <ymin>589.48</ymin>
      <xmax>556.66</xmax>
      <ymax>629.29</ymax>
    </bndbox>
  </object>
  <object>
    <name>WHITE</name>
    <occluded>0</occluded>
    <bndbox>
      <xmin>568.5</xmin>
      <ymin>541.7</ymin>
      <xmax>608.5</xmax>
      <ymax>584.7</ymax>
    </bndbox>
  </object>
  <object>
    <name>WHITE</name>
    <occluded>0</occluded>
    <bndbox>
      <xmin>652.26</xmin>
      <ymin>898.15</ymin>
      <xmax>684.2</xmax>
      <ymax>930.7</ymax>
    </bndbox>
  </object>
  <object>
    <name>WHITE</name>
    <occluded>0</occluded>
    <bndbox>
      <xmin>826.9</xmin>
      <ymin>747.5</ymin>
      <xmax>863.75</xmax>
      <ymax>784.9</ymax>
    </bndbox>
  </object>
  <object>
    <name>WHITE</name>
    <occluded>0</occluded>
    <bndbox>
      <xmin>926.9</xmin>
      <ymin>395.82</ymin>
      <xmax>957.75</xmax>
      <ymax>436.7</ymax>
    </bndbox>
  </object>
  <object>
    <name>WHITE</name>
    <occluded>0</occluded>
    <bndbox>
      <xmin>876.15</xmin>
      <ymin>722.42</ymin>
      <xmax>917.5</xmax>
      <ymax>764.2</ymax>
    </bndbox>
  </object>
  <object>
    <name>BLACK</name>
    <occluded>0</occluded>
    <bndbox>
      <xmin>765.1</xmin>
      <ymin>910.91</ymin>
      <xmax>800.05</xmax>
      <ymax>936.4</ymax>
    </bndbox>
  </object>
  <object>
    <name>WHITE</name>
    <occluded>0</occluded>
    <bndbox>
      <xmin>847.8</xmin>
      <ymin>823.92</ymin>
      <xmax>882.45</xmax>
      <ymax>855.0</ymax>
    </bndbox>
  </object>
  <object>
    <name>WHITE</name>
    <occluded>0</occluded>
    <bndbox>
      <xmin>999.8</xmin>
      <ymin>402.54</ymin>
      <xmax>1024.1</xmax>
      <ymax>439.4</ymax>
    </bndbox>
  </object>
  <object>
    <name>WHITE</name>
    <occluded>0</occluded>
    <bndbox>
      <xmin>617.84</xmin>
      <ymin>358.41</ymin>
      <xmax>654.5</xmax>
      <ymax>399.0</ymax>
    </bndbox>
  </object>
  <object>
    <name>WHITE</name>
    <occluded>0</occluded>
    <bndbox>
      <xmin>642.57</xmin>
      <ymin>551.75</ymin>
      <xmax>688.1</xmax>
      <ymax>595.9</ymax>
    </bndbox>
  </object>
  <object>
    <name>WHITE</name>
    <occluded>0</occluded>
    <bndbox>
      <xmin>584.04</xmin>
      <ymin>611.8</ymin>
      <xmax>620.65</xmax>
      <ymax>653.7</ymax>
    </bndbox>
  </object>
  <object>
    <name>WHITE</name>
    <occluded>0</occluded>
    <bndbox>
      <xmin>550.21</xmin>
      <ymin>663.21</ymin>
      <xmax>579.91</xmax>
      <ymax>702.81</ymax>
    </bndbox>
  </object>
  <object>
    <name>WHITE</name>
    <occluded>0</occluded>
    <bndbox>
      <xmin>729.69</xmin>
      <ymin>319.76</ymin>
      <xmax>775.0</xmax>
      <ymax>358.6</ymax>
    </bndbox>
  </object>
  <object>
    <name>WHITE</name>
    <occluded>0</occluded>
    <bndbox>
      <xmin>689.17</xmin>
      <ymin>364.44</ymin>
      <xmax>731.1</xmax>
      <ymax>407.3</ymax>
    </bndbox>
  </object>
  <object>
    <name>WHITE</name>
    <occluded>0</occluded>
    <bndbox>
      <xmin>648.89</xmin>
      <ymin>418.18</ymin>
      <xmax>693.3</xmax>
      <ymax>458.4</ymax>
    </bndbox>
  </object>
  <object>
    <name>WHITE</name>
    <occluded>0</occluded>
    <bndbox>
      <xmin>687.36</xmin>
      <ymin>487.13</ymin>
      <xmax>735.5</xmax>
      <ymax>536.2</ymax>
    </bndbox>
  </object>
  <object>
    <name>WHITE</name>
    <occluded>0</occluded>
    <bndbox>
      <xmin>727.6</xmin>
      <ymin>424.4</ymin>
      <xmax>770.4</xmax>
      <ymax>468.26</ymax>
    </bndbox>
  </object>
  <object>
    <name>WHITE</name>
    <occluded>0</occluded>
    <bndbox>
      <xmin>767.67</xmin>
      <ymin>374.91</ymin>
      <xmax>810.0</xmax>
      <ymax>414.6</ymax>
    </bndbox>
  </object>
  <object>
    <name>WHITE</name>
    <occluded>0</occluded>
    <bndbox>
      <xmin>555.07</xmin>
      <ymin>771.28</ymin>
      <xmax>585.1</xmax>
      <ymax>805.4</ymax>
    </bndbox>
  </object>
  <object>
    <name>WHITE</name>
    <occluded>0</occluded>
    <bndbox>
      <xmin>576.06</xmin>
      <ymin>733.0</ymin>
      <xmax>612.5</xmax>
      <ymax>769.6</ymax>
    </bndbox>
  </object>
  <object>
    <name>WHITE</name>
    <occluded>0</occluded>
    <bndbox>
      <xmin>689.1</xmin>
      <ymin>278.47</ymin>
      <xmax>731.16</xmax>
      <ymax>301.9</ymax>
    </bndbox>
  </object>
  <object>
    <name>WHITE</name>
    <occluded>0</occluded>
    <bndbox>
      <xmin>622.1</xmin>
      <ymin>687.95</ymin>
      <xmax>662.4</xmax>
      <ymax>728.65</ymax>
    </bndbox>
  </object>
  <object>
    <name>WHITE</name>
    <occluded>0</occluded>
    <bndbox>
      <xmin>811.3</xmin>
      <ymin>434.1</ymin>
      <xmax>855.0</xmax>
      <ymax>477.8</ymax>
    </bndbox>
  </object>
  <object>
    <name>WHITE</name>
    <occluded>0</occluded>
    <bndbox>
      <xmin>848.0</xmin>
      <ymin>373.7</ymin>
      <xmax>884.95</xmax>
      <ymax>413.5</ymax>
    </bndbox>
  </object>
  <object>
    <name>WHITE</name>
    <occluded>0</occluded>
    <bndbox>
      <xmin>614.64</xmin>
      <ymin>795.63</ymin>
      <xmax>655.4</xmax>
      <ymax>826.7</ymax>
    </bndbox>
  </object>
  <object>
    <name>WHITE</name>
    <occluded>0</occluded>
    <bndbox>
      <xmin>854.55</xmin>
      <ymin>500.4</ymin>
      <xmax>894.3</xmax>
      <ymax>546.2</ymax>
    </bndbox>
  </object>
</annotation>
