<annotation>
  <folder>JJ</folder>
  <filename>JJ_camera7.png</filename>
  <source>
    <database>Unknown</database>
    <annotation>Unknown</annotation>
    <image>Unknown</image>
  </source>
  <size>
    <width>1280</width>
    <height>960</height>
    <depth></depth>
  </size>
  <segmented>0</segmented>
  <object>
    <name>WHITE</name>
    <occluded>0</occluded>
    <bndbox>
      <xmin>885.12</xmin>
      <ymin>177.03</ymin>
      <xmax>918.05</xmax>
      <ymax>220.44</ymax>
    </bndbox>
  </object>
  <object>
    <name>WHITE</name>
    <occluded>0</occluded>
    <bndbox>
      <xmin>743.64</xmin>
      <ymin>87.95</ymin>
      <xmax>790.05</xmax>
      <ymax>113.78</ymax>
    </bndbox>
  </object>
  <object>
    <name>WHITE</name>
    <occluded>0</occluded>
    <bndbox>
      <xmin>581.21</xmin>
      <ymin>64.58</ymin>
      <xmax>632.94</xmax>
      <ymax>90.58</ymax>
    </bndbox>
  </object>
  <object>
    <name>WHITE</name>
    <occluded>0</occluded>
    <bndbox>
      <xmin>384.38</xmin>
      <ymin>210.24</ymin>
      <xmax>416.61</xmax>
      <ymax>254.17</ymax>
    </bndbox>
  </object>
  <object>
    <name>WHITE</name>
    <occluded>0</occluded>
    <bndbox>
      <xmin>360.73</xmin>
      <ymin>293.93</ymin>
      <xmax>390.36</xmax>
      <ymax>339.16</ymax>
    </bndbox>
  </object>
  <object>
    <name>WHITE</name>
    <occluded>0</occluded>
    <bndbox>
      <xmin>338.53</xmin>
      <ymin>377.47</ymin>
      <xmax>369.98</xmax>
      <ymax>425.03</ymax>
    </bndbox>
  </object>
  <object>
    <name>WHITE</name>
    <occluded>0</occluded>
    <bndbox>
      <xmin>366.56</xmin>
      <ymin>659.09</ymin>
      <xmax>397.25</xmax>
      <ymax>713.74</ymax>
    </bndbox>
  </object>
  <object>
    <name>WHITE</name>
    <occluded>0</occluded>
    <bndbox>
      <xmin>434.82</xmin>
      <ymin>495.6</ymin>
      <xmax>466.1</xmax>
      <ymax>547.36</ymax>
    </bndbox>
  </object>
  <object>
    <name>WHITE</name>
    <occluded>0</occluded>
    <bndbox>
      <xmin>499.5</xmin>
      <ymin>417.0</ymin>
      <xmax>550.1</xmax>
      <ymax>468.5</ymax>
    </bndbox>
  </object>
  <object>
    <name>WHITE</name>
    <occluded>0</occluded>
    <bndbox>
      <xmin>356.25</xmin>
      <ymin>590.13</ymin>
      <xmax>377.6</xmax>
      <ymax>641.5</ymax>
    </bndbox>
  </object>
  <object>
    <name>WHITE</name>
    <occluded>0</occluded>
    <bndbox>
      <xmin>379.5</xmin>
      <ymin>498.06</ymin>
      <xmax>404.84</xmax>
      <ymax>551.2</ymax>
    </bndbox>
  </object>
  <object>
    <name>WHITE</name>
    <occluded>0</occluded>
    <bndbox>
      <xmin>451.7</xmin>
      <ymin>385.2</ymin>
      <xmax>484.27</xmax>
      <ymax>440.6</ymax>
    </bndbox>
  </object>
  <object>
    <name>WHITE</name>
    <occluded>0</occluded>
    <bndbox>
      <xmin>395.9</xmin>
      <ymin>409.46</ymin>
      <xmax>422.96</xmax>
      <ymax>461.7</ymax>
    </bndbox>
  </object>
  <object>
    <name>WHITE</name>
    <occluded>0</occluded>
    <bndbox>
      <xmin>571.59</xmin>
      <ymin>536.7</ymin>
      <xmax>623.59</xmax>
      <ymax>588.7</ymax>
    </bndbox>
  </object>
  <object>
    <name>WHITE</name>
    <occluded>0</occluded>
    <bndbox>
      <xmin>510.24</xmin>
      <ymin>625.13</ymin>
      <xmax>557.9</xmax>
      <ymax>682.7</ymax>
    </bndbox>
  </object>
  <object>
    <name>BLACK</name>
    <occluded>0</occluded>
    <bndbox>
      <xmin>422.52</xmin>
      <ymin>669.89</ymin>
      <xmax>466.7</xmax>
      <ymax>726.4</ymax>
    </bndbox>
  </object>
  <object>
    <name>WHITE</name>
    <occluded>0</occluded>
    <bndbox>
      <xmin>495.7</xmin>
      <ymin>94.62</ymin>
      <xmax>538.18</xmax>
      <ymax>129.7</ymax>
    </bndbox>
  </object>
  <object>
    <name>WHITE</name>
    <occluded>0</occluded>
    <bndbox>
      <xmin>450.3</xmin>
      <ymin>165.02</ymin>
      <xmax>487.54</xmax>
      <ymax>205.5</ymax>
    </bndbox>
  </object>
  <object>
    <name>WHITE</name>
    <occluded>0</occluded>
    <bndbox>
      <xmin>424.7</xmin>
      <ymin>241.86</ymin>
      <xmax>459.74</xmax>
      <ymax>290.5</ymax>
    </bndbox>
  </object>
  <object>
    <name>WHITE</name>
    <occluded>0</occluded>
    <bndbox>
      <xmin>387.9</xmin>
      <ymin>341.36</ymin>
      <xmax>422.12</xmax>
      <ymax>388.7</ymax>
    </bndbox>
  </object>
  <object>
    <name>BLACK</name>
    <occluded>0</occluded>
    <bndbox>
      <xmin>829.03</xmin>
      <ymin>250.25</ymin>
      <xmax>876.0</xmax>
      <ymax>292.5</ymax>
    </bndbox>
  </object>
  <object>
    <name>WHITE</name>
    <occluded>0</occluded>
    <bndbox>
      <xmin>807.8</xmin>
      <ymin>143.2</ymin>
      <xmax>849.11</xmax>
      <ymax>179.25</ymax>
    </bndbox>
  </object>
  <object>
    <name>WHITE</name>
    <occluded>0</occluded>
    <bndbox>
      <xmin>326.63</xmin>
      <ymin>523.14</ymin>
      <xmax>352.8</xmax>
      <ymax>575.1</ymax>
    </bndbox>
  </object>
  <object>
    <name>WHITE</name>
    <occluded>0</occluded>
    <bndbox>
      <xmin>543.6</xmin>
      <ymin>215.04</ymin>
      <xmax>592.82</xmax>
      <ymax>259.3</ymax>
    </bndbox>
  </object>
  <object>
    <name>WHITE</name>
    <occluded>0</occluded>
    <bndbox>
      <xmin>606.82</xmin>
      <ymin>135.48</ymin>
      <xmax>662.9</xmax>
      <ymax>174.2</ymax>
    </bndbox>
  </object>
  <object>
    <name>WHITE</name>
    <occluded>0</occluded>
    <bndbox>
      <xmin>669.98</xmin>
      <ymin>167.1</ymin>
      <xmax>723.7</xmax>
      <ymax>212.9</ymax>
    </bndbox>
  </object>
  <object>
    <name>WHITE</name>
    <occluded>0</occluded>
    <bndbox>
      <xmin>717.18</xmin>
      <ymin>117.24</ymin>
      <xmax>765.5</xmax>
      <ymax>153.6</ymax>
    </bndbox>
  </object>
  <object>
    <name>WHITE</name>
    <occluded>0</occluded>
    <bndbox>
      <xmin>784.01</xmin>
      <ymin>176.99</ymin>
      <xmax>825.7</xmax>
      <ymax>218.0</ymax>
    </bndbox>
  </object>
  <object>
    <name>WHITE</name>
    <occluded>0</occluded>
    <bndbox>
      <xmin>546.2</xmin>
      <ymin>107.86</ymin>
      <xmax>591.94</xmax>
      <ymax>138.9</ymax>
    </bndbox>
  </object>
  <object>
    <name>WHITE</name>
    <occluded>0</occluded>
    <bndbox>
      <xmin>496.3</xmin>
      <ymin>186.64</ymin>
      <xmax>540.1</xmax>
      <ymax>234.0</ymax>
    </bndbox>
  </object>
  <object>
    <name>WHITE</name>
    <occluded>0</occluded>
    <bndbox>
      <xmin>454.8</xmin>
      <ymin>298.0</ymin>
      <xmax>493.94</xmax>
      <ymax>348.2</ymax>
    </bndbox>
  </object>
  <object>
    <name>WHITE</name>
    <occluded>0</occluded>
    <bndbox>
      <xmin>663.7</xmin>
      <ymin>435.0</ymin>
      <xmax>719.0</xmax>
      <ymax>485.0</ymax>
    </bndbox>
  </object>
  <object>
    <name>WHITE</name>
    <occluded>0</occluded>
    <bndbox>
      <xmin>466.4</xmin>
      <ymin>586.5</ymin>
      <xmax>512.12</xmax>
      <ymax>644.12</ymax>
    </bndbox>
  </object>
  <object>
    <name>WHITE</name>
    <occluded>0</occluded>
    <bndbox>
      <xmin>858.02</xmin>
      <ymin>206.5</ymin>
      <xmax>894.6</xmax>
      <ymax>251.1</ymax>
    </bndbox>
  </object>
  <object>
    <name>WHITE</name>
    <occluded>0</occluded>
    <bndbox>
      <xmin>501.0</xmin>
      <ymin>506.1</ymin>
      <xmax>554.8</xmax>
      <ymax>559.9</ymax>
    </bndbox>
  </object>
  <object>
    <name>BLACK</name>
    <occluded>0</occluded>
    <bndbox>
      <xmin>579.8</xmin>
      <ymin>426.64</ymin>
      <xmax>637.74</xmax>
      <ymax>479.8</ymax>
    </bndbox>
  </object>
  <object>
    <name>WHITE</name>
    <occluded>0</occluded>
    <bndbox>
      <xmin>402.1</xmin>
      <ymin>582.43</ymin>
      <xmax>433.6</xmax>
      <ymax>633.43</ymax>
    </bndbox>
  </object>
</annotation>
