<annotation>
  <folder>JJ</folder>
  <filename>JJ_camera3.png</filename>
  <source>
    <database>Unknown</database>
    <annotation>Unknown</annotation>
    <image>Unknown</image>
  </source>
  <size>
    <width>1280</width>
    <height>960</height>
    <depth></depth>
  </size>
  <segmented>0</segmented>
  <object>
    <name>BLACK</name>
    <occluded>0</occluded>
    <bndbox>
      <xmin>714.92</xmin>
      <ymin>831.29</ymin>
      <xmax>754.7</xmax>
      <ymax>872.8</ymax>
    </bndbox>
  </object>
  <object>
    <name>BLACK</name>
    <occluded>0</occluded>
    <bndbox>
      <xmin>889.32</xmin>
      <ymin>465.26</ymin>
      <xmax>937.9</xmax>
      <ymax>517.0</ymax>
    </bndbox>
  </object>
  <object>
    <name>WHITE</name>
    <occluded>0</occluded>
    <bndbox>
      <xmin>790.0</xmin>
      <ymin>569.0</ymin>
      <xmax>835.0</xmax>
      <ymax>612.0</ymax>
    </bndbox>
  </object>
  <object>
    <name>WHITE</name>
    <occluded>0</occluded>
    <bndbox>
      <xmin>777.0</xmin>
      <ymin>301.0</ymin>
      <xmax>819.0</xmax>
      <ymax>328.0</ymax>
    </bndbox>
  </object>
  <object>
    <name>WHITE</name>
    <occluded>0</occluded>
    <bndbox>
      <xmin>696.63</xmin>
      <ymin>312.64</ymin>
      <xmax>738.37</xmax>
      <ymax>342.36</ymax>
    </bndbox>
  </object>
  <object>
    <name>WHITE</name>
    <occluded>0</occluded>
    <bndbox>
      <xmin>569.0</xmin>
      <ymin>582.0</ymin>
      <xmax>605.0</xmax>
      <ymax>624.0</ymax>
    </bndbox>
  </object>
  <object>
    <name>WHITE</name>
    <occluded>0</occluded>
    <bndbox>
      <xmin>577.89</xmin>
      <ymin>369.99</ymin>
      <xmax>619.61</xmax>
      <ymax>402.51</ymax>
    </bndbox>
  </object>
  <object>
    <name>WHITE</name>
    <occluded>0</occluded>
    <bndbox>
      <xmin>617.05</xmin>
      <ymin>309.5</ymin>
      <xmax>655.95</xmax>
      <ymax>338.5</ymax>
    </bndbox>
  </object>
  <object>
    <name>WHITE</name>
    <occluded>0</occluded>
    <bndbox>
      <xmin>657.56</xmin>
      <ymin>273.03</ymin>
      <xmax>698.79</xmax>
      <ymax>294.38</ymax>
    </bndbox>
  </object>
  <object>
    <name>WHITE</name>
    <occluded>0</occluded>
    <bndbox>
      <xmin>873.08</xmin>
      <ymin>541.48</ymin>
      <xmax>923.3</xmax>
      <ymax>593.2</ymax>
    </bndbox>
  </object>
  <object>
    <name>WHITE</name>
    <occluded>0</occluded>
    <bndbox>
      <xmin>834.5</xmin>
      <ymin>631.85</ymin>
      <xmax>882.51</xmax>
      <ymax>678.0</ymax>
    </bndbox>
  </object>
  <object>
    <name>WHITE</name>
    <occluded>0</occluded>
    <bndbox>
      <xmin>809.0</xmin>
      <ymin>711.0</ymin>
      <xmax>857.3</xmax>
      <ymax>751.2</ymax>
    </bndbox>
  </object>
  <object>
    <name>WHITE</name>
    <occluded>0</occluded>
    <bndbox>
      <xmin>595.66</xmin>
      <ymin>903.93</ymin>
      <xmax>627.1</xmax>
      <ymax>938.1</ymax>
    </bndbox>
  </object>
  <object>
    <name>WHITE</name>
    <occluded>0</occluded>
    <bndbox>
      <xmin>858.0</xmin>
      <ymin>403.0</ymin>
      <xmax>904.4</xmax>
      <ymax>448.5</ymax>
    </bndbox>
  </object>
  <object>
    <name>WHITE</name>
    <occluded>0</occluded>
    <bndbox>
      <xmin>822.0</xmin>
      <ymin>477.6</ymin>
      <xmax>868.67</xmax>
      <ymax>525.02</ymax>
    </bndbox>
  </object>
  <object>
    <name>WHITE</name>
    <occluded>0</occluded>
    <bndbox>
      <xmin>749.7</xmin>
      <ymin>652.61</ymin>
      <xmax>797.1</xmax>
      <ymax>695.6</ymax>
    </bndbox>
  </object>
  <object>
    <name>WHITE</name>
    <occluded>0</occluded>
    <bndbox>
      <xmin>717.78</xmin>
      <ymin>718.54</ymin>
      <xmax>759.78</xmax>
      <ymax>759.0</ymax>
    </bndbox>
  </object>
  <object>
    <name>WHITE</name>
    <occluded>0</occluded>
    <bndbox>
      <xmin>817.6</xmin>
      <ymin>343.95</ymin>
      <xmax>864.86</xmax>
      <ymax>385.9</ymax>
    </bndbox>
  </object>
  <object>
    <name>WHITE</name>
    <occluded>0</occluded>
    <bndbox>
      <xmin>777.48</xmin>
      <ymin>406.92</ymin>
      <xmax>828.2</xmax>
      <ymax>454.7</ymax>
    </bndbox>
  </object>
  <object>
    <name>WHITE</name>
    <occluded>0</occluded>
    <bndbox>
      <xmin>630.43</xmin>
      <ymin>427.52</ymin>
      <xmax>675.2</xmax>
      <ymax>474.8</ymax>
    </bndbox>
  </object>
  <object>
    <name>WHITE</name>
    <occluded>0</occluded>
    <bndbox>
      <xmin>897.2</xmin>
      <ymin>682.62</ymin>
      <xmax>945.08</xmax>
      <ymax>722.86</ymax>
    </bndbox>
  </object>
  <object>
    <name>BLACK</name>
    <occluded>0</occluded>
    <bndbox>
      <xmin>697.01</xmin>
      <ymin>244.18</ymin>
      <xmax>740.0</xmax>
      <ymax>263.4</ymax>
    </bndbox>
  </object>
  <object>
    <name>BLACK</name>
    <occluded>0</occluded>
    <bndbox>
      <xmin>958.78</xmin>
      <ymin>868.33</ymin>
      <xmax>995.16</xmax>
      <ymax>903.63</ymax>
    </bndbox>
  </object>
  <object>
    <name>WHITE</name>
    <occluded>0</occluded>
    <bndbox>
      <xmin>1001.46</xmin>
      <ymin>840.54</ymin>
      <xmax>1035.9</xmax>
      <ymax>882.4</ymax>
    </bndbox>
  </object>
  <object>
    <name>WHITE</name>
    <occluded>0</occluded>
    <bndbox>
      <xmin>845.13</xmin>
      <ymin>848.24</ymin>
      <xmax>889.5</xmax>
      <ymax>883.6</ymax>
    </bndbox>
  </object>
  <object>
    <name>WHITE</name>
    <occluded>0</occluded>
    <bndbox>
      <xmin>647.55</xmin>
      <ymin>925.57</ymin>
      <xmax>682.9</xmax>
      <ymax>960.0</ymax>
    </bndbox>
  </object>
  <object>
    <name>WHITE</name>
    <occluded>0</occluded>
    <bndbox>
      <xmin>688.28</xmin>
      <ymin>778.01</ymin>
      <xmax>734.2</xmax>
      <ymax>815.7</ymax>
    </bndbox>
  </object>
  <object>
    <name>WHITE</name>
    <occluded>0</occluded>
    <bndbox>
      <xmin>848.63</xmin>
      <ymin>772.9</ymin>
      <xmax>895.9</xmax>
      <ymax>812.3</ymax>
    </bndbox>
  </object>
  <object>
    <name>WHITE</name>
    <occluded>0</occluded>
    <bndbox>
      <xmin>945.8</xmin>
      <ymin>712.83</ymin>
      <xmax>989.9</xmax>
      <ymax>758.3</ymax>
    </bndbox>
  </object>
  <object>
    <name>WHITE</name>
    <occluded>0</occluded>
    <bndbox>
      <xmin>598.22</xmin>
      <ymin>505.94</ymin>
      <xmax>641.4</xmax>
      <ymax>553.8</ymax>
    </bndbox>
  </object>
  <object>
    <name>WHITE</name>
    <occluded>0</occluded>
    <bndbox>
      <xmin>523.08</xmin>
      <ymin>625.62</ymin>
      <xmax>557.9</xmax>
      <ymax>667.7</ymax>
    </bndbox>
  </object>
  <object>
    <name>WHITE</name>
    <occluded>0</occluded>
    <bndbox>
      <xmin>941.27</xmin>
      <ymin>319.38</ymin>
      <xmax>985.56</xmax>
      <ymax>350.88</ymax>
    </bndbox>
  </object>
  <object>
    <name>WHITE</name>
    <occluded>0</occluded>
    <bndbox>
      <xmin>869.22</xmin>
      <ymin>305.04</ymin>
      <xmax>914.45</xmax>
      <ymax>338.41</ymax>
    </bndbox>
  </object>
  <object>
    <name>WHITE</name>
    <occluded>0</occluded>
    <bndbox>
      <xmin>426.9</xmin>
      <ymin>649.36</ymin>
      <xmax>452.89</xmax>
      <ymax>687.05</ymax>
    </bndbox>
  </object>
  <object>
    <name>WHITE</name>
    <occluded>0</occluded>
    <bndbox>
      <xmin>470.05</xmin>
      <ymin>762.16</ymin>
      <xmax>494.2</xmax>
      <ymax>799.3</ymax>
    </bndbox>
  </object>
  <object>
    <name>WHITE</name>
    <occluded>0</occluded>
    <bndbox>
      <xmin>485.38</xmin>
      <ymin>751.77</ymin>
      <xmax>512.15</xmax>
      <ymax>787.38</ymax>
    </bndbox>
  </object>
  <object>
    <name>WHITE</name>
    <occluded>0</occluded>
    <bndbox>
      <xmin>509.29</xmin>
      <ymin>712.52</ymin>
      <xmax>534.51</xmax>
      <ymax>752.29</ymax>
    </bndbox>
  </object>
  <object>
    <name>WHITE</name>
    <occluded>0</occluded>
    <bndbox>
      <xmin>463.29</xmin>
      <ymin>688.09</ymin>
      <xmax>492.92</xmax>
      <ymax>725.78</ymax>
    </bndbox>
  </object>
  <object>
    <name>WHITE</name>
    <occluded>0</occluded>
    <bndbox>
      <xmin>488.24</xmin>
      <ymin>658.98</ymin>
      <xmax>520.21</xmax>
      <ymax>701.08</ymax>
    </bndbox>
  </object>
  <object>
    <name>WHITE</name>
    <occluded>0</occluded>
    <bndbox>
      <xmin>443.28</xmin>
      <ymin>618.95</ymin>
      <xmax>469.53</xmax>
      <ymax>656.9</ymax>
    </bndbox>
  </object>
  <object>
    <name>WHITE</name>
    <occluded>0</occluded>
    <bndbox>
      <xmin>466.41</xmin>
      <ymin>579.97</ymin>
      <xmax>493.7</xmax>
      <ymax>621.81</ymax>
    </bndbox>
  </object>
  <object>
    <name>WHITE</name>
    <occluded>0</occluded>
    <bndbox>
      <xmin>461.47</xmin>
      <ymin>499.13</ymin>
      <xmax>486.68</xmax>
      <ymax>546.18</ymax>
    </bndbox>
  </object>
  <object>
    <name>WHITE</name>
    <occluded>0</occluded>
    <bndbox>
      <xmin>491.36</xmin>
      <ymin>354.1</ymin>
      <xmax>521.51</xmax>
      <ymax>389.71</ymax>
    </bndbox>
  </object>
  <object>
    <name>WHITE</name>
    <occluded>0</occluded>
    <bndbox>
      <xmin>469.27</xmin>
      <ymin>422.2</ymin>
      <xmax>492.4</xmax>
      <ymax>464.82</ymax>
    </bndbox>
  </object>
  <object>
    <name>WHITE</name>
    <occluded>0</occluded>
    <bndbox>
      <xmin>503.32</xmin>
      <ymin>550.08</ymin>
      <xmax>536.07</xmax>
      <ymax>593.48</ymax>
    </bndbox>
  </object>
  <object>
    <name>WHITE</name>
    <occluded>0</occluded>
    <bndbox>
      <xmin>984.68</xmin>
      <ymin>370.48</ymin>
      <xmax>1020.54</xmax>
      <ymax>408.42</ymax>
    </bndbox>
  </object>
  <object>
    <name>WHITE</name>
    <occluded>0</occluded>
    <bndbox>
      <xmin>1071.75</xmin>
      <ymin>558.65</ymin>
      <xmax>1097.48</xmax>
      <ymax>607.52</ymax>
    </bndbox>
  </object>
  <object>
    <name>WHITE</name>
    <occluded>0</occluded>
    <bndbox>
      <xmin>1047.84</xmin>
      <ymin>643.64</ymin>
      <xmax>1076.69</xmax>
      <ymax>689.65</ymax>
    </bndbox>
  </object>
  <object>
    <name>WHITE</name>
    <occluded>0</occluded>
    <bndbox>
      <xmin>676.42</xmin>
      <ymin>885.29</ymin>
      <xmax>716.93</xmax>
      <ymax>914.74</ymax>
    </bndbox>
  </object>
  <object>
    <name>WHITE</name>
    <occluded>0</occluded>
    <bndbox>
      <xmin>774.45</xmin>
      <ymin>843.85</ymin>
      <xmax>819.3</xmax>
      <ymax>882.0</ymax>
    </bndbox>
  </object>
  <object>
    <name>WHITE</name>
    <occluded>0</occluded>
    <bndbox>
      <xmin>706.66</xmin>
      <ymin>924.64</ymin>
      <xmax>746.08</xmax>
      <ymax>960.0</ymax>
    </bndbox>
  </object>
  <object>
    <name>WHITE</name>
    <occluded>0</occluded>
    <bndbox>
      <xmin>752.36</xmin>
      <ymin>892.8</ymin>
      <xmax>794.6</xmax>
      <ymax>928.76</ymax>
    </bndbox>
  </object>
  <object>
    <name>WHITE</name>
    <occluded>0</occluded>
    <bndbox>
      <xmin>822.54</xmin>
      <ymin>912.51</ymin>
      <xmax>865.64</xmax>
      <ymax>952.8</ymax>
    </bndbox>
  </object>
  <object>
    <name>WHITE</name>
    <occluded>0</occluded>
    <bndbox>
      <xmin>891.41</xmin>
      <ymin>924.86</ymin>
      <xmax>936.7</xmax>
      <ymax>960.0</ymax>
    </bndbox>
  </object>
  <object>
    <name>WHITE</name>
    <occluded>0</occluded>
    <bndbox>
      <xmin>900.08</xmin>
      <ymin>876.97</ymin>
      <xmax>944.05</xmax>
      <ymax>916.84</ymax>
    </bndbox>
  </object>
  <object>
    <name>WHITE</name>
    <occluded>0</occluded>
    <bndbox>
      <xmin>763.19</xmin>
      <ymin>776.49</ymin>
      <xmax>809.11</xmax>
      <ymax>819.59</ymax>
    </bndbox>
  </object>
  <object>
    <name>WHITE</name>
    <occluded>0</occluded>
    <bndbox>
      <xmin>634.4</xmin>
      <ymin>888.9</ymin>
      <xmax>671.2</xmax>
      <ymax>924.9</ymax>
    </bndbox>
  </object>
  <object>
    <name>WHITE</name>
    <occluded>0</occluded>
    <bndbox>
      <xmin>743.9</xmin>
      <ymin>497.2</ymin>
      <xmax>792.11</xmax>
      <ymax>547.4</ymax>
    </bndbox>
  </object>
  <object>
    <name>WHITE</name>
    <occluded>0</occluded>
    <bndbox>
      <xmin>710.18</xmin>
      <ymin>582.96</ymin>
      <xmax>759.4</xmax>
      <ymax>631.4</ymax>
    </bndbox>
  </object>
  <object>
    <name>WHITE</name>
    <occluded>0</occluded>
    <bndbox>
      <xmin>945.0</xmin>
      <ymin>587.0</ymin>
      <xmax>991.5</xmax>
      <ymax>637.8</ymax>
    </bndbox>
  </object>
  <object>
    <name>WHITE</name>
    <occluded>0</occluded>
    <bndbox>
      <xmin>954.72</xmin>
      <ymin>494.83</ymin>
      <xmax>998.52</xmax>
      <ymax>545.5</ymax>
    </bndbox>
  </object>
  <object>
    <name>WHITE</name>
    <occluded>0</occluded>
    <bndbox>
      <xmin>938.47</xmin>
      <ymin>413.87</ymin>
      <xmax>981.7</xmax>
      <ymax>457.71</ymax>
    </bndbox>
  </object>
  <object>
    <name>WHITE</name>
    <occluded>0</occluded>
    <bndbox>
      <xmin>917.42</xmin>
      <ymin>356.17</ymin>
      <xmax>961.9</xmax>
      <ymax>392.6</ymax>
    </bndbox>
  </object>
  <object>
    <name>WHITE</name>
    <occluded>0</occluded>
    <bndbox>
      <xmin>1007.0</xmin>
      <ymin>625.24</ymin>
      <xmax>1044.6</xmax>
      <ymax>672.0</ymax>
    </bndbox>
  </object>
  <object>
    <name>WHITE</name>
    <occluded>0</occluded>
    <bndbox>
      <xmin>1023.6</xmin>
      <ymin>520.22</ymin>
      <xmax>1061.9</xmax>
      <ymax>568.1</ymax>
    </bndbox>
  </object>
  <object>
    <name>WHITE</name>
    <occluded>0</occluded>
    <bndbox>
      <xmin>498.98</xmin>
      <ymin>469.24</ymin>
      <xmax>529.9</xmax>
      <ymax>515.1</ymax>
    </bndbox>
  </object>
  <object>
    <name>WHITE</name>
    <occluded>0</occluded>
    <bndbox>
      <xmin>818.38</xmin>
      <ymin>267.29</ymin>
      <xmax>863.92</xmax>
      <ymax>291.31</ymax>
    </bndbox>
  </object>
  <object>
    <name>WHITE</name>
    <occluded>0</occluded>
    <bndbox>
      <xmin>511.6</xmin>
      <ymin>393.1</ymin>
      <xmax>545.38</xmax>
      <ymax>436.3</ymax>
    </bndbox>
  </object>
  <object>
    <name>WHITE</name>
    <occluded>0</occluded>
    <bndbox>
      <xmin>535.9</xmin>
      <ymin>332.04</ymin>
      <xmax>572.33</xmax>
      <ymax>371.7</ymax>
    </bndbox>
  </object>
  <object>
    <name>WHITE</name>
    <occluded>0</occluded>
    <bndbox>
      <xmin>1066.72</xmin>
      <ymin>472.64</ymin>
      <xmax>1095.5</xmax>
      <ymax>517.9</ymax>
    </bndbox>
  </object>
  <object>
    <name>BLACK</name>
    <occluded>0</occluded>
    <bndbox>
      <xmin>540.72</xmin>
      <ymin>513.02</ymin>
      <xmax>584.5</xmax>
      <ymax>561.7</ymax>
    </bndbox>
  </object>
  <object>
    <name>WHITE</name>
    <occluded>0</occluded>
    <bndbox>
      <xmin>1006.92</xmin>
      <ymin>440.61</ymin>
      <xmax>1043.5</xmax>
      <ymax>481.9</ymax>
    </bndbox>
  </object>
  <object>
    <name>WHITE</name>
    <occluded>0</occluded>
    <bndbox>
      <xmin>556.1</xmin>
      <ymin>438.45</ymin>
      <xmax>595.93</xmax>
      <ymax>488.4</ymax>
    </bndbox>
  </object>
  <object>
    <name>WHITE</name>
    <occluded>0</occluded>
    <bndbox>
      <xmin>666.94</xmin>
      <ymin>663.76</ymin>
      <xmax>712.4</xmax>
      <ymax>706.9</ymax>
    </bndbox>
  </object>
  <object>
    <name>WHITE</name>
    <occluded>0</occluded>
    <bndbox>
      <xmin>640.7</xmin>
      <ymin>722.4</ymin>
      <xmax>681.0</xmax>
      <ymax>762.02</ymax>
    </bndbox>
  </object>
  <object>
    <name>WHITE</name>
    <occluded>0</occluded>
    <bndbox>
      <xmin>734.92</xmin>
      <ymin>356.82</ymin>
      <xmax>783.1</xmax>
      <ymax>399.6</ymax>
    </bndbox>
  </object>
  <object>
    <name>WHITE</name>
    <occluded>0</occluded>
    <bndbox>
      <xmin>700.0</xmin>
      <ymin>421.4</ymin>
      <xmax>748.9</xmax>
      <ymax>468.6</ymax>
    </bndbox>
  </object>
  <object>
    <name>WHITE</name>
    <occluded>0</occluded>
    <bndbox>
      <xmin>667.4</xmin>
      <ymin>507.06</ymin>
      <xmax>714.6</xmax>
      <ymax>556.5</ymax>
    </bndbox>
  </object>
  <object>
    <name>WHITE</name>
    <occluded>0</occluded>
    <bndbox>
      <xmin>639.0</xmin>
      <ymin>588.92</ymin>
      <xmax>683.9</xmax>
      <ymax>636.9</ymax>
    </bndbox>
  </object>
  <object>
    <name>WHITE</name>
    <occluded>0</occluded>
    <bndbox>
      <xmin>597.19</xmin>
      <ymin>659.64</ymin>
      <xmax>636.9</xmax>
      <ymax>702.44</ymax>
    </bndbox>
  </object>
  <object>
    <name>WHITE</name>
    <occluded>0</occluded>
    <bndbox>
      <xmin>549.59</xmin>
      <ymin>699.56</ymin>
      <xmax>587.7</xmax>
      <ymax>741.28</ymax>
    </bndbox>
  </object>
  <object>
    <name>WHITE</name>
    <occluded>0</occluded>
    <bndbox>
      <xmin>736.12</xmin>
      <ymin>264.91</ymin>
      <xmax>776.9</xmax>
      <ymax>289.9</ymax>
    </bndbox>
  </object>
  <object>
    <name>WHITE</name>
    <occluded>0</occluded>
    <bndbox>
      <xmin>654.7</xmin>
      <ymin>366.62</ymin>
      <xmax>698.48</xmax>
      <ymax>414.5</ymax>
    </bndbox>
  </object>
</annotation>
