<annotation>
  <folder>JJ</folder>
  <filename>JJ_camera2.png</filename>
  <source>
    <database>Unknown</database>
    <annotation>Unknown</annotation>
    <image>Unknown</image>
  </source>
  <size>
    <width>960</width>
    <height>1280</height>
    <depth></depth>
  </size>
  <segmented>0</segmented>
  <object>
    <name>WHITE</name>
    <occluded>0</occluded>
    <bndbox>
      <xmin>254.68</xmin>
      <ymin>736.78</ymin>
      <xmax>290.18</xmax>
      <ymax>785.52</ymax>
    </bndbox>
  </object>
  <object>
    <name>WHITE</name>
    <occluded>0</occluded>
    <bndbox>
      <xmin>647.7</xmin>
      <ymin>747.26</ymin>
      <xmax>691.62</xmax>
      <ymax>797.6</ymax>
    </bndbox>
  </object>
  <object>
    <name>WHITE</name>
    <occluded>0</occluded>
    <bndbox>
      <xmin>449.5</xmin>
      <ymin>461.0</ymin>
      <xmax>495.5</xmax>
      <ymax>498.1</ymax>
    </bndbox>
  </object>
  <object>
    <name>WHITE</name>
    <occluded>0</occluded>
    <bndbox>
      <xmin>397.78</xmin>
      <ymin>514.7</ymin>
      <xmax>451.0</xmax>
      <ymax>560.9</ymax>
    </bndbox>
  </object>
  <object>
    <name>WHITE</name>
    <occluded>0</occluded>
    <bndbox>
      <xmin>347.7</xmin>
      <ymin>581.09</ymin>
      <xmax>395.31</xmax>
      <ymax>629.5</ymax>
    </bndbox>
  </object>
  <object>
    <name>WHITE</name>
    <occluded>0</occluded>
    <bndbox>
      <xmin>293.89</xmin>
      <ymin>652.0</ymin>
      <xmax>334.9</xmax>
      <ymax>702.6</ymax>
    </bndbox>
  </object>
  <object>
    <name>WHITE</name>
    <occluded>0</occluded>
    <bndbox>
      <xmin>509.0</xmin>
      <ymin>345.5</ymin>
      <xmax>553.2</xmax>
      <ymax>367.0</ymax>
    </bndbox>
  </object>
  <object>
    <name>WHITE</name>
    <occluded>0</occluded>
    <bndbox>
      <xmin>267.9</xmin>
      <ymin>588.08</ymin>
      <xmax>302.7</xmax>
      <ymax>637.7</ymax>
    </bndbox>
  </object>
  <object>
    <name>WHITE</name>
    <occluded>0</occluded>
    <bndbox>
      <xmin>321.6</xmin>
      <ymin>522.68</ymin>
      <xmax>362.39</xmax>
      <ymax>563.1</ymax>
    </bndbox>
  </object>
  <object>
    <name>WHITE</name>
    <occluded>0</occluded>
    <bndbox>
      <xmin>411.7</xmin>
      <ymin>417.5</ymin>
      <xmax>456.05</xmax>
      <ymax>448.7</ymax>
    </bndbox>
  </object>
  <object>
    <name>WHITE</name>
    <occluded>0</occluded>
    <bndbox>
      <xmin>459.39</xmin>
      <ymin>375.77</ymin>
      <xmax>505.9</xmax>
      <ymax>401.3</ymax>
    </bndbox>
  </object>
  <object>
    <name>WHITE</name>
    <occluded>0</occluded>
    <bndbox>
      <xmin>500.07</xmin>
      <ymin>414.2</ymin>
      <xmax>548.2</xmax>
      <ymax>448.1</ymax>
    </bndbox>
  </object>
  <object>
    <name>WHITE</name>
    <occluded>0</occluded>
    <bndbox>
      <xmin>291.63</xmin>
      <ymin>791.11</ymin>
      <xmax>334.8</xmax>
      <ymax>839.2</ymax>
    </bndbox>
  </object>
  <object>
    <name>WHITE</name>
    <occluded>0</occluded>
    <bndbox>
      <xmin>332.96</xmin>
      <ymin>732.27</ymin>
      <xmax>380.3</xmax>
      <ymax>782.9</ymax>
    </bndbox>
  </object>
  <object>
    <name>WHITE</name>
    <occluded>0</occluded>
    <bndbox>
      <xmin>385.5</xmin>
      <ymin>654.0</ymin>
      <xmax>434.8</xmax>
      <ymax>706.9</ymax>
    </bndbox>
  </object>
  <object>
    <name>WHITE</name>
    <occluded>0</occluded>
    <bndbox>
      <xmin>443.0</xmin>
      <ymin>582.5</ymin>
      <xmax>493.1</xmax>
      <ymax>629.4</ymax>
    </bndbox>
  </object>
  <object>
    <name>WHITE</name>
    <occluded>0</occluded>
    <bndbox>
      <xmin>491.6</xmin>
      <ymin>513.01</ymin>
      <xmax>538.4</xmax>
      <ymax>557.0</ymax>
    </bndbox>
  </object>
  <object>
    <name>WHITE</name>
    <occluded>0</occluded>
    <bndbox>
      <xmin>387.48</xmin>
      <ymin>800.28</ymin>
      <xmax>439.7</xmax>
      <ymax>851.1</ymax>
    </bndbox>
  </object>
  <object>
    <name>WHITE</name>
    <occluded>0</occluded>
    <bndbox>
      <xmin>429.72</xmin>
      <ymin>738.92</ymin>
      <xmax>485.2</xmax>
      <ymax>792.5</ymax>
    </bndbox>
  </object>
  <object>
    <name>WHITE</name>
    <occluded>0</occluded>
    <bndbox>
      <xmin>429.42</xmin>
      <ymin>343.44</ymin>
      <xmax>476.58</xmax>
      <ymax>371.16</ymax>
    </bndbox>
  </object>
  <object>
    <name>WHITE</name>
    <occluded>0</occluded>
    <bndbox>
      <xmin>337.93</xmin>
      <ymin>419.33</ymin>
      <xmax>375.73</xmax>
      <ymax>453.99</ymax>
    </bndbox>
  </object>
  <object>
    <name>WHITE</name>
    <occluded>0</occluded>
    <bndbox>
      <xmin>368.77</xmin>
      <ymin>469.5</ymin>
      <xmax>416.12</xmax>
      <ymax>509.76</ymax>
    </bndbox>
  </object>
  <object>
    <name>WHITE</name>
    <occluded>0</occluded>
    <bndbox>
      <xmin>228.8</xmin>
      <ymin>658.4</ymin>
      <xmax>253.08</xmax>
      <ymax>705.7</ymax>
    </bndbox>
  </object>
  <object>
    <name>WHITE</name>
    <occluded>0</occluded>
    <bndbox>
      <xmin>701.15</xmin>
      <ymin>939.5</ymin>
      <xmax>732.0</xmax>
      <ymax>980.01</ymax>
    </bndbox>
  </object>
  <object>
    <name>WHITE</name>
    <occluded>0</occluded>
    <bndbox>
      <xmin>684.68</xmin>
      <ymin>998.31</ymin>
      <xmax>717.61</xmax>
      <ymax>1036.78</ymax>
    </bndbox>
  </object>
  <object>
    <name>WHITE</name>
    <occluded>0</occluded>
    <bndbox>
      <xmin>695.68</xmin>
      <ymin>800.32</ymin>
      <xmax>731.06</xmax>
      <ymax>849.17</ymax>
    </bndbox>
  </object>
  <object>
    <name>BLACK</name>
    <occluded>0</occluded>
    <bndbox>
      <xmin>261.8</xmin>
      <ymin>959.8</ymin>
      <xmax>291.5</xmax>
      <ymax>1001.4</ymax>
    </bndbox>
  </object>
  <object>
    <name>WHITE</name>
    <occluded>0</occluded>
    <bndbox>
      <xmin>274.2</xmin>
      <ymin>1007.99</ymin>
      <xmax>298.17</xmax>
      <ymax>1055.64</ymax>
    </bndbox>
  </object>
  <object>
    <name>WHITE</name>
    <occluded>0</occluded>
    <bndbox>
      <xmin>311.74</xmin>
      <ymin>985.18</ymin>
      <xmax>346.1</xmax>
      <ymax>1029.1</ymax>
    </bndbox>
  </object>
  <object>
    <name>WHITE</name>
    <occluded>0</occluded>
    <bndbox>
      <xmin>640.52</xmin>
      <ymin>1030.97</ymin>
      <xmax>670.9</xmax>
      <ymax>1077.6</ymax>
    </bndbox>
  </object>
  <object>
    <name>WHITE</name>
    <occluded>0</occluded>
    <bndbox>
      <xmin>697.21</xmin>
      <ymin>442.3</ymin>
      <xmax>726.65</xmax>
      <ymax>480.23</ymax>
    </bndbox>
  </object>
  <object>
    <name>WHITE</name>
    <occluded>0</occluded>
    <bndbox>
      <xmin>540.0</xmin>
      <ymin>465.5</ymin>
      <xmax>574.0</xmax>
      <ymax>510.5</ymax>
    </bndbox>
  </object>
  <object>
    <name>WHITE</name>
    <occluded>0</occluded>
    <bndbox>
      <xmin>544.16</xmin>
      <ymin>377.05</ymin>
      <xmax>590.25</xmax>
      <ymax>405.12</ymax>
    </bndbox>
  </object>
  <object>
    <name>WHITE</name>
    <occluded>0</occluded>
    <bndbox>
      <xmin>587.48</xmin>
      <ymin>423.14</ymin>
      <xmax>630.79</xmax>
      <ymax>461.26</ymax>
    </bndbox>
  </object>
  <object>
    <name>WHITE</name>
    <occluded>0</occluded>
    <bndbox>
      <xmin>661.26</xmin>
      <ymin>455.37</ymin>
      <xmax>699.44</xmax>
      <ymax>492.79</ymax>
    </bndbox>
  </object>
  <object>
    <name>WHITE</name>
    <occluded>0</occluded>
    <bndbox>
      <xmin>620.05</xmin>
      <ymin>482.75</ymin>
      <xmax>663.02</xmax>
      <ymax>526.76</ymax>
    </bndbox>
  </object>
  <object>
    <name>BLACK</name>
    <occluded>0</occluded>
    <bndbox>
      <xmin>652.94</xmin>
      <ymin>543.24</ymin>
      <xmax>694.81</xmax>
      <ymax>591.38</ymax>
    </bndbox>
  </object>
  <object>
    <name>WHITE</name>
    <occluded>0</occluded>
    <bndbox>
      <xmin>693.34</xmin>
      <ymin>522.76</ymin>
      <xmax>729.23</xmax>
      <ymax>568.27</ymax>
    </bndbox>
  </object>
  <object>
    <name>WHITE</name>
    <occluded>0</occluded>
    <bndbox>
      <xmin>690.96</xmin>
      <ymin>671.04</ymin>
      <xmax>727.54</xmax>
      <ymax>720.85</ymax>
    </bndbox>
  </object>
  <object>
    <name>WHITE</name>
    <occluded>0</occluded>
    <bndbox>
      <xmin>727.78</xmin>
      <ymin>733.61</ymin>
      <xmax>751.85</xmax>
      <ymax>780.54</ymax>
    </bndbox>
  </object>
  <object>
    <name>WHITE</name>
    <occluded>0</occluded>
    <bndbox>
      <xmin>749.77</xmin>
      <ymin>661.68</ymin>
      <xmax>771.92</xmax>
      <ymax>705.99</ymax>
    </bndbox>
  </object>
  <object>
    <name>WHITE</name>
    <occluded>0</occluded>
    <bndbox>
      <xmin>729.14</xmin>
      <ymin>513.66</ymin>
      <xmax>759.09</xmax>
      <ymax>552.09</ymax>
    </bndbox>
  </object>
  <object>
    <name>WHITE</name>
    <occluded>0</occluded>
    <bndbox>
      <xmin>748.11</xmin>
      <ymin>494.2</ymin>
      <xmax>774.06</xmax>
      <ymax>536.62</ymax>
    </bndbox>
  </object>
  <object>
    <name>WHITE</name>
    <occluded>0</occluded>
    <bndbox>
      <xmin>381.82</xmin>
      <ymin>377.92</ymin>
      <xmax>428.73</xmax>
      <ymax>407.87</ymax>
    </bndbox>
  </object>
  <object>
    <name>WHITE</name>
    <occluded>0</occluded>
    <bndbox>
      <xmin>596.4</xmin>
      <ymin>360.96</ymin>
      <xmax>637.32</xmax>
      <ymax>391.9</ymax>
    </bndbox>
  </object>
  <object>
    <name>WHITE</name>
    <occluded>0</occluded>
    <bndbox>
      <xmin>275.52</xmin>
      <ymin>447.29</ymin>
      <xmax>305.47</xmax>
      <ymax>490.21</ymax>
    </bndbox>
  </object>
  <object>
    <name>WHITE</name>
    <occluded>0</occluded>
    <bndbox>
      <xmin>700.17</xmin>
      <ymin>1020.14</ymin>
      <xmax>727.2</xmax>
      <ymax>1061.73</ymax>
    </bndbox>
  </object>
  <object>
    <name>WHITE</name>
    <occluded>0</occluded>
    <bndbox>
      <xmin>657.64</xmin>
      <ymin>1054.74</ymin>
      <xmax>687.82</xmax>
      <ymax>1099.29</ymax>
    </bndbox>
  </object>
  <object>
    <name>WHITE</name>
    <occluded>0</occluded>
    <bndbox>
      <xmin>299.2</xmin>
      <ymin>476.88</ymin>
      <xmax>334.59</xmax>
      <ymax>518.7</ymax>
    </bndbox>
  </object>
  <object>
    <name>BLACK</name>
    <occluded>0</occluded>
    <bndbox>
      <xmin>262.4</xmin>
      <ymin>533.36</ymin>
      <xmax>297.81</xmax>
      <ymax>580.3</ymax>
    </bndbox>
  </object>
  <object>
    <name>WHITE</name>
    <occluded>0</occluded>
    <bndbox>
      <xmin>589.91</xmin>
      <ymin>1006.84</ymin>
      <xmax>630.91</xmax>
      <ymax>1049.6</ymax>
    </bndbox>
  </object>
  <object>
    <name>WHITE</name>
    <occluded>0</occluded>
    <bndbox>
      <xmin>748.91</xmin>
      <ymin>584.0</ymin>
      <xmax>772.1</xmax>
      <ymax>628.8</ymax>
    </bndbox>
  </object>
  <object>
    <name>BLACK</name>
    <occluded>0</occluded>
    <bndbox>
      <xmin>648.07</xmin>
      <ymin>975.43</ymin>
      <xmax>684.7</xmax>
      <ymax>1023.75</ymax>
    </bndbox>
  </object>
  <object>
    <name>WHITE</name>
    <occluded>0</occluded>
    <bndbox>
      <xmin>539.5</xmin>
      <ymin>586.5</ymin>
      <xmax>584.5</xmax>
      <ymax>636.3</ymax>
    </bndbox>
  </object>
  <object>
    <name>WHITE</name>
    <occluded>0</occluded>
    <bndbox>
      <xmin>594.87</xmin>
      <ymin>798.3</ymin>
      <xmax>642.5</xmax>
      <ymax>844.9</ymax>
    </bndbox>
  </object>
  <object>
    <name>WHITE</name>
    <occluded>0</occluded>
    <bndbox>
      <xmin>631.37</xmin>
      <ymin>599.95</ymin>
      <xmax>679.1</xmax>
      <ymax>649.5</ymax>
    </bndbox>
  </object>
  <object>
    <name>WHITE</name>
    <occluded>0</occluded>
    <bndbox>
      <xmin>589.48</xmin>
      <ymin>665.17</ymin>
      <xmax>639.1</xmax>
      <ymax>715.7</ymax>
    </bndbox>
  </object>
  <object>
    <name>WHITE</name>
    <occluded>0</occluded>
    <bndbox>
      <xmin>541.57</xmin>
      <ymin>744.62</ymin>
      <xmax>594.2</xmax>
      <ymax>795.9</ymax>
    </bndbox>
  </object>
  <object>
    <name>WHITE</name>
    <occluded>0</occluded>
    <bndbox>
      <xmin>482.44</xmin>
      <ymin>808.56</ymin>
      <xmax>532.5</xmax>
      <ymax>855.5</ymax>
    </bndbox>
  </object>
  <object>
    <name>BLACK</name>
    <occluded>0</occluded>
    <bndbox>
      <xmin>430.8</xmin>
      <ymin>873.9</ymin>
      <xmax>480.7</xmax>
      <ymax>923.1</ymax>
    </bndbox>
  </object>
  <object>
    <name>WHITE</name>
    <occluded>0</occluded>
    <bndbox>
      <xmin>581.38</xmin>
      <ymin>529.19</ymin>
      <xmax>622.6</xmax>
      <ymax>574.19</ymax>
    </bndbox>
  </object>
  <object>
    <name>WHITE</name>
    <occluded>0</occluded>
    <bndbox>
      <xmin>485.11</xmin>
      <ymin>660.85</ymin>
      <xmax>537.1</xmax>
      <ymax>716.0</ymax>
    </bndbox>
  </object>
  <object>
    <name>WHITE</name>
    <occluded>0</occluded>
    <bndbox>
      <xmin>711.59</xmin>
      <ymin>595.82</ymin>
      <xmax>740.9</xmax>
      <ymax>643.6</ymax>
    </bndbox>
  </object>
</annotation>
