<annotation>
  <folder>JJ</folder>
  <filename>JJ_camera9.png</filename>
  <source>
    <database>Unknown</database>
    <annotation>Unknown</annotation>
    <image>Unknown</image>
  </source>
  <size>
    <width>960</width>
    <height>1280</height>
    <depth></depth>
  </size>
  <segmented>0</segmented>
  <object>
    <name>WHITE</name>
    <occluded>0</occluded>
    <bndbox>
      <xmin>236.0</xmin>
      <ymin>874.5</ymin>
      <xmax>267.4</xmax>
      <ymax>919.7</ymax>
    </bndbox>
  </object>
  <object>
    <name>BLACK</name>
    <occluded>0</occluded>
    <bndbox>
      <xmin>610.51</xmin>
      <ymin>678.51</ymin>
      <xmax>649.0</xmax>
      <ymax>728.0</ymax>
    </bndbox>
  </object>
  <object>
    <name>WHITE</name>
    <occluded>0</occluded>
    <bndbox>
      <xmin>580.0</xmin>
      <ymin>599.5</ymin>
      <xmax>616.0</xmax>
      <ymax>643.5</ymax>
    </bndbox>
  </object>
  <object>
    <name>WHITE</name>
    <occluded>0</occluded>
    <bndbox>
      <xmin>302.79</xmin>
      <ymin>524.59</ymin>
      <xmax>344.6</xmax>
      <ymax>565.0</ymax>
    </bndbox>
  </object>
  <object>
    <name>WHITE</name>
    <occluded>0</occluded>
    <bndbox>
      <xmin>266.0</xmin>
      <ymin>597.51</ymin>
      <xmax>305.0</xmax>
      <ymax>641.5</ymax>
    </bndbox>
  </object>
  <object>
    <name>WHITE</name>
    <occluded>0</occluded>
    <bndbox>
      <xmin>326.4</xmin>
      <ymin>430.69</ymin>
      <xmax>363.2</xmax>
      <ymax>459.5</ymax>
    </bndbox>
  </object>
  <object>
    <name>WHITE</name>
    <occluded>0</occluded>
    <bndbox>
      <xmin>283.8</xmin>
      <ymin>482.09</ymin>
      <xmax>316.19</xmax>
      <ymax>516.1</ymax>
    </bndbox>
  </object>
  <object>
    <name>WHITE</name>
    <occluded>0</occluded>
    <bndbox>
      <xmin>630.4</xmin>
      <ymin>558.5</ymin>
      <xmax>660.5</xmax>
      <ymax>598.4</ymax>
    </bndbox>
  </object>
  <object>
    <name>WHITE</name>
    <occluded>0</occluded>
    <bndbox>
      <xmin>457.57</xmin>
      <ymin>860.42</ymin>
      <xmax>503.7</xmax>
      <ymax>906.2</ymax>
    </bndbox>
  </object>
  <object>
    <name>WHITE</name>
    <occluded>0</occluded>
    <bndbox>
      <xmin>560.0</xmin>
      <ymin>737.0</ymin>
      <xmax>604.5</xmax>
      <ymax>778.0</ymax>
    </bndbox>
  </object>
  <object>
    <name>WHITE</name>
    <occluded>0</occluded>
    <bndbox>
      <xmin>534.0</xmin>
      <ymin>663.5</ymin>
      <xmax>577.0</xmax>
      <ymax>709.0</ymax>
    </bndbox>
  </object>
  <object>
    <name>WHITE</name>
    <occluded>0</occluded>
    <bndbox>
      <xmin>522.3</xmin>
      <ymin>867.9</ymin>
      <xmax>565.0</xmax>
      <ymax>913.5</ymax>
    </bndbox>
  </object>
  <object>
    <name>WHITE</name>
    <occluded>0</occluded>
    <bndbox>
      <xmin>643.0</xmin>
      <ymin>821.0</ymin>
      <xmax>677.0</xmax>
      <ymax>857.0</ymax>
    </bndbox>
  </object>
  <object>
    <name>WHITE</name>
    <occluded>0</occluded>
    <bndbox>
      <xmin>582.61</xmin>
      <ymin>879.43</ymin>
      <xmax>624.6</xmax>
      <ymax>923.5</ymax>
    </bndbox>
  </object>
  <object>
    <name>WHITE</name>
    <occluded>0</occluded>
    <bndbox>
      <xmin>630.0</xmin>
      <ymin>749.5</ymin>
      <xmax>662.5</xmax>
      <ymax>796.0</ymax>
    </bndbox>
  </object>
  <object>
    <name>WHITE</name>
    <occluded>0</occluded>
    <bndbox>
      <xmin>512.6</xmin>
      <ymin>804.51</ymin>
      <xmax>556.78</xmax>
      <ymax>843.18</ymax>
    </bndbox>
  </object>
  <object>
    <name>WHITE</name>
    <occluded>0</occluded>
    <bndbox>
      <xmin>579.31</xmin>
      <ymin>818.66</ymin>
      <xmax>622.05</xmax>
      <ymax>862.56</ymax>
    </bndbox>
  </object>
  <object>
    <name>WHITE</name>
    <occluded>0</occluded>
    <bndbox>
      <xmin>438.96</xmin>
      <ymin>794.66</ymin>
      <xmax>484.3</xmax>
      <ymax>840.87</ymax>
    </bndbox>
  </object>
  <object>
    <name>WHITE</name>
    <occluded>0</occluded>
    <bndbox>
      <xmin>270.42</xmin>
      <ymin>446.32</ymin>
      <xmax>303.37</xmax>
      <ymax>479.82</ymax>
    </bndbox>
  </object>
  <object>
    <name>WHITE</name>
    <occluded>0</occluded>
    <bndbox>
      <xmin>243.69</xmin>
      <ymin>547.38</ymin>
      <xmax>273.08</xmax>
      <ymax>588.06</ymax>
    </bndbox>
  </object>
  <object>
    <name>WHITE</name>
    <occluded>0</occluded>
    <bndbox>
      <xmin>393.16</xmin>
      <ymin>429.28</ymin>
      <xmax>435.1</xmax>
      <ymax>460.57</ymax>
    </bndbox>
  </object>
  <object>
    <name>WHITE</name>
    <occluded>0</occluded>
    <bndbox>
      <xmin>439.69</xmin>
      <ymin>404.41</ymin>
      <xmax>484.61</xmax>
      <ymax>430.28</ymax>
    </bndbox>
  </object>
  <object>
    <name>WHITE</name>
    <occluded>0</occluded>
    <bndbox>
      <xmin>506.47</xmin>
      <ymin>402.61</ymin>
      <xmax>545.78</xmax>
      <ymax>426.87</ymax>
    </bndbox>
  </object>
  <object>
    <name>WHITE</name>
    <occluded>0</occluded>
    <bndbox>
      <xmin>478.6</xmin>
      <ymin>430.08</ymin>
      <xmax>518.71</xmax>
      <ymax>455.15</ymax>
    </bndbox>
  </object>
  <object>
    <name>BLACK</name>
    <occluded>0</occluded>
    <bndbox>
      <xmin>639.15</xmin>
      <ymin>888.63</ymin>
      <xmax>669.3</xmax>
      <ymax>931.6</ymax>
    </bndbox>
  </object>
  <object>
    <name>WHITE</name>
    <occluded>0</occluded>
    <bndbox>
      <xmin>427.86</xmin>
      <ymin>469.19</ymin>
      <xmax>469.97</xmax>
      <ymax>502.88</ymax>
    </bndbox>
  </object>
  <object>
    <name>WHITE</name>
    <occluded>0</occluded>
    <bndbox>
      <xmin>451.5</xmin>
      <ymin>653.51</ymin>
      <xmax>496.5</xmax>
      <ymax>700.0</ymax>
    </bndbox>
  </object>
  <object>
    <name>WHITE</name>
    <occluded>0</occluded>
    <bndbox>
      <xmin>573.04</xmin>
      <ymin>414.2</ymin>
      <xmax>610.34</xmax>
      <ymax>438.99</ymax>
    </bndbox>
  </object>
  <object>
    <name>WHITE</name>
    <occluded>0</occluded>
    <bndbox>
      <xmin>654.8</xmin>
      <ymin>520.35</ymin>
      <xmax>681.5</xmax>
      <ymax>555.7</ymax>
    </bndbox>
  </object>
  <object>
    <name>WHITE</name>
    <occluded>0</occluded>
    <bndbox>
      <xmin>662.57</xmin>
      <ymin>635.58</ymin>
      <xmax>683.03</xmax>
      <ymax>679.99</ymax>
    </bndbox>
  </object>
  <object>
    <name>WHITE</name>
    <occluded>0</occluded>
    <bndbox>
      <xmin>678.54</xmin>
      <ymin>767.37</ymin>
      <xmax>700.5</xmax>
      <ymax>814.28</ymax>
    </bndbox>
  </object>
  <object>
    <name>WHITE</name>
    <occluded>0</occluded>
    <bndbox>
      <xmin>677.04</xmin>
      <ymin>844.17</ymin>
      <xmax>700.5</xmax>
      <ymax>890.08</ymax>
    </bndbox>
  </object>
  <object>
    <name>WHITE</name>
    <occluded>0</occluded>
    <bndbox>
      <xmin>352.6</xmin>
      <ymin>467.9</ymin>
      <xmax>394.4</xmax>
      <ymax>500.5</ymax>
    </bndbox>
  </object>
  <object>
    <name>WHITE</name>
    <occluded>0</occluded>
    <bndbox>
      <xmin>226.42</xmin>
      <ymin>741.37</ymin>
      <xmax>252.37</xmax>
      <ymax>784.79</ymax>
    </bndbox>
  </object>
  <object>
    <name>WHITE</name>
    <occluded>0</occluded>
    <bndbox>
      <xmin>216.39</xmin>
      <ymin>621.37</ymin>
      <xmax>248.27</xmax>
      <ymax>662.61</ymax>
    </bndbox>
  </object>
  <object>
    <name>WHITE</name>
    <occluded>0</occluded>
    <bndbox>
      <xmin>712.18</xmin>
      <ymin>734.33</ymin>
      <xmax>730.12</xmax>
      <ymax>775.05</ymax>
    </bndbox>
  </object>
  <object>
    <name>WHITE</name>
    <occluded>0</occluded>
    <bndbox>
      <xmin>670.89</xmin>
      <ymin>907.03</ymin>
      <xmax>695.75</xmax>
      <ymax>952.95</ymax>
    </bndbox>
  </object>
  <object>
    <name>WHITE</name>
    <occluded>0</occluded>
    <bndbox>
      <xmin>442.9</xmin>
      <ymin>382.21</ymin>
      <xmax>488.64</xmax>
      <ymax>402.66</ymax>
    </bndbox>
  </object>
  <object>
    <name>WHITE</name>
    <occluded>0</occluded>
    <bndbox>
      <xmin>378.09</xmin>
      <ymin>400.24</ymin>
      <xmax>417.94</xmax>
      <ymax>420.68</ymax>
    </bndbox>
  </object>
  <object>
    <name>BLACK</name>
    <occluded>0</occluded>
    <bndbox>
      <xmin>238.65</xmin>
      <ymin>675.19</ymin>
      <xmax>271.28</xmax>
      <ymax>716.49</ymax>
    </bndbox>
  </object>
  <object>
    <name>WHITE</name>
    <occluded>0</occluded>
    <bndbox>
      <xmin>300.16</xmin>
      <ymin>801.68</ymin>
      <xmax>339.73</xmax>
      <ymax>840.67</ymax>
    </bndbox>
  </object>
  <object>
    <name>WHITE</name>
    <occluded>0</occluded>
    <bndbox>
      <xmin>407.0</xmin>
      <ymin>724.0</ymin>
      <xmax>450.0</xmax>
      <ymax>770.0</ymax>
    </bndbox>
  </object>
  <object>
    <name>WHITE</name>
    <occluded>0</occluded>
    <bndbox>
      <xmin>365.61</xmin>
      <ymin>795.0</ymin>
      <xmax>409.1</xmax>
      <ymax>839.0</ymax>
    </bndbox>
  </object>
  <object>
    <name>WHITE</name>
    <occluded>0</occluded>
    <bndbox>
      <xmin>327.77</xmin>
      <ymin>852.27</ymin>
      <xmax>367.3</xmax>
      <ymax>895.27</ymax>
    </bndbox>
  </object>
  <object>
    <name>WHITE</name>
    <occluded>0</occluded>
    <bndbox>
      <xmin>554.42</xmin>
      <ymin>438.39</ymin>
      <xmax>589.6</xmax>
      <ymax>468.1</ymax>
    </bndbox>
  </object>
  <object>
    <name>WHITE</name>
    <occluded>0</occluded>
    <bndbox>
      <xmin>505.6</xmin>
      <ymin>469.0</ymin>
      <xmax>549.2</xmax>
      <ymax>504.8</ymax>
    </bndbox>
  </object>
  <object>
    <name>WHITE</name>
    <occluded>0</occluded>
    <bndbox>
      <xmin>464.79</xmin>
      <ymin>519.8</ymin>
      <xmax>508.8</xmax>
      <ymax>558.2</ymax>
    </bndbox>
  </object>
  <object>
    <name>WHITE</name>
    <occluded>0</occluded>
    <bndbox>
      <xmin>496.5</xmin>
      <ymin>586.5</ymin>
      <xmax>538.5</xmax>
      <ymax>628.5</ymax>
    </bndbox>
  </object>
  <object>
    <name>WHITE</name>
    <occluded>0</occluded>
    <bndbox>
      <xmin>549.3</xmin>
      <ymin>532.5</ymin>
      <xmax>593.1</xmax>
      <ymax>575.6</ymax>
    </bndbox>
  </object>
  <object>
    <name>WHITE</name>
    <occluded>0</occluded>
    <bndbox>
      <xmin>589.11</xmin>
      <ymin>488.85</ymin>
      <xmax>627.0</xmax>
      <ymax>527.8</ymax>
    </bndbox>
  </object>
  <object>
    <name>WHITE</name>
    <occluded>0</occluded>
    <bndbox>
      <xmin>619.3</xmin>
      <ymin>458.6</ymin>
      <xmax>649.54</xmax>
      <ymax>493.5</ymax>
    </bndbox>
  </object>
  <object>
    <name>WHITE</name>
    <occluded>0</occluded>
    <bndbox>
      <xmin>484.5</xmin>
      <ymin>727.5</ymin>
      <xmax>528.0</xmax>
      <ymax>774.5</ymax>
    </bndbox>
  </object>
  <object>
    <name>WHITE</name>
    <occluded>0</occluded>
    <bndbox>
      <xmin>414.5</xmin>
      <ymin>580.5</ymin>
      <xmax>458.5</xmax>
      <ymax>622.0</ymax>
    </bndbox>
  </object>
  <object>
    <name>WHITE</name>
    <occluded>0</occluded>
    <bndbox>
      <xmin>371.5</xmin>
      <ymin>652.0</ymin>
      <xmax>414.5</xmax>
      <ymax>694.0</ymax>
    </bndbox>
  </object>
  <object>
    <name>WHITE</name>
    <occluded>0</occluded>
    <bndbox>
      <xmin>332.5</xmin>
      <ymin>724.0</ymin>
      <xmax>373.5</xmax>
      <ymax>770.0</ymax>
    </bndbox>
  </object>
  <object>
    <name>WHITE</name>
    <occluded>0</occluded>
    <bndbox>
      <xmin>275.5</xmin>
      <ymin>864.0</ymin>
      <xmax>311.3</xmax>
      <ymax>906.0</ymax>
    </bndbox>
  </object>
  <object>
    <name>WHITE</name>
    <occluded>0</occluded>
    <bndbox>
      <xmin>379.5</xmin>
      <ymin>516.31</ymin>
      <xmax>420.5</xmax>
      <ymax>552.7</ymax>
    </bndbox>
  </object>
  <object>
    <name>WHITE</name>
    <occluded>0</occluded>
    <bndbox>
      <xmin>337.5</xmin>
      <ymin>583.0</ymin>
      <xmax>376.0</xmax>
      <ymax>623.5</ymax>
    </bndbox>
  </object>
  <object>
    <name>WHITE</name>
    <occluded>0</occluded>
    <bndbox>
      <xmin>295.0</xmin>
      <ymin>658.49</ymin>
      <xmax>334.0</xmax>
      <ymax>701.5</ymax>
    </bndbox>
  </object>
  <object>
    <name>WHITE</name>
    <occluded>0</occluded>
    <bndbox>
      <xmin>271.01</xmin>
      <ymin>734.0</ymin>
      <xmax>305.0</xmax>
      <ymax>778.0</ymax>
    </bndbox>
  </object>
</annotation>
