<annotation>
  <folder>JJ</folder>
  <filename>JJ_camera1.png</filename>
  <source>
    <database>Unknown</database>
    <annotation>Unknown</annotation>
    <image>Unknown</image>
  </source>
  <size>
    <width>960</width>
    <height>1280</height>
    <depth></depth>
  </size>
  <segmented>0</segmented>
  <object>
    <name>WHITE</name>
    <occluded>0</occluded>
    <bndbox>
      <xmin>279.2</xmin>
      <ymin>286.76</ymin>
      <xmax>313.59</xmax>
      <ymax>322.9</ymax>
    </bndbox>
  </object>
  <object>
    <name>WHITE</name>
    <occluded>0</occluded>
    <bndbox>
      <xmin>397.57</xmin>
      <ymin>756.8</ymin>
      <xmax>436.73</xmax>
      <ymax>782.79</ymax>
    </bndbox>
  </object>
  <object>
    <name>BLACK</name>
    <occluded>0</occluded>
    <bndbox>
      <xmin>315.9</xmin>
      <ymin>236.94</ymin>
      <xmax>351.52</xmax>
      <ymax>275.4</ymax>
    </bndbox>
  </object>
  <object>
    <name>WHITE</name>
    <occluded>0</occluded>
    <bndbox>
      <xmin>273.85</xmin>
      <ymin>610.56</ymin>
      <xmax>309.2</xmax>
      <ymax>649.02</ymax>
    </bndbox>
  </object>
  <object>
    <name>WHITE</name>
    <occluded>0</occluded>
    <bndbox>
      <xmin>302.5</xmin>
      <ymin>336.65</ymin>
      <xmax>336.96</xmax>
      <ymax>380.3</ymax>
    </bndbox>
  </object>
  <object>
    <name>WHITE</name>
    <occluded>0</occluded>
    <bndbox>
      <xmin>441.96</xmin>
      <ymin>432.84</ymin>
      <xmax>492.3</xmax>
      <ymax>482.5</ymax>
    </bndbox>
  </object>
  <object>
    <name>WHITE</name>
    <occluded>0</occluded>
    <bndbox>
      <xmin>489.07</xmin>
      <ymin>356.46</ymin>
      <xmax>538.4</xmax>
      <ymax>404.7</ymax>
    </bndbox>
  </object>
  <object>
    <name>WHITE</name>
    <occluded>0</occluded>
    <bndbox>
      <xmin>681.35</xmin>
      <ymin>355.15</ymin>
      <xmax>708.1</xmax>
      <ymax>399.3</ymax>
    </bndbox>
  </object>
  <object>
    <name>WHITE</name>
    <occluded>0</occluded>
    <bndbox>
      <xmin>615.5</xmin>
      <ymin>331.5</ymin>
      <xmax>650.0</xmax>
      <ymax>375.3</ymax>
    </bndbox>
  </object>
  <object>
    <name>BLACK</name>
    <occluded>0</occluded>
    <bndbox>
      <xmin>479.84</xmin>
      <ymin>490.96</ymin>
      <xmax>530.4</xmax>
      <ymax>541.2</ymax>
    </bndbox>
  </object>
  <object>
    <name>WHITE</name>
    <occluded>0</occluded>
    <bndbox>
      <xmin>325.5</xmin>
      <ymin>385.5</ymin>
      <xmax>364.5</xmax>
      <ymax>430.2</ymax>
    </bndbox>
  </object>
  <object>
    <name>WHITE</name>
    <occluded>0</occluded>
    <bndbox>
      <xmin>494.5</xmin>
      <ymin>237.9</ymin>
      <xmax>535.5</xmax>
      <ymax>277.1</ymax>
    </bndbox>
  </object>
  <object>
    <name>WHITE</name>
    <occluded>0</occluded>
    <bndbox>
      <xmin>447.15</xmin>
      <ymin>293.0</ymin>
      <xmax>492.3</xmax>
      <ymax>336.5</ymax>
    </bndbox>
  </object>
  <object>
    <name>WHITE</name>
    <occluded>0</occluded>
    <bndbox>
      <xmin>404.5</xmin>
      <ymin>374.5</ymin>
      <xmax>451.4</xmax>
      <ymax>420.0</ymax>
    </bndbox>
  </object>
  <object>
    <name>WHITE</name>
    <occluded>0</occluded>
    <bndbox>
      <xmin>346.0</xmin>
      <ymin>526.7</ymin>
      <xmax>386.9</xmax>
      <ymax>571.5</ymax>
    </bndbox>
  </object>
  <object>
    <name>WHITE</name>
    <occluded>0</occluded>
    <bndbox>
      <xmin>270.5</xmin>
      <ymin>398.27</ymin>
      <xmax>298.93</xmax>
      <ymax>439.4</ymax>
    </bndbox>
  </object>
  <object>
    <name>WHITE</name>
    <occluded>0</occluded>
    <bndbox>
      <xmin>225.6</xmin>
      <ymin>409.22</ymin>
      <xmax>250.46</xmax>
      <ymax>455.7</ymax>
    </bndbox>
  </object>
  <object>
    <name>WHITE</name>
    <occluded>0</occluded>
    <bndbox>
      <xmin>331.2</xmin>
      <ymin>667.5</ymin>
      <xmax>370.1</xmax>
      <ymax>703.4</ymax>
    </bndbox>
  </object>
  <object>
    <name>WHITE</name>
    <occluded>0</occluded>
    <bndbox>
      <xmin>478.5</xmin>
      <ymin>563.0</ymin>
      <xmax>520.9</xmax>
      <ymax>605.1</ymax>
    </bndbox>
  </object>
  <object>
    <name>WHITE</name>
    <occluded>0</occluded>
    <bndbox>
      <xmin>392.5</xmin>
      <ymin>593.5</ymin>
      <xmax>436.4</xmax>
      <ymax>637.3</ymax>
    </bndbox>
  </object>
  <object>
    <name>WHITE</name>
    <occluded>0</occluded>
    <bndbox>
      <xmin>396.04</xmin>
      <ymin>712.04</ymin>
      <xmax>437.5</xmax>
      <ymax>742.2</ymax>
    </bndbox>
  </object>
  <object>
    <name>WHITE</name>
    <occluded>0</occluded>
    <bndbox>
      <xmin>536.92</xmin>
      <ymin>297.27</ymin>
      <xmax>577.1</xmax>
      <ymax>340.7</ymax>
    </bndbox>
  </object>
  <object>
    <name>WHITE</name>
    <occluded>0</occluded>
    <bndbox>
      <xmin>568.0</xmin>
      <ymin>248.5</ymin>
      <xmax>606.0</xmax>
      <ymax>289.5</ymax>
    </bndbox>
  </object>
  <object>
    <name>WHITE</name>
    <occluded>0</occluded>
    <bndbox>
      <xmin>673.2</xmin>
      <ymin>475.5</ymin>
      <xmax>705.0</xmax>
      <ymax>521.4</ymax>
    </bndbox>
  </object>
  <object>
    <name>WHITE</name>
    <occluded>0</occluded>
    <bndbox>
      <xmin>609.5</xmin>
      <ymin>455.5</ymin>
      <xmax>649.3</xmax>
      <ymax>501.7</ymax>
    </bndbox>
  </object>
  <object>
    <name>WHITE</name>
    <occluded>0</occluded>
    <bndbox>
      <xmin>525.0</xmin>
      <ymin>440.0</ymin>
      <xmax>574.0</xmax>
      <ymax>483.7</ymax>
    </bndbox>
  </object>
  <object>
    <name>WHITE</name>
    <occluded>0</occluded>
    <bndbox>
      <xmin>704.76</xmin>
      <ymin>423.07</ymin>
      <xmax>733.0</xmax>
      <ymax>463.8</ymax>
    </bndbox>
  </object>
  <object>
    <name>WHITE</name>
    <occluded>0</occluded>
    <bndbox>
      <xmin>653.89</xmin>
      <ymin>401.5</ymin>
      <xmax>683.5</xmax>
      <ymax>446.3</ymax>
    </bndbox>
  </object>
  <object>
    <name>WHITE</name>
    <occluded>0</occluded>
    <bndbox>
      <xmin>569.03</xmin>
      <ymin>382.11</ymin>
      <xmax>613.3</xmax>
      <ymax>428.7</ymax>
    </bndbox>
  </object>
  <object>
    <name>BLACK</name>
    <occluded>0</occluded>
    <bndbox>
      <xmin>670.68</xmin>
      <ymin>260.44</ymin>
      <xmax>701.53</xmax>
      <ymax>298.9</ymax>
    </bndbox>
  </object>
  <object>
    <name>WHITE</name>
    <occluded>0</occluded>
    <bndbox>
      <xmin>645.04</xmin>
      <ymin>291.28</ymin>
      <xmax>676.23</xmax>
      <ymax>331.13</ymax>
    </bndbox>
  </object>
  <object>
    <name>WHITE</name>
    <occluded>0</occluded>
    <bndbox>
      <xmin>241.31</xmin>
      <ymin>535.94</ymin>
      <xmax>267.64</xmax>
      <ymax>578.92</ymax>
    </bndbox>
  </object>
  <object>
    <name>WHITE</name>
    <occluded>0</occluded>
    <bndbox>
      <xmin>289.79</xmin>
      <ymin>535.25</ymin>
      <xmax>324.13</xmax>
      <ymax>580.65</ymax>
    </bndbox>
  </object>
  <object>
    <name>WHITE</name>
    <occluded>0</occluded>
    <bndbox>
      <xmin>669.99</xmin>
      <ymin>556.74</ymin>
      <xmax>701.53</xmax>
      <ymax>598.67</ymax>
    </bndbox>
  </object>
  <object>
    <name>WHITE</name>
    <occluded>0</occluded>
    <bndbox>
      <xmin>619.71</xmin>
      <ymin>626.84</ymin>
      <xmax>656.44</xmax>
      <ymax>665.31</ymax>
    </bndbox>
  </object>
  <object>
    <name>WHITE</name>
    <occluded>0</occluded>
    <bndbox>
      <xmin>538.27</xmin>
      <ymin>716.95</ymin>
      <xmax>580.55</xmax>
      <ymax>750.22</ymax>
    </bndbox>
  </object>
  <object>
    <name>WHITE</name>
    <occluded>0</occluded>
    <bndbox>
      <xmin>471.04</xmin>
      <ymin>691.3</ymin>
      <xmax>511.58</xmax>
      <ymax>719.03</ymax>
    </bndbox>
  </object>
  <object>
    <name>WHITE</name>
    <occluded>0</occluded>
    <bndbox>
      <xmin>375.0</xmin>
      <ymin>218.0</ymin>
      <xmax>415.0</xmax>
      <ymax>245.4</ymax>
    </bndbox>
  </object>
  <object>
    <name>WHITE</name>
    <occluded>0</occluded>
    <bndbox>
      <xmin>340.7</xmin>
      <ymin>274.5</ymin>
      <xmax>379.6</xmax>
      <ymax>309.9</ymax>
    </bndbox>
  </object>
  <object>
    <name>WHITE</name>
    <occluded>0</occluded>
    <bndbox>
      <xmin>356.15</xmin>
      <ymin>443.5</ymin>
      <xmax>398.15</xmax>
      <ymax>489.8</ymax>
    </bndbox>
  </object>
  <object>
    <name>WHITE</name>
    <occluded>0</occluded>
    <bndbox>
      <xmin>411.5</xmin>
      <ymin>510.0</ymin>
      <xmax>458.4</xmax>
      <ymax>558.6</ymax>
    </bndbox>
  </object>
  <object>
    <name>WHITE</name>
    <occluded>0</occluded>
    <bndbox>
      <xmin>245.0</xmin>
      <ymin>346.91</ymin>
      <xmax>275.38</xmax>
      <ymax>389.2</ymax>
    </bndbox>
  </object>
  <object>
    <name>WHITE</name>
    <occluded>0</occluded>
    <bndbox>
      <xmin>547.5</xmin>
      <ymin>517.6</ymin>
      <xmax>591.7</xmax>
      <ymax>561.0</ymax>
    </bndbox>
  </object>
  <object>
    <name>WHITE</name>
    <occluded>0</occluded>
    <bndbox>
      <xmin>536.1</xmin>
      <ymin>200.3</ymin>
      <xmax>575.6</xmax>
      <ymax>232.0</ymax>
    </bndbox>
  </object>
  <object>
    <name>WHITE</name>
    <occluded>0</occluded>
    <bndbox>
      <xmin>558.5</xmin>
      <ymin>606.5</ymin>
      <xmax>601.3</xmax>
      <ymax>647.6</ymax>
    </bndbox>
  </object>
  <object>
    <name>WHITE</name>
    <occluded>0</occluded>
    <bndbox>
      <xmin>550.5</xmin>
      <ymin>673.5</ymin>
      <xmax>596.8</xmax>
      <ymax>707.3</ymax>
    </bndbox>
  </object>
  <object>
    <name>WHITE</name>
    <occluded>0</occluded>
    <bndbox>
      <xmin>615.5</xmin>
      <ymin>540.5</ymin>
      <xmax>652.6</xmax>
      <ymax>582.5</ymax>
    </bndbox>
  </object>
  <object>
    <name>WHITE</name>
    <occluded>0</occluded>
    <bndbox>
      <xmin>607.1</xmin>
      <ymin>684.72</ymin>
      <xmax>646.11</xmax>
      <ymax>718.2</ymax>
    </bndbox>
  </object>
  <object>
    <name>WHITE</name>
    <occluded>0</occluded>
    <bndbox>
      <xmin>610.35</xmin>
      <ymin>226.47</ymin>
      <xmax>649.2</xmax>
      <ymax>263.9</ymax>
    </bndbox>
  </object>
  <object>
    <name>WHITE</name>
    <occluded>0</occluded>
    <bndbox>
      <xmin>575.04</xmin>
      <ymin>179.69</ymin>
      <xmax>614.2</xmax>
      <ymax>210.53</ymax>
    </bndbox>
  </object>
  <object>
    <name>WHITE</name>
    <occluded>0</occluded>
    <bndbox>
      <xmin>412.16</xmin>
      <ymin>169.29</ymin>
      <xmax>452.36</xmax>
      <ymax>197.71</ymax>
    </bndbox>
  </object>
  <object>
    <name>WHITE</name>
    <occluded>0</occluded>
    <bndbox>
      <xmin>729.29</xmin>
      <ymin>378.37</ymin>
      <xmax>752.5</xmax>
      <ymax>420.3</ymax>
    </bndbox>
  </object>
  <object>
    <name>WHITE</name>
    <occluded>0</occluded>
    <bndbox>
      <xmin>492.68</xmin>
      <ymin>161.39</ymin>
      <xmax>534.2</xmax>
      <ymax>187.6</ymax>
    </bndbox>
  </object>
  <object>
    <name>WHITE</name>
    <occluded>0</occluded>
    <bndbox>
      <xmin>453.7</xmin>
      <ymin>195.23</ymin>
      <xmax>498.16</xmax>
      <ymax>231.2</ymax>
    </bndbox>
  </object>
  <object>
    <name>WHITE</name>
    <occluded>0</occluded>
    <bndbox>
      <xmin>296.5</xmin>
      <ymin>457.5</ymin>
      <xmax>329.5</xmax>
      <ymax>498.5</ymax>
    </bndbox>
  </object>
  <object>
    <name>WHITE</name>
    <occluded>0</occluded>
    <bndbox>
      <xmin>253.0</xmin>
      <ymin>461.0</ymin>
      <xmax>278.0</xmax>
      <ymax>504.1</ymax>
    </bndbox>
  </object>
  <object>
    <name>WHITE</name>
    <occluded>0</occluded>
    <bndbox>
      <xmin>329.4</xmin>
      <ymin>614.5</ymin>
      <xmax>366.7</xmax>
      <ymax>653.1</ymax>
    </bndbox>
  </object>
  <object>
    <name>WHITE</name>
    <occluded>0</occluded>
    <bndbox>
      <xmin>391.6</xmin>
      <ymin>660.0</ymin>
      <xmax>434.4</xmax>
      <ymax>700.0</ymax>
    </bndbox>
  </object>
  <object>
    <name>WHITE</name>
    <occluded>0</occluded>
    <bndbox>
      <xmin>475.5</xmin>
      <ymin>630.0</ymin>
      <xmax>516.5</xmax>
      <ymax>670.2</ymax>
    </bndbox>
  </object>
  <object>
    <name>WHITE</name>
    <occluded>0</occluded>
    <bndbox>
      <xmin>331.52</xmin>
      <ymin>718.39</ymin>
      <xmax>369.1</xmax>
      <ymax>752.8</ymax>
    </bndbox>
  </object>
  <object>
    <name>WHITE</name>
    <occluded>0</occluded>
    <bndbox>
      <xmin>672.0</xmin>
      <ymin>631.03</ymin>
      <xmax>702.07</xmax>
      <ymax>668.4</ymax>
    </bndbox>
  </object>
  <object>
    <name>WHITE</name>
    <occluded>0</occluded>
    <bndbox>
      <xmin>415.5</xmin>
      <ymin>239.0</ymin>
      <xmax>456.5</xmax>
      <ymax>278.0</ymax>
    </bndbox>
  </object>
  <object>
    <name>WHITE</name>
    <occluded>0</occluded>
    <bndbox>
      <xmin>367.7</xmin>
      <ymin>318.34</ymin>
      <xmax>409.7</xmax>
      <ymax>360.4</ymax>
    </bndbox>
  </object>
</annotation>
