<annotation>
  <folder>JJ</folder>
  <filename>JJ_camera5.png</filename>
  <source>
    <database>Unknown</database>
    <annotation>Unknown</annotation>
    <image>Unknown</image>
  </source>
  <size>
    <width>1280</width>
    <height>960</height>
    <depth></depth>
  </size>
  <segmented>0</segmented>
  <object>
    <name>WHITE</name>
    <occluded>0</occluded>
    <bndbox>
      <xmin>366.58</xmin>
      <ymin>592.36</ymin>
      <xmax>396.73</xmax>
      <ymax>633.69</ymax>
    </bndbox>
  </object>
  <object>
    <name>BLACK</name>
    <occluded>0</occluded>
    <bndbox>
      <xmin>343.1</xmin>
      <ymin>397.42</ymin>
      <xmax>373.68</xmax>
      <ymax>444.2</ymax>
    </bndbox>
  </object>
  <object>
    <name>WHITE</name>
    <occluded>0</occluded>
    <bndbox>
      <xmin>420.69</xmin>
      <ymin>752.43</ymin>
      <xmax>454.5</xmax>
      <ymax>789.1</ymax>
    </bndbox>
  </object>
  <object>
    <name>WHITE</name>
    <occluded>0</occluded>
    <bndbox>
      <xmin>680.4</xmin>
      <ymin>616.7</ymin>
      <xmax>723.52</xmax>
      <ymax>653.02</ymax>
    </bndbox>
  </object>
  <object>
    <name>WHITE</name>
    <occluded>0</occluded>
    <bndbox>
      <xmin>639.54</xmin>
      <ymin>681.66</ymin>
      <xmax>679.28</xmax>
      <ymax>721.0</ymax>
    </bndbox>
  </object>
  <object>
    <name>WHITE</name>
    <occluded>0</occluded>
    <bndbox>
      <xmin>587.0</xmin>
      <ymin>738.9</ymin>
      <xmax>627.8</xmax>
      <ymax>770.0</ymax>
    </bndbox>
  </object>
  <object>
    <name>BLACK</name>
    <occluded>0</occluded>
    <bndbox>
      <xmin>703.7</xmin>
      <ymin>429.89</ymin>
      <xmax>743.9</xmax>
      <ymax>476.4</ymax>
    </bndbox>
  </object>
  <object>
    <name>WHITE</name>
    <occluded>0</occluded>
    <bndbox>
      <xmin>673.9</xmin>
      <ymin>489.8</ymin>
      <xmax>712.4</xmax>
      <ymax>533.13</ymax>
    </bndbox>
  </object>
  <object>
    <name>WHITE</name>
    <occluded>0</occluded>
    <bndbox>
      <xmin>647.34</xmin>
      <ymin>553.9</ymin>
      <xmax>686.8</xmax>
      <ymax>597.24</ymax>
    </bndbox>
  </object>
  <object>
    <name>WHITE</name>
    <occluded>0</occluded>
    <bndbox>
      <xmin>555.0</xmin>
      <ymin>687.0</ymin>
      <xmax>597.2</xmax>
      <ymax>722.0</ymax>
    </bndbox>
  </object>
  <object>
    <name>BLACK</name>
    <occluded>0</occluded>
    <bndbox>
      <xmin>504.8</xmin>
      <ymin>734.68</ymin>
      <xmax>549.8</xmax>
      <ymax>768.8</ymax>
    </bndbox>
  </object>
  <object>
    <name>WHITE</name>
    <occluded>0</occluded>
    <bndbox>
      <xmin>478.44</xmin>
      <ymin>770.59</ymin>
      <xmax>518.7</xmax>
      <ymax>803.4</ymax>
    </bndbox>
  </object>
  <object>
    <name>WHITE</name>
    <occluded>0</occluded>
    <bndbox>
      <xmin>448.41</xmin>
      <ymin>796.0</ymin>
      <xmax>479.5</xmax>
      <ymax>831.1</ymax>
    </bndbox>
  </object>
  <object>
    <name>BLACK</name>
    <occluded>0</occluded>
    <bndbox>
      <xmin>423.47</xmin>
      <ymin>822.02</ymin>
      <xmax>459.1</xmax>
      <ymax>855.9</ymax>
    </bndbox>
  </object>
  <object>
    <name>WHITE</name>
    <occluded>0</occluded>
    <bndbox>
      <xmin>636.02</xmin>
      <ymin>421.79</ymin>
      <xmax>676.9</xmax>
      <ymax>464.8</ymax>
    </bndbox>
  </object>
  <object>
    <name>WHITE</name>
    <occluded>0</occluded>
    <bndbox>
      <xmin>554.08</xmin>
      <ymin>553.85</ymin>
      <xmax>600.8</xmax>
      <ymax>598.9</ymax>
    </bndbox>
  </object>
  <object>
    <name>WHITE</name>
    <occluded>0</occluded>
    <bndbox>
      <xmin>508.7</xmin>
      <ymin>619.7</ymin>
      <xmax>551.6</xmax>
      <ymax>660.6</ymax>
    </bndbox>
  </object>
  <object>
    <name>WHITE</name>
    <occluded>0</occluded>
    <bndbox>
      <xmin>469.77</xmin>
      <ymin>673.17</ymin>
      <xmax>511.6</xmax>
      <ymax>712.77</ymax>
    </bndbox>
  </object>
  <object>
    <name>WHITE</name>
    <occluded>0</occluded>
    <bndbox>
      <xmin>433.6</xmin>
      <ymin>719.2</ymin>
      <xmax>467.92</xmax>
      <ymax>752.58</ymax>
    </bndbox>
  </object>
  <object>
    <name>WHITE</name>
    <occluded>0</occluded>
    <bndbox>
      <xmin>427.35</xmin>
      <ymin>283.6</ymin>
      <xmax>467.65</xmax>
      <ymax>321.5</ymax>
    </bndbox>
  </object>
  <object>
    <name>WHITE</name>
    <occluded>0</occluded>
    <bndbox>
      <xmin>325.5</xmin>
      <ymin>364.81</ymin>
      <xmax>351.6</xmax>
      <ymax>404.5</ymax>
    </bndbox>
  </object>
  <object>
    <name>WHITE</name>
    <occluded>0</occluded>
    <bndbox>
      <xmin>378.5</xmin>
      <ymin>340.75</ymin>
      <xmax>413.31</xmax>
      <ymax>381.6</ymax>
    </bndbox>
  </object>
  <object>
    <name>WHITE</name>
    <occluded>0</occluded>
    <bndbox>
      <xmin>717.1</xmin>
      <ymin>546.5</ymin>
      <xmax>754.27</xmax>
      <ymax>587.8</ymax>
    </bndbox>
  </object>
  <object>
    <name>WHITE</name>
    <occluded>0</occluded>
    <bndbox>
      <xmin>751.9</xmin>
      <ymin>472.21</ymin>
      <xmax>781.91</xmax>
      <ymax>514.0</ymax>
    </bndbox>
  </object>
  <object>
    <name>WHITE</name>
    <occluded>0</occluded>
    <bndbox>
      <xmin>350.2</xmin>
      <ymin>637.07</ymin>
      <xmax>378.01</xmax>
      <ymax>675.54</ymax>
    </bndbox>
  </object>
  <object>
    <name>WHITE</name>
    <occluded>0</occluded>
    <bndbox>
      <xmin>550.27</xmin>
      <ymin>786.59</ymin>
      <xmax>587.45</xmax>
      <ymax>816.01</ymax>
    </bndbox>
  </object>
  <object>
    <name>WHITE</name>
    <occluded>0</occluded>
    <bndbox>
      <xmin>530.96</xmin>
      <ymin>849.23</ymin>
      <xmax>569.22</xmax>
      <ymax>878.83</ymax>
    </bndbox>
  </object>
  <object>
    <name>WHITE</name>
    <occluded>0</occluded>
    <bndbox>
      <xmin>587.81</xmin>
      <ymin>840.92</ymin>
      <xmax>626.62</xmax>
      <ymax>876.3</ymax>
    </bndbox>
  </object>
  <object>
    <name>WHITE</name>
    <occluded>0</occluded>
    <bndbox>
      <xmin>349.89</xmin>
      <ymin>739.79</ymin>
      <xmax>374.84</xmax>
      <ymax>777.99</ymax>
    </bndbox>
  </object>
  <object>
    <name>WHITE</name>
    <occluded>0</occluded>
    <bndbox>
      <xmin>727.47</xmin>
      <ymin>713.95</ymin>
      <xmax>761.8</xmax>
      <ymax>745.92</ymax>
    </bndbox>
  </object>
  <object>
    <name>WHITE</name>
    <occluded>0</occluded>
    <bndbox>
      <xmin>733.71</xmin>
      <ymin>743.84</ymin>
      <xmax>764.92</xmax>
      <ymax>774.77</ymax>
    </bndbox>
  </object>
  <object>
    <name>WHITE</name>
    <occluded>0</occluded>
    <bndbox>
      <xmin>771.13</xmin>
      <ymin>648.45</ymin>
      <xmax>797.67</xmax>
      <ymax>686.66</ymax>
    </bndbox>
  </object>
  <object>
    <name>WHITE</name>
    <occluded>0</occluded>
    <bndbox>
      <xmin>752.68</xmin>
      <ymin>598.81</ymin>
      <xmax>785.45</xmax>
      <ymax>637.54</ymax>
    </bndbox>
  </object>
  <object>
    <name>WHITE</name>
    <occluded>0</occluded>
    <bndbox>
      <xmin>778.2</xmin>
      <ymin>523.14</ymin>
      <xmax>808.52</xmax>
      <ymax>565.81</ymax>
    </bndbox>
  </object>
  <object>
    <name>WHITE</name>
    <occluded>0</occluded>
    <bndbox>
      <xmin>797.46</xmin>
      <ymin>443.73</ymin>
      <xmax>818.35</xmax>
      <ymax>483.34</ymax>
    </bndbox>
  </object>
  <object>
    <name>WHITE</name>
    <occluded>0</occluded>
    <bndbox>
      <xmin>717.18</xmin>
      <ymin>278.94</ymin>
      <xmax>746.75</xmax>
      <ymax>315.25</ymax>
    </bndbox>
  </object>
  <object>
    <name>WHITE</name>
    <occluded>0</occluded>
    <bndbox>
      <xmin>593.48</xmin>
      <ymin>215.12</ymin>
      <xmax>636.21</xmax>
      <ymax>241.94</ymax>
    </bndbox>
  </object>
  <object>
    <name>WHITE</name>
    <occluded>0</occluded>
    <bndbox>
      <xmin>472.77</xmin>
      <ymin>237.57</ymin>
      <xmax>515.5</xmax>
      <ymax>269.7</ymax>
    </bndbox>
  </object>
  <object>
    <name>WHITE</name>
    <occluded>0</occluded>
    <bndbox>
      <xmin>328.79</xmin>
      <ymin>515.2</ymin>
      <xmax>357.38</xmax>
      <ymax>556.78</ymax>
    </bndbox>
  </object>
  <object>
    <name>WHITE</name>
    <occluded>0</occluded>
    <bndbox>
      <xmin>286.38</xmin>
      <ymin>402.78</ymin>
      <xmax>309.15</xmax>
      <ymax>445.2</ymax>
    </bndbox>
  </object>
  <object>
    <name>WHITE</name>
    <occluded>0</occluded>
    <bndbox>
      <xmin>358.78</xmin>
      <ymin>298.67</ymin>
      <xmax>389.84</xmax>
      <ymax>336.47</ymax>
    </bndbox>
  </object>
  <object>
    <name>WHITE</name>
    <occluded>0</occluded>
    <bndbox>
      <xmin>398.07</xmin>
      <ymin>253.0</ymin>
      <xmax>435.5</xmax>
      <ymax>287.44</ymax>
    </bndbox>
  </object>
  <object>
    <name>BLACK</name>
    <occluded>0</occluded>
    <bndbox>
      <xmin>566.31</xmin>
      <ymin>195.43</ymin>
      <xmax>607.48</xmax>
      <ymax>212.9</ymax>
    </bndbox>
  </object>
  <object>
    <name>WHITE</name>
    <occluded>0</occluded>
    <bndbox>
      <xmin>446.23</xmin>
      <ymin>214.15</ymin>
      <xmax>484.28</xmax>
      <ymax>241.6</ymax>
    </bndbox>
  </object>
  <object>
    <name>WHITE</name>
    <occluded>0</occluded>
    <bndbox>
      <xmin>392.53</xmin>
      <ymin>220.29</ymin>
      <xmax>429.36</xmax>
      <ymax>255.77</ymax>
    </bndbox>
  </object>
  <object>
    <name>WHITE</name>
    <occluded>0</occluded>
    <bndbox>
      <xmin>274.83</xmin>
      <ymin>640.0</ymin>
      <xmax>303.27</xmax>
      <ymax>679.3</ymax>
    </bndbox>
  </object>
  <object>
    <name>WHITE</name>
    <occluded>0</occluded>
    <bndbox>
      <xmin>312.06</xmin>
      <ymin>440.17</ymin>
      <xmax>336.31</xmax>
      <ymax>490.29</ymax>
    </bndbox>
  </object>
  <object>
    <name>WHITE</name>
    <occluded>0</occluded>
    <bndbox>
      <xmin>357.4</xmin>
      <ymin>462.48</ymin>
      <xmax>391.6</xmax>
      <ymax>506.9</ymax>
    </bndbox>
  </object>
  <object>
    <name>WHITE</name>
    <occluded>0</occluded>
    <bndbox>
      <xmin>398.5</xmin>
      <ymin>397.88</ymin>
      <xmax>440.18</xmax>
      <ymax>444.1</ymax>
    </bndbox>
  </object>
  <object>
    <name>WHITE</name>
    <occluded>0</occluded>
    <bndbox>
      <xmin>445.1</xmin>
      <ymin>344.6</ymin>
      <xmax>487.5</xmax>
      <ymax>386.7</ymax>
    </bndbox>
  </object>
  <object>
    <name>WHITE</name>
    <occluded>0</occluded>
    <bndbox>
      <xmin>496.0</xmin>
      <ymin>296.26</ymin>
      <xmax>543.9</xmax>
      <ymax>336.4</ymax>
    </bndbox>
  </object>
  <object>
    <name>WHITE</name>
    <occluded>0</occluded>
    <bndbox>
      <xmin>395.41</xmin>
      <ymin>534.2</ymin>
      <xmax>429.2</xmax>
      <ymax>577.1</ymax>
    </bndbox>
  </object>
  <object>
    <name>WHITE</name>
    <occluded>0</occluded>
    <bndbox>
      <xmin>426.5</xmin>
      <ymin>469.9</ymin>
      <xmax>468.0</xmax>
      <ymax>515.0</ymax>
    </bndbox>
  </object>
  <object>
    <name>WHITE</name>
    <occluded>0</occluded>
    <bndbox>
      <xmin>506.5</xmin>
      <ymin>478.75</ymin>
      <xmax>553.44</xmax>
      <ymax>523.6</ymax>
    </bndbox>
  </object>
  <object>
    <name>WHITE</name>
    <occluded>0</occluded>
    <bndbox>
      <xmin>466.8</xmin>
      <ymin>545.18</ymin>
      <xmax>510.24</xmax>
      <ymax>590.8</ymax>
    </bndbox>
  </object>
  <object>
    <name>WHITE</name>
    <occluded>0</occluded>
    <bndbox>
      <xmin>429.2</xmin>
      <ymin>607.74</ymin>
      <xmax>469.5</xmax>
      <ymax>648.76</ymax>
    </bndbox>
  </object>
  <object>
    <name>WHITE</name>
    <occluded>0</occluded>
    <bndbox>
      <xmin>401.79</xmin>
      <ymin>661.03</ymin>
      <xmax>436.3</xmax>
      <ymax>700.1</ymax>
    </bndbox>
  </object>
  <object>
    <name>WHITE</name>
    <occluded>0</occluded>
    <bndbox>
      <xmin>604.0</xmin>
      <ymin>628.0</ymin>
      <xmax>644.0</xmax>
      <ymax>664.0</ymax>
    </bndbox>
  </object>
  <object>
    <name>WHITE</name>
    <occluded>0</occluded>
    <bndbox>
      <xmin>593.78</xmin>
      <ymin>486.83</ymin>
      <xmax>635.82</xmax>
      <ymax>527.97</ymax>
    </bndbox>
  </object>
  <object>
    <name>WHITE</name>
    <occluded>0</occluded>
    <bndbox>
      <xmin>689.03</xmin>
      <ymin>369.98</ymin>
      <xmax>722.57</xmax>
      <ymax>410.22</ymax>
    </bndbox>
  </object>
  <object>
    <name>WHITE</name>
    <occluded>0</occluded>
    <bndbox>
      <xmin>608.62</xmin>
      <ymin>359.49</ymin>
      <xmax>645.38</xmax>
      <ymax>400.51</ymax>
    </bndbox>
  </object>
  <object>
    <name>WHITE</name>
    <occluded>0</occluded>
    <bndbox>
      <xmin>554.74</xmin>
      <ymin>411.39</ymin>
      <xmax>595.76</xmax>
      <ymax>453.11</ymax>
    </bndbox>
  </object>
  <object>
    <name>WHITE</name>
    <occluded>0</occluded>
    <bndbox>
      <xmin>548.0</xmin>
      <ymin>254.0</ymin>
      <xmax>588.0</xmax>
      <ymax>281.0</ymax>
    </bndbox>
  </object>
  <object>
    <name>WHITE</name>
    <occluded>0</occluded>
    <bndbox>
      <xmin>521.0</xmin>
      <ymin>212.0</ymin>
      <xmax>559.0</xmax>
      <ymax>231.0</ymax>
    </bndbox>
  </object>
  <object>
    <name>WHITE</name>
    <occluded>0</occluded>
    <bndbox>
      <xmin>383.19</xmin>
      <ymin>698.41</ymin>
      <xmax>412.8</xmax>
      <ymax>738.4</ymax>
    </bndbox>
  </object>
  <object>
    <name>WHITE</name>
    <occluded>0</occluded>
    <bndbox>
      <xmin>627.57</xmin>
      <ymin>249.87</ymin>
      <xmax>670.5</xmax>
      <ymax>285.5</ymax>
    </bndbox>
  </object>
  <object>
    <name>WHITE</name>
    <occluded>0</occluded>
    <bndbox>
      <xmin>471.92</xmin>
      <ymin>402.66</ymin>
      <xmax>519.3</xmax>
      <ymax>449.9</ymax>
    </bndbox>
  </object>
  <object>
    <name>WHITE</name>
    <occluded>0</occluded>
    <bndbox>
      <xmin>526.4</xmin>
      <ymin>346.0</ymin>
      <xmax>571.9</xmax>
      <ymax>388.1</ymax>
    </bndbox>
  </object>
  <object>
    <name>WHITE</name>
    <occluded>0</occluded>
    <bndbox>
      <xmin>578.8</xmin>
      <ymin>300.0</ymin>
      <xmax>621.0</xmax>
      <ymax>337.7</ymax>
    </bndbox>
  </object>
  <object>
    <name>WHITE</name>
    <occluded>0</occluded>
    <bndbox>
      <xmin>679.0</xmin>
      <ymin>765.9</ymin>
      <xmax>714.0</xmax>
      <ymax>796.2</ymax>
    </bndbox>
  </object>
  <object>
    <name>WHITE</name>
    <occluded>0</occluded>
    <bndbox>
      <xmin>657.0</xmin>
      <ymin>300.1</ymin>
      <xmax>699.7</xmax>
      <ymax>343.4</ymax>
    </bndbox>
  </object>
  <object>
    <name>WHITE</name>
    <occluded>0</occluded>
    <bndbox>
      <xmin>753.4</xmin>
      <ymin>399.55</ymin>
      <xmax>786.49</xmax>
      <ymax>444.0</ymax>
    </bndbox>
  </object>
  <object>
    <name>WHITE</name>
    <occluded>0</occluded>
    <bndbox>
      <xmin>615.89</xmin>
      <ymin>777.53</ymin>
      <xmax>654.79</xmax>
      <ymax>810.2</ymax>
    </bndbox>
  </object>
  <object>
    <name>WHITE</name>
    <occluded>0</occluded>
    <bndbox>
      <xmin>662.1</xmin>
      <ymin>732.35</ymin>
      <xmax>702.07</xmax>
      <ymax>761.2</ymax>
    </bndbox>
  </object>
  <object>
    <name>WHITE</name>
    <occluded>0</occluded>
    <bndbox>
      <xmin>710.7</xmin>
      <ymin>670.25</ymin>
      <xmax>746.3</xmax>
      <ymax>706.8</ymax>
    </bndbox>
  </object>
  <object>
    <name>WHITE</name>
    <occluded>0</occluded>
    <bndbox>
      <xmin>790.6</xmin>
      <ymin>373.4</ymin>
      <xmax>816.28</xmax>
      <ymax>412.19</ymax>
    </bndbox>
  </object>
  <object>
    <name>WHITE</name>
    <occluded>0</occluded>
    <bndbox>
      <xmin>731.47</xmin>
      <ymin>332.09</ymin>
      <xmax>765.5</xmax>
      <ymax>369.9</ymax>
    </bndbox>
  </object>
  <object>
    <name>WHITE</name>
    <occluded>0</occluded>
    <bndbox>
      <xmin>474.18</xmin>
      <ymin>849.16</ymin>
      <xmax>513.69</xmax>
      <ymax>872.81</ymax>
    </bndbox>
  </object>
  <object>
    <name>WHITE</name>
    <occluded>0</occluded>
    <bndbox>
      <xmin>372.29</xmin>
      <ymin>730.64</ymin>
      <xmax>402.18</xmax>
      <ymax>769.1</ymax>
    </bndbox>
  </object>
  <object>
    <name>WHITE</name>
    <occluded>0</occluded>
    <bndbox>
      <xmin>392.05</xmin>
      <ymin>773.78</ymin>
      <xmax>425.58</xmax>
      <ymax>808.35</ymax>
    </bndbox>
  </object>
  <object>
    <name>WHITE</name>
    <occluded>0</occluded>
    <bndbox>
      <xmin>377.42</xmin>
      <ymin>792.5</ymin>
      <xmax>407.04</xmax>
      <ymax>827.84</ymax>
    </bndbox>
  </object>
</annotation>
