<annotation>
  <folder>JJ</folder>
  <filename>JJ_camera8.png</filename>
  <source>
    <database>Unknown</database>
    <annotation>Unknown</annotation>
    <image>Unknown</image>
  </source>
  <size>
    <width>1280</width>
    <height>960</height>
    <depth></depth>
  </size>
  <segmented>0</segmented>
  <object>
    <name>WHITE</name>
    <occluded>0</occluded>
    <bndbox>
      <xmin>911.37</xmin>
      <ymin>709.3</ymin>
      <xmax>956.2</xmax>
      <ymax>760.3</ymax>
    </bndbox>
  </object>
  <object>
    <name>WHITE</name>
    <occluded>0</occluded>
    <bndbox>
      <xmin>946.53</xmin>
      <ymin>650.75</ymin>
      <xmax>989.9</xmax>
      <ymax>697.3</ymax>
    </bndbox>
  </object>
  <object>
    <name>WHITE</name>
    <occluded>0</occluded>
    <bndbox>
      <xmin>1002.5</xmin>
      <ymin>617.0</ymin>
      <xmax>1028.6</xmax>
      <ymax>660.9</ymax>
    </bndbox>
  </object>
  <object>
    <name>WHITE</name>
    <occluded>0</occluded>
    <bndbox>
      <xmin>747.1</xmin>
      <ymin>735.25</ymin>
      <xmax>798.8</xmax>
      <ymax>783.25</ymax>
    </bndbox>
  </object>
  <object>
    <name>WHITE</name>
    <occluded>0</occluded>
    <bndbox>
      <xmin>831.5</xmin>
      <ymin>685.82</ymin>
      <xmax>881.1</xmax>
      <ymax>735.8</ymax>
    </bndbox>
  </object>
  <object>
    <name>WHITE</name>
    <occluded>0</occluded>
    <bndbox>
      <xmin>882.7</xmin>
      <ymin>620.13</ymin>
      <xmax>929.3</xmax>
      <ymax>668.8</ymax>
    </bndbox>
  </object>
  <object>
    <name>WHITE</name>
    <occluded>0</occluded>
    <bndbox>
      <xmin>899.63</xmin>
      <ymin>549.07</ymin>
      <xmax>945.4</xmax>
      <ymax>596.8</ymax>
    </bndbox>
  </object>
  <object>
    <name>WHITE</name>
    <occluded>0</occluded>
    <bndbox>
      <xmin>883.45</xmin>
      <ymin>477.06</ymin>
      <xmax>923.4</xmax>
      <ymax>518.5</ymax>
    </bndbox>
  </object>
  <object>
    <name>BLACK</name>
    <occluded>0</occluded>
    <bndbox>
      <xmin>840.52</xmin>
      <ymin>538.82</ymin>
      <xmax>889.2</xmax>
      <ymax>587.1</ymax>
    </bndbox>
  </object>
  <object>
    <name>WHITE</name>
    <occluded>0</occluded>
    <bndbox>
      <xmin>806.5</xmin>
      <ymin>609.5</ymin>
      <xmax>856.7</xmax>
      <ymax>658.2</ymax>
    </bndbox>
  </object>
  <object>
    <name>WHITE</name>
    <occluded>0</occluded>
    <bndbox>
      <xmin>1002.0</xmin>
      <ymin>693.1</ymin>
      <xmax>1030.24</xmax>
      <ymax>737.37</ymax>
    </bndbox>
  </object>
  <object>
    <name>WHITE</name>
    <occluded>0</occluded>
    <bndbox>
      <xmin>753.22</xmin>
      <ymin>284.94</ymin>
      <xmax>797.4</xmax>
      <ymax>321.2</ymax>
    </bndbox>
  </object>
  <object>
    <name>WHITE</name>
    <occluded>0</occluded>
    <bndbox>
      <xmin>758.5</xmin>
      <ymin>245.9</ymin>
      <xmax>798.54</xmax>
      <ymax>271.36</ymax>
    </bndbox>
  </object>
  <object>
    <name>WHITE</name>
    <occluded>0</occluded>
    <bndbox>
      <xmin>795.7</xmin>
      <ymin>345.0</ymin>
      <xmax>834.5</xmax>
      <ymax>386.02</ymax>
    </bndbox>
  </object>
  <object>
    <name>WHITE</name>
    <occluded>0</occluded>
    <bndbox>
      <xmin>767.58</xmin>
      <ymin>407.2</ymin>
      <xmax>812.4</xmax>
      <ymax>450.5</ymax>
    </bndbox>
  </object>
  <object>
    <name>BLACK</name>
    <occluded>0</occluded>
    <bndbox>
      <xmin>477.07</xmin>
      <ymin>726.95</ymin>
      <xmax>526.1</xmax>
      <ymax>781.9</ymax>
    </bndbox>
  </object>
  <object>
    <name>WHITE</name>
    <occluded>0</occluded>
    <bndbox>
      <xmin>818.63</xmin>
      <ymin>471.12</ymin>
      <xmax>859.1</xmax>
      <ymax>517.6</ymax>
    </bndbox>
  </object>
  <object>
    <name>WHITE</name>
    <occluded>0</occluded>
    <bndbox>
      <xmin>969.96</xmin>
      <ymin>744.69</ymin>
      <xmax>1004.6</xmax>
      <ymax>794.1</ymax>
    </bndbox>
  </object>
  <object>
    <name>BLACK</name>
    <occluded>0</occluded>
    <bndbox>
      <xmin>911.98</xmin>
      <ymin>793.4</ymin>
      <xmax>950.9</xmax>
      <ymax>847.2</ymax>
    </bndbox>
  </object>
  <object>
    <name>WHITE</name>
    <occluded>0</occluded>
    <bndbox>
      <xmin>1013.71</xmin>
      <ymin>736.19</ymin>
      <xmax>1040.4</xmax>
      <ymax>777.3</ymax>
    </bndbox>
  </object>
  <object>
    <name>WHITE</name>
    <occluded>0</occluded>
    <bndbox>
      <xmin>979.05</xmin>
      <ymin>789.79</ymin>
      <xmax>1014.7</xmax>
      <ymax>836.0</ymax>
    </bndbox>
  </object>
  <object>
    <name>WHITE</name>
    <occluded>0</occluded>
    <bndbox>
      <xmin>622.9</xmin>
      <ymin>655.5</ymin>
      <xmax>674.3</xmax>
      <ymax>708.1</ymax>
    </bndbox>
  </object>
  <object>
    <name>WHITE</name>
    <occluded>0</occluded>
    <bndbox>
      <xmin>562.7</xmin>
      <ymin>727.5</ymin>
      <xmax>612.5</xmax>
      <ymax>778.9</ymax>
    </bndbox>
  </object>
  <object>
    <name>WHITE</name>
    <occluded>0</occluded>
    <bndbox>
      <xmin>814.42</xmin>
      <ymin>289.78</ymin>
      <xmax>854.0</xmax>
      <ymax>322.5</ymax>
    </bndbox>
  </object>
  <object>
    <name>WHITE</name>
    <occluded>0</occluded>
    <bndbox>
      <xmin>737.64</xmin>
      <ymin>664.44</ymin>
      <xmax>790.0</xmax>
      <ymax>715.6</ymax>
    </bndbox>
  </object>
  <object>
    <name>WHITE</name>
    <occluded>0</occluded>
    <bndbox>
      <xmin>667.57</xmin>
      <ymin>730.0</ymin>
      <xmax>720.6</xmax>
      <ymax>781.3</ymax>
    </bndbox>
  </object>
  <object>
    <name>WHITE</name>
    <occluded>0</occluded>
    <bndbox>
      <xmin>841.56</xmin>
      <ymin>758.63</ymin>
      <xmax>893.7</xmax>
      <ymax>809.8</ymax>
    </bndbox>
  </object>
  <object>
    <name>WHITE</name>
    <occluded>0</occluded>
    <bndbox>
      <xmin>859.64</xmin>
      <ymin>344.06</ymin>
      <xmax>897.2</xmax>
      <ymax>383.2</ymax>
    </bndbox>
  </object>
  <object>
    <name>WHITE</name>
    <occluded>0</occluded>
    <bndbox>
      <xmin>839.6</xmin>
      <ymin>403.24</ymin>
      <xmax>878.9</xmax>
      <ymax>447.5</ymax>
    </bndbox>
  </object>
  <object>
    <name>WHITE</name>
    <occluded>0</occluded>
    <bndbox>
      <xmin>679.42</xmin>
      <ymin>282.42</ymin>
      <xmax>723.7</xmax>
      <ymax>319.2</ymax>
    </bndbox>
  </object>
  <object>
    <name>BLACK</name>
    <occluded>0</occluded>
    <bndbox>
      <xmin>636.68</xmin>
      <ymin>242.1</ymin>
      <xmax>681.64</xmax>
      <ymax>275.63</ymax>
    </bndbox>
  </object>
  <object>
    <name>WHITE</name>
    <occluded>0</occluded>
    <bndbox>
      <xmin>867.22</xmin>
      <ymin>297.47</ymin>
      <xmax>901.27</xmax>
      <ymax>327.88</ymax>
    </bndbox>
  </object>
  <object>
    <name>WHITE</name>
    <occluded>0</occluded>
    <bndbox>
      <xmin>912.97</xmin>
      <ymin>349.97</ymin>
      <xmax>947.02</xmax>
      <ymax>388.7</ymax>
    </bndbox>
  </object>
  <object>
    <name>WHITE</name>
    <occluded>0</occluded>
    <bndbox>
      <xmin>963.91</xmin>
      <ymin>407.15</ymin>
      <xmax>993.28</xmax>
      <ymax>450.29</ymax>
    </bndbox>
  </object>
  <object>
    <name>WHITE</name>
    <occluded>0</occluded>
    <bndbox>
      <xmin>910.11</xmin>
      <ymin>410.27</ymin>
      <xmax>946.76</xmax>
      <ymax>451.59</ymax>
    </bndbox>
  </object>
  <object>
    <name>WHITE</name>
    <occluded>0</occluded>
    <bndbox>
      <xmin>562.0</xmin>
      <ymin>582.0</ymin>
      <xmax>608.0</xmax>
      <ymax>628.0</ymax>
    </bndbox>
  </object>
  <object>
    <name>WHITE</name>
    <occluded>0</occluded>
    <bndbox>
      <xmin>537.0</xmin>
      <ymin>659.5</ymin>
      <xmax>583.0</xmax>
      <ymax>706.5</ymax>
    </bndbox>
  </object>
  <object>
    <name>WHITE</name>
    <occluded>0</occluded>
    <bndbox>
      <xmin>491.5</xmin>
      <ymin>580.0</ymin>
      <xmax>534.5</xmax>
      <ymax>626.0</ymax>
    </bndbox>
  </object>
  <object>
    <name>WHITE</name>
    <occluded>0</occluded>
    <bndbox>
      <xmin>467.5</xmin>
      <ymin>515.5</ymin>
      <xmax>512.5</xmax>
      <ymax>554.5</ymax>
    </bndbox>
  </object>
  <object>
    <name>WHITE</name>
    <occluded>0</occluded>
    <bndbox>
      <xmin>433.0</xmin>
      <ymin>457.0</ymin>
      <xmax>471.0</xmax>
      <ymax>497.0</ymax>
    </bndbox>
  </object>
  <object>
    <name>WHITE</name>
    <occluded>0</occluded>
    <bndbox>
      <xmin>564.68</xmin>
      <ymin>233.6</ymin>
      <xmax>610.2</xmax>
      <ymax>261.6</ymax>
    </bndbox>
  </object>
  <object>
    <name>WHITE</name>
    <occluded>0</occluded>
    <bndbox>
      <xmin>404.32</xmin>
      <ymin>394.41</ymin>
      <xmax>442.78</xmax>
      <ymax>434.96</ymax>
    </bndbox>
  </object>
  <object>
    <name>WHITE</name>
    <occluded>0</occluded>
    <bndbox>
      <xmin>384.04</xmin>
      <ymin>344.77</ymin>
      <xmax>417.05</xmax>
      <ymax>385.84</ymax>
    </bndbox>
  </object>
  <object>
    <name>WHITE</name>
    <occluded>0</occluded>
    <bndbox>
      <xmin>492.69</xmin>
      <ymin>237.43</ymin>
      <xmax>533.49</xmax>
      <ymax>266.02</ymax>
    </bndbox>
  </object>
  <object>
    <name>WHITE</name>
    <occluded>0</occluded>
    <bndbox>
      <xmin>438.11</xmin>
      <ymin>281.09</ymin>
      <xmax>474.49</xmax>
      <ymax>318.26</ymax>
    </bndbox>
  </object>
  <object>
    <name>WHITE</name>
    <occluded>0</occluded>
    <bndbox>
      <xmin>350.76</xmin>
      <ymin>470.51</ymin>
      <xmax>388.54</xmax>
      <ymax>515.25</ymax>
    </bndbox>
  </object>
  <object>
    <name>WHITE</name>
    <occluded>0</occluded>
    <bndbox>
      <xmin>337.82</xmin>
      <ymin>557.82</ymin>
      <xmax>360.51</xmax>
      <ymax>603.1</ymax>
    </bndbox>
  </object>
  <object>
    <name>WHITE</name>
    <occluded>0</occluded>
    <bndbox>
      <xmin>449.52</xmin>
      <ymin>326.62</ymin>
      <xmax>491.52</xmax>
      <ymax>363.5</ymax>
    </bndbox>
  </object>
  <object>
    <name>WHITE</name>
    <occluded>0</occluded>
    <bndbox>
      <xmin>507.0</xmin>
      <ymin>274.3</ymin>
      <xmax>550.6</xmax>
      <ymax>304.0</ymax>
    </bndbox>
  </object>
  <object>
    <name>BLACK</name>
    <occluded>0</occluded>
    <bndbox>
      <xmin>383.4</xmin>
      <ymin>532.98</ymin>
      <xmax>422.58</xmax>
      <ymax>582.7</ymax>
    </bndbox>
  </object>
  <object>
    <name>WHITE</name>
    <occluded>0</occluded>
    <bndbox>
      <xmin>480.66</xmin>
      <ymin>387.22</ymin>
      <xmax>525.9</xmax>
      <ymax>429.6</ymax>
    </bndbox>
  </object>
  <object>
    <name>WHITE</name>
    <occluded>0</occluded>
    <bndbox>
      <xmin>526.86</xmin>
      <ymin>324.82</ymin>
      <xmax>573.0</xmax>
      <ymax>366.7</ymax>
    </bndbox>
  </object>
  <object>
    <name>WHITE</name>
    <occluded>0</occluded>
    <bndbox>
      <xmin>591.7</xmin>
      <ymin>275.18</ymin>
      <xmax>638.92</xmax>
      <ymax>310.9</ymax>
    </bndbox>
  </object>
  <object>
    <name>WHITE</name>
    <occluded>0</occluded>
    <bndbox>
      <xmin>401.06</xmin>
      <ymin>686.73</ymin>
      <xmax>434.06</xmax>
      <ymax>731.73</ymax>
    </bndbox>
  </object>
  <object>
    <name>WHITE</name>
    <occluded>0</occluded>
    <bndbox>
      <xmin>415.3</xmin>
      <ymin>591.5</ymin>
      <xmax>459.0</xmax>
      <ymax>642.3</ymax>
    </bndbox>
  </object>
  <object>
    <name>WHITE</name>
    <occluded>0</occluded>
    <bndbox>
      <xmin>514.5</xmin>
      <ymin>452.0</ymin>
      <xmax>561.1</xmax>
      <ymax>497.8</ymax>
    </bndbox>
  </object>
  <object>
    <name>WHITE</name>
    <occluded>0</occluded>
    <bndbox>
      <xmin>567.66</xmin>
      <ymin>395.3</ymin>
      <xmax>613.7</xmax>
      <ymax>433.6</ymax>
    </bndbox>
  </object>
  <object>
    <name>WHITE</name>
    <occluded>0</occluded>
    <bndbox>
      <xmin>626.9</xmin>
      <ymin>330.86</ymin>
      <xmax>672.0</xmax>
      <ymax>369.0</ymax>
    </bndbox>
  </object>
  <object>
    <name>WHITE</name>
    <occluded>0</occluded>
    <bndbox>
      <xmin>695.52</xmin>
      <ymin>239.02</ymin>
      <xmax>739.2</xmax>
      <ymax>263.4</ymax>
    </bndbox>
  </object>
  <object>
    <name>WHITE</name>
    <occluded>0</occluded>
    <bndbox>
      <xmin>419.0</xmin>
      <ymin>744.2</ymin>
      <xmax>457.4</xmax>
      <ymax>798.0</ymax>
    </bndbox>
  </object>
  <object>
    <name>WHITE</name>
    <occluded>0</occluded>
    <bndbox>
      <xmin>454.9</xmin>
      <ymin>658.55</ymin>
      <xmax>499.57</xmax>
      <ymax>698.0</ymax>
    </bndbox>
  </object>
  <object>
    <name>WHITE</name>
    <occluded>0</occluded>
    <bndbox>
      <xmin>541.0</xmin>
      <ymin>512.0</ymin>
      <xmax>593.3</xmax>
      <ymax>561.2</ymax>
    </bndbox>
  </object>
  <object>
    <name>WHITE</name>
    <occluded>0</occluded>
    <bndbox>
      <xmin>589.44</xmin>
      <ymin>446.0</ymin>
      <xmax>634.44</xmax>
      <ymax>486.0</ymax>
    </bndbox>
  </object>
  <object>
    <name>WHITE</name>
    <occluded>0</occluded>
    <bndbox>
      <xmin>662.38</xmin>
      <ymin>402.0</ymin>
      <xmax>709.2</xmax>
      <ymax>442.9</ymax>
    </bndbox>
  </object>
  <object>
    <name>WHITE</name>
    <occluded>0</occluded>
    <bndbox>
      <xmin>721.22</xmin>
      <ymin>342.36</ymin>
      <xmax>765.8</xmax>
      <ymax>384.3</ymax>
    </bndbox>
  </object>
  <object>
    <name>WHITE</name>
    <occluded>0</occluded>
    <bndbox>
      <xmin>945.26</xmin>
      <ymin>482.75</ymin>
      <xmax>981.44</xmax>
      <ymax>525.79</ymax>
    </bndbox>
  </object>
  <object>
    <name>WHITE</name>
    <occluded>0</occluded>
    <bndbox>
      <xmin>955.52</xmin>
      <ymin>563.13</ymin>
      <xmax>996.4</xmax>
      <ymax>609.9</ymax>
    </bndbox>
  </object>
</annotation>
