<annotation>
  <folder>JJ</folder>
  <filename>JJ_camera10.png</filename>
  <source>
    <database>Unknown</database>
    <annotation>Unknown</annotation>
    <image>Unknown</image>
  </source>
  <size>
    <width>1280</width>
    <height>960</height>
    <depth></depth>
  </size>
  <segmented>0</segmented>
  <object>
    <name>WHITE</name>
    <occluded>0</occluded>
    <bndbox>
      <xmin>255.41</xmin>
      <ymin>606.35</ymin>
      <xmax>291.28</xmax>
      <ymax>653.39</ymax>
    </bndbox>
  </object>
  <object>
    <name>WHITE</name>
    <occluded>0</occluded>
    <bndbox>
      <xmin>379.8</xmin>
      <ymin>401.62</ymin>
      <xmax>416.08</xmax>
      <ymax>448.1</ymax>
    </bndbox>
  </object>
  <object>
    <name>BLACK</name>
    <occluded>0</occluded>
    <bndbox>
      <xmin>340.7</xmin>
      <ymin>475.0</ymin>
      <xmax>379.8</xmax>
      <ymax>521.3</ymax>
    </bndbox>
  </object>
  <object>
    <name>WHITE</name>
    <occluded>0</occluded>
    <bndbox>
      <xmin>274.91</xmin>
      <ymin>667.17</ymin>
      <xmax>315.45</xmax>
      <ymax>716.0</ymax>
    </bndbox>
  </object>
  <object>
    <name>WHITE</name>
    <occluded>0</occluded>
    <bndbox>
      <xmin>421.0</xmin>
      <ymin>333.4</ymin>
      <xmax>466.6</xmax>
      <ymax>378.1</ymax>
    </bndbox>
  </object>
  <object>
    <name>WHITE</name>
    <occluded>0</occluded>
    <bndbox>
      <xmin>301.9</xmin>
      <ymin>567.88</ymin>
      <xmax>339.62</xmax>
      <ymax>612.07</ymax>
    </bndbox>
  </object>
  <object>
    <name>WHITE</name>
    <occluded>0</occluded>
    <bndbox>
      <xmin>865.66</xmin>
      <ymin>366.79</ymin>
      <xmax>900.75</xmax>
      <ymax>414.09</ymax>
    </bndbox>
  </object>
  <object>
    <name>WHITE</name>
    <occluded>0</occluded>
    <bndbox>
      <xmin>892.69</xmin>
      <ymin>449.44</ymin>
      <xmax>928.56</xmax>
      <ymax>500.38</ymax>
    </bndbox>
  </object>
  <object>
    <name>BLACK</name>
    <occluded>0</occluded>
    <bndbox>
      <xmin>564.1</xmin>
      <ymin>160.9</ymin>
      <xmax>606.54</xmax>
      <ymax>184.4</ymax>
    </bndbox>
  </object>
  <object>
    <name>WHITE</name>
    <occluded>0</occluded>
    <bndbox>
      <xmin>638.2</xmin>
      <ymin>148.32</ymin>
      <xmax>684.64</xmax>
      <ymax>170.25</ymax>
    </bndbox>
  </object>
  <object>
    <name>WHITE</name>
    <occluded>0</occluded>
    <bndbox>
      <xmin>510.49</xmin>
      <ymin>167.67</ymin>
      <xmax>551.34</xmax>
      <ymax>193.04</ymax>
    </bndbox>
  </object>
  <object>
    <name>WHITE</name>
    <occluded>0</occluded>
    <bndbox>
      <xmin>351.4</xmin>
      <ymin>290.64</ymin>
      <xmax>384.51</xmax>
      <ymax>330.63</ymax>
    </bndbox>
  </object>
  <object>
    <name>WHITE</name>
    <occluded>0</occluded>
    <bndbox>
      <xmin>414.2</xmin>
      <ymin>598.5</ymin>
      <xmax>464.0</xmax>
      <ymax>645.5</ymax>
    </bndbox>
  </object>
  <object>
    <name>WHITE</name>
    <occluded>0</occluded>
    <bndbox>
      <xmin>559.6</xmin>
      <ymin>235.0</ymin>
      <xmax>608.0</xmax>
      <ymax>277.3</ymax>
    </bndbox>
  </object>
  <object>
    <name>WHITE</name>
    <occluded>0</occluded>
    <bndbox>
      <xmin>321.88</xmin>
      <ymin>723.92</ymin>
      <xmax>358.7</xmax>
      <ymax>772.4</ymax>
    </bndbox>
  </object>
  <object>
    <name>WHITE</name>
    <occluded>0</occluded>
    <bndbox>
      <xmin>446.3</xmin>
      <ymin>215.45</ymin>
      <xmax>488.0</xmax>
      <ymax>248.1</ymax>
    </bndbox>
  </object>
  <object>
    <name>WHITE</name>
    <occluded>0</occluded>
    <bndbox>
      <xmin>405.1</xmin>
      <ymin>275.82</ymin>
      <xmax>444.44</xmax>
      <ymax>314.7</ymax>
    </bndbox>
  </object>
  <object>
    <name>WHITE</name>
    <occluded>0</occluded>
    <bndbox>
      <xmin>334.16</xmin>
      <ymin>635.96</ymin>
      <xmax>380.4</xmax>
      <ymax>684.3</ymax>
    </bndbox>
  </object>
  <object>
    <name>WHITE</name>
    <occluded>0</occluded>
    <bndbox>
      <xmin>857.0</xmin>
      <ymin>512.79</ymin>
      <xmax>895.4</xmax>
      <ymax>563.9</ymax>
    </bndbox>
  </object>
  <object>
    <name>WHITE</name>
    <occluded>0</occluded>
    <bndbox>
      <xmin>469.9</xmin>
      <ymin>260.5</ymin>
      <xmax>513.25</xmax>
      <ymax>303.6</ymax>
    </bndbox>
  </object>
  <object>
    <name>WHITE</name>
    <occluded>0</occluded>
    <bndbox>
      <xmin>518.0</xmin>
      <ymin>195.6</ymin>
      <xmax>561.76</xmax>
      <ymax>236.0</ymax>
    </bndbox>
  </object>
  <object>
    <name>WHITE</name>
    <occluded>0</occluded>
    <bndbox>
      <xmin>365.64</xmin>
      <ymin>537.86</ymin>
      <xmax>416.4</xmax>
      <ymax>582.1</ymax>
    </bndbox>
  </object>
  <object>
    <name>WHITE</name>
    <occluded>0</occluded>
    <bndbox>
      <xmin>525.7</xmin>
      <ymin>307.64</ymin>
      <xmax>574.9</xmax>
      <ymax>353.4</ymax>
    </bndbox>
  </object>
  <object>
    <name>WHITE</name>
    <occluded>0</occluded>
    <bndbox>
      <xmin>815.5</xmin>
      <ymin>652.0</ymin>
      <xmax>862.5</xmax>
      <ymax>702.0</ymax>
    </bndbox>
  </object>
  <object>
    <name>BLACK</name>
    <occluded>0</occluded>
    <bndbox>
      <xmin>278.7</xmin>
      <ymin>761.76</ymin>
      <xmax>321.3</xmax>
      <ymax>811.4</ymax>
    </bndbox>
  </object>
  <object>
    <name>WHITE</name>
    <occluded>0</occluded>
    <bndbox>
      <xmin>403.2</xmin>
      <ymin>681.5</ymin>
      <xmax>449.0</xmax>
      <ymax>728.5</ymax>
    </bndbox>
  </object>
  <object>
    <name>WHITE</name>
    <occluded>0</occluded>
    <bndbox>
      <xmin>777.5</xmin>
      <ymin>352.5</ymin>
      <xmax>820.5</xmax>
      <ymax>393.5</ymax>
    </bndbox>
  </object>
  <object>
    <name>WHITE</name>
    <occluded>0</occluded>
    <bndbox>
      <xmin>311.01</xmin>
      <ymin>356.65</ymin>
      <xmax>340.38</xmax>
      <ymax>397.46</ymax>
    </bndbox>
  </object>
  <object>
    <name>WHITE</name>
    <occluded>0</occluded>
    <bndbox>
      <xmin>801.47</xmin>
      <ymin>577.9</ymin>
      <xmax>842.1</xmax>
      <ymax>627.3</ymax>
    </bndbox>
  </object>
  <object>
    <name>WHITE</name>
    <occluded>0</occluded>
    <bndbox>
      <xmin>362.99</xmin>
      <ymin>342.87</ymin>
      <xmax>398.86</xmax>
      <ymax>384.98</ymax>
    </bndbox>
  </object>
  <object>
    <name>WHITE</name>
    <occluded>0</occluded>
    <bndbox>
      <xmin>322.96</xmin>
      <ymin>418.51</ymin>
      <xmax>356.75</xmax>
      <ymax>460.09</ymax>
    </bndbox>
  </object>
  <object>
    <name>WHITE</name>
    <occluded>0</occluded>
    <bndbox>
      <xmin>262.66</xmin>
      <ymin>513.9</ymin>
      <xmax>288.14</xmax>
      <ymax>557.56</ymax>
    </bndbox>
  </object>
  <object>
    <name>WHITE</name>
    <occluded>0</occluded>
    <bndbox>
      <xmin>294.89</xmin>
      <ymin>490.24</ymin>
      <xmax>344.54</xmax>
      <ymax>536.51</ymax>
    </bndbox>
  </object>
  <object>
    <name>WHITE</name>
    <occluded>0</occluded>
    <bndbox>
      <xmin>695.94</xmin>
      <ymin>174.19</ymin>
      <xmax>740.38</xmax>
      <ymax>206.42</ymax>
    </bndbox>
  </object>
  <object>
    <name>WHITE</name>
    <occluded>0</occluded>
    <bndbox>
      <xmin>779.37</xmin>
      <ymin>186.41</ymin>
      <xmax>821.74</xmax>
      <ymax>219.15</ymax>
    </bndbox>
  </object>
  <object>
    <name>WHITE</name>
    <occluded>0</occluded>
    <bndbox>
      <xmin>842.79</xmin>
      <ymin>245.15</ymin>
      <xmax>878.92</xmax>
      <ymax>283.87</ymax>
    </bndbox>
  </object>
  <object>
    <name>WHITE</name>
    <occluded>0</occluded>
    <bndbox>
      <xmin>627.3</xmin>
      <ymin>564.0</ymin>
      <xmax>681.5</xmax>
      <ymax>615.3</ymax>
    </bndbox>
  </object>
  <object>
    <name>WHITE</name>
    <occluded>0</occluded>
    <bndbox>
      <xmin>695.12</xmin>
      <ymin>482.37</ymin>
      <xmax>749.7</xmax>
      <ymax>531.7</ymax>
    </bndbox>
  </object>
  <object>
    <name>WHITE</name>
    <occluded>0</occluded>
    <bndbox>
      <xmin>722.3</xmin>
      <ymin>414.4</ymin>
      <xmax>774.1</xmax>
      <ymax>464.0</ymax>
    </bndbox>
  </object>
  <object>
    <name>WHITE</name>
    <occluded>0</occluded>
    <bndbox>
      <xmin>810.64</xmin>
      <ymin>288.38</ymin>
      <xmax>856.2</xmax>
      <ymax>330.8</ymax>
    </bndbox>
  </object>
  <object>
    <name>BLACK</name>
    <occluded>0</occluded>
    <bndbox>
      <xmin>672.75</xmin>
      <ymin>626.67</ymin>
      <xmax>728.2</xmax>
      <ymax>682.5</ymax>
    </bndbox>
  </object>
  <object>
    <name>WHITE</name>
    <occluded>0</occluded>
    <bndbox>
      <xmin>601.0</xmin>
      <ymin>354.5</ymin>
      <xmax>647.0</xmax>
      <ymax>393.5</ymax>
    </bndbox>
  </object>
  <object>
    <name>WHITE</name>
    <occluded>0</occluded>
    <bndbox>
      <xmin>873.5</xmin>
      <ymin>667.0</ymin>
      <xmax>904.5</xmax>
      <ymax>713.0</ymax>
    </bndbox>
  </object>
  <object>
    <name>WHITE</name>
    <occluded>0</occluded>
    <bndbox>
      <xmin>866.0</xmin>
      <ymin>597.5</ymin>
      <xmax>898.0</xmax>
      <ymax>644.5</ymax>
    </bndbox>
  </object>
  <object>
    <name>WHITE</name>
    <occluded>0</occluded>
    <bndbox>
      <xmin>604.68</xmin>
      <ymin>182.66</ymin>
      <xmax>651.47</xmax>
      <ymax>215.15</ymax>
    </bndbox>
  </object>
  <object>
    <name>WHITE</name>
    <occluded>0</occluded>
    <bndbox>
      <xmin>687.0</xmin>
      <ymin>349.0</ymin>
      <xmax>727.0</xmax>
      <ymax>395.0</ymax>
    </bndbox>
  </object>
  <object>
    <name>WHITE</name>
    <occluded>0</occluded>
    <bndbox>
      <xmin>713.13</xmin>
      <ymin>563.01</ymin>
      <xmax>768.1</xmax>
      <ymax>611.8</ymax>
    </bndbox>
  </object>
  <object>
    <name>WHITE</name>
    <occluded>0</occluded>
    <bndbox>
      <xmin>754.2</xmin>
      <ymin>642.4</ymin>
      <xmax>804.0</xmax>
      <ymax>695.8</ymax>
    </bndbox>
  </object>
  <object>
    <name>WHITE</name>
    <occluded>0</occluded>
    <bndbox>
      <xmin>396.12</xmin>
      <ymin>232.6</ymin>
      <xmax>432.24</xmax>
      <ymax>263.98</ymax>
    </bndbox>
  </object>
  <object>
    <name>WHITE</name>
    <occluded>0</occluded>
    <bndbox>
      <xmin>620.9</xmin>
      <ymin>290.3</ymin>
      <xmax>672.7</xmax>
      <ymax>335.6</ymax>
    </bndbox>
  </object>
  <object>
    <name>WHITE</name>
    <occluded>0</occluded>
    <bndbox>
      <xmin>664.94</xmin>
      <ymin>222.3</ymin>
      <xmax>713.4</xmax>
      <ymax>263.6</ymax>
    </bndbox>
  </object>
  <object>
    <name>WHITE</name>
    <occluded>0</occluded>
    <bndbox>
      <xmin>485.5</xmin>
      <ymin>648.9</ymin>
      <xmax>534.0</xmax>
      <ymax>702.1</ymax>
    </bndbox>
  </object>
  <object>
    <name>WHITE</name>
    <occluded>0</occluded>
    <bndbox>
      <xmin>614.4</xmin>
      <ymin>484.0</ymin>
      <xmax>665.5</xmax>
      <ymax>530.0</ymax>
    </bndbox>
  </object>
  <object>
    <name>WHITE</name>
    <occluded>0</occluded>
    <bndbox>
      <xmin>538.42</xmin>
      <ymin>564.04</ymin>
      <xmax>587.42</xmax>
      <ymax>616.9</ymax>
    </bndbox>
  </object>
  <object>
    <name>WHITE</name>
    <occluded>0</occluded>
    <bndbox>
      <xmin>640.4</xmin>
      <ymin>418.0</ymin>
      <xmax>693.4</xmax>
      <ymax>465.9</ymax>
    </bndbox>
  </object>
  <object>
    <name>BLACK</name>
    <occluded>0</occluded>
    <bndbox>
      <xmin>813.4</xmin>
      <ymin>426.32</ymin>
      <xmax>860.3</xmax>
      <ymax>477.1</ymax>
    </bndbox>
  </object>
  <object>
    <name>WHITE</name>
    <occluded>0</occluded>
    <bndbox>
      <xmin>779.38</xmin>
      <ymin>489.51</ymin>
      <xmax>828.0</xmax>
      <ymax>538.9</ymax>
    </bndbox>
  </object>
  <object>
    <name>WHITE</name>
    <occluded>0</occluded>
    <bndbox>
      <xmin>720.7</xmin>
      <ymin>279.5</ymin>
      <xmax>769.7</xmax>
      <ymax>324.5</ymax>
    </bndbox>
  </object>
  <object>
    <name>WHITE</name>
    <occluded>0</occluded>
    <bndbox>
      <xmin>757.1</xmin>
      <ymin>225.98</ymin>
      <xmax>800.7</xmax>
      <ymax>260.6</ymax>
    </bndbox>
  </object>
  <object>
    <name>WHITE</name>
    <occluded>0</occluded>
    <bndbox>
      <xmin>579.4</xmin>
      <ymin>631.2</ymin>
      <xmax>634.5</xmax>
      <ymax>687.5</ymax>
    </bndbox>
  </object>
</annotation>
