<annotation>
  <folder>JJ</folder>
  <filename>JJ_camera11.png</filename>
  <source>
    <database>Unknown</database>
    <annotation>Unknown</annotation>
    <image>Unknown</image>
  </source>
  <size>
    <width>1280</width>
    <height>960</height>
    <depth></depth>
  </size>
  <segmented>0</segmented>
  <object>
    <name>WHITE</name>
    <occluded>0</occluded>
    <bndbox>
      <xmin>730.1</xmin>
      <ymin>166.67</ymin>
      <xmax>770.6</xmax>
      <ymax>206.6</ymax>
    </bndbox>
  </object>
  <object>
    <name>WHITE</name>
    <occluded>0</occluded>
    <bndbox>
      <xmin>731.1</xmin>
      <ymin>285.15</ymin>
      <xmax>769.4</xmax>
      <ymax>331.0</ymax>
    </bndbox>
  </object>
  <object>
    <name>WHITE</name>
    <occluded>0</occluded>
    <bndbox>
      <xmin>441.7</xmin>
      <ymin>171.17</ymin>
      <xmax>485.92</xmax>
      <ymax>211.8</ymax>
    </bndbox>
  </object>
  <object>
    <name>WHITE</name>
    <occluded>0</occluded>
    <bndbox>
      <xmin>609.65</xmin>
      <ymin>163.21</ymin>
      <xmax>652.4</xmax>
      <ymax>199.3</ymax>
    </bndbox>
  </object>
  <object>
    <name>WHITE</name>
    <occluded>0</occluded>
    <bndbox>
      <xmin>658.3</xmin>
      <ymin>134.83</ymin>
      <xmax>699.8</xmax>
      <ymax>170.7</ymax>
    </bndbox>
  </object>
  <object>
    <name>WHITE</name>
    <occluded>0</occluded>
    <bndbox>
      <xmin>647.72</xmin>
      <ymin>250.46</ymin>
      <xmax>694.0</xmax>
      <ymax>295.46</ymax>
    </bndbox>
  </object>
  <object>
    <name>WHITE</name>
    <occluded>0</occluded>
    <bndbox>
      <xmin>690.84</xmin>
      <ymin>204.21</ymin>
      <xmax>730.7</xmax>
      <ymax>244.2</ymax>
    </bndbox>
  </object>
  <object>
    <name>WHITE</name>
    <occluded>0</occluded>
    <bndbox>
      <xmin>496.97</xmin>
      <ymin>134.55</ymin>
      <xmax>546.6</xmax>
      <ymax>167.9</ymax>
    </bndbox>
  </object>
  <object>
    <name>WHITE</name>
    <occluded>0</occluded>
    <bndbox>
      <xmin>555.72</xmin>
      <ymin>196.78</ymin>
      <xmax>606.3</xmax>
      <ymax>236.7</ymax>
    </bndbox>
  </object>
  <object>
    <name>WHITE</name>
    <occluded>0</occluded>
    <bndbox>
      <xmin>731.56</xmin>
      <ymin>350.91</ymin>
      <xmax>757.5</xmax>
      <ymax>400.9</ymax>
    </bndbox>
  </object>
  <object>
    <name>WHITE</name>
    <occluded>0</occluded>
    <bndbox>
      <xmin>769.04</xmin>
      <ymin>239.8</ymin>
      <xmax>802.3</xmax>
      <ymax>283.7</ymax>
    </bndbox>
  </object>
  <object>
    <name>WHITE</name>
    <occluded>0</occluded>
    <bndbox>
      <xmin>738.5</xmin>
      <ymin>434.7</ymin>
      <xmax>775.9</xmax>
      <ymax>485.4</ymax>
    </bndbox>
  </object>
  <object>
    <name>WHITE</name>
    <occluded>0</occluded>
    <bndbox>
      <xmin>399.4</xmin>
      <ymin>130.68</ymin>
      <xmax>441.8</xmax>
      <ymax>170.4</ymax>
    </bndbox>
  </object>
  <object>
    <name>WHITE</name>
    <occluded>0</occluded>
    <bndbox>
      <xmin>445.5</xmin>
      <ymin>425.9</ymin>
      <xmax>498.3</xmax>
      <ymax>472.5</ymax>
    </bndbox>
  </object>
  <object>
    <name>WHITE</name>
    <occluded>0</occluded>
    <bndbox>
      <xmin>853.7</xmin>
      <ymin>240.1</ymin>
      <xmax>880.58</xmax>
      <ymax>281.94</ymax>
    </bndbox>
  </object>
  <object>
    <name>WHITE</name>
    <occluded>0</occluded>
    <bndbox>
      <xmin>797.05</xmin>
      <ymin>203.47</ymin>
      <xmax>831.95</xmax>
      <ymax>245.28</ymax>
    </bndbox>
  </object>
  <object>
    <name>WHITE</name>
    <occluded>0</occluded>
    <bndbox>
      <xmin>828.9</xmin>
      <ymin>280.3</ymin>
      <xmax>857.97</xmax>
      <ymax>324.25</ymax>
    </bndbox>
  </object>
  <object>
    <name>WHITE</name>
    <occluded>0</occluded>
    <bndbox>
      <xmin>797.6</xmin>
      <ymin>318.38</ymin>
      <xmax>830.54</xmax>
      <ymax>360.04</ymax>
    </bndbox>
  </object>
  <object>
    <name>BLACK</name>
    <occluded>0</occluded>
    <bndbox>
      <xmin>774.13</xmin>
      <ymin>365.76</ymin>
      <xmax>810.53</xmax>
      <ymax>413.74</ymax>
    </bndbox>
  </object>
  <object>
    <name>WHITE</name>
    <occluded>0</occluded>
    <bndbox>
      <xmin>852.34</xmin>
      <ymin>596.22</ymin>
      <xmax>878.76</xmax>
      <ymax>643.87</ymax>
    </bndbox>
  </object>
  <object>
    <name>WHITE</name>
    <occluded>0</occluded>
    <bndbox>
      <xmin>776.97</xmin>
      <ymin>524.53</ymin>
      <xmax>807.51</xmax>
      <ymax>576.29</ymax>
    </bndbox>
  </object>
  <object>
    <name>WHITE</name>
    <occluded>0</occluded>
    <bndbox>
      <xmin>809.89</xmin>
      <ymin>596.22</ymin>
      <xmax>837.61</xmax>
      <ymax>643.65</ymax>
    </bndbox>
  </object>
  <object>
    <name>WHITE</name>
    <occluded>0</occluded>
    <bndbox>
      <xmin>297.58</xmin>
      <ymin>229.81</ymin>
      <xmax>332.67</xmax>
      <ymax>268.36</ymax>
    </bndbox>
  </object>
  <object>
    <name>WHITE</name>
    <occluded>0</occluded>
    <bndbox>
      <xmin>689.13</xmin>
      <ymin>109.48</ymin>
      <xmax>732.49</xmax>
      <ymax>141.6</ymax>
    </bndbox>
  </object>
  <object>
    <name>WHITE</name>
    <occluded>0</occluded>
    <bndbox>
      <xmin>614.28</xmin>
      <ymin>80.47</ymin>
      <xmax>659.5</xmax>
      <ymax>106.67</ymax>
    </bndbox>
  </object>
  <object>
    <name>WHITE</name>
    <occluded>0</occluded>
    <bndbox>
      <xmin>521.96</xmin>
      <ymin>67.37</ymin>
      <xmax>566.87</xmax>
      <ymax>89.83</ymax>
    </bndbox>
  </object>
  <object>
    <name>BLACK</name>
    <occluded>0</occluded>
    <bndbox>
      <xmin>311.61</xmin>
      <ymin>269.9</ymin>
      <xmax>343.02</xmax>
      <ymax>316.68</ymax>
    </bndbox>
  </object>
  <object>
    <name>WHITE</name>
    <occluded>0</occluded>
    <bndbox>
      <xmin>889.01</xmin>
      <ymin>315.67</ymin>
      <xmax>915.42</xmax>
      <ymax>361.48</ymax>
    </bndbox>
  </object>
  <object>
    <name>WHITE</name>
    <occluded>0</occluded>
    <bndbox>
      <xmin>351.29</xmin>
      <ymin>197.53</ymin>
      <xmax>389.63</xmax>
      <ymax>238.3</ymax>
    </bndbox>
  </object>
  <object>
    <name>WHITE</name>
    <occluded>0</occluded>
    <bndbox>
      <xmin>648.28</xmin>
      <ymin>336.99</ymin>
      <xmax>694.4</xmax>
      <ymax>382.99</ymax>
    </bndbox>
  </object>
  <object>
    <name>WHITE</name>
    <occluded>0</occluded>
    <bndbox>
      <xmin>745.41</xmin>
      <ymin>601.35</ymin>
      <xmax>785.2</xmax>
      <ymax>653.65</ymax>
    </bndbox>
  </object>
  <object>
    <name>WHITE</name>
    <occluded>0</occluded>
    <bndbox>
      <xmin>705.5</xmin>
      <ymin>523.5</ymin>
      <xmax>740.9</xmax>
      <ymax>576.3</ymax>
    </bndbox>
  </object>
  <object>
    <name>WHITE</name>
    <occluded>0</occluded>
    <bndbox>
      <xmin>666.0</xmin>
      <ymin>440.69</ymin>
      <xmax>708.7</xmax>
      <ymax>491.59</ymax>
    </bndbox>
  </object>
  <object>
    <name>WHITE</name>
    <occluded>0</occluded>
    <bndbox>
      <xmin>586.81</xmin>
      <ymin>373.85</ymin>
      <xmax>637.9</xmax>
      <ymax>423.0</ymax>
    </bndbox>
  </object>
  <object>
    <name>BLACK</name>
    <occluded>0</occluded>
    <bndbox>
      <xmin>674.7</xmin>
      <ymin>616.17</ymin>
      <xmax>716.2</xmax>
      <ymax>673.8</ymax>
    </bndbox>
  </object>
  <object>
    <name>WHITE</name>
    <occluded>0</occluded>
    <bndbox>
      <xmin>618.91</xmin>
      <ymin>528.7</ymin>
      <xmax>671.3</xmax>
      <ymax>580.6</ymax>
    </bndbox>
  </object>
  <object>
    <name>WHITE</name>
    <occluded>0</occluded>
    <bndbox>
      <xmin>578.5</xmin>
      <ymin>457.2</ymin>
      <xmax>633.4</xmax>
      <ymax>511.0</ymax>
    </bndbox>
  </object>
  <object>
    <name>BLACK</name>
    <occluded>0</occluded>
    <bndbox>
      <xmin>511.76</xmin>
      <ymin>398.69</ymin>
      <xmax>566.4</xmax>
      <ymax>439.5</ymax>
    </bndbox>
  </object>
  <object>
    <name>WHITE</name>
    <occluded>0</occluded>
    <bndbox>
      <xmin>563.5</xmin>
      <ymin>562.0</ymin>
      <xmax>619.7</xmax>
      <ymax>616.7</ymax>
    </bndbox>
  </object>
  <object>
    <name>WHITE</name>
    <occluded>0</occluded>
    <bndbox>
      <xmin>513.8</xmin>
      <ymin>492.0</ymin>
      <xmax>569.0</xmax>
      <ymax>542.0</ymax>
    </bndbox>
  </object>
</annotation>
