<annotation>
  <folder>JK</folder>
  <filename>JK_camera3.png</filename>
  <source>
    <database>Unknown</database>
    <annotation>Unknown</annotation>
    <image>Unknown</image>
  </source>
  <size>
    <width>1280</width>
    <height>960</height>
    <depth></depth>
  </size>
  <segmented>0</segmented>
  <object>
    <name>WHITE</name>
    <occluded>0</occluded>
    <bndbox>
      <xmin>794.23</xmin>
      <ymin>189.12</ymin>
      <xmax>840.49</xmax>
      <ymax>218.76</ymax>
    </bndbox>
  </object>
  <object>
    <name>WHITE</name>
    <occluded>0</occluded>
    <bndbox>
      <xmin>677.01</xmin>
      <ymin>143.75</ymin>
      <xmax>725.51</xmax>
      <ymax>169.36</ymax>
    </bndbox>
  </object>
  <object>
    <name>WHITE</name>
    <occluded>0</occluded>
    <bndbox>
      <xmin>903.46</xmin>
      <ymin>271.53</ymin>
      <xmax>938.94</xmax>
      <ymax>317.34</ymax>
    </bndbox>
  </object>
  <object>
    <name>WHITE</name>
    <occluded>0</occluded>
    <bndbox>
      <xmin>971.72</xmin>
      <ymin>468.21</ymin>
      <xmax>1001.37</xmax>
      <ymax>524.8</ymax>
    </bndbox>
  </object>
  <object>
    <name>BLACK</name>
    <occluded>0</occluded>
    <bndbox>
      <xmin>361.4</xmin>
      <ymin>758.5</ymin>
      <xmax>395.1</xmax>
      <ymax>805.2</ymax>
    </bndbox>
  </object>
  <object>
    <name>WHITE</name>
    <occluded>0</occluded>
    <bndbox>
      <xmin>378.27</xmin>
      <ymin>216.14</ymin>
      <xmax>416.86</xmax>
      <ymax>259.9</ymax>
    </bndbox>
  </object>
  <object>
    <name>WHITE</name>
    <occluded>0</occluded>
    <bndbox>
      <xmin>834.4</xmin>
      <ymin>795.57</ymin>
      <xmax>878.08</xmax>
      <ymax>838.7</ymax>
    </bndbox>
  </object>
  <object>
    <name>WHITE</name>
    <occluded>0</occluded>
    <bndbox>
      <xmin>792.6</xmin>
      <ymin>833.19</ymin>
      <xmax>839.47</xmax>
      <ymax>878.5</ymax>
    </bndbox>
  </object>
  <object>
    <name>WHITE</name>
    <occluded>0</occluded>
    <bndbox>
      <xmin>741.8</xmin>
      <ymin>878.96</ymin>
      <xmax>787.18</xmax>
      <ymax>920.4</ymax>
    </bndbox>
  </object>
  <object>
    <name>WHITE</name>
    <occluded>0</occluded>
    <bndbox>
      <xmin>604.25</xmin>
      <ymin>881.55</ymin>
      <xmax>629.75</xmax>
      <ymax>920.45</ymax>
    </bndbox>
  </object>
  <object>
    <name>WHITE</name>
    <occluded>0</occluded>
    <bndbox>
      <xmin>747.97</xmin>
      <ymin>221.45</ymin>
      <xmax>797.82</xmax>
      <ymax>260.53</ymax>
    </bndbox>
  </object>
  <object>
    <name>WHITE</name>
    <occluded>0</occluded>
    <bndbox>
      <xmin>831.51</xmin>
      <ymin>240.77</ymin>
      <xmax>879.56</xmax>
      <ymax>281.64</ymax>
    </bndbox>
  </object>
  <object>
    <name>WHITE</name>
    <occluded>0</occluded>
    <bndbox>
      <xmin>923.13</xmin>
      <ymin>430.75</ymin>
      <xmax>956.4</xmax>
      <ymax>480.6</ymax>
    </bndbox>
  </object>
  <object>
    <name>WHITE</name>
    <occluded>0</occluded>
    <bndbox>
      <xmin>308.68</xmin>
      <ymin>398.42</ymin>
      <xmax>332.08</xmax>
      <ymax>447.07</ymax>
    </bndbox>
  </object>
  <object>
    <name>WHITE</name>
    <occluded>0</occluded>
    <bndbox>
      <xmin>339.25</xmin>
      <ymin>440.52</ymin>
      <xmax>367.01</xmax>
      <ymax>487.93</ymax>
    </bndbox>
  </object>
  <object>
    <name>WHITE</name>
    <occluded>0</occluded>
    <bndbox>
      <xmin>897.39</xmin>
      <ymin>524.58</ymin>
      <xmax>936.09</xmax>
      <ymax>572.61</ymax>
    </bndbox>
  </object>
  <object>
    <name>WHITE</name>
    <occluded>0</occluded>
    <bndbox>
      <xmin>326.96</xmin>
      <ymin>591.01</ymin>
      <xmax>354.41</xmax>
      <ymax>638.11</ymax>
    </bndbox>
  </object>
  <object>
    <name>WHITE</name>
    <occluded>0</occluded>
    <bndbox>
      <xmin>360.02</xmin>
      <ymin>515.53</ymin>
      <xmax>395.3</xmax>
      <ymax>563.6</ymax>
    </bndbox>
  </object>
  <object>
    <name>WHITE</name>
    <occluded>0</occluded>
    <bndbox>
      <xmin>356.9</xmin>
      <ymin>623.45</ymin>
      <xmax>391.84</xmax>
      <ymax>671.48</ymax>
    </bndbox>
  </object>
  <object>
    <name>WHITE</name>
    <occluded>0</occluded>
    <bndbox>
      <xmin>687.51</xmin>
      <ymin>808.09</ymin>
      <xmax>735.54</xmax>
      <ymax>853.94</ymax>
    </bndbox>
  </object>
  <object>
    <name>WHITE</name>
    <occluded>0</occluded>
    <bndbox>
      <xmin>706.23</xmin>
      <ymin>859.87</ymin>
      <xmax>755.16</xmax>
      <ymax>907.27</ymax>
    </bndbox>
  </object>
  <object>
    <name>WHITE</name>
    <occluded>0</occluded>
    <bndbox>
      <xmin>752.36</xmin>
      <ymin>764.43</ymin>
      <xmax>801.35</xmax>
      <ymax>813.08</ymax>
    </bndbox>
  </object>
  <object>
    <name>WHITE</name>
    <occluded>0</occluded>
    <bndbox>
      <xmin>748.96</xmin>
      <ymin>824.0</ymin>
      <xmax>796.05</xmax>
      <ymax>868.29</ymax>
    </bndbox>
  </object>
  <object>
    <name>WHITE</name>
    <occluded>0</occluded>
    <bndbox>
      <xmin>499.15</xmin>
      <ymin>146.45</ymin>
      <xmax>549.9</xmax>
      <ymax>176.54</ymax>
    </bndbox>
  </object>
  <object>
    <name>WHITE</name>
    <occluded>0</occluded>
    <bndbox>
      <xmin>840.3</xmin>
      <ymin>487.29</ymin>
      <xmax>885.53</xmax>
      <ymax>536.1</ymax>
    </bndbox>
  </object>
  <object>
    <name>WHITE</name>
    <occluded>0</occluded>
    <bndbox>
      <xmin>455.69</xmin>
      <ymin>468.83</ymin>
      <xmax>501.9</xmax>
      <ymax>520.5</ymax>
    </bndbox>
  </object>
  <object>
    <name>WHITE</name>
    <occluded>0</occluded>
    <bndbox>
      <xmin>715.4</xmin>
      <ymin>179.4</ymin>
      <xmax>768.5</xmax>
      <ymax>210.8</ymax>
    </bndbox>
  </object>
  <object>
    <name>WHITE</name>
    <occluded>0</occluded>
    <bndbox>
      <xmin>811.43</xmin>
      <ymin>582.9</ymin>
      <xmax>858.6</xmax>
      <ymax>622.03</ymax>
    </bndbox>
  </object>
  <object>
    <name>WHITE</name>
    <occluded>0</occluded>
    <bndbox>
      <xmin>868.18</xmin>
      <ymin>392.61</ymin>
      <xmax>906.1</xmax>
      <ymax>447.9</ymax>
    </bndbox>
  </object>
  <object>
    <name>WHITE</name>
    <occluded>0</occluded>
    <bndbox>
      <xmin>862.83</xmin>
      <ymin>308.06</ymin>
      <xmax>905.8</xmax>
      <ymax>363.1</ymax>
    </bndbox>
  </object>
  <object>
    <name>WHITE</name>
    <occluded>0</occluded>
    <bndbox>
      <xmin>924.3</xmin>
      <ymin>350.1</ymin>
      <xmax>954.9</xmax>
      <ymax>402.8</ymax>
    </bndbox>
  </object>
  <object>
    <name>WHITE</name>
    <occluded>0</occluded>
    <bndbox>
      <xmin>454.8</xmin>
      <ymin>190.16</ymin>
      <xmax>503.36</xmax>
      <ymax>225.8</ymax>
    </bndbox>
  </object>
  <object>
    <name>WHITE</name>
    <occluded>0</occluded>
    <bndbox>
      <xmin>416.8</xmin>
      <ymin>245.13</ymin>
      <xmax>461.22</xmax>
      <ymax>289.4</ymax>
    </bndbox>
  </object>
  <object>
    <name>WHITE</name>
    <occluded>0</occluded>
    <bndbox>
      <xmin>330.94</xmin>
      <ymin>355.19</ymin>
      <xmax>361.4</xmax>
      <ymax>406.2</ymax>
    </bndbox>
  </object>
  <object>
    <name>WHITE</name>
    <occluded>0</occluded>
    <bndbox>
      <xmin>384.5</xmin>
      <ymin>317.06</ymin>
      <xmax>426.53</xmax>
      <ymax>368.6</ymax>
    </bndbox>
  </object>
  <object>
    <name>BLACK</name>
    <occluded>0</occluded>
    <bndbox>
      <xmin>368.89</xmin>
      <ymin>395.14</ymin>
      <xmax>407.0</xmax>
      <ymax>447.0</ymax>
    </bndbox>
  </object>
  <object>
    <name>WHITE</name>
    <occluded>0</occluded>
    <bndbox>
      <xmin>392.76</xmin>
      <ymin>468.5</ymin>
      <xmax>437.9</xmax>
      <ymax>516.7</ymax>
    </bndbox>
  </object>
  <object>
    <name>WHITE</name>
    <occluded>0</occluded>
    <bndbox>
      <xmin>419.43</xmin>
      <ymin>387.15</ymin>
      <xmax>462.57</xmax>
      <ymax>440.2</ymax>
    </bndbox>
  </object>
  <object>
    <name>WHITE</name>
    <occluded>0</occluded>
    <bndbox>
      <xmin>450.9</xmin>
      <ymin>316.98</ymin>
      <xmax>497.61</xmax>
      <ymax>364.5</ymax>
    </bndbox>
  </object>
  <object>
    <name>WHITE</name>
    <occluded>0</occluded>
    <bndbox>
      <xmin>494.2</xmin>
      <ymin>249.56</ymin>
      <xmax>541.8</xmax>
      <ymax>298.9</ymax>
    </bndbox>
  </object>
  <object>
    <name>WHITE</name>
    <occluded>0</occluded>
    <bndbox>
      <xmin>534.6</xmin>
      <ymin>191.01</ymin>
      <xmax>585.98</xmax>
      <ymax>231.9</ymax>
    </bndbox>
  </object>
  <object>
    <name>WHITE</name>
    <occluded>0</occluded>
    <bndbox>
      <xmin>582.55</xmin>
      <ymin>141.56</ymin>
      <xmax>633.0</xmax>
      <ymax>168.7</ymax>
    </bndbox>
  </object>
  <object>
    <name>WHITE</name>
    <occluded>0</occluded>
    <bndbox>
      <xmin>391.51</xmin>
      <ymin>594.18</ymin>
      <xmax>434.0</xmax>
      <ymax>637.4</ymax>
    </bndbox>
  </object>
  <object>
    <name>WHITE</name>
    <occluded>0</occluded>
    <bndbox>
      <xmin>427.86</xmin>
      <ymin>544.04</ymin>
      <xmax>474.1</xmax>
      <ymax>593.9</ymax>
    </bndbox>
  </object>
  <object>
    <name>WHITE</name>
    <occluded>0</occluded>
    <bndbox>
      <xmin>492.95</xmin>
      <ymin>380.45</ymin>
      <xmax>542.7</xmax>
      <ymax>433.5</ymax>
    </bndbox>
  </object>
  <object>
    <name>WHITE</name>
    <occluded>0</occluded>
    <bndbox>
      <xmin>531.15</xmin>
      <ymin>306.7</ymin>
      <xmax>580.9</xmax>
      <ymax>356.2</ymax>
    </bndbox>
  </object>
  <object>
    <name>WHITE</name>
    <occluded>0</occluded>
    <bndbox>
      <xmin>567.21</xmin>
      <ymin>236.87</ymin>
      <xmax>621.4</xmax>
      <ymax>287.4</ymax>
    </bndbox>
  </object>
  <object>
    <name>WHITE</name>
    <occluded>0</occluded>
    <bndbox>
      <xmin>621.01</xmin>
      <ymin>175.56</ymin>
      <xmax>673.2</xmax>
      <ymax>212.0</ymax>
    </bndbox>
  </object>
  <object>
    <name>WHITE</name>
    <occluded>0</occluded>
    <bndbox>
      <xmin>458.76</xmin>
      <ymin>604.83</ymin>
      <xmax>503.9</xmax>
      <ymax>648.7</ymax>
    </bndbox>
  </object>
  <object>
    <name>WHITE</name>
    <occluded>0</occluded>
    <bndbox>
      <xmin>503.7</xmin>
      <ymin>549.31</ymin>
      <xmax>554.4</xmax>
      <ymax>594.2</ymax>
    </bndbox>
  </object>
  <object>
    <name>WHITE</name>
    <occluded>0</occluded>
    <bndbox>
      <xmin>533.2</xmin>
      <ymin>459.95</ymin>
      <xmax>589.0</xmax>
      <ymax>515.7</ymax>
    </bndbox>
  </object>
  <object>
    <name>WHITE</name>
    <occluded>0</occluded>
    <bndbox>
      <xmin>576.5</xmin>
      <ymin>369.8</ymin>
      <xmax>627.7</xmax>
      <ymax>420.0</ymax>
    </bndbox>
  </object>
  <object>
    <name>WHITE</name>
    <occluded>0</occluded>
    <bndbox>
      <xmin>614.81</xmin>
      <ymin>291.2</ymin>
      <xmax>667.6</xmax>
      <ymax>339.14</ymax>
    </bndbox>
  </object>
  <object>
    <name>WHITE</name>
    <occluded>0</occluded>
    <bndbox>
      <xmin>661.86</xmin>
      <ymin>217.7</ymin>
      <xmax>713.9</xmax>
      <ymax>258.6</ymax>
    </bndbox>
  </object>
  <object>
    <name>WHITE</name>
    <occluded>0</occluded>
    <bndbox>
      <xmin>544.48</xmin>
      <ymin>652.33</ymin>
      <xmax>595.4</xmax>
      <ymax>705.3</ymax>
    </bndbox>
  </object>
  <object>
    <name>WHITE</name>
    <occluded>0</occluded>
    <bndbox>
      <xmin>558.07</xmin>
      <ymin>602.07</ymin>
      <xmax>608.5</xmax>
      <ymax>648.1</ymax>
    </bndbox>
  </object>
  <object>
    <name>WHITE</name>
    <occluded>0</occluded>
    <bndbox>
      <xmin>599.5</xmin>
      <ymin>532.0</ymin>
      <xmax>652.3</xmax>
      <ymax>581.3</ymax>
    </bndbox>
  </object>
  <object>
    <name>WHITE</name>
    <occluded>0</occluded>
    <bndbox>
      <xmin>624.49</xmin>
      <ymin>442.75</ymin>
      <xmax>679.7</xmax>
      <ymax>497.0</ymax>
    </bndbox>
  </object>
  <object>
    <name>WHITE</name>
    <occluded>0</occluded>
    <bndbox>
      <xmin>660.09</xmin>
      <ymin>353.9</ymin>
      <xmax>707.8</xmax>
      <ymax>402.69</ymax>
    </bndbox>
  </object>
  <object>
    <name>WHITE</name>
    <occluded>0</occluded>
    <bndbox>
      <xmin>698.1</xmin>
      <ymin>270.5</ymin>
      <xmax>749.2</xmax>
      <ymax>323.3</ymax>
    </bndbox>
  </object>
  <object>
    <name>WHITE</name>
    <occluded>0</occluded>
    <bndbox>
      <xmin>471.02</xmin>
      <ymin>825.85</ymin>
      <xmax>509.4</xmax>
      <ymax>865.3</ymax>
    </bndbox>
  </object>
  <object>
    <name>WHITE</name>
    <occluded>0</occluded>
    <bndbox>
      <xmin>503.75</xmin>
      <ymin>797.78</ymin>
      <xmax>540.6</xmax>
      <ymax>846.3</ymax>
    </bndbox>
  </object>
  <object>
    <name>WHITE</name>
    <occluded>0</occluded>
    <bndbox>
      <xmin>553.18</xmin>
      <ymin>771.08</ymin>
      <xmax>590.2</xmax>
      <ymax>820.3</ymax>
    </bndbox>
  </object>
  <object>
    <name>BLACK</name>
    <occluded>0</occluded>
    <bndbox>
      <xmin>574.6</xmin>
      <ymin>713.27</ymin>
      <xmax>622.7</xmax>
      <ymax>762.2</ymax>
    </bndbox>
  </object>
  <object>
    <name>WHITE</name>
    <occluded>0</occluded>
    <bndbox>
      <xmin>624.2</xmin>
      <ymin>654.38</ymin>
      <xmax>677.7</xmax>
      <ymax>703.9</ymax>
    </bndbox>
  </object>
  <object>
    <name>WHITE</name>
    <occluded>0</occluded>
    <bndbox>
      <xmin>658.57</xmin>
      <ymin>581.64</ymin>
      <xmax>711.9</xmax>
      <ymax>631.4</ymax>
    </bndbox>
  </object>
  <object>
    <name>WHITE</name>
    <occluded>0</occluded>
    <bndbox>
      <xmin>781.71</xmin>
      <ymin>281.51</ymin>
      <xmax>832.9</xmax>
      <ymax>331.2</ymax>
    </bndbox>
  </object>
  <object>
    <name>WHITE</name>
    <occluded>0</occluded>
    <bndbox>
      <xmin>796.26</xmin>
      <ymin>363.81</ymin>
      <xmax>849.7</xmax>
      <ymax>421.7</ymax>
    </bndbox>
  </object>
  <object>
    <name>WHITE</name>
    <occluded>0</occluded>
    <bndbox>
      <xmin>779.92</xmin>
      <ymin>449.05</ymin>
      <xmax>830.9</xmax>
      <ymax>500.8</ymax>
    </bndbox>
  </object>
  <object>
    <name>WHITE</name>
    <occluded>0</occluded>
    <bndbox>
      <xmin>751.4</xmin>
      <ymin>542.0</ymin>
      <xmax>799.7</xmax>
      <ymax>591.3</ymax>
    </bndbox>
  </object>
  <object>
    <name>WHITE</name>
    <occluded>0</occluded>
    <bndbox>
      <xmin>716.57</xmin>
      <ymin>629.95</ymin>
      <xmax>768.9</xmax>
      <ymax>685.4</ymax>
    </bndbox>
  </object>
  <object>
    <name>WHITE</name>
    <occluded>0</occluded>
    <bndbox>
      <xmin>685.9</xmin>
      <ymin>503.7</ymin>
      <xmax>739.9</xmax>
      <ymax>557.2</ymax>
    </bndbox>
  </object>
  <object>
    <name>WHITE</name>
    <occluded>0</occluded>
    <bndbox>
      <xmin>713.9</xmin>
      <ymin>419.75</ymin>
      <xmax>768.7</xmax>
      <ymax>475.3</ymax>
    </bndbox>
  </object>
  <object>
    <name>BLACK</name>
    <occluded>0</occluded>
    <bndbox>
      <xmin>732.16</xmin>
      <ymin>339.82</ymin>
      <xmax>783.7</xmax>
      <ymax>391.9</ymax>
    </bndbox>
  </object>
  <object>
    <name>WHITE</name>
    <occluded>0</occluded>
    <bndbox>
      <xmin>637.67</xmin>
      <ymin>726.8</ymin>
      <xmax>688.6</xmax>
      <ymax>776.1</ymax>
    </bndbox>
  </object>
  <object>
    <name>WHITE</name>
    <occluded>0</occluded>
    <bndbox>
      <xmin>702.92</xmin>
      <ymin>725.96</ymin>
      <xmax>754.2</xmax>
      <ymax>773.0</ymax>
    </bndbox>
  </object>
  <object>
    <name>WHITE</name>
    <occluded>0</occluded>
    <bndbox>
      <xmin>616.95</xmin>
      <ymin>782.08</ymin>
      <xmax>664.4</xmax>
      <ymax>833.1</ymax>
    </bndbox>
  </object>
  <object>
    <name>WHITE</name>
    <occluded>0</occluded>
    <bndbox>
      <xmin>570.29</xmin>
      <ymin>829.12</ymin>
      <xmax>615.3</xmax>
      <ymax>872.1</ymax>
    </bndbox>
  </object>
  <object>
    <name>WHITE</name>
    <occluded>0</occluded>
    <bndbox>
      <xmin>535.24</xmin>
      <ymin>855.86</ymin>
      <xmax>575.2</xmax>
      <ymax>896.8</ymax>
    </bndbox>
  </object>
  <object>
    <name>WHITE</name>
    <occluded>0</occluded>
    <bndbox>
      <xmin>638.2</xmin>
      <ymin>849.38</ymin>
      <xmax>687.1</xmax>
      <ymax>891.1</ymax>
    </bndbox>
  </object>
  <object>
    <name>BLACK</name>
    <occluded>0</occluded>
    <bndbox>
      <xmin>805.07</xmin>
      <ymin>771.56</ymin>
      <xmax>848.4</xmax>
      <ymax>821.2</ymax>
    </bndbox>
  </object>
  <object>
    <name>BLACK</name>
    <occluded>0</occluded>
    <bndbox>
      <xmin>659.52</xmin>
      <ymin>903.83</ymin>
      <xmax>707.8</xmax>
      <ymax>933.5</ymax>
    </bndbox>
  </object>
</annotation>
