<annotation>
  <folder>JK</folder>
  <filename>JK_camera9.png</filename>
  <source>
    <database>Unknown</database>
    <annotation>Unknown</annotation>
    <image>Unknown</image>
  </source>
  <size>
    <width>960</width>
    <height>1280</height>
    <depth></depth>
  </size>
  <segmented>0</segmented>
  <object>
    <name>WHITE</name>
    <occluded>0</occluded>
    <bndbox>
      <xmin>164.68</xmin>
      <ymin>500.7</ymin>
      <xmax>197.29</xmax>
      <ymax>546.1</ymax>
    </bndbox>
  </object>
  <object>
    <name>WHITE</name>
    <occluded>0</occluded>
    <bndbox>
      <xmin>706.59</xmin>
      <ymin>631.18</ymin>
      <xmax>736.03</xmax>
      <ymax>681.09</ymax>
    </bndbox>
  </object>
  <object>
    <name>WHITE</name>
    <occluded>0</occluded>
    <bndbox>
      <xmin>705.09</xmin>
      <ymin>568.31</ymin>
      <xmax>735.53</xmax>
      <ymax>619.71</ymax>
    </bndbox>
  </object>
  <object>
    <name>WHITE</name>
    <occluded>0</occluded>
    <bndbox>
      <xmin>699.94</xmin>
      <ymin>443.58</ymin>
      <xmax>733.73</xmax>
      <ymax>488.63</ymax>
    </bndbox>
  </object>
  <object>
    <name>WHITE</name>
    <occluded>0</occluded>
    <bndbox>
      <xmin>636.6</xmin>
      <ymin>404.19</ymin>
      <xmax>675.1</xmax>
      <ymax>447.03</ymax>
    </bndbox>
  </object>
  <object>
    <name>WHITE</name>
    <occluded>0</occluded>
    <bndbox>
      <xmin>622.88</xmin>
      <ymin>304.37</ymin>
      <xmax>661.62</xmax>
      <ymax>339.26</ymax>
    </bndbox>
  </object>
  <object>
    <name>WHITE</name>
    <occluded>0</occluded>
    <bndbox>
      <xmin>369.32</xmin>
      <ymin>263.5</ymin>
      <xmax>417.85</xmax>
      <ymax>292.58</ymax>
    </bndbox>
  </object>
  <object>
    <name>WHITE</name>
    <occluded>0</occluded>
    <bndbox>
      <xmin>288.65</xmin>
      <ymin>270.35</ymin>
      <xmax>331.27</xmax>
      <ymax>311.59</ymax>
    </bndbox>
  </object>
  <object>
    <name>WHITE</name>
    <occluded>0</occluded>
    <bndbox>
      <xmin>237.7</xmin>
      <ymin>330.99</ymin>
      <xmax>281.71</xmax>
      <ymax>378.1</ymax>
    </bndbox>
  </object>
  <object>
    <name>WHITE</name>
    <occluded>0</occluded>
    <bndbox>
      <xmin>196.81</xmin>
      <ymin>413.82</ymin>
      <xmax>231.46</xmax>
      <ymax>460.26</ymax>
    </bndbox>
  </object>
  <object>
    <name>WHITE</name>
    <occluded>0</occluded>
    <bndbox>
      <xmin>220.72</xmin>
      <ymin>297.73</ymin>
      <xmax>262.31</xmax>
      <ymax>337.23</ymax>
    </bndbox>
  </object>
  <object>
    <name>BLACK</name>
    <occluded>0</occluded>
    <bndbox>
      <xmin>190.0</xmin>
      <ymin>559.9</ymin>
      <xmax>227.31</xmax>
      <ymax>611.64</ymax>
    </bndbox>
  </object>
  <object>
    <name>BLACK</name>
    <occluded>0</occluded>
    <bndbox>
      <xmin>692.12</xmin>
      <ymin>753.95</ymin>
      <xmax>723.56</xmax>
      <ymax>802.35</ymax>
    </bndbox>
  </object>
  <object>
    <name>WHITE</name>
    <occluded>0</occluded>
    <bndbox>
      <xmin>363.36</xmin>
      <ymin>514.31</ymin>
      <xmax>408.64</xmax>
      <ymax>557.69</ymax>
    </bndbox>
  </object>
  <object>
    <name>WHITE</name>
    <occluded>0</occluded>
    <bndbox>
      <xmin>407.5</xmin>
      <ymin>591.5</ymin>
      <xmax>452.5</xmax>
      <ymax>636.5</ymax>
    </bndbox>
  </object>
  <object>
    <name>WHITE</name>
    <occluded>0</occluded>
    <bndbox>
      <xmin>494.08</xmin>
      <ymin>586.02</ymin>
      <xmax>537.92</xmax>
      <ymax>631.98</ymax>
    </bndbox>
  </object>
  <object>
    <name>WHITE</name>
    <occluded>0</occluded>
    <bndbox>
      <xmin>578.5</xmin>
      <ymin>598.5</ymin>
      <xmax>617.5</xmax>
      <ymax>643.5</ymax>
    </bndbox>
  </object>
  <object>
    <name>WHITE</name>
    <occluded>0</occluded>
    <bndbox>
      <xmin>206.96</xmin>
      <ymin>748.62</ymin>
      <xmax>245.08</xmax>
      <ymax>800.26</ymax>
    </bndbox>
  </object>
  <object>
    <name>WHITE</name>
    <occluded>0</occluded>
    <bndbox>
      <xmin>270.5</xmin>
      <ymin>526.0</ymin>
      <xmax>307.5</xmax>
      <ymax>570.0</ymax>
    </bndbox>
  </object>
  <object>
    <name>WHITE</name>
    <occluded>0</occluded>
    <bndbox>
      <xmin>307.92</xmin>
      <ymin>436.9</ymin>
      <xmax>350.08</xmax>
      <ymax>477.1</ymax>
    </bndbox>
  </object>
  <object>
    <name>WHITE</name>
    <occluded>0</occluded>
    <bndbox>
      <xmin>641.26</xmin>
      <ymin>744.36</ymin>
      <xmax>679.73</xmax>
      <ymax>797.73</ymax>
    </bndbox>
  </object>
  <object>
    <name>WHITE</name>
    <occluded>0</occluded>
    <bndbox>
      <xmin>671.16</xmin>
      <ymin>690.57</ymin>
      <xmax>706.59</xmax>
      <ymax>738.97</ymax>
    </bndbox>
  </object>
  <object>
    <name>WHITE</name>
    <occluded>0</occluded>
    <bndbox>
      <xmin>313.14</xmin>
      <ymin>595.99</ymin>
      <xmax>366.4</xmax>
      <ymax>649.0</ymax>
    </bndbox>
  </object>
  <object>
    <name>WHITE</name>
    <occluded>0</occluded>
    <bndbox>
      <xmin>400.5</xmin>
      <ymin>422.4</ymin>
      <xmax>454.67</xmax>
      <ymax>470.87</ymax>
    </bndbox>
  </object>
  <object>
    <name>WHITE</name>
    <occluded>0</occluded>
    <bndbox>
      <xmin>551.9</xmin>
      <ymin>275.41</ymin>
      <xmax>592.2</xmax>
      <ymax>311.7</ymax>
    </bndbox>
  </object>
  <object>
    <name>WHITE</name>
    <occluded>0</occluded>
    <bndbox>
      <xmin>491.96</xmin>
      <ymin>304.45</ymin>
      <xmax>543.4</xmax>
      <ymax>340.8</ymax>
    </bndbox>
  </object>
  <object>
    <name>WHITE</name>
    <occluded>0</occluded>
    <bndbox>
      <xmin>538.06</xmin>
      <ymin>669.81</ymin>
      <xmax>587.0</xmax>
      <ymax>715.87</ymax>
    </bndbox>
  </object>
  <object>
    <name>WHITE</name>
    <occluded>0</occluded>
    <bndbox>
      <xmin>455.75</xmin>
      <ymin>354.4</ymin>
      <xmax>503.5</xmax>
      <ymax>398.78</ymax>
    </bndbox>
  </object>
  <object>
    <name>WHITE</name>
    <occluded>0</occluded>
    <bndbox>
      <xmin>496.72</xmin>
      <ymin>708.68</ymin>
      <xmax>550.1</xmax>
      <ymax>744.7</ymax>
    </bndbox>
  </object>
  <object>
    <name>WHITE</name>
    <occluded>0</occluded>
    <bndbox>
      <xmin>596.63</xmin>
      <ymin>443.57</ymin>
      <xmax>642.2</xmax>
      <ymax>489.6</ymax>
    </bndbox>
  </object>
  <object>
    <name>WHITE</name>
    <occluded>0</occluded>
    <bndbox>
      <xmin>549.01</xmin>
      <ymin>509.5</ymin>
      <xmax>598.5</xmax>
      <ymax>558.5</ymax>
    </bndbox>
  </object>
  <object>
    <name>WHITE</name>
    <occluded>0</occluded>
    <bndbox>
      <xmin>447.8</xmin>
      <ymin>664.74</ymin>
      <xmax>499.6</xmax>
      <ymax>714.7</ymax>
    </bndbox>
  </object>
  <object>
    <name>WHITE</name>
    <occluded>0</occluded>
    <bndbox>
      <xmin>592.9</xmin>
      <ymin>331.22</ymin>
      <xmax>635.6</xmax>
      <ymax>371.7</ymax>
    </bndbox>
  </object>
  <object>
    <name>WHITE</name>
    <occluded>0</occluded>
    <bndbox>
      <xmin>551.5</xmin>
      <ymin>369.2</ymin>
      <xmax>597.5</xmax>
      <ymax>413.7</ymax>
    </bndbox>
  </object>
  <object>
    <name>WHITE</name>
    <occluded>0</occluded>
    <bndbox>
      <xmin>501.6</xmin>
      <ymin>425.9</ymin>
      <xmax>553.1</xmax>
      <ymax>473.9</ymax>
    </bndbox>
  </object>
  <object>
    <name>WHITE</name>
    <occluded>0</occluded>
    <bndbox>
      <xmin>450.2</xmin>
      <ymin>499.9</ymin>
      <xmax>500.8</xmax>
      <ymax>551.6</ymax>
    </bndbox>
  </object>
  <object>
    <name>WHITE</name>
    <occluded>0</occluded>
    <bndbox>
      <xmin>362.55</xmin>
      <ymin>669.2</ymin>
      <xmax>415.4</xmax>
      <ymax>713.0</ymax>
    </bndbox>
  </object>
  <object>
    <name>WHITE</name>
    <occluded>0</occluded>
    <bndbox>
      <xmin>328.3</xmin>
      <ymin>707.87</ymin>
      <xmax>378.58</xmax>
      <ymax>746.7</ymax>
    </bndbox>
  </object>
  <object>
    <name>WHITE</name>
    <occluded>0</occluded>
    <bndbox>
      <xmin>326.1</xmin>
      <ymin>301.35</ymin>
      <xmax>374.87</xmax>
      <ymax>343.7</ymax>
    </bndbox>
  </object>
  <object>
    <name>WHITE</name>
    <occluded>0</occluded>
    <bndbox>
      <xmin>218.34</xmin>
      <ymin>691.92</ymin>
      <xmax>255.6</xmax>
      <ymax>743.2</ymax>
    </bndbox>
  </object>
  <object>
    <name>WHITE</name>
    <occluded>0</occluded>
    <bndbox>
      <xmin>244.7</xmin>
      <ymin>611.13</ymin>
      <xmax>286.8</xmax>
      <ymax>663.4</ymax>
    </bndbox>
  </object>
  <object>
    <name>BLACK</name>
    <occluded>0</occluded>
    <bndbox>
      <xmin>649.5</xmin>
      <ymin>540.0</ymin>
      <xmax>684.0</xmax>
      <ymax>579.0</ymax>
    </bndbox>
  </object>
  <object>
    <name>WHITE</name>
    <occluded>0</occluded>
    <bndbox>
      <xmin>578.69</xmin>
      <ymin>724.04</ymin>
      <xmax>623.6</xmax>
      <ymax>769.0</ymax>
    </bndbox>
  </object>
  <object>
    <name>WHITE</name>
    <occluded>0</occluded>
    <bndbox>
      <xmin>358.72</xmin>
      <ymin>353.82</ymin>
      <xmax>410.9</xmax>
      <ymax>396.8</ymax>
    </bndbox>
  </object>
  <object>
    <name>WHITE</name>
    <occluded>0</occluded>
    <bndbox>
      <xmin>406.37</xmin>
      <ymin>300.69</ymin>
      <xmax>460.0</xmax>
      <ymax>344.6</ymax>
    </bndbox>
  </object>
  <object>
    <name>WHITE</name>
    <occluded>0</occluded>
    <bndbox>
      <xmin>262.01</xmin>
      <ymin>726.6</ymin>
      <xmax>306.6</xmax>
      <ymax>766.0</ymax>
    </bndbox>
  </object>
  <object>
    <name>WHITE</name>
    <occluded>0</occluded>
    <bndbox>
      <xmin>266.9</xmin>
      <ymin>376.84</ymin>
      <xmax>313.46</xmax>
      <ymax>421.8</ymax>
    </bndbox>
  </object>
  <object>
    <name>WHITE</name>
    <occluded>0</occluded>
    <bndbox>
      <xmin>224.63</xmin>
      <ymin>465.27</ymin>
      <xmax>268.59</xmax>
      <ymax>509.6</ymax>
    </bndbox>
  </object>
  <object>
    <name>WHITE</name>
    <occluded>0</occluded>
    <bndbox>
      <xmin>617.0</xmin>
      <ymin>683.5</ymin>
      <xmax>655.4</xmax>
      <ymax>729.5</ymax>
    </bndbox>
  </object>
  <object>
    <name>WHITE</name>
    <occluded>0</occluded>
    <bndbox>
      <xmin>656.72</xmin>
      <ymin>609.88</ymin>
      <xmax>689.3</xmax>
      <ymax>660.1</ymax>
    </bndbox>
  </object>
  <object>
    <name>WHITE</name>
    <occluded>0</occluded>
    <bndbox>
      <xmin>282.19</xmin>
      <ymin>678.46</ymin>
      <xmax>331.9</xmax>
      <ymax>723.46</ymax>
    </bndbox>
  </object>
</annotation>
