<annotation>
  <folder>JK</folder>
  <filename>JK_camera8.png</filename>
  <source>
    <database>Unknown</database>
    <annotation>Unknown</annotation>
    <image>Unknown</image>
  </source>
  <size>
    <width>1280</width>
    <height>960</height>
    <depth></depth>
  </size>
  <segmented>0</segmented>
  <object>
    <name>WHITE</name>
    <occluded>0</occluded>
    <bndbox>
      <xmin>198.7</xmin>
      <ymin>357.62</ymin>
      <xmax>235.38</xmax>
      <ymax>406.27</ymax>
    </bndbox>
  </object>
  <object>
    <name>WHITE</name>
    <occluded>0</occluded>
    <bndbox>
      <xmin>394.64</xmin>
      <ymin>121.02</ymin>
      <xmax>440.18</xmax>
      <ymax>151.89</ymax>
    </bndbox>
  </object>
  <object>
    <name>BLACK</name>
    <occluded>0</occluded>
    <bndbox>
      <xmin>464.82</xmin>
      <ymin>126.63</ymin>
      <xmax>512.54</xmax>
      <ymax>154.7</ymax>
    </bndbox>
  </object>
  <object>
    <name>WHITE</name>
    <occluded>0</occluded>
    <bndbox>
      <xmin>775.75</xmin>
      <ymin>246.09</ymin>
      <xmax>809.7</xmax>
      <ymax>286.01</ymax>
    </bndbox>
  </object>
  <object>
    <name>WHITE</name>
    <occluded>0</occluded>
    <bndbox>
      <xmin>763.63</xmin>
      <ymin>300.39</ymin>
      <xmax>797.69</xmax>
      <ymax>343.8</ymax>
    </bndbox>
  </object>
  <object>
    <name>WHITE</name>
    <occluded>0</occluded>
    <bndbox>
      <xmin>859.82</xmin>
      <ymin>349.79</ymin>
      <xmax>885.27</xmax>
      <ymax>395.83</ymax>
    </bndbox>
  </object>
  <object>
    <name>WHITE</name>
    <occluded>0</occluded>
    <bndbox>
      <xmin>806.71</xmin>
      <ymin>366.03</ymin>
      <xmax>846.69</xmax>
      <ymax>408.25</ymax>
    </bndbox>
  </object>
  <object>
    <name>WHITE</name>
    <occluded>0</occluded>
    <bndbox>
      <xmin>874.98</xmin>
      <ymin>629.22</ymin>
      <xmax>910.01</xmax>
      <ymax>676.38</ymax>
    </bndbox>
  </object>
  <object>
    <name>WHITE</name>
    <occluded>0</occluded>
    <bndbox>
      <xmin>844.89</xmin>
      <ymin>675.03</ymin>
      <xmax>877.23</xmax>
      <ymax>724.88</ymax>
    </bndbox>
  </object>
  <object>
    <name>WHITE</name>
    <occluded>0</occluded>
    <bndbox>
      <xmin>298.3</xmin>
      <ymin>546.88</ymin>
      <xmax>345.7</xmax>
      <ymax>587.12</ymax>
    </bndbox>
  </object>
  <object>
    <name>WHITE</name>
    <occluded>0</occluded>
    <bndbox>
      <xmin>810.46</xmin>
      <ymin>532.36</ymin>
      <xmax>852.9</xmax>
      <ymax>579.6</ymax>
    </bndbox>
  </object>
  <object>
    <name>WHITE</name>
    <occluded>0</occluded>
    <bndbox>
      <xmin>855.67</xmin>
      <ymin>504.45</ymin>
      <xmax>889.4</xmax>
      <ymax>548.9</ymax>
    </bndbox>
  </object>
  <object>
    <name>WHITE</name>
    <occluded>0</occluded>
    <bndbox>
      <xmin>633.7</xmin>
      <ymin>612.48</ymin>
      <xmax>687.9</xmax>
      <ymax>669.3</ymax>
    </bndbox>
  </object>
  <object>
    <name>WHITE</name>
    <occluded>0</occluded>
    <bndbox>
      <xmin>688.76</xmin>
      <ymin>558.0</ymin>
      <xmax>742.5</xmax>
      <ymax>607.8</ymax>
    </bndbox>
  </object>
  <object>
    <name>WHITE</name>
    <occluded>0</occluded>
    <bndbox>
      <xmin>742.65</xmin>
      <ymin>495.87</ymin>
      <xmax>796.0</xmax>
      <ymax>541.93</ymax>
    </bndbox>
  </object>
  <object>
    <name>WHITE</name>
    <occluded>0</occluded>
    <bndbox>
      <xmin>816.76</xmin>
      <ymin>443.15</ymin>
      <xmax>852.3</xmax>
      <ymax>488.4</ymax>
    </bndbox>
  </object>
  <object>
    <name>WHITE</name>
    <occluded>0</occluded>
    <bndbox>
      <xmin>820.72</xmin>
      <ymin>297.11</ymin>
      <xmax>851.6</xmax>
      <ymax>337.97</ymax>
    </bndbox>
  </object>
  <object>
    <name>WHITE</name>
    <occluded>0</occluded>
    <bndbox>
      <xmin>768.52</xmin>
      <ymin>580.09</ymin>
      <xmax>814.2</xmax>
      <ymax>631.4</ymax>
    </bndbox>
  </object>
  <object>
    <name>WHITE</name>
    <occluded>0</occluded>
    <bndbox>
      <xmin>529.44</xmin>
      <ymin>117.15</ymin>
      <xmax>580.28</xmax>
      <ymax>143.66</ymax>
    </bndbox>
  </object>
  <object>
    <name>WHITE</name>
    <occluded>0</occluded>
    <bndbox>
      <xmin>600.56</xmin>
      <ymin>125.26</ymin>
      <xmax>650.15</xmax>
      <ymax>152.08</ymax>
    </bndbox>
  </object>
  <object>
    <name>BLACK</name>
    <occluded>0</occluded>
    <bndbox>
      <xmin>783.06</xmin>
      <ymin>667.11</ymin>
      <xmax>825.6</xmax>
      <ymax>722.7</ymax>
    </bndbox>
  </object>
  <object>
    <name>WHITE</name>
    <occluded>0</occluded>
    <bndbox>
      <xmin>824.06</xmin>
      <ymin>619.95</ymin>
      <xmax>862.6</xmax>
      <ymax>668.5</ymax>
    </bndbox>
  </object>
  <object>
    <name>WHITE</name>
    <occluded>0</occluded>
    <bndbox>
      <xmin>859.26</xmin>
      <ymin>573.56</ymin>
      <xmax>890.5</xmax>
      <ymax>622.4</ymax>
    </bndbox>
  </object>
  <object>
    <name>WHITE</name>
    <occluded>0</occluded>
    <bndbox>
      <xmin>709.82</xmin>
      <ymin>637.7</ymin>
      <xmax>764.3</xmax>
      <ymax>694.5</ymax>
    </bndbox>
  </object>
  <object>
    <name>WHITE</name>
    <occluded>0</occluded>
    <bndbox>
      <xmin>539.0</xmin>
      <ymin>597.38</ymin>
      <xmax>595.4</xmax>
      <ymax>648.78</ymax>
    </bndbox>
  </object>
  <object>
    <name>WHITE</name>
    <occluded>0</occluded>
    <bndbox>
      <xmin>740.43</xmin>
      <ymin>360.28</ymin>
      <xmax>786.0</xmax>
      <ymax>401.4</ymax>
    </bndbox>
  </object>
  <object>
    <name>BLACK</name>
    <occluded>0</occluded>
    <bndbox>
      <xmin>702.23</xmin>
      <ymin>406.97</ymin>
      <xmax>748.9</xmax>
      <ymax>457.0</ymax>
    </bndbox>
  </object>
  <object>
    <name>WHITE</name>
    <occluded>0</occluded>
    <bndbox>
      <xmin>669.25</xmin>
      <ymin>484.81</ymin>
      <xmax>721.9</xmax>
      <ymax>529.19</ymax>
    </bndbox>
  </object>
  <object>
    <name>WHITE</name>
    <occluded>0</occluded>
    <bndbox>
      <xmin>598.65</xmin>
      <ymin>539.0</ymin>
      <xmax>651.8</xmax>
      <ymax>585.7</ymax>
    </bndbox>
  </object>
  <object>
    <name>WHITE</name>
    <occluded>0</occluded>
    <bndbox>
      <xmin>717.29</xmin>
      <ymin>235.83</ymin>
      <xmax>757.1</xmax>
      <ymax>281.0</ymax>
    </bndbox>
  </object>
  <object>
    <name>WHITE</name>
    <occluded>0</occluded>
    <bndbox>
      <xmin>681.74</xmin>
      <ymin>293.07</ymin>
      <xmax>723.3</xmax>
      <ymax>337.2</ymax>
    </bndbox>
  </object>
  <object>
    <name>WHITE</name>
    <occluded>0</occluded>
    <bndbox>
      <xmin>667.15</xmin>
      <ymin>346.92</ymin>
      <xmax>716.7</xmax>
      <ymax>387.0</ymax>
    </bndbox>
  </object>
  <object>
    <name>WHITE</name>
    <occluded>0</occluded>
    <bndbox>
      <xmin>488.78</xmin>
      <ymin>524.51</ymin>
      <xmax>543.5</xmax>
      <ymax>577.9</ymax>
    </bndbox>
  </object>
  <object>
    <name>WHITE</name>
    <occluded>0</occluded>
    <bndbox>
      <xmin>435.5</xmin>
      <ymin>591.88</ymin>
      <xmax>491.7</xmax>
      <ymax>644.4</ymax>
    </bndbox>
  </object>
  <object>
    <name>BLACK</name>
    <occluded>0</occluded>
    <bndbox>
      <xmin>235.8</xmin>
      <ymin>419.56</ymin>
      <xmax>281.1</xmax>
      <ymax>470.5</ymax>
    </bndbox>
  </object>
  <object>
    <name>WHITE</name>
    <occluded>0</occluded>
    <bndbox>
      <xmin>653.56</xmin>
      <ymin>169.05</ymin>
      <xmax>702.0</xmax>
      <ymax>210.6</ymax>
    </bndbox>
  </object>
  <object>
    <name>WHITE</name>
    <occluded>0</occluded>
    <bndbox>
      <xmin>633.98</xmin>
      <ymin>226.17</ymin>
      <xmax>680.1</xmax>
      <ymax>275.2</ymax>
    </bndbox>
  </object>
  <object>
    <name>WHITE</name>
    <occluded>0</occluded>
    <bndbox>
      <xmin>577.19</xmin>
      <ymin>286.88</ymin>
      <xmax>625.4</xmax>
      <ymax>333.4</ymax>
    </bndbox>
  </object>
  <object>
    <name>WHITE</name>
    <occluded>0</occluded>
    <bndbox>
      <xmin>415.98</xmin>
      <ymin>451.15</ymin>
      <xmax>468.9</xmax>
      <ymax>504.0</ymax>
    </bndbox>
  </object>
  <object>
    <name>WHITE</name>
    <occluded>0</occluded>
    <bndbox>
      <xmin>386.13</xmin>
      <ymin>530.58</ymin>
      <xmax>442.4</xmax>
      <ymax>585.0</ymax>
    </bndbox>
  </object>
  <object>
    <name>WHITE</name>
    <occluded>0</occluded>
    <bndbox>
      <xmin>340.1</xmin>
      <ymin>166.0</ymin>
      <xmax>386.83</xmax>
      <ymax>199.6</ymax>
    </bndbox>
  </object>
  <object>
    <name>WHITE</name>
    <occluded>0</occluded>
    <bndbox>
      <xmin>292.9</xmin>
      <ymin>220.7</ymin>
      <xmax>337.77</xmax>
      <ymax>258.6</ymax>
    </bndbox>
  </object>
  <object>
    <name>BLACK</name>
    <occluded>0</occluded>
    <bndbox>
      <xmin>335.44</xmin>
      <ymin>596.71</ymin>
      <xmax>388.6</xmax>
      <ymax>645.5</ymax>
    </bndbox>
  </object>
  <object>
    <name>WHITE</name>
    <occluded>0</occluded>
    <bndbox>
      <xmin>578.76</xmin>
      <ymin>163.58</ymin>
      <xmax>627.9</xmax>
      <ymax>200.3</ymax>
    </bndbox>
  </object>
  <object>
    <name>WHITE</name>
    <occluded>0</occluded>
    <bndbox>
      <xmin>550.43</xmin>
      <ymin>220.86</ymin>
      <xmax>606.2</xmax>
      <ymax>264.26</ymax>
    </bndbox>
  </object>
  <object>
    <name>WHITE</name>
    <occluded>0</occluded>
    <bndbox>
      <xmin>488.94</xmin>
      <ymin>281.13</ymin>
      <xmax>542.5</xmax>
      <ymax>325.85</ymax>
    </bndbox>
  </object>
  <object>
    <name>WHITE</name>
    <occluded>0</occluded>
    <bndbox>
      <xmin>422.4</xmin>
      <ymin>333.4</ymin>
      <xmax>478.93</xmax>
      <ymax>376.81</ymax>
    </bndbox>
  </object>
  <object>
    <name>WHITE</name>
    <occluded>0</occluded>
    <bndbox>
      <xmin>387.71</xmin>
      <ymin>386.43</ymin>
      <xmax>440.3</xmax>
      <ymax>437.9</ymax>
    </bndbox>
  </object>
  <object>
    <name>WHITE</name>
    <occluded>0</occluded>
    <bndbox>
      <xmin>330.6</xmin>
      <ymin>459.4</ymin>
      <xmax>383.3</xmax>
      <ymax>512.1</ymax>
    </bndbox>
  </object>
  <object>
    <name>WHITE</name>
    <occluded>0</occluded>
    <bndbox>
      <xmin>261.37</xmin>
      <ymin>615.49</ymin>
      <xmax>309.13</xmax>
      <ymax>672.8</ymax>
    </bndbox>
  </object>
  <object>
    <name>WHITE</name>
    <occluded>0</occluded>
    <bndbox>
      <xmin>506.38</xmin>
      <ymin>159.5</ymin>
      <xmax>560.9</xmax>
      <ymax>202.24</ymax>
    </bndbox>
  </object>
  <object>
    <name>WHITE</name>
    <occluded>0</occluded>
    <bndbox>
      <xmin>449.3</xmin>
      <ymin>214.0</ymin>
      <xmax>500.7</xmax>
      <ymax>252.7</ymax>
    </bndbox>
  </object>
  <object>
    <name>WHITE</name>
    <occluded>0</occluded>
    <bndbox>
      <xmin>399.3</xmin>
      <ymin>268.89</ymin>
      <xmax>454.8</xmax>
      <ymax>314.2</ymax>
    </bndbox>
  </object>
  <object>
    <name>WHITE</name>
    <occluded>0</occluded>
    <bndbox>
      <xmin>361.99</xmin>
      <ymin>324.18</ymin>
      <xmax>413.5</xmax>
      <ymax>370.0</ymax>
    </bndbox>
  </object>
  <object>
    <name>WHITE</name>
    <occluded>0</occluded>
    <bndbox>
      <xmin>312.97</xmin>
      <ymin>397.94</ymin>
      <xmax>363.1</xmax>
      <ymax>452.2</ymax>
    </bndbox>
  </object>
  <object>
    <name>WHITE</name>
    <occluded>0</occluded>
    <bndbox>
      <xmin>259.24</xmin>
      <ymin>480.46</ymin>
      <xmax>295.24</xmax>
      <ymax>532.9</ymax>
    </bndbox>
  </object>
  <object>
    <name>WHITE</name>
    <occluded>0</occluded>
    <bndbox>
      <xmin>414.25</xmin>
      <ymin>163.97</ymin>
      <xmax>464.8</xmax>
      <ymax>197.3</ymax>
    </bndbox>
  </object>
  <object>
    <name>WHITE</name>
    <occluded>0</occluded>
    <bndbox>
      <xmin>370.1</xmin>
      <ymin>207.89</ymin>
      <xmax>418.38</xmax>
      <ymax>251.4</ymax>
    </bndbox>
  </object>
  <object>
    <name>WHITE</name>
    <occluded>0</occluded>
    <bndbox>
      <xmin>324.6</xmin>
      <ymin>268.04</ymin>
      <xmax>368.54</xmax>
      <ymax>309.4</ymax>
    </bndbox>
  </object>
  <object>
    <name>WHITE</name>
    <occluded>0</occluded>
    <bndbox>
      <xmin>278.25</xmin>
      <ymin>330.48</ymin>
      <xmax>329.7</xmax>
      <ymax>375.4</ymax>
    </bndbox>
  </object>
  <object>
    <name>WHITE</name>
    <occluded>0</occluded>
    <bndbox>
      <xmin>765.24</xmin>
      <ymin>427.09</ymin>
      <xmax>806.9</xmax>
      <ymax>475.9</ymax>
    </bndbox>
  </object>
</annotation>
