<annotation>
  <folder>JK</folder>
  <filename>JK_camera1.png</filename>
  <source>
    <database>Unknown</database>
    <annotation>Unknown</annotation>
    <image>Unknown</image>
  </source>
  <size>
    <width>960</width>
    <height>1280</height>
    <depth></depth>
  </size>
  <segmented>0</segmented>
  <object>
    <name>WHITE</name>
    <occluded>0</occluded>
    <bndbox>
      <xmin>622.26</xmin>
      <ymin>626.34</ymin>
      <xmax>665.7</xmax>
      <ymax>675.3</ymax>
    </bndbox>
  </object>
  <object>
    <name>WHITE</name>
    <occluded>0</occluded>
    <bndbox>
      <xmin>236.77</xmin>
      <ymin>713.34</ymin>
      <xmax>273.7</xmax>
      <ymax>765.1</ymax>
    </bndbox>
  </object>
  <object>
    <name>WHITE</name>
    <occluded>0</occluded>
    <bndbox>
      <xmin>422.82</xmin>
      <ymin>440.29</ymin>
      <xmax>474.0</xmax>
      <ymax>489.8</ymax>
    </bndbox>
  </object>
  <object>
    <name>WHITE</name>
    <occluded>0</occluded>
    <bndbox>
      <xmin>473.84</xmin>
      <ymin>385.26</ymin>
      <xmax>526.2</xmax>
      <ymax>429.9</ymax>
    </bndbox>
  </object>
  <object>
    <name>WHITE</name>
    <occluded>0</occluded>
    <bndbox>
      <xmin>528.77</xmin>
      <ymin>331.84</ymin>
      <xmax>578.7</xmax>
      <ymax>373.5</ymax>
    </bndbox>
  </object>
  <object>
    <name>WHITE</name>
    <occluded>0</occluded>
    <bndbox>
      <xmin>414.41</xmin>
      <ymin>606.98</ymin>
      <xmax>465.6</xmax>
      <ymax>662.3</ymax>
    </bndbox>
  </object>
  <object>
    <name>WHITE</name>
    <occluded>0</occluded>
    <bndbox>
      <xmin>470.76</xmin>
      <ymin>514.59</ymin>
      <xmax>522.4</xmax>
      <ymax>566.7</ymax>
    </bndbox>
  </object>
  <object>
    <name>WHITE</name>
    <occluded>0</occluded>
    <bndbox>
      <xmin>525.06</xmin>
      <ymin>447.37</ymin>
      <xmax>574.7</xmax>
      <ymax>498.5</ymax>
    </bndbox>
  </object>
  <object>
    <name>WHITE</name>
    <occluded>0</occluded>
    <bndbox>
      <xmin>578.7</xmin>
      <ymin>403.73</ymin>
      <xmax>625.0</xmax>
      <ymax>452.4</ymax>
    </bndbox>
  </object>
  <object>
    <name>WHITE</name>
    <occluded>0</occluded>
    <bndbox>
      <xmin>379.92</xmin>
      <ymin>694.51</ymin>
      <xmax>430.6</xmax>
      <ymax>746.0</ymax>
    </bndbox>
  </object>
  <object>
    <name>BLACK</name>
    <occluded>0</occluded>
    <bndbox>
      <xmin>461.65</xmin>
      <ymin>673.45</ymin>
      <xmax>518.1</xmax>
      <ymax>726.3</ymax>
    </bndbox>
  </object>
  <object>
    <name>WHITE</name>
    <occluded>0</occluded>
    <bndbox>
      <xmin>659.33</xmin>
      <ymin>432.2</ymin>
      <xmax>700.3</xmax>
      <ymax>477.5</ymax>
    </bndbox>
  </object>
  <object>
    <name>WHITE</name>
    <occluded>0</occluded>
    <bndbox>
      <xmin>620.56</xmin>
      <ymin>479.03</ymin>
      <xmax>663.0</xmax>
      <ymax>530.4</ymax>
    </bndbox>
  </object>
  <object>
    <name>WHITE</name>
    <occluded>0</occluded>
    <bndbox>
      <xmin>702.18</xmin>
      <ymin>501.06</ymin>
      <xmax>740.5</xmax>
      <ymax>549.4</ymax>
    </bndbox>
  </object>
  <object>
    <name>WHITE</name>
    <occluded>0</occluded>
    <bndbox>
      <xmin>571.41</xmin>
      <ymin>540.6</ymin>
      <xmax>619.2</xmax>
      <ymax>591.55</ymax>
    </bndbox>
  </object>
  <object>
    <name>WHITE</name>
    <occluded>0</occluded>
    <bndbox>
      <xmin>674.58</xmin>
      <ymin>561.42</ymin>
      <xmax>712.3</xmax>
      <ymax>613.2</ymax>
    </bndbox>
  </object>
  <object>
    <name>WHITE</name>
    <occluded>0</occluded>
    <bndbox>
      <xmin>730.0</xmin>
      <ymin>578.25</ymin>
      <xmax>762.17</xmax>
      <ymax>628.8</ymax>
    </bndbox>
  </object>
  <object>
    <name>WHITE</name>
    <occluded>0</occluded>
    <bndbox>
      <xmin>518.17</xmin>
      <ymin>608.9</ymin>
      <xmax>567.0</xmax>
      <ymax>659.7</ymax>
    </bndbox>
  </object>
  <object>
    <name>WHITE</name>
    <occluded>0</occluded>
    <bndbox>
      <xmin>576.77</xmin>
      <ymin>301.33</ymin>
      <xmax>623.9</xmax>
      <ymax>335.29</ymax>
    </bndbox>
  </object>
  <object>
    <name>WHITE</name>
    <occluded>0</occluded>
    <bndbox>
      <xmin>621.82</xmin>
      <ymin>358.51</ymin>
      <xmax>663.9</xmax>
      <ymax>407.1</ymax>
    </bndbox>
  </object>
  <object>
    <name>BLACK</name>
    <occluded>0</occluded>
    <bndbox>
      <xmin>684.2</xmin>
      <ymin>393.51</ymin>
      <xmax>718.85</xmax>
      <ymax>439.26</ymax>
    </bndbox>
  </object>
  <object>
    <name>WHITE</name>
    <occluded>0</occluded>
    <bndbox>
      <xmin>374.8</xmin>
      <ymin>293.84</ymin>
      <xmax>423.73</xmax>
      <ymax>325.2</ymax>
    </bndbox>
  </object>
  <object>
    <name>WHITE</name>
    <occluded>0</occluded>
    <bndbox>
      <xmin>333.1</xmin>
      <ymin>341.53</ymin>
      <xmax>378.2</xmax>
      <ymax>386.58</ymax>
    </bndbox>
  </object>
  <object>
    <name>BLACK</name>
    <occluded>0</occluded>
    <bndbox>
      <xmin>267.99</xmin>
      <ymin>367.52</ymin>
      <xmax>305.45</xmax>
      <ymax>408.76</ymax>
    </bndbox>
  </object>
  <object>
    <name>WHITE</name>
    <occluded>0</occluded>
    <bndbox>
      <xmin>229.38</xmin>
      <ymin>428.62</ymin>
      <xmax>264.77</xmax>
      <ymax>474.36</ymax>
    </bndbox>
  </object>
  <object>
    <name>WHITE</name>
    <occluded>0</occluded>
    <bndbox>
      <xmin>191.25</xmin>
      <ymin>635.85</ymin>
      <xmax>217.52</xmax>
      <ymax>685.58</ymax>
    </bndbox>
  </object>
  <object>
    <name>WHITE</name>
    <occluded>0</occluded>
    <bndbox>
      <xmin>185.17</xmin>
      <ymin>713.17</ymin>
      <xmax>210.81</xmax>
      <ymax>758.22</ymax>
    </bndbox>
  </object>
  <object>
    <name>WHITE</name>
    <occluded>0</occluded>
    <bndbox>
      <xmin>225.02</xmin>
      <ymin>787.33</ymin>
      <xmax>258.98</xmax>
      <ymax>833.08</ymax>
    </bndbox>
  </object>
  <object>
    <name>WHITE</name>
    <occluded>0</occluded>
    <bndbox>
      <xmin>530.13</xmin>
      <ymin>902.53</ymin>
      <xmax>582.94</xmax>
      <ymax>934.55</ymax>
    </bndbox>
  </object>
  <object>
    <name>WHITE</name>
    <occluded>0</occluded>
    <bndbox>
      <xmin>742.22</xmin>
      <ymin>658.84</ymin>
      <xmax>771.74</xmax>
      <ymax>707.91</ymax>
    </bndbox>
  </object>
  <object>
    <name>WHITE</name>
    <occluded>0</occluded>
    <bndbox>
      <xmin>692.3</xmin>
      <ymin>636.7</ymin>
      <xmax>730.6</xmax>
      <ymax>686.4</ymax>
    </bndbox>
  </object>
  <object>
    <name>WHITE</name>
    <occluded>0</occluded>
    <bndbox>
      <xmin>683.81</xmin>
      <ymin>727.8</ymin>
      <xmax>726.19</xmax>
      <ymax>775.2</ymax>
    </bndbox>
  </object>
  <object>
    <name>WHITE</name>
    <occluded>0</occluded>
    <bndbox>
      <xmin>619.01</xmin>
      <ymin>712.84</ymin>
      <xmax>667.1</xmax>
      <ymax>764.2</ymax>
    </bndbox>
  </object>
  <object>
    <name>WHITE</name>
    <occluded>0</occluded>
    <bndbox>
      <xmin>630.4</xmin>
      <ymin>806.97</ymin>
      <xmax>674.87</xmax>
      <ymax>850.4</ymax>
    </bndbox>
  </object>
  <object>
    <name>WHITE</name>
    <occluded>0</occluded>
    <bndbox>
      <xmin>615.4</xmin>
      <ymin>863.3</ymin>
      <xmax>661.54</xmax>
      <ymax>898.1</ymax>
    </bndbox>
  </object>
  <object>
    <name>WHITE</name>
    <occluded>0</occluded>
    <bndbox>
      <xmin>545.19</xmin>
      <ymin>696.32</ymin>
      <xmax>596.1</xmax>
      <ymax>748.0</ymax>
    </bndbox>
  </object>
  <object>
    <name>WHITE</name>
    <occluded>0</occluded>
    <bndbox>
      <xmin>554.2</xmin>
      <ymin>791.26</ymin>
      <xmax>604.4</xmax>
      <ymax>837.2</ymax>
    </bndbox>
  </object>
  <object>
    <name>WHITE</name>
    <occluded>0</occluded>
    <bndbox>
      <xmin>453.34</xmin>
      <ymin>824.42</ymin>
      <xmax>505.5</xmax>
      <ymax>867.6</ymax>
    </bndbox>
  </object>
  <object>
    <name>WHITE</name>
    <occluded>0</occluded>
    <bndbox>
      <xmin>357.36</xmin>
      <ymin>862.05</ymin>
      <xmax>409.7</xmax>
      <ymax>896.0</ymax>
    </bndbox>
  </object>
  <object>
    <name>WHITE</name>
    <occluded>0</occluded>
    <bndbox>
      <xmin>459.98</xmin>
      <ymin>754.79</ymin>
      <xmax>511.5</xmax>
      <ymax>799.5</ymax>
    </bndbox>
  </object>
  <object>
    <name>WHITE</name>
    <occluded>0</occluded>
    <bndbox>
      <xmin>363.21</xmin>
      <ymin>794.28</ymin>
      <xmax>412.3</xmax>
      <ymax>831.3</ymax>
    </bndbox>
  </object>
  <object>
    <name>WHITE</name>
    <occluded>0</occluded>
    <bndbox>
      <xmin>286.02</xmin>
      <ymin>797.47</ymin>
      <xmax>331.0</xmax>
      <ymax>841.0</ymax>
    </bndbox>
  </object>
  <object>
    <name>WHITE</name>
    <occluded>0</occluded>
    <bndbox>
      <xmin>305.3</xmin>
      <ymin>711.5</ymin>
      <xmax>351.2</xmax>
      <ymax>760.7</ymax>
    </bndbox>
  </object>
  <object>
    <name>WHITE</name>
    <occluded>0</occluded>
    <bndbox>
      <xmin>241.39</xmin>
      <ymin>623.42</ymin>
      <xmax>273.2</xmax>
      <ymax>675.8</ymax>
    </bndbox>
  </object>
  <object>
    <name>WHITE</name>
    <occluded>0</occluded>
    <bndbox>
      <xmin>211.06</xmin>
      <ymin>557.06</ymin>
      <xmax>244.1</xmax>
      <ymax>605.4</ymax>
    </bndbox>
  </object>
  <object>
    <name>WHITE</name>
    <occluded>0</occluded>
    <bndbox>
      <xmin>195.1</xmin>
      <ymin>500.22</ymin>
      <xmax>226.75</xmax>
      <ymax>542.5</ymax>
    </bndbox>
  </object>
  <object>
    <name>WHITE</name>
    <occluded>0</occluded>
    <bndbox>
      <xmin>310.11</xmin>
      <ymin>612.5</ymin>
      <xmax>355.9</xmax>
      <ymax>665.1</ymax>
    </bndbox>
  </object>
  <object>
    <name>WHITE</name>
    <occluded>0</occluded>
    <bndbox>
      <xmin>265.8</xmin>
      <ymin>544.42</ymin>
      <xmax>305.33</xmax>
      <ymax>594.9</ymax>
    </bndbox>
  </object>
  <object>
    <name>WHITE</name>
    <occluded>0</occluded>
    <bndbox>
      <xmin>247.4</xmin>
      <ymin>482.43</ymin>
      <xmax>279.5</xmax>
      <ymax>532.0</ymax>
    </bndbox>
  </object>
  <object>
    <name>WHITE</name>
    <occluded>0</occluded>
    <bndbox>
      <xmin>293.6</xmin>
      <ymin>413.19</ymin>
      <xmax>333.66</xmax>
      <ymax>461.0</ymax>
    </bndbox>
  </object>
  <object>
    <name>WHITE</name>
    <occluded>0</occluded>
    <bndbox>
      <xmin>329.4</xmin>
      <ymin>469.93</ymin>
      <xmax>368.78</xmax>
      <ymax>519.3</ymax>
    </bndbox>
  </object>
  <object>
    <name>WHITE</name>
    <occluded>0</occluded>
    <bndbox>
      <xmin>372.86</xmin>
      <ymin>391.8</ymin>
      <xmax>424.2</xmax>
      <ymax>436.8</ymax>
    </bndbox>
  </object>
  <object>
    <name>WHITE</name>
    <occluded>0</occluded>
    <bndbox>
      <xmin>424.55</xmin>
      <ymin>328.47</ymin>
      <xmax>476.4</xmax>
      <ymax>366.4</ymax>
    </bndbox>
  </object>
  <object>
    <name>WHITE</name>
    <occluded>0</occluded>
    <bndbox>
      <xmin>471.26</xmin>
      <ymin>285.77</ymin>
      <xmax>525.6</xmax>
      <ymax>316.5</ymax>
    </bndbox>
  </object>
  <object>
    <name>WHITE</name>
    <occluded>0</occluded>
    <bndbox>
      <xmin>367.5</xmin>
      <ymin>534.2</ymin>
      <xmax>419.2</xmax>
      <ymax>587.6</ymax>
    </bndbox>
  </object>
</annotation>
