<annotation>
  <folder>JK</folder>
  <filename>JK_camera4.png</filename>
  <source>
    <database>Unknown</database>
    <annotation>Unknown</annotation>
    <image>Unknown</image>
  </source>
  <size>
    <width>1280</width>
    <height>960</height>
    <depth></depth>
  </size>
  <segmented>0</segmented>
  <object>
    <name>WHITE</name>
    <occluded>0</occluded>
    <bndbox>
      <xmin>436.0</xmin>
      <ymin>519.5</ymin>
      <xmax>479.4</xmax>
      <ymax>573.0</ymax>
    </bndbox>
  </object>
  <object>
    <name>WHITE</name>
    <occluded>0</occluded>
    <bndbox>
      <xmin>805.2</xmin>
      <ymin>403.44</ymin>
      <xmax>842.8</xmax>
      <ymax>448.56</ymax>
    </bndbox>
  </object>
  <object>
    <name>WHITE</name>
    <occluded>0</occluded>
    <bndbox>
      <xmin>478.16</xmin>
      <ymin>458.56</ymin>
      <xmax>526.5</xmax>
      <ymax>512.1</ymax>
    </bndbox>
  </object>
  <object>
    <name>WHITE</name>
    <occluded>0</occluded>
    <bndbox>
      <xmin>760.75</xmin>
      <ymin>883.77</ymin>
      <xmax>801.25</xmax>
      <ymax>906.23</ymax>
    </bndbox>
  </object>
  <object>
    <name>WHITE</name>
    <occluded>0</occluded>
    <bndbox>
      <xmin>713.5</xmin>
      <ymin>813.5</ymin>
      <xmax>754.5</xmax>
      <ymax>844.5</ymax>
    </bndbox>
  </object>
  <object>
    <name>WHITE</name>
    <occluded>0</occluded>
    <bndbox>
      <xmin>562.47</xmin>
      <ymin>328.61</ymin>
      <xmax>613.1</xmax>
      <ymax>381.7</ymax>
    </bndbox>
  </object>
  <object>
    <name>WHITE</name>
    <occluded>0</occluded>
    <bndbox>
      <xmin>518.77</xmin>
      <ymin>385.92</ymin>
      <xmax>571.5</xmax>
      <ymax>438.7</ymax>
    </bndbox>
  </object>
  <object>
    <name>WHITE</name>
    <occluded>0</occluded>
    <bndbox>
      <xmin>767.55</xmin>
      <ymin>201.83</ymin>
      <xmax>814.26</xmax>
      <ymax>230.57</ymax>
    </bndbox>
  </object>
  <object>
    <name>WHITE</name>
    <occluded>0</occluded>
    <bndbox>
      <xmin>855.08</xmin>
      <ymin>863.66</ymin>
      <xmax>890.72</xmax>
      <ymax>903.17</ymax>
    </bndbox>
  </object>
  <object>
    <name>WHITE</name>
    <occluded>0</occluded>
    <bndbox>
      <xmin>929.67</xmin>
      <ymin>732.62</ymin>
      <xmax>968.94</xmax>
      <ymax>779.06</ymax>
    </bndbox>
  </object>
  <object>
    <name>WHITE</name>
    <occluded>0</occluded>
    <bndbox>
      <xmin>640.38</xmin>
      <ymin>860.33</ymin>
      <xmax>688.76</xmax>
      <ymax>897.76</ymax>
    </bndbox>
  </object>
  <object>
    <name>WHITE</name>
    <occluded>0</occluded>
    <bndbox>
      <xmin>435.41</xmin>
      <ymin>786.29</ymin>
      <xmax>477.2</xmax>
      <ymax>830.27</ymax>
    </bndbox>
  </object>
  <object>
    <name>WHITE</name>
    <occluded>0</occluded>
    <bndbox>
      <xmin>857.51</xmin>
      <ymin>667.48</ymin>
      <xmax>895.69</xmax>
      <ymax>711.9</ymax>
    </bndbox>
  </object>
  <object>
    <name>WHITE</name>
    <occluded>0</occluded>
    <bndbox>
      <xmin>901.84</xmin>
      <ymin>583.14</ymin>
      <xmax>937.77</xmax>
      <ymax>632.09</ymax>
    </bndbox>
  </object>
  <object>
    <name>WHITE</name>
    <occluded>0</occluded>
    <bndbox>
      <xmin>876.2</xmin>
      <ymin>531.49</ymin>
      <xmax>909.93</xmax>
      <ymax>579.99</ymax>
    </bndbox>
  </object>
  <object>
    <name>WHITE</name>
    <occluded>0</occluded>
    <bndbox>
      <xmin>917.96</xmin>
      <ymin>493.31</ymin>
      <xmax>950.35</xmax>
      <ymax>543.62</ymax>
    </bndbox>
  </object>
  <object>
    <name>WHITE</name>
    <occluded>0</occluded>
    <bndbox>
      <xmin>355.7</xmin>
      <ymin>630.75</ymin>
      <xmax>390.28</xmax>
      <ymax>678.8</ymax>
    </bndbox>
  </object>
  <object>
    <name>WHITE</name>
    <occluded>0</occluded>
    <bndbox>
      <xmin>348.51</xmin>
      <ymin>539.57</ymin>
      <xmax>373.66</xmax>
      <ymax>589.88</ymax>
    </bndbox>
  </object>
  <object>
    <name>WHITE</name>
    <occluded>0</occluded>
    <bndbox>
      <xmin>613.95</xmin>
      <ymin>270.09</ymin>
      <xmax>666.05</xmax>
      <ymax>311.86</ymax>
    </bndbox>
  </object>
  <object>
    <name>WHITE</name>
    <occluded>0</occluded>
    <bndbox>
      <xmin>756.77</xmin>
      <ymin>324.44</ymin>
      <xmax>807.97</xmax>
      <ymax>373.39</ymax>
    </bndbox>
  </object>
  <object>
    <name>WHITE</name>
    <occluded>0</occluded>
    <bndbox>
      <xmin>712.76</xmin>
      <ymin>266.05</ymin>
      <xmax>760.81</xmax>
      <ymax>302.88</ymax>
    </bndbox>
  </object>
  <object>
    <name>WHITE</name>
    <occluded>0</occluded>
    <bndbox>
      <xmin>815.16</xmin>
      <ymin>292.55</ymin>
      <xmax>860.97</xmax>
      <ymax>339.26</ymax>
    </bndbox>
  </object>
  <object>
    <name>WHITE</name>
    <occluded>0</occluded>
    <bndbox>
      <xmin>432.9</xmin>
      <ymin>282.22</ymin>
      <xmax>465.29</xmax>
      <ymax>333.42</ymax>
    </bndbox>
  </object>
  <object>
    <name>WHITE</name>
    <occluded>0</occluded>
    <bndbox>
      <xmin>482.31</xmin>
      <ymin>229.22</ymin>
      <xmax>519.6</xmax>
      <ymax>276.38</ymax>
    </bndbox>
  </object>
  <object>
    <name>WHITE</name>
    <occluded>0</occluded>
    <bndbox>
      <xmin>691.65</xmin>
      <ymin>188.35</ymin>
      <xmax>738.81</xmax>
      <ymax>216.2</ymax>
    </bndbox>
  </object>
  <object>
    <name>WHITE</name>
    <occluded>0</occluded>
    <bndbox>
      <xmin>761.71</xmin>
      <ymin>235.06</ymin>
      <xmax>809.77</xmax>
      <ymax>275.04</ymax>
    </bndbox>
  </object>
  <object>
    <name>WHITE</name>
    <occluded>0</occluded>
    <bndbox>
      <xmin>838.96</xmin>
      <ymin>256.17</ymin>
      <xmax>881.63</xmax>
      <ymax>300.64</ymax>
    </bndbox>
  </object>
  <object>
    <name>WHITE</name>
    <occluded>0</occluded>
    <bndbox>
      <xmin>898.25</xmin>
      <ymin>282.67</ymin>
      <xmax>938.67</xmax>
      <ymax>320.85</ymax>
    </bndbox>
  </object>
  <object>
    <name>WHITE</name>
    <occluded>0</occluded>
    <bndbox>
      <xmin>880.28</xmin>
      <ymin>322.19</ymin>
      <xmax>922.95</xmax>
      <ymax>367.11</ymax>
    </bndbox>
  </object>
  <object>
    <name>WHITE</name>
    <occluded>0</occluded>
    <bndbox>
      <xmin>837.07</xmin>
      <ymin>219.26</ymin>
      <xmax>878.86</xmax>
      <ymax>252.95</ymax>
    </bndbox>
  </object>
  <object>
    <name>WHITE</name>
    <occluded>0</occluded>
    <bndbox>
      <xmin>353.27</xmin>
      <ymin>376.03</ymin>
      <xmax>379.47</xmax>
      <ymax>428.05</ymax>
    </bndbox>
  </object>
  <object>
    <name>WHITE</name>
    <occluded>0</occluded>
    <bndbox>
      <xmin>664.0</xmin>
      <ymin>218.5</ymin>
      <xmax>712.7</xmax>
      <ymax>250.5</ymax>
    </bndbox>
  </object>
  <object>
    <name>WHITE</name>
    <occluded>0</occluded>
    <bndbox>
      <xmin>420.5</xmin>
      <ymin>658.74</ymin>
      <xmax>462.6</xmax>
      <ymax>708.9</ymax>
    </bndbox>
  </object>
  <object>
    <name>WHITE</name>
    <occluded>0</occluded>
    <bndbox>
      <xmin>454.31</xmin>
      <ymin>592.67</ymin>
      <xmax>499.2</xmax>
      <ymax>642.5</ymax>
    </bndbox>
  </object>
  <object>
    <name>WHITE</name>
    <occluded>0</occluded>
    <bndbox>
      <xmin>517.8</xmin>
      <ymin>536.6</ymin>
      <xmax>569.5</xmax>
      <ymax>592.8</ymax>
    </bndbox>
  </object>
  <object>
    <name>WHITE</name>
    <occluded>0</occluded>
    <bndbox>
      <xmin>559.0</xmin>
      <ymin>465.4</ymin>
      <xmax>613.9</xmax>
      <ymax>520.8</ymax>
    </bndbox>
  </object>
  <object>
    <name>WHITE</name>
    <occluded>0</occluded>
    <bndbox>
      <xmin>616.0</xmin>
      <ymin>394.5</ymin>
      <xmax>666.5</xmax>
      <ymax>444.7</ymax>
    </bndbox>
  </object>
  <object>
    <name>WHITE</name>
    <occluded>0</occluded>
    <bndbox>
      <xmin>660.1</xmin>
      <ymin>328.4</ymin>
      <xmax>715.2</xmax>
      <ymax>379.6</ymax>
    </bndbox>
  </object>
  <object>
    <name>WHITE</name>
    <occluded>0</occluded>
    <bndbox>
      <xmin>460.1</xmin>
      <ymin>739.39</ymin>
      <xmax>507.4</xmax>
      <ymax>786.4</ymax>
    </bndbox>
  </object>
  <object>
    <name>WHITE</name>
    <occluded>0</occluded>
    <bndbox>
      <xmin>503.26</xmin>
      <ymin>679.13</ymin>
      <xmax>553.4</xmax>
      <ymax>728.0</ymax>
    </bndbox>
  </object>
  <object>
    <name>WHITE</name>
    <occluded>0</occluded>
    <bndbox>
      <xmin>553.05</xmin>
      <ymin>616.39</ymin>
      <xmax>607.2</xmax>
      <ymax>668.3</ymax>
    </bndbox>
  </object>
  <object>
    <name>WHITE</name>
    <occluded>0</occluded>
    <bndbox>
      <xmin>607.75</xmin>
      <ymin>545.91</ymin>
      <xmax>663.2</xmax>
      <ymax>602.1</ymax>
    </bndbox>
  </object>
  <object>
    <name>WHITE</name>
    <occluded>0</occluded>
    <bndbox>
      <xmin>655.51</xmin>
      <ymin>471.56</ymin>
      <xmax>711.4</xmax>
      <ymax>528.0</ymax>
    </bndbox>
  </object>
  <object>
    <name>WHITE</name>
    <occluded>0</occluded>
    <bndbox>
      <xmin>713.9</xmin>
      <ymin>396.5</ymin>
      <xmax>769.3</xmax>
      <ymax>452.0</ymax>
    </bndbox>
  </object>
  <object>
    <name>WHITE</name>
    <occluded>0</occluded>
    <bndbox>
      <xmin>486.64</xmin>
      <ymin>848.17</ymin>
      <xmax>532.7</xmax>
      <ymax>890.1</ymax>
    </bndbox>
  </object>
  <object>
    <name>WHITE</name>
    <occluded>0</occluded>
    <bndbox>
      <xmin>518.53</xmin>
      <ymin>807.7</ymin>
      <xmax>563.5</xmax>
      <ymax>850.18</ymax>
    </bndbox>
  </object>
  <object>
    <name>WHITE</name>
    <occluded>0</occluded>
    <bndbox>
      <xmin>554.25</xmin>
      <ymin>747.96</ymin>
      <xmax>606.2</xmax>
      <ymax>795.9</ymax>
    </bndbox>
  </object>
  <object>
    <name>WHITE</name>
    <occluded>0</occluded>
    <bndbox>
      <xmin>606.51</xmin>
      <ymin>688.87</ymin>
      <xmax>657.7</xmax>
      <ymax>733.9</ymax>
    </bndbox>
  </object>
  <object>
    <name>WHITE</name>
    <occluded>0</occluded>
    <bndbox>
      <xmin>660.22</xmin>
      <ymin>622.33</ymin>
      <xmax>713.6</xmax>
      <ymax>674.2</ymax>
    </bndbox>
  </object>
  <object>
    <name>WHITE</name>
    <occluded>0</occluded>
    <bndbox>
      <xmin>705.92</xmin>
      <ymin>548.71</ymin>
      <xmax>756.8</xmax>
      <ymax>605.1</ymax>
    </bndbox>
  </object>
  <object>
    <name>WHITE</name>
    <occluded>0</occluded>
    <bndbox>
      <xmin>750.27</xmin>
      <ymin>478.01</ymin>
      <xmax>799.5</xmax>
      <ymax>532.7</ymax>
    </bndbox>
  </object>
  <object>
    <name>WHITE</name>
    <occluded>0</occluded>
    <bndbox>
      <xmin>407.67</xmin>
      <ymin>339.35</ymin>
      <xmax>439.8</xmax>
      <ymax>390.9</ymax>
    </bndbox>
  </object>
  <object>
    <name>WHITE</name>
    <occluded>0</occluded>
    <bndbox>
      <xmin>440.2</xmin>
      <ymin>382.92</ymin>
      <xmax>483.11</xmax>
      <ymax>434.9</ymax>
    </bndbox>
  </object>
  <object>
    <name>WHITE</name>
    <occluded>0</occluded>
    <bndbox>
      <xmin>506.9</xmin>
      <ymin>918.4</ymin>
      <xmax>555.0</xmax>
      <ymax>960.0</ymax>
    </bndbox>
  </object>
  <object>
    <name>WHITE</name>
    <occluded>0</occluded>
    <bndbox>
      <xmin>559.97</xmin>
      <ymin>857.71</ymin>
      <xmax>607.9</xmax>
      <ymax>903.3</ymax>
    </bndbox>
  </object>
  <object>
    <name>WHITE</name>
    <occluded>0</occluded>
    <bndbox>
      <xmin>671.9</xmin>
      <ymin>749.82</ymin>
      <xmax>722.4</xmax>
      <ymax>796.2</ymax>
    </bndbox>
  </object>
  <object>
    <name>WHITE</name>
    <occluded>0</occluded>
    <bndbox>
      <xmin>708.6</xmin>
      <ymin>682.11</ymin>
      <xmax>761.12</xmax>
      <ymax>731.9</ymax>
    </bndbox>
  </object>
  <object>
    <name>WHITE</name>
    <occluded>0</occluded>
    <bndbox>
      <xmin>751.36</xmin>
      <ymin>616.25</ymin>
      <xmax>801.3</xmax>
      <ymax>665.8</ymax>
    </bndbox>
  </object>
  <object>
    <name>WHITE</name>
    <occluded>0</occluded>
    <bndbox>
      <xmin>791.36</xmin>
      <ymin>553.36</ymin>
      <xmax>838.9</xmax>
      <ymax>606.2</ymax>
    </bndbox>
  </object>
  <object>
    <name>BLACK</name>
    <occluded>0</occluded>
    <bndbox>
      <xmin>827.1</xmin>
      <ymin>481.41</ymin>
      <xmax>865.13</xmax>
      <ymax>535.5</ymax>
    </bndbox>
  </object>
  <object>
    <name>WHITE</name>
    <occluded>0</occluded>
    <bndbox>
      <xmin>394.41</xmin>
      <ymin>713.53</ymin>
      <xmax>430.2</xmax>
      <ymax>759.6</ymax>
    </bndbox>
  </object>
  <object>
    <name>WHITE</name>
    <occluded>0</occluded>
    <bndbox>
      <xmin>756.0</xmin>
      <ymin>740.17</ymin>
      <xmax>802.67</xmax>
      <ymax>786.7</ymax>
    </bndbox>
  </object>
  <object>
    <name>WHITE</name>
    <occluded>0</occluded>
    <bndbox>
      <xmin>786.5</xmin>
      <ymin>684.56</ymin>
      <xmax>835.27</xmax>
      <ymax>728.1</ymax>
    </bndbox>
  </object>
  <object>
    <name>WHITE</name>
    <occluded>0</occluded>
    <bndbox>
      <xmin>827.24</xmin>
      <ymin>609.81</ymin>
      <xmax>871.52</xmax>
      <ymax>662.7</ymax>
    </bndbox>
  </object>
  <object>
    <name>WHITE</name>
    <occluded>0</occluded>
    <bndbox>
      <xmin>878.88</xmin>
      <ymin>440.88</ymin>
      <xmax>908.88</xmax>
      <ymax>484.88</ymax>
    </bndbox>
  </object>
  <object>
    <name>WHITE</name>
    <occluded>0</occluded>
    <bndbox>
      <xmin>850.71</xmin>
      <ymin>364.64</ymin>
      <xmax>891.3</xmax>
      <ymax>413.1</ymax>
    </bndbox>
  </object>
  <object>
    <name>WHITE</name>
    <occluded>0</occluded>
    <bndbox>
      <xmin>682.3</xmin>
      <ymin>887.58</ymin>
      <xmax>731.22</xmax>
      <ymax>935.8</ymax>
    </bndbox>
  </object>
  <object>
    <name>WHITE</name>
    <occluded>0</occluded>
    <bndbox>
      <xmin>723.4</xmin>
      <ymin>847.96</ymin>
      <xmax>769.49</xmax>
      <ymax>884.7</ymax>
    </bndbox>
  </object>
  <object>
    <name>WHITE</name>
    <occluded>0</occluded>
    <bndbox>
      <xmin>811.23</xmin>
      <ymin>734.39</ymin>
      <xmax>854.37</xmax>
      <ymax>784.0</ymax>
    </bndbox>
  </object>
  <object>
    <name>WHITE</name>
    <occluded>0</occluded>
    <bndbox>
      <xmin>913.45</xmin>
      <ymin>396.05</ymin>
      <xmax>948.7</xmax>
      <ymax>447.6</ymax>
    </bndbox>
  </object>
  <object>
    <name>BLACK</name>
    <occluded>0</occluded>
    <bndbox>
      <xmin>719.2</xmin>
      <ymin>922.78</ymin>
      <xmax>761.95</xmax>
      <ymax>960.0</ymax>
    </bndbox>
  </object>
  <object>
    <name>WHITE</name>
    <occluded>0</occluded>
    <bndbox>
      <xmin>799.3</xmin>
      <ymin>824.44</ymin>
      <xmax>837.21</xmax>
      <ymax>860.3</ymax>
    </bndbox>
  </object>
  <object>
    <name>WHITE</name>
    <occluded>0</occluded>
    <bndbox>
      <xmin>792.0</xmin>
      <ymin>898.94</ymin>
      <xmax>835.67</xmax>
      <ymax>939.9</ymax>
    </bndbox>
  </object>
  <object>
    <name>WHITE</name>
    <occluded>0</occluded>
    <bndbox>
      <xmin>832.3</xmin>
      <ymin>838.07</ymin>
      <xmax>870.93</xmax>
      <ymax>879.4</ymax>
    </bndbox>
  </object>
  <object>
    <name>BLACK</name>
    <occluded>0</occluded>
    <bndbox>
      <xmin>619.46</xmin>
      <ymin>187.6</ymin>
      <xmax>666.1</xmax>
      <ymax>215.7</ymax>
    </bndbox>
  </object>
  <object>
    <name>WHITE</name>
    <occluded>0</occluded>
    <bndbox>
      <xmin>476.73</xmin>
      <ymin>320.0</ymin>
      <xmax>518.3</xmax>
      <ymax>373.8</ymax>
    </bndbox>
  </object>
  <object>
    <name>WHITE</name>
    <occluded>0</occluded>
    <bndbox>
      <xmin>376.1</xmin>
      <ymin>410.89</ymin>
      <xmax>410.76</xmax>
      <ymax>460.3</ymax>
    </bndbox>
  </object>
  <object>
    <name>WHITE</name>
    <occluded>0</occluded>
    <bndbox>
      <xmin>567.5</xmin>
      <ymin>212.03</ymin>
      <xmax>618.05</xmax>
      <ymax>250.2</ymax>
    </bndbox>
  </object>
  <object>
    <name>WHITE</name>
    <occluded>0</occluded>
    <bndbox>
      <xmin>519.9</xmin>
      <ymin>262.05</ymin>
      <xmax>569.71</xmax>
      <ymax>298.9</ymax>
    </bndbox>
  </object>
  <object>
    <name>WHITE</name>
    <occluded>0</occluded>
    <bndbox>
      <xmin>372.01</xmin>
      <ymin>489.3</ymin>
      <xmax>409.3</xmax>
      <ymax>540.4</ymax>
    </bndbox>
  </object>
  <object>
    <name>BLACK</name>
    <occluded>0</occluded>
    <bndbox>
      <xmin>412.92</xmin>
      <ymin>449.91</ymin>
      <xmax>457.5</xmax>
      <ymax>500.8</ymax>
    </bndbox>
  </object>
  <object>
    <name>WHITE</name>
    <occluded>0</occluded>
    <bndbox>
      <xmin>389.0</xmin>
      <ymin>573.4</ymin>
      <xmax>428.9</xmax>
      <ymax>624.0</ymax>
    </bndbox>
  </object>
</annotation>
