<annotation>
  <folder>JK</folder>
  <filename>JK_camera7.png</filename>
  <source>
    <database>Unknown</database>
    <annotation>Unknown</annotation>
    <image>Unknown</image>
  </source>
  <size>
    <width>1280</width>
    <height>960</height>
    <depth></depth>
  </size>
  <segmented>0</segmented>
  <object>
    <name>WHITE</name>
    <occluded>0</occluded>
    <bndbox>
      <xmin>510.7</xmin>
      <ymin>115.2</ymin>
      <xmax>559.8</xmax>
      <ymax>153.1</ymax>
    </bndbox>
  </object>
  <object>
    <name>WHITE</name>
    <occluded>0</occluded>
    <bndbox>
      <xmin>471.66</xmin>
      <ymin>182.9</ymin>
      <xmax>522.7</xmax>
      <ymax>235.3</ymax>
    </bndbox>
  </object>
  <object>
    <name>WHITE</name>
    <occluded>0</occluded>
    <bndbox>
      <xmin>460.8</xmin>
      <ymin>96.54</ymin>
      <xmax>509.69</xmax>
      <ymax>134.6</ymax>
    </bndbox>
  </object>
  <object>
    <name>WHITE</name>
    <occluded>0</occluded>
    <bndbox>
      <xmin>422.8</xmin>
      <ymin>163.13</ymin>
      <xmax>471.73</xmax>
      <ymax>206.7</ymax>
    </bndbox>
  </object>
  <object>
    <name>WHITE</name>
    <occluded>0</occluded>
    <bndbox>
      <xmin>389.2</xmin>
      <ymin>253.42</ymin>
      <xmax>434.15</xmax>
      <ymax>297.8</ymax>
    </bndbox>
  </object>
  <object>
    <name>WHITE</name>
    <occluded>0</occluded>
    <bndbox>
      <xmin>563.51</xmin>
      <ymin>144.83</ymin>
      <xmax>620.5</xmax>
      <ymax>187.9</ymax>
    </bndbox>
  </object>
  <object>
    <name>WHITE</name>
    <occluded>0</occluded>
    <bndbox>
      <xmin>619.84</xmin>
      <ymin>103.74</ymin>
      <xmax>664.4</xmax>
      <ymax>136.8</ymax>
    </bndbox>
  </object>
  <object>
    <name>WHITE</name>
    <occluded>0</occluded>
    <bndbox>
      <xmin>687.98</xmin>
      <ymin>153.14</ymin>
      <xmax>735.4</xmax>
      <ymax>190.5</ymax>
    </bndbox>
  </object>
  <object>
    <name>WHITE</name>
    <occluded>0</occluded>
    <bndbox>
      <xmin>716.8</xmin>
      <ymin>135.5</ymin>
      <xmax>753.47</xmax>
      <ymax>170.71</ymax>
    </bndbox>
  </object>
  <object>
    <name>BLACK</name>
    <occluded>0</occluded>
    <bndbox>
      <xmin>750.59</xmin>
      <ymin>225.06</ymin>
      <xmax>791.3</xmax>
      <ymax>269.9</ymax>
    </bndbox>
  </object>
  <object>
    <name>WHITE</name>
    <occluded>0</occluded>
    <bndbox>
      <xmin>351.7</xmin>
      <ymin>219.11</ymin>
      <xmax>395.58</xmax>
      <ymax>265.6</ymax>
    </bndbox>
  </object>
  <object>
    <name>WHITE</name>
    <occluded>0</occluded>
    <bndbox>
      <xmin>377.2</xmin>
      <ymin>149.65</ymin>
      <xmax>420.79</xmax>
      <ymax>192.3</ymax>
    </bndbox>
  </object>
  <object>
    <name>WHITE</name>
    <occluded>0</occluded>
    <bndbox>
      <xmin>414.7</xmin>
      <ymin>93.14</ymin>
      <xmax>458.68</xmax>
      <ymax>128.5</ymax>
    </bndbox>
  </object>
  <object>
    <name>WHITE</name>
    <occluded>0</occluded>
    <bndbox>
      <xmin>343.2</xmin>
      <ymin>438.34</ymin>
      <xmax>383.44</xmax>
      <ymax>493.5</ymax>
    </bndbox>
  </object>
  <object>
    <name>BLACK</name>
    <occluded>0</occluded>
    <bndbox>
      <xmin>462.79</xmin>
      <ymin>411.42</ymin>
      <xmax>519.7</xmax>
      <ymax>437.8</ymax>
    </bndbox>
  </object>
  <object>
    <name>WHITE</name>
    <occluded>0</occluded>
    <bndbox>
      <xmin>394.66</xmin>
      <ymin>451.85</ymin>
      <xmax>451.6</xmax>
      <ymax>504.5</ymax>
    </bndbox>
  </object>
  <object>
    <name>WHITE</name>
    <occluded>0</occluded>
    <bndbox>
      <xmin>360.6</xmin>
      <ymin>519.25</ymin>
      <xmax>407.44</xmax>
      <ymax>576.6</ymax>
    </bndbox>
  </object>
  <object>
    <name>WHITE</name>
    <occluded>0</occluded>
    <bndbox>
      <xmin>507.1</xmin>
      <ymin>445.63</ymin>
      <xmax>560.28</xmax>
      <ymax>492.6</ymax>
    </bndbox>
  </object>
  <object>
    <name>WHITE</name>
    <occluded>0</occluded>
    <bndbox>
      <xmin>457.74</xmin>
      <ymin>490.02</ymin>
      <xmax>504.26</xmax>
      <ymax>539.6</ymax>
    </bndbox>
  </object>
  <object>
    <name>WHITE</name>
    <occluded>0</occluded>
    <bndbox>
      <xmin>403.59</xmin>
      <ymin>561.12</ymin>
      <xmax>457.1</xmax>
      <ymax>614.9</ymax>
    </bndbox>
  </object>
  <object>
    <name>WHITE</name>
    <occluded>0</occluded>
    <bndbox>
      <xmin>555.55</xmin>
      <ymin>68.77</ymin>
      <xmax>600.15</xmax>
      <ymax>99.34</ymax>
    </bndbox>
  </object>
  <object>
    <name>WHITE</name>
    <occluded>0</occluded>
    <bndbox>
      <xmin>400.67</xmin>
      <ymin>383.32</ymin>
      <xmax>447.33</xmax>
      <ymax>418.68</ymax>
    </bndbox>
  </object>
  <object>
    <name>BLACK</name>
    <occluded>0</occluded>
    <bndbox>
      <xmin>323.99</xmin>
      <ymin>591.0</ymin>
      <xmax>367.11</xmax>
      <ymax>645.34</ymax>
    </bndbox>
  </object>
  <object>
    <name>WHITE</name>
    <occluded>0</occluded>
    <bndbox>
      <xmin>308.25</xmin>
      <ymin>513.16</ymin>
      <xmax>341.97</xmax>
      <ymax>565.94</ymax>
    </bndbox>
  </object>
  <object>
    <name>WHITE</name>
    <occluded>0</occluded>
    <bndbox>
      <xmin>364.14</xmin>
      <ymin>342.04</ymin>
      <xmax>408.13</xmax>
      <ymax>388.85</ymax>
    </bndbox>
  </object>
  <object>
    <name>WHITE</name>
    <occluded>0</occluded>
    <bndbox>
      <xmin>318.02</xmin>
      <ymin>362.21</ymin>
      <xmax>353.11</xmax>
      <ymax>410.51</ymax>
    </bndbox>
  </object>
  <object>
    <name>WHITE</name>
    <occluded>0</occluded>
    <bndbox>
      <xmin>278.15</xmin>
      <ymin>378.67</ymin>
      <xmax>310.88</xmax>
      <ymax>427.19</ymax>
    </bndbox>
  </object>
  <object>
    <name>WHITE</name>
    <occluded>0</occluded>
    <bndbox>
      <xmin>318.0</xmin>
      <ymin>301.35</ymin>
      <xmax>358.31</xmax>
      <ymax>345.96</ymax>
    </bndbox>
  </object>
  <object>
    <name>WHITE</name>
    <occluded>0</occluded>
    <bndbox>
      <xmin>234.83</xmin>
      <ymin>328.2</ymin>
      <xmax>262.79</xmax>
      <ymax>376.29</ymax>
    </bndbox>
  </object>
  <object>
    <name>WHITE</name>
    <occluded>0</occluded>
    <bndbox>
      <xmin>287.25</xmin>
      <ymin>274.27</ymin>
      <xmax>320.84</xmax>
      <ymax>320.62</ymax>
    </bndbox>
  </object>
  <object>
    <name>WHITE</name>
    <occluded>0</occluded>
    <bndbox>
      <xmin>319.1</xmin>
      <ymin>193.22</ymin>
      <xmax>354.69</xmax>
      <ymax>236.88</ymax>
    </bndbox>
  </object>
</annotation>
