<annotation>
  <folder>JK</folder>
  <filename>JK_camera5.png</filename>
  <source>
    <database>Unknown</database>
    <annotation>Unknown</annotation>
    <image>Unknown</image>
  </source>
  <size>
    <width>1280</width>
    <height>960</height>
    <depth></depth>
  </size>
  <segmented>0</segmented>
  <object>
    <name>WHITE</name>
    <occluded>0</occluded>
    <bndbox>
      <xmin>591.1</xmin>
      <ymin>151.6</ymin>
      <xmax>645.0</xmax>
      <ymax>185.1</ymax>
    </bndbox>
  </object>
  <object>
    <name>WHITE</name>
    <occluded>0</occluded>
    <bndbox>
      <xmin>353.6</xmin>
      <ymin>351.6</ymin>
      <xmax>392.0</xmax>
      <ymax>404.2</ymax>
    </bndbox>
  </object>
  <object>
    <name>WHITE</name>
    <occluded>0</occluded>
    <bndbox>
      <xmin>773.38</xmin>
      <ymin>272.37</ymin>
      <xmax>806.62</xmax>
      <ymax>317.63</ymax>
    </bndbox>
  </object>
  <object>
    <name>WHITE</name>
    <occluded>0</occluded>
    <bndbox>
      <xmin>825.2</xmin>
      <ymin>542.5</ymin>
      <xmax>865.64</xmax>
      <ymax>594.14</ymax>
    </bndbox>
  </object>
  <object>
    <name>WHITE</name>
    <occluded>0</occluded>
    <bndbox>
      <xmin>734.51</xmin>
      <ymin>403.63</ymin>
      <xmax>784.6</xmax>
      <ymax>457.9</ymax>
    </bndbox>
  </object>
  <object>
    <name>WHITE</name>
    <occluded>0</occluded>
    <bndbox>
      <xmin>792.32</xmin>
      <ymin>336.45</ymin>
      <xmax>839.9</xmax>
      <ymax>393.7</ymax>
    </bndbox>
  </object>
  <object>
    <name>WHITE</name>
    <occluded>0</occluded>
    <bndbox>
      <xmin>700.76</xmin>
      <ymin>326.63</ymin>
      <xmax>754.9</xmax>
      <ymax>380.5</ymax>
    </bndbox>
  </object>
  <object>
    <name>WHITE</name>
    <occluded>0</occluded>
    <bndbox>
      <xmin>637.82</xmin>
      <ymin>404.44</ymin>
      <xmax>695.4</xmax>
      <ymax>461.5</ymax>
    </bndbox>
  </object>
  <object>
    <name>WHITE</name>
    <occluded>0</occluded>
    <bndbox>
      <xmin>392.0</xmin>
      <ymin>278.26</ymin>
      <xmax>434.05</xmax>
      <ymax>328.8</ymax>
    </bndbox>
  </object>
  <object>
    <name>WHITE</name>
    <occluded>0</occluded>
    <bndbox>
      <xmin>475.1</xmin>
      <ymin>243.82</ymin>
      <xmax>526.23</xmax>
      <ymax>294.8</ymax>
    </bndbox>
  </object>
  <object>
    <name>BLACK</name>
    <occluded>0</occluded>
    <bndbox>
      <xmin>814.13</xmin>
      <ymin>403.64</ymin>
      <xmax>857.2</xmax>
      <ymax>461.7</ymax>
    </bndbox>
  </object>
  <object>
    <name>WHITE</name>
    <occluded>0</occluded>
    <bndbox>
      <xmin>857.7</xmin>
      <ymin>458.49</ymin>
      <xmax>898.81</xmax>
      <ymax>511.5</ymax>
    </bndbox>
  </object>
  <object>
    <name>WHITE</name>
    <occluded>0</occluded>
    <bndbox>
      <xmin>867.49</xmin>
      <ymin>383.3</ymin>
      <xmax>903.0</xmax>
      <ymax>431.0</ymax>
    </bndbox>
  </object>
  <object>
    <name>WHITE</name>
    <occluded>0</occluded>
    <bndbox>
      <xmin>847.33</xmin>
      <ymin>305.0</ymin>
      <xmax>888.2</xmax>
      <ymax>351.9</ymax>
    </bndbox>
  </object>
  <object>
    <name>WHITE</name>
    <occluded>0</occluded>
    <bndbox>
      <xmin>667.4</xmin>
      <ymin>266.3</ymin>
      <xmax>721.3</xmax>
      <ymax>322.6</ymax>
    </bndbox>
  </object>
  <object>
    <name>WHITE</name>
    <occluded>0</occluded>
    <bndbox>
      <xmin>599.0</xmin>
      <ymin>324.51</ymin>
      <xmax>655.1</xmax>
      <ymax>380.5</ymax>
    </bndbox>
  </object>
  <object>
    <name>WHITE</name>
    <occluded>0</occluded>
    <bndbox>
      <xmin>540.64</xmin>
      <ymin>400.51</ymin>
      <xmax>596.7</xmax>
      <ymax>458.4</ymax>
    </bndbox>
  </object>
  <object>
    <name>WHITE</name>
    <occluded>0</occluded>
    <bndbox>
      <xmin>629.27</xmin>
      <ymin>202.39</ymin>
      <xmax>686.6</xmax>
      <ymax>256.8</ymax>
    </bndbox>
  </object>
  <object>
    <name>WHITE</name>
    <occluded>0</occluded>
    <bndbox>
      <xmin>567.76</xmin>
      <ymin>255.13</ymin>
      <xmax>623.9</xmax>
      <ymax>305.9</ymax>
    </bndbox>
  </object>
  <object>
    <name>WHITE</name>
    <occluded>0</occluded>
    <bndbox>
      <xmin>784.93</xmin>
      <ymin>182.97</ymin>
      <xmax>828.6</xmax>
      <ymax>221.0</ymax>
    </bndbox>
  </object>
  <object>
    <name>BLACK</name>
    <occluded>0</occluded>
    <bndbox>
      <xmin>498.97</xmin>
      <ymin>869.05</ymin>
      <xmax>538.94</xmax>
      <ymax>909.48</ymax>
    </bndbox>
  </object>
  <object>
    <name>WHITE</name>
    <occluded>0</occluded>
    <bndbox>
      <xmin>635.06</xmin>
      <ymin>820.5</ymin>
      <xmax>683.1</xmax>
      <ymax>865.46</ymax>
    </bndbox>
  </object>
  <object>
    <name>WHITE</name>
    <occluded>0</occluded>
    <bndbox>
      <xmin>438.71</xmin>
      <ymin>826.59</ymin>
      <xmax>471.77</xmax>
      <ymax>874.93</ymax>
    </bndbox>
  </object>
  <object>
    <name>WHITE</name>
    <occluded>0</occluded>
    <bndbox>
      <xmin>456.83</xmin>
      <ymin>812.55</ymin>
      <xmax>493.95</xmax>
      <ymax>850.6</ymax>
    </bndbox>
  </object>
  <object>
    <name>WHITE</name>
    <occluded>0</occluded>
    <bndbox>
      <xmin>396.33</xmin>
      <ymin>665.02</ymin>
      <xmax>431.57</xmax>
      <ymax>714.3</ymax>
    </bndbox>
  </object>
  <object>
    <name>BLACK</name>
    <occluded>0</occluded>
    <bndbox>
      <xmin>388.41</xmin>
      <ymin>395.66</ymin>
      <xmax>426.1</xmax>
      <ymax>451.3</ymax>
    </bndbox>
  </object>
  <object>
    <name>WHITE</name>
    <occluded>0</occluded>
    <bndbox>
      <xmin>419.97</xmin>
      <ymin>317.9</ymin>
      <xmax>466.03</xmax>
      <ymax>370.7</ymax>
    </bndbox>
  </object>
  <object>
    <name>WHITE</name>
    <occluded>0</occluded>
    <bndbox>
      <xmin>378.33</xmin>
      <ymin>535.31</ymin>
      <xmax>414.71</xmax>
      <ymax>588.3</ymax>
    </bndbox>
  </object>
  <object>
    <name>WHITE</name>
    <occluded>0</occluded>
    <bndbox>
      <xmin>408.16</xmin>
      <ymin>612.04</ymin>
      <xmax>448.04</xmax>
      <ymax>661.63</ymax>
    </bndbox>
  </object>
  <object>
    <name>WHITE</name>
    <occluded>0</occluded>
    <bndbox>
      <xmin>497.52</xmin>
      <ymin>320.13</ymin>
      <xmax>550.8</xmax>
      <ymax>374.1</ymax>
    </bndbox>
  </object>
  <object>
    <name>WHITE</name>
    <occluded>0</occluded>
    <bndbox>
      <xmin>820.91</xmin>
      <ymin>685.42</ymin>
      <xmax>864.58</xmax>
      <ymax>731.58</ymax>
    </bndbox>
  </object>
  <object>
    <name>WHITE</name>
    <occluded>0</occluded>
    <bndbox>
      <xmin>777.58</xmin>
      <ymin>472.0</ymin>
      <xmax>821.0</xmax>
      <ymax>529.5</ymax>
    </bndbox>
  </object>
  <object>
    <name>WHITE</name>
    <occluded>0</occluded>
    <bndbox>
      <xmin>535.9</xmin>
      <ymin>191.11</ymin>
      <xmax>591.01</xmax>
      <ymax>234.4</ymax>
    </bndbox>
  </object>
  <object>
    <name>WHITE</name>
    <occluded>0</occluded>
    <bndbox>
      <xmin>572.52</xmin>
      <ymin>124.93</ymin>
      <xmax>626.04</xmax>
      <ymax>153.0</ymax>
    </bndbox>
  </object>
  <object>
    <name>BLACK</name>
    <occluded>0</occluded>
    <bndbox>
      <xmin>644.38</xmin>
      <ymin>130.54</ymin>
      <xmax>700.9</xmax>
      <ymax>158.24</ymax>
    </bndbox>
  </object>
  <object>
    <name>WHITE</name>
    <occluded>0</occluded>
    <bndbox>
      <xmin>686.68</xmin>
      <ymin>157.49</ymin>
      <xmax>737.21</xmax>
      <ymax>194.92</ymax>
    </bndbox>
  </object>
  <object>
    <name>WHITE</name>
    <occluded>0</occluded>
    <bndbox>
      <xmin>727.1</xmin>
      <ymin>208.02</ymin>
      <xmax>782.49</xmax>
      <ymax>247.69</ymax>
    </bndbox>
  </object>
  <object>
    <name>WHITE</name>
    <occluded>0</occluded>
    <bndbox>
      <xmin>834.14</xmin>
      <ymin>242.45</ymin>
      <xmax>866.71</xmax>
      <ymax>292.23</ymax>
    </bndbox>
  </object>
  <object>
    <name>WHITE</name>
    <occluded>0</occluded>
    <bndbox>
      <xmin>905.74</xmin>
      <ymin>353.5</ymin>
      <xmax>933.55</xmax>
      <ymax>403.93</ymax>
    </bndbox>
  </object>
  <object>
    <name>WHITE</name>
    <occluded>0</occluded>
    <bndbox>
      <xmin>888.11</xmin>
      <ymin>510.66</ymin>
      <xmax>918.8</xmax>
      <ymax>562.31</ymax>
    </bndbox>
  </object>
  <object>
    <name>WHITE</name>
    <occluded>0</occluded>
    <bndbox>
      <xmin>745.26</xmin>
      <ymin>553.65</ymin>
      <xmax>796.2</xmax>
      <ymax>603.9</ymax>
    </bndbox>
  </object>
  <object>
    <name>WHITE</name>
    <occluded>0</occluded>
    <bndbox>
      <xmin>684.19</xmin>
      <ymin>640.9</ymin>
      <xmax>736.4</xmax>
      <ymax>690.45</ymax>
    </bndbox>
  </object>
  <object>
    <name>WHITE</name>
    <occluded>0</occluded>
    <bndbox>
      <xmin>626.56</xmin>
      <ymin>714.26</ymin>
      <xmax>681.0</xmax>
      <ymax>763.1</ymax>
    </bndbox>
  </object>
  <object>
    <name>BLACK</name>
    <occluded>0</occluded>
    <bndbox>
      <xmin>566.86</xmin>
      <ymin>772.63</ymin>
      <xmax>617.2</xmax>
      <ymax>813.2</ymax>
    </bndbox>
  </object>
  <object>
    <name>WHITE</name>
    <occluded>0</occluded>
    <bndbox>
      <xmin>550.09</xmin>
      <ymin>810.14</ymin>
      <xmax>595.8</xmax>
      <ymax>852.18</ymax>
    </bndbox>
  </object>
  <object>
    <name>WHITE</name>
    <occluded>0</occluded>
    <bndbox>
      <xmin>632.56</xmin>
      <ymin>881.44</ymin>
      <xmax>683.6</xmax>
      <ymax>931.9</ymax>
    </bndbox>
  </object>
  <object>
    <name>WHITE</name>
    <occluded>0</occluded>
    <bndbox>
      <xmin>665.76</xmin>
      <ymin>855.4</ymin>
      <xmax>716.9</xmax>
      <ymax>902.64</ymax>
    </bndbox>
  </object>
  <object>
    <name>WHITE</name>
    <occluded>0</occluded>
    <bndbox>
      <xmin>717.29</xmin>
      <ymin>812.12</ymin>
      <xmax>758.43</xmax>
      <ymax>856.5</ymax>
    </bndbox>
  </object>
  <object>
    <name>WHITE</name>
    <occluded>0</occluded>
    <bndbox>
      <xmin>774.0</xmin>
      <ymin>761.41</ymin>
      <xmax>810.67</xmax>
      <ymax>798.1</ymax>
    </bndbox>
  </object>
  <object>
    <name>WHITE</name>
    <occluded>0</occluded>
    <bndbox>
      <xmin>450.6</xmin>
      <ymin>402.45</ymin>
      <xmax>497.4</xmax>
      <ymax>443.55</ymax>
    </bndbox>
  </object>
  <object>
    <name>WHITE</name>
    <occluded>0</occluded>
    <bndbox>
      <xmin>704.35</xmin>
      <ymin>867.53</ymin>
      <xmax>755.4</xmax>
      <ymax>919.5</ymax>
    </bndbox>
  </object>
  <object>
    <name>WHITE</name>
    <occluded>0</occluded>
    <bndbox>
      <xmin>785.3</xmin>
      <ymin>793.97</ymin>
      <xmax>827.71</xmax>
      <ymax>834.2</ymax>
    </bndbox>
  </object>
  <object>
    <name>WHITE</name>
    <occluded>0</occluded>
    <bndbox>
      <xmin>516.99</xmin>
      <ymin>840.67</ymin>
      <xmax>561.1</xmax>
      <ymax>887.3</ymax>
    </bndbox>
  </object>
  <object>
    <name>WHITE</name>
    <occluded>0</occluded>
    <bndbox>
      <xmin>678.61</xmin>
      <ymin>484.56</ymin>
      <xmax>733.6</xmax>
      <ymax>539.6</ymax>
    </bndbox>
  </object>
  <object>
    <name>WHITE</name>
    <occluded>0</occluded>
    <bndbox>
      <xmin>630.51</xmin>
      <ymin>567.46</ymin>
      <xmax>686.8</xmax>
      <ymax>620.8</ymax>
    </bndbox>
  </object>
  <object>
    <name>WHITE</name>
    <occluded>0</occluded>
    <bndbox>
      <xmin>571.06</xmin>
      <ymin>644.32</ymin>
      <xmax>626.4</xmax>
      <ymax>692.2</ymax>
    </bndbox>
  </object>
  <object>
    <name>WHITE</name>
    <occluded>0</occluded>
    <bndbox>
      <xmin>510.54</xmin>
      <ymin>694.86</ymin>
      <xmax>566.6</xmax>
      <ymax>747.7</ymax>
    </bndbox>
  </object>
  <object>
    <name>WHITE</name>
    <occluded>0</occluded>
    <bndbox>
      <xmin>479.4</xmin>
      <ymin>745.6</ymin>
      <xmax>525.88</xmax>
      <ymax>791.17</ymax>
    </bndbox>
  </object>
  <object>
    <name>WHITE</name>
    <occluded>0</occluded>
    <bndbox>
      <xmin>480.45</xmin>
      <ymin>786.64</ymin>
      <xmax>526.3</xmax>
      <ymax>825.5</ymax>
    </bndbox>
  </object>
  <object>
    <name>WHITE</name>
    <occluded>0</occluded>
    <bndbox>
      <xmin>579.3</xmin>
      <ymin>483.62</ymin>
      <xmax>634.9</xmax>
      <ymax>542.1</ymax>
    </bndbox>
  </object>
  <object>
    <name>WHITE</name>
    <occluded>0</occluded>
    <bndbox>
      <xmin>521.48</xmin>
      <ymin>564.01</ymin>
      <xmax>574.9</xmax>
      <ymax>617.4</ymax>
    </bndbox>
  </object>
  <object>
    <name>WHITE</name>
    <occluded>0</occluded>
    <bndbox>
      <xmin>471.02</xmin>
      <ymin>624.68</ymin>
      <xmax>522.7</xmax>
      <ymax>675.3</ymax>
    </bndbox>
  </object>
  <object>
    <name>WHITE</name>
    <occluded>0</occluded>
    <bndbox>
      <xmin>436.66</xmin>
      <ymin>676.15</ymin>
      <xmax>479.6</xmax>
      <ymax>724.0</ymax>
    </bndbox>
  </object>
  <object>
    <name>WHITE</name>
    <occluded>0</occluded>
    <bndbox>
      <xmin>591.25</xmin>
      <ymin>866.9</ymin>
      <xmax>637.2</xmax>
      <ymax>901.45</ymax>
    </bndbox>
  </object>
  <object>
    <name>WHITE</name>
    <occluded>0</occluded>
    <bndbox>
      <xmin>671.85</xmin>
      <ymin>770.44</ymin>
      <xmax>721.2</xmax>
      <ymax>810.0</ymax>
    </bndbox>
  </object>
  <object>
    <name>WHITE</name>
    <occluded>0</occluded>
    <bndbox>
      <xmin>728.21</xmin>
      <ymin>705.21</ymin>
      <xmax>781.4</xmax>
      <ymax>755.1</ymax>
    </bndbox>
  </object>
  <object>
    <name>WHITE</name>
    <occluded>0</occluded>
    <bndbox>
      <xmin>792.37</xmin>
      <ymin>629.38</ymin>
      <xmax>837.63</xmax>
      <ymax>677.3</ymax>
    </bndbox>
  </object>
  <object>
    <name>WHITE</name>
    <occluded>0</occluded>
    <bndbox>
      <xmin>484.51</xmin>
      <ymin>482.75</ymin>
      <xmax>537.7</xmax>
      <ymax>538.6</ymax>
    </bndbox>
  </object>
  <object>
    <name>WHITE</name>
    <occluded>0</occluded>
    <bndbox>
      <xmin>438.18</xmin>
      <ymin>549.65</ymin>
      <xmax>485.1</xmax>
      <ymax>604.4</ymax>
    </bndbox>
  </object>
  <object>
    <name>WHITE</name>
    <occluded>0</occluded>
    <bndbox>
      <xmin>406.04</xmin>
      <ymin>478.37</ymin>
      <xmax>450.9</xmax>
      <ymax>532.5</ymax>
    </bndbox>
  </object>
  <object>
    <name>WHITE</name>
    <occluded>0</occluded>
    <bndbox>
      <xmin>567.14</xmin>
      <ymin>887.8</ymin>
      <xmax>611.8</xmax>
      <ymax>930.6</ymax>
    </bndbox>
  </object>
  <object>
    <name>WHITE</name>
    <occluded>0</occluded>
    <bndbox>
      <xmin>405.92</xmin>
      <ymin>765.24</ymin>
      <xmax>435.9</xmax>
      <ymax>811.3</ymax>
    </bndbox>
  </object>
  <object>
    <name>WHITE</name>
    <occluded>0</occluded>
    <bndbox>
      <xmin>340.4</xmin>
      <ymin>311.13</ymin>
      <xmax>371.88</xmax>
      <ymax>358.66</ymax>
    </bndbox>
  </object>
  <object>
    <name>WHITE</name>
    <occluded>0</occluded>
    <bndbox>
      <xmin>890.58</xmin>
      <ymin>648.69</ymin>
      <xmax>919.78</xmax>
      <ymax>699.9</ymax>
    </bndbox>
  </object>
  <object>
    <name>WHITE</name>
    <occluded>0</occluded>
    <bndbox>
      <xmin>866.63</xmin>
      <ymin>598.54</ymin>
      <xmax>900.69</xmax>
      <ymax>646.44</ymax>
    </bndbox>
  </object>
  <object>
    <name>WHITE</name>
    <occluded>0</occluded>
    <bndbox>
      <xmin>350.13</xmin>
      <ymin>443.5</ymin>
      <xmax>384.71</xmax>
      <ymax>496.5</ymax>
    </bndbox>
  </object>
  <object>
    <name>WHITE</name>
    <occluded>0</occluded>
    <bndbox>
      <xmin>437.53</xmin>
      <ymin>211.4</ymin>
      <xmax>479.95</xmax>
      <ymax>258.5</ymax>
    </bndbox>
  </object>
  <object>
    <name>WHITE</name>
    <occluded>0</occluded>
    <bndbox>
      <xmin>490.56</xmin>
      <ymin>160.48</ymin>
      <xmax>543.71</xmax>
      <ymax>193.42</ymax>
    </bndbox>
  </object>
</annotation>
