<annotation>
  <folder>JK</folder>
  <filename>JK_camera11.png</filename>
  <source>
    <database>Unknown</database>
    <annotation>Unknown</annotation>
    <image>Unknown</image>
  </source>
  <size>
    <width>1280</width>
    <height>960</height>
    <depth></depth>
  </size>
  <segmented>0</segmented>
  <object>
    <name>BLACK</name>
    <occluded>0</occluded>
    <bndbox>
      <xmin>641.54</xmin>
      <ymin>382.01</ymin>
      <xmax>692.9</xmax>
      <ymax>418.69</ymax>
    </bndbox>
  </object>
  <object>
    <name>WHITE</name>
    <occluded>0</occluded>
    <bndbox>
      <xmin>702.66</xmin>
      <ymin>422.35</ymin>
      <xmax>755.2</xmax>
      <ymax>468.4</ymax>
    </bndbox>
  </object>
  <object>
    <name>WHITE</name>
    <occluded>0</occluded>
    <bndbox>
      <xmin>747.76</xmin>
      <ymin>487.09</ymin>
      <xmax>793.2</xmax>
      <ymax>540.6</ymax>
    </bndbox>
  </object>
  <object>
    <name>WHITE</name>
    <occluded>0</occluded>
    <bndbox>
      <xmin>831.64</xmin>
      <ymin>149.64</ymin>
      <xmax>868.9</xmax>
      <ymax>193.0</ymax>
    </bndbox>
  </object>
  <object>
    <name>WHITE</name>
    <occluded>0</occluded>
    <bndbox>
      <xmin>821.19</xmin>
      <ymin>267.35</ymin>
      <xmax>861.7</xmax>
      <ymax>310.8</ymax>
    </bndbox>
  </object>
  <object>
    <name>WHITE</name>
    <occluded>0</occluded>
    <bndbox>
      <xmin>595.5</xmin>
      <ymin>411.0</ymin>
      <xmax>645.2</xmax>
      <ymax>453.0</ymax>
    </bndbox>
  </object>
  <object>
    <name>WHITE</name>
    <occluded>0</occluded>
    <bndbox>
      <xmin>645.6</xmin>
      <ymin>460.8</ymin>
      <xmax>693.36</xmax>
      <ymax>504.47</ymax>
    </bndbox>
  </object>
  <object>
    <name>WHITE</name>
    <occluded>0</occluded>
    <bndbox>
      <xmin>690.41</xmin>
      <ymin>522.52</ymin>
      <xmax>745.3</xmax>
      <ymax>577.0</ymax>
    </bndbox>
  </object>
  <object>
    <name>BLACK</name>
    <occluded>0</occluded>
    <bndbox>
      <xmin>785.38</xmin>
      <ymin>553.39</ymin>
      <xmax>831.6</xmax>
      <ymax>609.2</ymax>
    </bndbox>
  </object>
  <object>
    <name>WHITE</name>
    <occluded>0</occluded>
    <bndbox>
      <xmin>708.12</xmin>
      <ymin>351.66</ymin>
      <xmax>755.4</xmax>
      <ymax>396.9</ymax>
    </bndbox>
  </object>
  <object>
    <name>WHITE</name>
    <occluded>0</occluded>
    <bndbox>
      <xmin>617.55</xmin>
      <ymin>102.86</ymin>
      <xmax>665.6</xmax>
      <ymax>137.8</ymax>
    </bndbox>
  </object>
  <object>
    <name>WHITE</name>
    <occluded>0</occluded>
    <bndbox>
      <xmin>819.37</xmin>
      <ymin>331.06</ymin>
      <xmax>862.5</xmax>
      <ymax>373.6</ymax>
    </bndbox>
  </object>
  <object>
    <name>WHITE</name>
    <occluded>0</occluded>
    <bndbox>
      <xmin>760.55</xmin>
      <ymin>318.01</ymin>
      <xmax>805.6</xmax>
      <ymax>361.2</ymax>
    </bndbox>
  </object>
  <object>
    <name>WHITE</name>
    <occluded>0</occluded>
    <bndbox>
      <xmin>858.17</xmin>
      <ymin>549.86</ymin>
      <xmax>890.1</xmax>
      <ymax>596.1</ymax>
    </bndbox>
  </object>
  <object>
    <name>WHITE</name>
    <occluded>0</occluded>
    <bndbox>
      <xmin>834.98</xmin>
      <ymin>410.83</ymin>
      <xmax>872.8</xmax>
      <ymax>457.1</ymax>
    </bndbox>
  </object>
  <object>
    <name>WHITE</name>
    <occluded>0</occluded>
    <bndbox>
      <xmin>878.76</xmin>
      <ymin>492.39</ymin>
      <xmax>903.5</xmax>
      <ymax>541.5</ymax>
    </bndbox>
  </object>
  <object>
    <name>WHITE</name>
    <occluded>0</occluded>
    <bndbox>
      <xmin>904.0</xmin>
      <ymin>558.5</ymin>
      <xmax>928.1</xmax>
      <ymax>602.5</ymax>
    </bndbox>
  </object>
  <object>
    <name>WHITE</name>
    <occluded>0</occluded>
    <bndbox>
      <xmin>939.54</xmin>
      <ymin>563.35</ymin>
      <xmax>963.49</xmax>
      <ymax>612.8</ymax>
    </bndbox>
  </object>
  <object>
    <name>WHITE</name>
    <occluded>0</occluded>
    <bndbox>
      <xmin>897.48</xmin>
      <ymin>426.08</ymin>
      <xmax>918.07</xmax>
      <ymax>471.93</ymax>
    </bndbox>
  </object>
  <object>
    <name>WHITE</name>
    <occluded>0</occluded>
    <bndbox>
      <xmin>635.03</xmin>
      <ymin>39.07</ymin>
      <xmax>682.05</xmax>
      <ymax>66.15</ymax>
    </bndbox>
  </object>
  <object>
    <name>WHITE</name>
    <occluded>0</occluded>
    <bndbox>
      <xmin>882.1</xmin>
      <ymin>298.08</ymin>
      <xmax>920.19</xmax>
      <ymax>342.37</ymax>
    </bndbox>
  </object>
  <object>
    <name>WHITE</name>
    <occluded>0</occluded>
    <bndbox>
      <xmin>933.29</xmin>
      <ymin>279.37</ymin>
      <xmax>966.01</xmax>
      <ymax>325.84</ymax>
    </bndbox>
  </object>
  <object>
    <name>WHITE</name>
    <occluded>0</occluded>
    <bndbox>
      <xmin>867.48</xmin>
      <ymin>228.84</ymin>
      <xmax>900.51</xmax>
      <ymax>276.56</ymax>
    </bndbox>
  </object>
  <object>
    <name>WHITE</name>
    <occluded>0</occluded>
    <bndbox>
      <xmin>901.7</xmin>
      <ymin>195.48</ymin>
      <xmax>933.76</xmax>
      <ymax>240.74</ymax>
    </bndbox>
  </object>
  <object>
    <name>WHITE</name>
    <occluded>0</occluded>
    <bndbox>
      <xmin>862.2</xmin>
      <ymin>123.98</ymin>
      <xmax>899.67</xmax>
      <ymax>159.5</ymax>
    </bndbox>
  </object>
  <object>
    <name>WHITE</name>
    <occluded>0</occluded>
    <bndbox>
      <xmin>796.42</xmin>
      <ymin>89.28</ymin>
      <xmax>835.84</xmax>
      <ymax>122.2</ymax>
    </bndbox>
  </object>
  <object>
    <name>BLACK</name>
    <occluded>0</occluded>
    <bndbox>
      <xmin>434.61</xmin>
      <ymin>219.21</ymin>
      <xmax>468.36</xmax>
      <ymax>260.9</ymax>
    </bndbox>
  </object>
  <object>
    <name>WHITE</name>
    <occluded>0</occluded>
    <bndbox>
      <xmin>468.89</xmin>
      <ymin>155.31</ymin>
      <xmax>516.55</xmax>
      <ymax>192.31</ymax>
    </bndbox>
  </object>
  <object>
    <name>WHITE</name>
    <occluded>0</occluded>
    <bndbox>
      <xmin>583.5</xmin>
      <ymin>61.45</ymin>
      <xmax>625.57</xmax>
      <ymax>90.15</ymax>
    </bndbox>
  </object>
  <object>
    <name>WHITE</name>
    <occluded>0</occluded>
    <bndbox>
      <xmin>777.1</xmin>
      <ymin>409.2</ymin>
      <xmax>818.1</xmax>
      <ymax>457.2</ymax>
    </bndbox>
  </object>
  <object>
    <name>WHITE</name>
    <occluded>0</occluded>
    <bndbox>
      <xmin>815.6</xmin>
      <ymin>481.4</ymin>
      <xmax>858.0</xmax>
      <ymax>531.0</ymax>
    </bndbox>
  </object>
  <object>
    <name>WHITE</name>
    <occluded>0</occluded>
    <bndbox>
      <xmin>667.89</xmin>
      <ymin>73.8</ymin>
      <xmax>714.5</xmax>
      <ymax>104.8</ymax>
    </bndbox>
  </object>
  <object>
    <name>WHITE</name>
    <occluded>0</occluded>
    <bndbox>
      <xmin>560.32</xmin>
      <ymin>139.1</ymin>
      <xmax>609.0</xmax>
      <ymax>174.0</ymax>
    </bndbox>
  </object>
  <object>
    <name>WHITE</name>
    <occluded>0</occluded>
    <bndbox>
      <xmin>524.11</xmin>
      <ymin>100.3</ymin>
      <xmax>571.3</xmax>
      <ymax>135.6</ymax>
    </bndbox>
  </object>
  <object>
    <name>WHITE</name>
    <occluded>0</occluded>
    <bndbox>
      <xmin>720.93</xmin>
      <ymin>53.94</ymin>
      <xmax>765.4</xmax>
      <ymax>92.4</ymax>
    </bndbox>
  </object>
  <object>
    <name>WHITE</name>
    <occluded>0</occluded>
    <bndbox>
      <xmin>652.87</xmin>
      <ymin>165.48</ymin>
      <xmax>701.8</xmax>
      <ymax>200.1</ymax>
    </bndbox>
  </object>
  <object>
    <name>WHITE</name>
    <occluded>0</occluded>
    <bndbox>
      <xmin>705.25</xmin>
      <ymin>134.28</ymin>
      <xmax>750.9</xmax>
      <ymax>176.5</ymax>
    </bndbox>
  </object>
  <object>
    <name>WHITE</name>
    <occluded>0</occluded>
    <bndbox>
      <xmin>754.47</xmin>
      <ymin>112.04</ymin>
      <xmax>795.9</xmax>
      <ymax>152.8</ymax>
    </bndbox>
  </object>
  <object>
    <name>WHITE</name>
    <occluded>0</occluded>
    <bndbox>
      <xmin>742.31</xmin>
      <ymin>226.59</ymin>
      <xmax>787.5</xmax>
      <ymax>266.3</ymax>
    </bndbox>
  </object>
  <object>
    <name>WHITE</name>
    <occluded>0</occluded>
    <bndbox>
      <xmin>789.64</xmin>
      <ymin>183.04</ymin>
      <xmax>830.1</xmax>
      <ymax>225.3</ymax>
    </bndbox>
  </object>
  <object>
    <name>WHITE</name>
    <occluded>0</occluded>
    <bndbox>
      <xmin>875.39</xmin>
      <ymin>341.51</ymin>
      <xmax>904.2</xmax>
      <ymax>388.4</ymax>
    </bndbox>
  </object>
</annotation>
