<annotation>
  <folder>JK</folder>
  <filename>JK_camera6.png</filename>
  <source>
    <database>Unknown</database>
    <annotation>Unknown</annotation>
    <image>Unknown</image>
  </source>
  <size>
    <width>1280</width>
    <height>960</height>
    <depth></depth>
  </size>
  <segmented>0</segmented>
  <object>
    <name>BLACK</name>
    <occluded>0</occluded>
    <bndbox>
      <xmin>369.93</xmin>
      <ymin>753.15</ymin>
      <xmax>407.36</xmax>
      <ymax>799.93</ymax>
    </bndbox>
  </object>
  <object>
    <name>WHITE</name>
    <occluded>0</occluded>
    <bndbox>
      <xmin>426.07</xmin>
      <ymin>858.32</ymin>
      <xmax>464.99</xmax>
      <ymax>896.5</ymax>
    </bndbox>
  </object>
  <object>
    <name>WHITE</name>
    <occluded>0</occluded>
    <bndbox>
      <xmin>785.88</xmin>
      <ymin>391.13</ymin>
      <xmax>834.2</xmax>
      <ymax>445.1</ymax>
    </bndbox>
  </object>
  <object>
    <name>WHITE</name>
    <occluded>0</occluded>
    <bndbox>
      <xmin>541.89</xmin>
      <ymin>662.51</ymin>
      <xmax>593.9</xmax>
      <ymax>710.7</ymax>
    </bndbox>
  </object>
  <object>
    <name>WHITE</name>
    <occluded>0</occluded>
    <bndbox>
      <xmin>756.92</xmin>
      <ymin>313.59</ymin>
      <xmax>805.6</xmax>
      <ymax>364.4</ymax>
    </bndbox>
  </object>
  <object>
    <name>WHITE</name>
    <occluded>0</occluded>
    <bndbox>
      <xmin>698.77</xmin>
      <ymin>375.4</ymin>
      <xmax>751.6</xmax>
      <ymax>429.9</ymax>
    </bndbox>
  </object>
  <object>
    <name>WHITE</name>
    <occluded>0</occluded>
    <bndbox>
      <xmin>642.75</xmin>
      <ymin>458.68</ymin>
      <xmax>698.9</xmax>
      <ymax>511.7</ymax>
    </bndbox>
  </object>
  <object>
    <name>WHITE</name>
    <occluded>0</occluded>
    <bndbox>
      <xmin>574.96</xmin>
      <ymin>525.14</ymin>
      <xmax>628.5</xmax>
      <ymax>578.1</ymax>
    </bndbox>
  </object>
  <object>
    <name>WHITE</name>
    <occluded>0</occluded>
    <bndbox>
      <xmin>513.38</xmin>
      <ymin>577.89</ymin>
      <xmax>563.5</xmax>
      <ymax>628.5</ymax>
    </bndbox>
  </object>
  <object>
    <name>WHITE</name>
    <occluded>0</occluded>
    <bndbox>
      <xmin>451.26</xmin>
      <ymin>628.77</ymin>
      <xmax>502.0</xmax>
      <ymax>680.6</ymax>
    </bndbox>
  </object>
  <object>
    <name>WHITE</name>
    <occluded>0</occluded>
    <bndbox>
      <xmin>722.51</xmin>
      <ymin>238.44</ymin>
      <xmax>771.1</xmax>
      <ymax>287.3</ymax>
    </bndbox>
  </object>
  <object>
    <name>WHITE</name>
    <occluded>0</occluded>
    <bndbox>
      <xmin>666.5</xmin>
      <ymin>291.2</ymin>
      <xmax>719.8</xmax>
      <ymax>344.3</ymax>
    </bndbox>
  </object>
  <object>
    <name>WHITE</name>
    <occluded>0</occluded>
    <bndbox>
      <xmin>613.5</xmin>
      <ymin>355.75</ymin>
      <xmax>665.4</xmax>
      <ymax>408.7</ymax>
    </bndbox>
  </object>
  <object>
    <name>WHITE</name>
    <occluded>0</occluded>
    <bndbox>
      <xmin>554.66</xmin>
      <ymin>430.09</ymin>
      <xmax>606.5</xmax>
      <ymax>483.2</ymax>
    </bndbox>
  </object>
  <object>
    <name>WHITE</name>
    <occluded>0</occluded>
    <bndbox>
      <xmin>483.01</xmin>
      <ymin>490.13</ymin>
      <xmax>536.1</xmax>
      <ymax>541.0</ymax>
    </bndbox>
  </object>
  <object>
    <name>WHITE</name>
    <occluded>0</occluded>
    <bndbox>
      <xmin>421.84</xmin>
      <ymin>525.77</ymin>
      <xmax>471.4</xmax>
      <ymax>577.6</ymax>
    </bndbox>
  </object>
  <object>
    <name>WHITE</name>
    <occluded>0</occluded>
    <bndbox>
      <xmin>367.09</xmin>
      <ymin>561.21</ymin>
      <xmax>417.2</xmax>
      <ymax>611.0</ymax>
    </bndbox>
  </object>
  <object>
    <name>WHITE</name>
    <occluded>0</occluded>
    <bndbox>
      <xmin>684.63</xmin>
      <ymin>178.54</ymin>
      <xmax>736.8</xmax>
      <ymax>217.5</ymax>
    </bndbox>
  </object>
  <object>
    <name>WHITE</name>
    <occluded>0</occluded>
    <bndbox>
      <xmin>634.8</xmin>
      <ymin>221.83</ymin>
      <xmax>688.6</xmax>
      <ymax>268.7</ymax>
    </bndbox>
  </object>
  <object>
    <name>WHITE</name>
    <occluded>0</occluded>
    <bndbox>
      <xmin>581.26</xmin>
      <ymin>273.51</ymin>
      <xmax>635.4</xmax>
      <ymax>324.7</ymax>
    </bndbox>
  </object>
  <object>
    <name>WHITE</name>
    <occluded>0</occluded>
    <bndbox>
      <xmin>529.2</xmin>
      <ymin>332.1</ymin>
      <xmax>585.34</xmax>
      <ymax>386.9</ymax>
    </bndbox>
  </object>
  <object>
    <name>WHITE</name>
    <occluded>0</occluded>
    <bndbox>
      <xmin>464.58</xmin>
      <ymin>395.7</ymin>
      <xmax>517.7</xmax>
      <ymax>450.3</ymax>
    </bndbox>
  </object>
  <object>
    <name>WHITE</name>
    <occluded>0</occluded>
    <bndbox>
      <xmin>404.0</xmin>
      <ymin>427.0</ymin>
      <xmax>448.4</xmax>
      <ymax>477.4</ymax>
    </bndbox>
  </object>
  <object>
    <name>WHITE</name>
    <occluded>0</occluded>
    <bndbox>
      <xmin>348.85</xmin>
      <ymin>464.38</ymin>
      <xmax>389.4</xmax>
      <ymax>516.6</ymax>
    </bndbox>
  </object>
  <object>
    <name>BLACK</name>
    <occluded>0</occluded>
    <bndbox>
      <xmin>456.15</xmin>
      <ymin>311.0</ymin>
      <xmax>509.7</xmax>
      <ymax>367.0</ymax>
    </bndbox>
  </object>
  <object>
    <name>WHITE</name>
    <occluded>0</occluded>
    <bndbox>
      <xmin>398.27</xmin>
      <ymin>340.1</ymin>
      <xmax>440.2</xmax>
      <ymax>390.2</ymax>
    </bndbox>
  </object>
  <object>
    <name>WHITE</name>
    <occluded>0</occluded>
    <bndbox>
      <xmin>343.86</xmin>
      <ymin>365.67</ymin>
      <xmax>382.0</xmax>
      <ymax>419.4</ymax>
    </bndbox>
  </object>
  <object>
    <name>WHITE</name>
    <occluded>0</occluded>
    <bndbox>
      <xmin>499.9</xmin>
      <ymin>253.73</ymin>
      <xmax>553.22</xmax>
      <ymax>302.1</ymax>
    </bndbox>
  </object>
  <object>
    <name>WHITE</name>
    <occluded>0</occluded>
    <bndbox>
      <xmin>303.68</xmin>
      <ymin>406.57</ymin>
      <xmax>331.38</xmax>
      <ymax>457.1</ymax>
    </bndbox>
  </object>
  <object>
    <name>WHITE</name>
    <occluded>0</occluded>
    <bndbox>
      <xmin>300.31</xmin>
      <ymin>499.02</ymin>
      <xmax>339.24</xmax>
      <ymax>547.3</ymax>
    </bndbox>
  </object>
  <object>
    <name>WHITE</name>
    <occluded>0</occluded>
    <bndbox>
      <xmin>361.28</xmin>
      <ymin>290.54</ymin>
      <xmax>397.25</xmax>
      <ymax>338.83</ymax>
    </bndbox>
  </object>
  <object>
    <name>WHITE</name>
    <occluded>0</occluded>
    <bndbox>
      <xmin>392.35</xmin>
      <ymin>221.68</ymin>
      <xmax>433.18</xmax>
      <ymax>260.23</ymax>
    </bndbox>
  </object>
  <object>
    <name>WHITE</name>
    <occluded>0</occluded>
    <bndbox>
      <xmin>463.83</xmin>
      <ymin>202.59</ymin>
      <xmax>510.28</xmax>
      <ymax>240.39</ymax>
    </bndbox>
  </object>
  <object>
    <name>WHITE</name>
    <occluded>0</occluded>
    <bndbox>
      <xmin>500.55</xmin>
      <ymin>164.41</ymin>
      <xmax>549.96</xmax>
      <ymax>193.61</ymax>
    </bndbox>
  </object>
  <object>
    <name>WHITE</name>
    <occluded>0</occluded>
    <bndbox>
      <xmin>735.22</xmin>
      <ymin>146.08</ymin>
      <xmax>780.88</xmax>
      <ymax>173.4</ymax>
    </bndbox>
  </object>
  <object>
    <name>WHITE</name>
    <occluded>0</occluded>
    <bndbox>
      <xmin>774.89</xmin>
      <ymin>185.75</ymin>
      <xmax>819.43</xmax>
      <ymax>223.92</ymax>
    </bndbox>
  </object>
  <object>
    <name>WHITE</name>
    <occluded>0</occluded>
    <bndbox>
      <xmin>862.47</xmin>
      <ymin>218.68</ymin>
      <xmax>898.78</xmax>
      <ymax>259.85</ymax>
    </bndbox>
  </object>
  <object>
    <name>WHITE</name>
    <occluded>0</occluded>
    <bndbox>
      <xmin>809.7</xmin>
      <ymin>243.76</ymin>
      <xmax>850.87</xmax>
      <ymax>288.67</ymax>
    </bndbox>
  </object>
  <object>
    <name>WHITE</name>
    <occluded>0</occluded>
    <bndbox>
      <xmin>948.56</xmin>
      <ymin>420.04</ymin>
      <xmax>972.14</xmax>
      <ymax>470.2</ymax>
    </bndbox>
  </object>
  <object>
    <name>WHITE</name>
    <occluded>0</occluded>
    <bndbox>
      <xmin>939.2</xmin>
      <ymin>551.79</ymin>
      <xmax>964.28</xmax>
      <ymax>597.45</ymax>
    </bndbox>
  </object>
  <object>
    <name>WHITE</name>
    <occluded>0</occluded>
    <bndbox>
      <xmin>918.62</xmin>
      <ymin>505.75</ymin>
      <xmax>951.93</xmax>
      <ymax>553.29</ymax>
    </bndbox>
  </object>
  <object>
    <name>WHITE</name>
    <occluded>0</occluded>
    <bndbox>
      <xmin>894.29</xmin>
      <ymin>461.21</ymin>
      <xmax>929.84</xmax>
      <ymax>510.24</ymax>
    </bndbox>
  </object>
  <object>
    <name>WHITE</name>
    <occluded>0</occluded>
    <bndbox>
      <xmin>893.13</xmin>
      <ymin>632.26</ymin>
      <xmax>930.22</xmax>
      <ymax>674.55</ymax>
    </bndbox>
  </object>
  <object>
    <name>WHITE</name>
    <occluded>0</occluded>
    <bndbox>
      <xmin>685.78</xmin>
      <ymin>813.78</ymin>
      <xmax>726.61</xmax>
      <ymax>859.82</ymax>
    </bndbox>
  </object>
  <object>
    <name>WHITE</name>
    <occluded>0</occluded>
    <bndbox>
      <xmin>643.15</xmin>
      <ymin>868.05</ymin>
      <xmax>686.19</xmax>
      <ymax>902.48</ymax>
    </bndbox>
  </object>
  <object>
    <name>WHITE</name>
    <occluded>0</occluded>
    <bndbox>
      <xmin>601.23</xmin>
      <ymin>842.6</ymin>
      <xmax>643.9</xmax>
      <ymax>881.9</ymax>
    </bndbox>
  </object>
  <object>
    <name>WHITE</name>
    <occluded>0</occluded>
    <bndbox>
      <xmin>545.46</xmin>
      <ymin>797.69</ymin>
      <xmax>594.12</xmax>
      <ymax>835.12</ymax>
    </bndbox>
  </object>
  <object>
    <name>WHITE</name>
    <occluded>0</occluded>
    <bndbox>
      <xmin>577.65</xmin>
      <ymin>881.15</ymin>
      <xmax>623.31</xmax>
      <ymax>921.95</ymax>
    </bndbox>
  </object>
  <object>
    <name>WHITE</name>
    <occluded>0</occluded>
    <bndbox>
      <xmin>522.63</xmin>
      <ymin>851.96</ymin>
      <xmax>569.79</xmax>
      <ymax>888.64</ymax>
    </bndbox>
  </object>
  <object>
    <name>BLACK</name>
    <occluded>0</occluded>
    <bndbox>
      <xmin>503.92</xmin>
      <ymin>890.51</ymin>
      <xmax>551.08</xmax>
      <ymax>925.31</ymax>
    </bndbox>
  </object>
  <object>
    <name>WHITE</name>
    <occluded>0</occluded>
    <bndbox>
      <xmin>418.21</xmin>
      <ymin>803.68</ymin>
      <xmax>460.88</xmax>
      <ymax>848.96</ymax>
    </bndbox>
  </object>
  <object>
    <name>WHITE</name>
    <occluded>0</occluded>
    <bndbox>
      <xmin>380.41</xmin>
      <ymin>803.68</ymin>
      <xmax>423.45</xmax>
      <ymax>847.47</ymax>
    </bndbox>
  </object>
  <object>
    <name>WHITE</name>
    <occluded>0</occluded>
    <bndbox>
      <xmin>345.6</xmin>
      <ymin>752.4</ymin>
      <xmax>383.03</xmax>
      <ymax>797.69</ymax>
    </bndbox>
  </object>
  <object>
    <name>WHITE</name>
    <occluded>0</occluded>
    <bndbox>
      <xmin>874.2</xmin>
      <ymin>590.67</ymin>
      <xmax>914.9</xmax>
      <ymax>633.7</ymax>
    </bndbox>
  </object>
  <object>
    <name>WHITE</name>
    <occluded>0</occluded>
    <bndbox>
      <xmin>414.47</xmin>
      <ymin>755.47</ymin>
      <xmax>457.9</xmax>
      <ymax>796.5</ymax>
    </bndbox>
  </object>
  <object>
    <name>WHITE</name>
    <occluded>0</occluded>
    <bndbox>
      <xmin>473.44</xmin>
      <ymin>799.28</ymin>
      <xmax>526.3</xmax>
      <ymax>844.5</ymax>
    </bndbox>
  </object>
  <object>
    <name>WHITE</name>
    <occluded>0</occluded>
    <bndbox>
      <xmin>461.38</xmin>
      <ymin>725.76</ymin>
      <xmax>511.1</xmax>
      <ymax>774.0</ymax>
    </bndbox>
  </object>
  <object>
    <name>WHITE</name>
    <occluded>0</occluded>
    <bndbox>
      <xmin>529.13</xmin>
      <ymin>732.51</ymin>
      <xmax>577.1</xmax>
      <ymax>782.6</ymax>
    </bndbox>
  </object>
  <object>
    <name>BLACK</name>
    <occluded>0</occluded>
    <bndbox>
      <xmin>856.9</xmin>
      <ymin>792.8</ymin>
      <xmax>890.3</xmax>
      <ymax>831.5</ymax>
    </bndbox>
  </object>
  <object>
    <name>WHITE</name>
    <occluded>0</occluded>
    <bndbox>
      <xmin>423.3</xmin>
      <ymin>263.15</ymin>
      <xmax>468.21</xmax>
      <ymax>304.8</ymax>
    </bndbox>
  </object>
  <object>
    <name>WHITE</name>
    <occluded>0</occluded>
    <bndbox>
      <xmin>550.88</xmin>
      <ymin>202.0</ymin>
      <xmax>601.4</xmax>
      <ymax>245.1</ymax>
    </bndbox>
  </object>
  <object>
    <name>WHITE</name>
    <occluded>0</occluded>
    <bndbox>
      <xmin>598.5</xmin>
      <ymin>159.34</ymin>
      <xmax>649.4</xmax>
      <ymax>195.3</ymax>
    </bndbox>
  </object>
  <object>
    <name>WHITE</name>
    <occluded>0</occluded>
    <bndbox>
      <xmin>648.51</xmin>
      <ymin>135.0</ymin>
      <xmax>697.5</xmax>
      <ymax>160.0</ymax>
    </bndbox>
  </object>
  <object>
    <name>WHITE</name>
    <occluded>0</occluded>
    <bndbox>
      <xmin>613.5</xmin>
      <ymin>610.26</ymin>
      <xmax>666.99</xmax>
      <ymax>655.1</ymax>
    </bndbox>
  </object>
  <object>
    <name>WHITE</name>
    <occluded>0</occluded>
    <bndbox>
      <xmin>834.2</xmin>
      <ymin>774.74</ymin>
      <xmax>870.85</xmax>
      <ymax>810.8</ymax>
    </bndbox>
  </object>
  <object>
    <name>WHITE</name>
    <occluded>0</occluded>
    <bndbox>
      <xmin>459.89</xmin>
      <ymin>852.29</ymin>
      <xmax>503.6</xmax>
      <ymax>889.3</ymax>
    </bndbox>
  </object>
  <object>
    <name>WHITE</name>
    <occluded>0</occluded>
    <bndbox>
      <xmin>836.3</xmin>
      <ymin>320.8</ymin>
      <xmax>878.5</xmax>
      <ymax>370.75</ymax>
    </bndbox>
  </object>
  <object>
    <name>BLACK</name>
    <occluded>0</occluded>
    <bndbox>
      <xmin>598.14</xmin>
      <ymin>728.14</ymin>
      <xmax>647.7</xmax>
      <ymax>774.5</ymax>
    </bndbox>
  </object>
  <object>
    <name>WHITE</name>
    <occluded>0</occluded>
    <bndbox>
      <xmin>629.01</xmin>
      <ymin>670.26</ymin>
      <xmax>678.7</xmax>
      <ymax>718.6</ymax>
    </bndbox>
  </object>
  <object>
    <name>WHITE</name>
    <occluded>0</occluded>
    <bndbox>
      <xmin>723.26</xmin>
      <ymin>625.26</ymin>
      <xmax>774.4</xmax>
      <ymax>672.4</ymax>
    </bndbox>
  </object>
  <object>
    <name>WHITE</name>
    <occluded>0</occluded>
    <bndbox>
      <xmin>760.13</xmin>
      <ymin>564.26</ymin>
      <xmax>811.0</xmax>
      <ymax>609.7</ymax>
    </bndbox>
  </object>
  <object>
    <name>WHITE</name>
    <occluded>0</occluded>
    <bndbox>
      <xmin>806.38</xmin>
      <ymin>478.26</ymin>
      <xmax>854.4</xmax>
      <ymax>527.7</ymax>
    </bndbox>
  </object>
  <object>
    <name>BLACK</name>
    <occluded>0</occluded>
    <bndbox>
      <xmin>849.45</xmin>
      <ymin>404.47</ymin>
      <xmax>892.9</xmax>
      <ymax>457.7</ymax>
    </bndbox>
  </object>
  <object>
    <name>WHITE</name>
    <occluded>0</occluded>
    <bndbox>
      <xmin>622.5</xmin>
      <ymin>787.15</ymin>
      <xmax>672.64</xmax>
      <ymax>830.6</ymax>
    </bndbox>
  </object>
  <object>
    <name>WHITE</name>
    <occluded>0</occluded>
    <bndbox>
      <xmin>802.4</xmin>
      <ymin>621.14</ymin>
      <xmax>851.58</xmax>
      <ymax>665.1</ymax>
    </bndbox>
  </object>
  <object>
    <name>WHITE</name>
    <occluded>0</occluded>
    <bndbox>
      <xmin>851.01</xmin>
      <ymin>540.5</ymin>
      <xmax>893.49</xmax>
      <ymax>586.1</ymax>
    </bndbox>
  </object>
  <object>
    <name>WHITE</name>
    <occluded>0</occluded>
    <bndbox>
      <xmin>908.01</xmin>
      <ymin>367.76</ymin>
      <xmax>941.4</xmax>
      <ymax>419.9</ymax>
    </bndbox>
  </object>
  <object>
    <name>WHITE</name>
    <occluded>0</occluded>
    <bndbox>
      <xmin>888.8</xmin>
      <ymin>286.94</ymin>
      <xmax>921.8</xmax>
      <ymax>337.3</ymax>
    </bndbox>
  </object>
  <object>
    <name>WHITE</name>
    <occluded>0</occluded>
    <bndbox>
      <xmin>845.2</xmin>
      <ymin>659.03</ymin>
      <xmax>885.52</xmax>
      <ymax>703.6</ymax>
    </bndbox>
  </object>
  <object>
    <name>WHITE</name>
    <occluded>0</occluded>
    <bndbox>
      <xmin>947.21</xmin>
      <ymin>331.2</ymin>
      <xmax>969.2</xmax>
      <ymax>379.5</ymax>
    </bndbox>
  </object>
  <object>
    <name>WHITE</name>
    <occluded>0</occluded>
    <bndbox>
      <xmin>719.1</xmin>
      <ymin>843.18</ymin>
      <xmax>761.35</xmax>
      <ymax>882.0</ymax>
    </bndbox>
  </object>
  <object>
    <name>WHITE</name>
    <occluded>0</occluded>
    <bndbox>
      <xmin>794.7</xmin>
      <ymin>816.35</ymin>
      <xmax>834.4</xmax>
      <ymax>859.5</ymax>
    </bndbox>
  </object>
  <object>
    <name>WHITE</name>
    <occluded>0</occluded>
    <bndbox>
      <xmin>676.74</xmin>
      <ymin>552.58</ymin>
      <xmax>729.6</xmax>
      <ymax>599.4</ymax>
    </bndbox>
  </object>
  <object>
    <name>WHITE</name>
    <occluded>0</occluded>
    <bndbox>
      <xmin>736.63</xmin>
      <ymin>474.63</ymin>
      <xmax>786.0</xmax>
      <ymax>524.7</ymax>
    </bndbox>
  </object>
</annotation>
