<annotation>
  <folder>JK</folder>
  <filename>JK_camera2.png</filename>
  <source>
    <database>Unknown</database>
    <annotation>Unknown</annotation>
    <image>Unknown</image>
  </source>
  <size>
    <width>960</width>
    <height>1280</height>
    <depth></depth>
  </size>
  <segmented>0</segmented>
  <object>
    <name>WHITE</name>
    <occluded>0</occluded>
    <bndbox>
      <xmin>524.98</xmin>
      <ymin>256.13</ymin>
      <xmax>571.3</xmax>
      <ymax>287.0</ymax>
    </bndbox>
  </object>
  <object>
    <name>BLACK</name>
    <occluded>0</occluded>
    <bndbox>
      <xmin>668.62</xmin>
      <ymin>835.54</ymin>
      <xmax>705.6</xmax>
      <ymax>883.0</ymax>
    </bndbox>
  </object>
  <object>
    <name>BLACK</name>
    <occluded>0</occluded>
    <bndbox>
      <xmin>469.11</xmin>
      <ymin>700.49</ymin>
      <xmax>520.0</xmax>
      <ymax>748.0</ymax>
    </bndbox>
  </object>
  <object>
    <name>WHITE</name>
    <occluded>0</occluded>
    <bndbox>
      <xmin>616.8</xmin>
      <ymin>355.79</ymin>
      <xmax>659.4</xmax>
      <ymax>400.6</ymax>
    </bndbox>
  </object>
  <object>
    <name>WHITE</name>
    <occluded>0</occluded>
    <bndbox>
      <xmin>572.41</xmin>
      <ymin>414.25</ymin>
      <xmax>621.0</xmax>
      <ymax>464.9</ymax>
    </bndbox>
  </object>
  <object>
    <name>WHITE</name>
    <occluded>0</occluded>
    <bndbox>
      <xmin>517.09</xmin>
      <ymin>479.88</ymin>
      <xmax>572.6</xmax>
      <ymax>535.6</ymax>
    </bndbox>
  </object>
  <object>
    <name>WHITE</name>
    <occluded>0</occluded>
    <bndbox>
      <xmin>460.5</xmin>
      <ymin>562.1</ymin>
      <xmax>514.4</xmax>
      <ymax>614.4</ymax>
    </bndbox>
  </object>
  <object>
    <name>WHITE</name>
    <occluded>0</occluded>
    <bndbox>
      <xmin>406.88</xmin>
      <ymin>624.2</ymin>
      <xmax>460.0</xmax>
      <ymax>677.8</ymax>
    </bndbox>
  </object>
  <object>
    <name>WHITE</name>
    <occluded>0</occluded>
    <bndbox>
      <xmin>572.29</xmin>
      <ymin>294.05</ymin>
      <xmax>620.3</xmax>
      <ymax>332.6</ymax>
    </bndbox>
  </object>
  <object>
    <name>WHITE</name>
    <occluded>0</occluded>
    <bndbox>
      <xmin>517.92</xmin>
      <ymin>340.99</ymin>
      <xmax>572.7</xmax>
      <ymax>387.4</ymax>
    </bndbox>
  </object>
  <object>
    <name>WHITE</name>
    <occluded>0</occluded>
    <bndbox>
      <xmin>417.57</xmin>
      <ymin>339.94</ymin>
      <xmax>467.6</xmax>
      <ymax>382.7</ymax>
    </bndbox>
  </object>
  <object>
    <name>WHITE</name>
    <occluded>0</occluded>
    <bndbox>
      <xmin>333.8</xmin>
      <ymin>349.58</ymin>
      <xmax>375.4</xmax>
      <ymax>391.0</ymax>
    </bndbox>
  </object>
  <object>
    <name>WHITE</name>
    <occluded>0</occluded>
    <bndbox>
      <xmin>379.0</xmin>
      <ymin>290.97</ymin>
      <xmax>423.82</xmax>
      <ymax>328.3</ymax>
    </bndbox>
  </object>
  <object>
    <name>WHITE</name>
    <occluded>0</occluded>
    <bndbox>
      <xmin>518.61</xmin>
      <ymin>630.48</ymin>
      <xmax>570.0</xmax>
      <ymax>679.8</ymax>
    </bndbox>
  </object>
  <object>
    <name>WHITE</name>
    <occluded>0</occluded>
    <bndbox>
      <xmin>409.21</xmin>
      <ymin>477.81</ymin>
      <xmax>462.3</xmax>
      <ymax>530.8</ymax>
    </bndbox>
  </object>
  <object>
    <name>WHITE</name>
    <occluded>0</occluded>
    <bndbox>
      <xmin>570.5</xmin>
      <ymin>553.5</ymin>
      <xmax>625.0</xmax>
      <ymax>609.2</ymax>
    </bndbox>
  </object>
  <object>
    <name>WHITE</name>
    <occluded>0</occluded>
    <bndbox>
      <xmin>621.9</xmin>
      <ymin>484.84</ymin>
      <xmax>671.0</xmax>
      <ymax>536.9</ymax>
    </bndbox>
  </object>
  <object>
    <name>WHITE</name>
    <occluded>0</occluded>
    <bndbox>
      <xmin>664.3</xmin>
      <ymin>430.37</ymin>
      <xmax>708.3</xmax>
      <ymax>480.6</ymax>
    </bndbox>
  </object>
  <object>
    <name>BLACK</name>
    <occluded>0</occluded>
    <bndbox>
      <xmin>690.61</xmin>
      <ymin>381.06</ymin>
      <xmax>726.5</xmax>
      <ymax>427.8</ymax>
    </bndbox>
  </object>
  <object>
    <name>WHITE</name>
    <occluded>0</occluded>
    <bndbox>
      <xmin>627.26</xmin>
      <ymin>631.7</ymin>
      <xmax>673.9</xmax>
      <ymax>680.2</ymax>
    </bndbox>
  </object>
  <object>
    <name>WHITE</name>
    <occluded>0</occluded>
    <bndbox>
      <xmin>285.5</xmin>
      <ymin>417.16</ymin>
      <xmax>319.71</xmax>
      <ymax>466.5</ymax>
    </bndbox>
  </object>
  <object>
    <name>WHITE</name>
    <occluded>0</occluded>
    <bndbox>
      <xmin>484.1</xmin>
      <ymin>221.42</ymin>
      <xmax>531.0</xmax>
      <ymax>247.9</ymax>
    </bndbox>
  </object>
  <object>
    <name>WHITE</name>
    <occluded>0</occluded>
    <bndbox>
      <xmin>472.84</xmin>
      <ymin>286.04</ymin>
      <xmax>523.2</xmax>
      <ymax>324.0</ymax>
    </bndbox>
  </object>
  <object>
    <name>BLACK</name>
    <occluded>0</occluded>
    <bndbox>
      <xmin>277.1</xmin>
      <ymin>375.83</ymin>
      <xmax>310.62</xmax>
      <ymax>419.1</ymax>
    </bndbox>
  </object>
  <object>
    <name>WHITE</name>
    <occluded>0</occluded>
    <bndbox>
      <xmin>728.73</xmin>
      <ymin>369.98</ymin>
      <xmax>759.3</xmax>
      <ymax>413.7</ymax>
    </bndbox>
  </object>
  <object>
    <name>WHITE</name>
    <occluded>0</occluded>
    <bndbox>
      <xmin>466.04</xmin>
      <ymin>402.25</ymin>
      <xmax>520.9</xmax>
      <ymax>454.6</ymax>
    </bndbox>
  </object>
  <object>
    <name>WHITE</name>
    <occluded>0</occluded>
    <bndbox>
      <xmin>363.3</xmin>
      <ymin>405.4</ymin>
      <xmax>412.9</xmax>
      <ymax>456.0</ymax>
    </bndbox>
  </object>
  <object>
    <name>WHITE</name>
    <occluded>0</occluded>
    <bndbox>
      <xmin>312.46</xmin>
      <ymin>473.27</ymin>
      <xmax>358.4</xmax>
      <ymax>525.4</ymax>
    </bndbox>
  </object>
  <object>
    <name>WHITE</name>
    <occluded>0</occluded>
    <bndbox>
      <xmin>352.78</xmin>
      <ymin>544.38</ymin>
      <xmax>403.5</xmax>
      <ymax>597.5</ymax>
    </bndbox>
  </object>
  <object>
    <name>BLACK</name>
    <occluded>0</occluded>
    <bndbox>
      <xmin>260.4</xmin>
      <ymin>801.71</ymin>
      <xmax>305.16</xmax>
      <ymax>848.49</ymax>
    </bndbox>
  </object>
  <object>
    <name>WHITE</name>
    <occluded>0</occluded>
    <bndbox>
      <xmin>303.0</xmin>
      <ymin>613.72</ymin>
      <xmax>343.3</xmax>
      <ymax>659.7</ymax>
    </bndbox>
  </object>
  <object>
    <name>WHITE</name>
    <occluded>0</occluded>
    <bndbox>
      <xmin>307.74</xmin>
      <ymin>309.2</ymin>
      <xmax>345.17</xmax>
      <ymax>353.55</ymax>
    </bndbox>
  </object>
  <object>
    <name>WHITE</name>
    <occluded>0</occluded>
    <bndbox>
      <xmin>277.24</xmin>
      <ymin>302.61</ymin>
      <xmax>315.05</xmax>
      <ymax>338.65</ymax>
    </bndbox>
  </object>
  <object>
    <name>WHITE</name>
    <occluded>0</occluded>
    <bndbox>
      <xmin>398.64</xmin>
      <ymin>228.54</ymin>
      <xmax>443.4</xmax>
      <ymax>254.53</ymax>
    </bndbox>
  </object>
  <object>
    <name>WHITE</name>
    <occluded>0</occluded>
    <bndbox>
      <xmin>250.88</xmin>
      <ymin>358.05</ymin>
      <xmax>283.73</xmax>
      <ymax>405.87</ymax>
    </bndbox>
  </object>
  <object>
    <name>WHITE</name>
    <occluded>0</occluded>
    <bndbox>
      <xmin>236.3</xmin>
      <ymin>754.79</ymin>
      <xmax>258.46</xmax>
      <ymax>802.62</ymax>
    </bndbox>
  </object>
  <object>
    <name>WHITE</name>
    <occluded>0</occluded>
    <bndbox>
      <xmin>244.6</xmin>
      <ymin>810.59</ymin>
      <xmax>264.7</xmax>
      <ymax>854.25</ymax>
    </bndbox>
  </object>
  <object>
    <name>WHITE</name>
    <occluded>0</occluded>
    <bndbox>
      <xmin>238.36</xmin>
      <ymin>550.67</ymin>
      <xmax>261.23</xmax>
      <ymax>595.72</ymax>
    </bndbox>
  </object>
  <object>
    <name>WHITE</name>
    <occluded>0</occluded>
    <bndbox>
      <xmin>763.47</xmin>
      <ymin>519.39</ymin>
      <xmax>781.67</xmax>
      <ymax>564.44</ymax>
    </bndbox>
  </object>
  <object>
    <name>WHITE</name>
    <occluded>0</occluded>
    <bndbox>
      <xmin>656.06</xmin>
      <ymin>317.51</ymin>
      <xmax>696.95</xmax>
      <ymax>363.6</ymax>
    </bndbox>
  </object>
  <object>
    <name>WHITE</name>
    <occluded>0</occluded>
    <bndbox>
      <xmin>618.98</xmin>
      <ymin>266.92</ymin>
      <xmax>660.18</xmax>
      <ymax>304.34</ymax>
    </bndbox>
  </object>
  <object>
    <name>WHITE</name>
    <occluded>0</occluded>
    <bndbox>
      <xmin>671.65</xmin>
      <ymin>256.87</ymin>
      <xmax>709.77</xmax>
      <ymax>294.64</ymax>
    </bndbox>
  </object>
  <object>
    <name>WHITE</name>
    <occluded>0</occluded>
    <bndbox>
      <xmin>702.5</xmin>
      <ymin>312.32</ymin>
      <xmax>735.42</xmax>
      <ymax>351.13</ymax>
    </bndbox>
  </object>
  <object>
    <name>WHITE</name>
    <occluded>0</occluded>
    <bndbox>
      <xmin>757.6</xmin>
      <ymin>362.57</ymin>
      <xmax>786.02</xmax>
      <ymax>407.27</ymax>
    </bndbox>
  </object>
  <object>
    <name>WHITE</name>
    <occluded>0</occluded>
    <bndbox>
      <xmin>732.3</xmin>
      <ymin>303.3</ymin>
      <xmax>763.8</xmax>
      <ymax>342.81</ymax>
    </bndbox>
  </object>
  <object>
    <name>WHITE</name>
    <occluded>0</occluded>
    <bndbox>
      <xmin>577.74</xmin>
      <ymin>223.6</ymin>
      <xmax>620.36</xmax>
      <ymax>252.71</ymax>
    </bndbox>
  </object>
  <object>
    <name>WHITE</name>
    <occluded>0</occluded>
    <bndbox>
      <xmin>432.15</xmin>
      <ymin>256.52</ymin>
      <xmax>479.66</xmax>
      <ymax>282.86</ymax>
    </bndbox>
  </object>
  <object>
    <name>WHITE</name>
    <occluded>0</occluded>
    <bndbox>
      <xmin>350.37</xmin>
      <ymin>264.14</ymin>
      <xmax>394.07</xmax>
      <ymax>298.8</ymax>
    </bndbox>
  </object>
  <object>
    <name>WHITE</name>
    <occluded>0</occluded>
    <bndbox>
      <xmin>296.21</xmin>
      <ymin>847.34</ymin>
      <xmax>325.38</xmax>
      <ymax>891.23</ymax>
    </bndbox>
  </object>
  <object>
    <name>WHITE</name>
    <occluded>0</occluded>
    <bndbox>
      <xmin>629.72</xmin>
      <ymin>863.37</ymin>
      <xmax>664.03</xmax>
      <ymax>908.07</ymax>
    </bndbox>
  </object>
  <object>
    <name>WHITE</name>
    <occluded>0</occluded>
    <bndbox>
      <xmin>277.2</xmin>
      <ymin>541.85</ymin>
      <xmax>307.84</xmax>
      <ymax>592.97</ymax>
    </bndbox>
  </object>
  <object>
    <name>WHITE</name>
    <occluded>0</occluded>
    <bndbox>
      <xmin>259.01</xmin>
      <ymin>479.76</ymin>
      <xmax>288.21</xmax>
      <ymax>531.2</ymax>
    </bndbox>
  </object>
  <object>
    <name>WHITE</name>
    <occluded>0</occluded>
    <bndbox>
      <xmin>246.3</xmin>
      <ymin>432.98</ymin>
      <xmax>268.57</xmax>
      <ymax>482.36</ymax>
    </bndbox>
  </object>
  <object>
    <name>WHITE</name>
    <occluded>0</occluded>
    <bndbox>
      <xmin>711.87</xmin>
      <ymin>497.7</ymin>
      <xmax>741.03</xmax>
      <ymax>548.81</ymax>
    </bndbox>
  </object>
  <object>
    <name>WHITE</name>
    <occluded>0</occluded>
    <bndbox>
      <xmin>674.61</xmin>
      <ymin>567.01</ymin>
      <xmax>713.31</xmax>
      <ymax>617.55</ymax>
    </bndbox>
  </object>
  <object>
    <name>WHITE</name>
    <occluded>0</occluded>
    <bndbox>
      <xmin>716.36</xmin>
      <ymin>792.01</ymin>
      <xmax>743.39</xmax>
      <ymax>839.84</ymax>
    </bndbox>
  </object>
  <object>
    <name>WHITE</name>
    <occluded>0</occluded>
    <bndbox>
      <xmin>743.7</xmin>
      <ymin>734.48</ymin>
      <xmax>769.03</xmax>
      <ymax>785.43</ymax>
    </bndbox>
  </object>
  <object>
    <name>WHITE</name>
    <occluded>0</occluded>
    <bndbox>
      <xmin>707.0</xmin>
      <ymin>640.57</ymin>
      <xmax>738.19</xmax>
      <ymax>688.39</ymax>
    </bndbox>
  </object>
  <object>
    <name>WHITE</name>
    <occluded>0</occluded>
    <bndbox>
      <xmin>735.42</xmin>
      <ymin>577.15</ymin>
      <xmax>761.03</xmax>
      <ymax>623.59</ymax>
    </bndbox>
  </object>
  <object>
    <name>WHITE</name>
    <occluded>0</occluded>
    <bndbox>
      <xmin>739.21</xmin>
      <ymin>444.01</ymin>
      <xmax>764.05</xmax>
      <ymax>492.53</ymax>
    </bndbox>
  </object>
  <object>
    <name>WHITE</name>
    <occluded>0</occluded>
    <bndbox>
      <xmin>773.29</xmin>
      <ymin>439.68</ymin>
      <xmax>795.82</xmax>
      <ymax>486.75</ymax>
    </bndbox>
  </object>
  <object>
    <name>WHITE</name>
    <occluded>0</occluded>
    <bndbox>
      <xmin>746.29</xmin>
      <ymin>657.05</ymin>
      <xmax>773.74</xmax>
      <ymax>707.79</ymax>
    </bndbox>
  </object>
</annotation>
