<annotation>
  <folder>JK</folder>
  <filename>JK_camera10.png</filename>
  <source>
    <database>Unknown</database>
    <annotation>Unknown</annotation>
    <image>Unknown</image>
  </source>
  <size>
    <width>1280</width>
    <height>960</height>
    <depth></depth>
  </size>
  <segmented>0</segmented>
  <object>
    <name>WHITE</name>
    <occluded>0</occluded>
    <bndbox>
      <xmin>1028.99</xmin>
      <ymin>421.81</ymin>
      <xmax>1071.88</xmax>
      <ymax>473.53</ymax>
    </bndbox>
  </object>
  <object>
    <name>WHITE</name>
    <occluded>0</occluded>
    <bndbox>
      <xmin>429.44</xmin>
      <ymin>387.56</ymin>
      <xmax>470.98</xmax>
      <ymax>431.72</ymax>
    </bndbox>
  </object>
  <object>
    <name>WHITE</name>
    <occluded>0</occluded>
    <bndbox>
      <xmin>449.65</xmin>
      <ymin>311.58</ymin>
      <xmax>487.83</xmax>
      <ymax>356.87</ymax>
    </bndbox>
  </object>
  <object>
    <name>WHITE</name>
    <occluded>0</occluded>
    <bndbox>
      <xmin>435.05</xmin>
      <ymin>242.71</ymin>
      <xmax>472.48</xmax>
      <ymax>289.12</ymax>
    </bndbox>
  </object>
  <object>
    <name>WHITE</name>
    <occluded>0</occluded>
    <bndbox>
      <xmin>393.21</xmin>
      <ymin>407.77</ymin>
      <xmax>423.94</xmax>
      <ymax>457.55</ymax>
    </bndbox>
  </object>
  <object>
    <name>WHITE</name>
    <occluded>0</occluded>
    <bndbox>
      <xmin>362.68</xmin>
      <ymin>597.35</ymin>
      <xmax>394.41</xmax>
      <ymax>643.1</ymax>
    </bndbox>
  </object>
  <object>
    <name>WHITE</name>
    <occluded>0</occluded>
    <bndbox>
      <xmin>477.35</xmin>
      <ymin>168.98</ymin>
      <xmax>515.52</xmax>
      <ymax>213.89</ymax>
    </bndbox>
  </object>
  <object>
    <name>BLACK</name>
    <occluded>0</occluded>
    <bndbox>
      <xmin>720.25</xmin>
      <ymin>20.39</ymin>
      <xmax>770.03</xmax>
      <ymax>53.7</ymax>
    </bndbox>
  </object>
  <object>
    <name>WHITE</name>
    <occluded>0</occluded>
    <bndbox>
      <xmin>393.51</xmin>
      <ymin>496.47</ymin>
      <xmax>433.93</xmax>
      <ymax>544.38</ymax>
    </bndbox>
  </object>
  <object>
    <name>WHITE</name>
    <occluded>0</occluded>
    <bndbox>
      <xmin>651.38</xmin>
      <ymin>24.14</ymin>
      <xmax>701.91</xmax>
      <ymax>55.2</ymax>
    </bndbox>
  </object>
  <object>
    <name>WHITE</name>
    <occluded>0</occluded>
    <bndbox>
      <xmin>1024.91</xmin>
      <ymin>258.43</ymin>
      <xmax>1058.97</xmax>
      <ymax>308.21</ymax>
    </bndbox>
  </object>
  <object>
    <name>WHITE</name>
    <occluded>0</occluded>
    <bndbox>
      <xmin>1060.46</xmin>
      <ymin>349.38</ymin>
      <xmax>1098.27</xmax>
      <ymax>402.9</ymax>
    </bndbox>
  </object>
  <object>
    <name>WHITE</name>
    <occluded>0</occluded>
    <bndbox>
      <xmin>433.19</xmin>
      <ymin>548.54</ymin>
      <xmax>470.62</xmax>
      <ymax>602.86</ymax>
    </bndbox>
  </object>
  <object>
    <name>WHITE</name>
    <occluded>0</occluded>
    <bndbox>
      <xmin>797.35</xmin>
      <ymin>13.28</ymin>
      <xmax>847.88</xmax>
      <ymax>41.73</ymax>
    </bndbox>
  </object>
  <object>
    <name>WHITE</name>
    <occluded>0</occluded>
    <bndbox>
      <xmin>363.64</xmin>
      <ymin>471.02</ymin>
      <xmax>393.62</xmax>
      <ymax>520.8</ymax>
    </bndbox>
  </object>
  <object>
    <name>WHITE</name>
    <occluded>0</occluded>
    <bndbox>
      <xmin>429.61</xmin>
      <ymin>188.04</ymin>
      <xmax>462.7</xmax>
      <ymax>232.96</ymax>
    </bndbox>
  </object>
  <object>
    <name>WHITE</name>
    <occluded>0</occluded>
    <bndbox>
      <xmin>1034.75</xmin>
      <ymin>546.4</ymin>
      <xmax>1080.04</xmax>
      <ymax>586.45</ymax>
    </bndbox>
  </object>
  <object>
    <name>WHITE</name>
    <occluded>0</occluded>
    <bndbox>
      <xmin>990.85</xmin>
      <ymin>482.25</ymin>
      <xmax>1036.14</xmax>
      <ymax>539.14</ymax>
    </bndbox>
  </object>
  <object>
    <name>WHITE</name>
    <occluded>0</occluded>
    <bndbox>
      <xmin>866.53</xmin>
      <ymin>309.31</ymin>
      <xmax>924.3</xmax>
      <ymax>361.2</ymax>
    </bndbox>
  </object>
  <object>
    <name>WHITE</name>
    <occluded>0</occluded>
    <bndbox>
      <xmin>802.89</xmin>
      <ymin>457.39</ymin>
      <xmax>862.1</xmax>
      <ymax>515.9</ymax>
    </bndbox>
  </object>
  <object>
    <name>WHITE</name>
    <occluded>0</occluded>
    <bndbox>
      <xmin>756.3</xmin>
      <ymin>526.96</ymin>
      <xmax>819.3</xmax>
      <ymax>577.8</ymax>
    </bndbox>
  </object>
  <object>
    <name>WHITE</name>
    <occluded>0</occluded>
    <bndbox>
      <xmin>908.84</xmin>
      <ymin>101.17</ymin>
      <xmax>956.5</xmax>
      <ymax>146.0</ymax>
    </bndbox>
  </object>
  <object>
    <name>WHITE</name>
    <occluded>0</occluded>
    <bndbox>
      <xmin>861.91</xmin>
      <ymin>158.65</ymin>
      <xmax>916.1</xmax>
      <ymax>205.61</ymax>
    </bndbox>
  </object>
  <object>
    <name>WHITE</name>
    <occluded>0</occluded>
    <bndbox>
      <xmin>813.43</xmin>
      <ymin>232.62</ymin>
      <xmax>870.4</xmax>
      <ymax>281.2</ymax>
    </bndbox>
  </object>
  <object>
    <name>WHITE</name>
    <occluded>0</occluded>
    <bndbox>
      <xmin>784.26</xmin>
      <ymin>305.51</ymin>
      <xmax>846.5</xmax>
      <ymax>365.1</ymax>
    </bndbox>
  </object>
  <object>
    <name>WHITE</name>
    <occluded>0</occluded>
    <bndbox>
      <xmin>761.77</xmin>
      <ymin>377.25</ymin>
      <xmax>824.7</xmax>
      <ymax>436.4</ymax>
    </bndbox>
  </object>
  <object>
    <name>WHITE</name>
    <occluded>0</occluded>
    <bndbox>
      <xmin>700.38</xmin>
      <ymin>462.37</ymin>
      <xmax>759.5</xmax>
      <ymax>516.1</ymax>
    </bndbox>
  </object>
  <object>
    <name>WHITE</name>
    <occluded>0</occluded>
    <bndbox>
      <xmin>651.63</xmin>
      <ymin>541.25</ymin>
      <xmax>711.0</xmax>
      <ymax>596.2</ymax>
    </bndbox>
  </object>
  <object>
    <name>WHITE</name>
    <occluded>0</occluded>
    <bndbox>
      <xmin>812.88</xmin>
      <ymin>101.75</ymin>
      <xmax>867.6</xmax>
      <ymax>144.1</ymax>
    </bndbox>
  </object>
  <object>
    <name>WHITE</name>
    <occluded>0</occluded>
    <bndbox>
      <xmin>769.88</xmin>
      <ymin>178.0</ymin>
      <xmax>824.7</xmax>
      <ymax>221.9</ymax>
    </bndbox>
  </object>
  <object>
    <name>WHITE</name>
    <occluded>0</occluded>
    <bndbox>
      <xmin>746.1</xmin>
      <ymin>251.0</ymin>
      <xmax>803.1</xmax>
      <ymax>299.7</ymax>
    </bndbox>
  </object>
  <object>
    <name>WHITE</name>
    <occluded>0</occluded>
    <bndbox>
      <xmin>590.89</xmin>
      <ymin>487.75</ymin>
      <xmax>649.0</xmax>
      <ymax>538.5</ymax>
    </bndbox>
  </object>
  <object>
    <name>WHITE</name>
    <occluded>0</occluded>
    <bndbox>
      <xmin>766.53</xmin>
      <ymin>55.52</ymin>
      <xmax>819.8</xmax>
      <ymax>91.4</ymax>
    </bndbox>
  </object>
  <object>
    <name>WHITE</name>
    <occluded>0</occluded>
    <bndbox>
      <xmin>724.26</xmin>
      <ymin>117.88</ymin>
      <xmax>779.6</xmax>
      <ymax>164.2</ymax>
    </bndbox>
  </object>
  <object>
    <name>WHITE</name>
    <occluded>0</occluded>
    <bndbox>
      <xmin>680.26</xmin>
      <ymin>199.88</ymin>
      <xmax>735.0</xmax>
      <ymax>244.6</ymax>
    </bndbox>
  </object>
  <object>
    <name>WHITE</name>
    <occluded>0</occluded>
    <bndbox>
      <xmin>513.51</xmin>
      <ymin>432.13</ymin>
      <xmax>570.0</xmax>
      <ymax>479.7</ymax>
    </bndbox>
  </object>
  <object>
    <name>WHITE</name>
    <occluded>0</occluded>
    <bndbox>
      <xmin>669.9</xmin>
      <ymin>71.82</ymin>
      <xmax>720.06</xmax>
      <ymax>105.7</ymax>
    </bndbox>
  </object>
  <object>
    <name>WHITE</name>
    <occluded>0</occluded>
    <bndbox>
      <xmin>623.4</xmin>
      <ymin>140.98</ymin>
      <xmax>673.14</xmax>
      <ymax>186.5</ymax>
    </bndbox>
  </object>
  <object>
    <name>WHITE</name>
    <occluded>0</occluded>
    <bndbox>
      <xmin>597.4</xmin>
      <ymin>212.8</ymin>
      <xmax>649.2</xmax>
      <ymax>264.7</ymax>
    </bndbox>
  </object>
  <object>
    <name>WHITE</name>
    <occluded>0</occluded>
    <bndbox>
      <xmin>515.1</xmin>
      <ymin>289.58</ymin>
      <xmax>559.26</xmax>
      <ymax>336.0</ymax>
    </bndbox>
  </object>
  <object>
    <name>BLACK</name>
    <occluded>0</occluded>
    <bndbox>
      <xmin>484.0</xmin>
      <ymin>356.78</ymin>
      <xmax>532.6</xmax>
      <ymax>407.3</ymax>
    </bndbox>
  </object>
  <object>
    <name>WHITE</name>
    <occluded>0</occluded>
    <bndbox>
      <xmin>603.1</xmin>
      <ymin>77.82</ymin>
      <xmax>647.84</xmax>
      <ymax>119.9</ymax>
    </bndbox>
  </object>
  <object>
    <name>WHITE</name>
    <occluded>0</occluded>
    <bndbox>
      <xmin>547.73</xmin>
      <ymin>152.6</ymin>
      <xmax>592.27</xmax>
      <ymax>199.3</ymax>
    </bndbox>
  </object>
  <object>
    <name>WHITE</name>
    <occluded>0</occluded>
    <bndbox>
      <xmin>502.7</xmin>
      <ymin>227.77</ymin>
      <xmax>548.04</xmax>
      <ymax>276.6</ymax>
    </bndbox>
  </object>
  <object>
    <name>WHITE</name>
    <occluded>0</occluded>
    <bndbox>
      <xmin>535.3</xmin>
      <ymin>97.58</ymin>
      <xmax>573.88</xmax>
      <ymax>136.4</ymax>
    </bndbox>
  </object>
  <object>
    <name>WHITE</name>
    <occluded>0</occluded>
    <bndbox>
      <xmin>855.1</xmin>
      <ymin>47.71</ymin>
      <xmax>903.7</xmax>
      <ymax>86.7</ymax>
    </bndbox>
  </object>
  <object>
    <name>WHITE</name>
    <occluded>0</occluded>
    <bndbox>
      <xmin>557.33</xmin>
      <ymin>568.78</ymin>
      <xmax>611.2</xmax>
      <ymax>622.8</ymax>
    </bndbox>
  </object>
  <object>
    <name>WHITE</name>
    <occluded>0</occluded>
    <bndbox>
      <xmin>496.23</xmin>
      <ymin>521.02</ymin>
      <xmax>552.4</xmax>
      <ymax>574.2</ymax>
    </bndbox>
  </object>
  <object>
    <name>WHITE</name>
    <occluded>0</occluded>
    <bndbox>
      <xmin>442.73</xmin>
      <ymin>457.9</ymin>
      <xmax>487.27</xmax>
      <ymax>509.9</ymax>
    </bndbox>
  </object>
  <object>
    <name>WHITE</name>
    <occluded>0</occluded>
    <bndbox>
      <xmin>485.76</xmin>
      <ymin>594.16</ymin>
      <xmax>536.7</xmax>
      <ymax>646.5</ymax>
    </bndbox>
  </object>
  <object>
    <name>WHITE</name>
    <occluded>0</occluded>
    <bndbox>
      <xmin>391.66</xmin>
      <ymin>587.81</ymin>
      <xmax>428.6</xmax>
      <ymax>638.7</ymax>
    </bndbox>
  </object>
  <object>
    <name>BLACK</name>
    <occluded>0</occluded>
    <bndbox>
      <xmin>432.86</xmin>
      <ymin>635.41</ymin>
      <xmax>469.9</xmax>
      <ymax>690.2</ymax>
    </bndbox>
  </object>
  <object>
    <name>WHITE</name>
    <occluded>0</occluded>
    <bndbox>
      <xmin>962.67</xmin>
      <ymin>533.5</ymin>
      <xmax>1014.3</xmax>
      <ymax>586.0</ymax>
    </bndbox>
  </object>
  <object>
    <name>BLACK</name>
    <occluded>0</occluded>
    <bndbox>
      <xmin>971.9</xmin>
      <ymin>327.91</ymin>
      <xmax>1020.3</xmax>
      <ymax>384.3</ymax>
    </bndbox>
  </object>
  <object>
    <name>WHITE</name>
    <occluded>0</occluded>
    <bndbox>
      <xmin>950.06</xmin>
      <ymin>391.02</ymin>
      <xmax>997.4</xmax>
      <ymax>445.8</ymax>
    </bndbox>
  </object>
  <object>
    <name>WHITE</name>
    <occluded>0</occluded>
    <bndbox>
      <xmin>901.83</xmin>
      <ymin>464.27</ymin>
      <xmax>959.8</xmax>
      <ymax>515.5</ymax>
    </bndbox>
  </object>
  <object>
    <name>BLACK</name>
    <occluded>0</occluded>
    <bndbox>
      <xmin>870.32</xmin>
      <ymin>524.67</ymin>
      <xmax>929.8</xmax>
      <ymax>578.5</ymax>
    </bndbox>
  </object>
  <object>
    <name>WHITE</name>
    <occluded>0</occluded>
    <bndbox>
      <xmin>1000.74</xmin>
      <ymin>124.98</ymin>
      <xmax>1038.1</xmax>
      <ymax>174.8</ymax>
    </bndbox>
  </object>
  <object>
    <name>WHITE</name>
    <occluded>0</occluded>
    <bndbox>
      <xmin>966.19</xmin>
      <ymin>174.4</ymin>
      <xmax>1013.1</xmax>
      <ymax>223.7</ymax>
    </bndbox>
  </object>
  <object>
    <name>WHITE</name>
    <occluded>0</occluded>
    <bndbox>
      <xmin>912.0</xmin>
      <ymin>233.74</ymin>
      <xmax>966.7</xmax>
      <ymax>280.26</ymax>
    </bndbox>
  </object>
  <object>
    <name>WHITE</name>
    <occluded>0</occluded>
    <bndbox>
      <xmin>859.19</xmin>
      <ymin>379.63</ymin>
      <xmax>915.3</xmax>
      <ymax>435.1</ymax>
    </bndbox>
  </object>
</annotation>
