<annotation>
  <folder>JR</folder>
  <filename>JR_camera11.png</filename>
  <source>
    <database>Unknown</database>
    <annotation>Unknown</annotation>
    <image>Unknown</image>
  </source>
  <size>
    <width>1280</width>
    <height>960</height>
    <depth></depth>
  </size>
  <segmented>0</segmented>
  <object>
    <name>WHITE</name>
    <occluded>0</occluded>
    <bndbox>
      <xmin>652.35</xmin>
      <ymin>453.59</ymin>
      <xmax>700.6</xmax>
      <ymax>504.9</ymax>
    </bndbox>
  </object>
  <object>
    <name>WHITE</name>
    <occluded>0</occluded>
    <bndbox>
      <xmin>730.92</xmin>
      <ymin>615.52</ymin>
      <xmax>763.8</xmax>
      <ymax>666.0</ymax>
    </bndbox>
  </object>
  <object>
    <name>WHITE</name>
    <occluded>0</occluded>
    <bndbox>
      <xmin>750.94</xmin>
      <ymin>696.63</ymin>
      <xmax>780.8</xmax>
      <ymax>744.6</ymax>
    </bndbox>
  </object>
  <object>
    <name>WHITE</name>
    <occluded>0</occluded>
    <bndbox>
      <xmin>711.92</xmin>
      <ymin>427.29</ymin>
      <xmax>752.1</xmax>
      <ymax>474.3</ymax>
    </bndbox>
  </object>
  <object>
    <name>WHITE</name>
    <occluded>0</occluded>
    <bndbox>
      <xmin>774.53</xmin>
      <ymin>439.02</ymin>
      <xmax>808.7</xmax>
      <ymax>487.6</ymax>
    </bndbox>
  </object>
  <object>
    <name>WHITE</name>
    <occluded>0</occluded>
    <bndbox>
      <xmin>792.3</xmin>
      <ymin>614.7</ymin>
      <xmax>821.96</xmax>
      <ymax>663.7</ymax>
    </bndbox>
  </object>
  <object>
    <name>WHITE</name>
    <occluded>0</occluded>
    <bndbox>
      <xmin>810.14</xmin>
      <ymin>680.63</ymin>
      <xmax>840.5</xmax>
      <ymax>726.8</ymax>
    </bndbox>
  </object>
  <object>
    <name>WHITE</name>
    <occluded>0</occluded>
    <bndbox>
      <xmin>698.56</xmin>
      <ymin>125.89</ymin>
      <xmax>735.1</xmax>
      <ymax>163.3</ymax>
    </bndbox>
  </object>
  <object>
    <name>WHITE</name>
    <occluded>0</occluded>
    <bndbox>
      <xmin>686.01</xmin>
      <ymin>209.6</ymin>
      <xmax>727.4</xmax>
      <ymax>249.8</ymax>
    </bndbox>
  </object>
  <object>
    <name>WHITE</name>
    <occluded>0</occluded>
    <bndbox>
      <xmin>770.5</xmin>
      <ymin>531.5</ymin>
      <xmax>801.5</xmax>
      <ymax>574.5</ymax>
    </bndbox>
  </object>
  <object>
    <name>WHITE</name>
    <occluded>0</occluded>
    <bndbox>
      <xmin>623.92</xmin>
      <ymin>226.73</ymin>
      <xmax>668.3</xmax>
      <ymax>271.6</ymax>
    </bndbox>
  </object>
  <object>
    <name>WHITE</name>
    <occluded>0</occluded>
    <bndbox>
      <xmin>735.89</xmin>
      <ymin>189.06</ymin>
      <xmax>770.7</xmax>
      <ymax>229.0</ymax>
    </bndbox>
  </object>
  <object>
    <name>WHITE</name>
    <occluded>0</occluded>
    <bndbox>
      <xmin>710.2</xmin>
      <ymin>320.14</ymin>
      <xmax>753.5</xmax>
      <ymax>364.4</ymax>
    </bndbox>
  </object>
  <object>
    <name>WHITE</name>
    <occluded>0</occluded>
    <bndbox>
      <xmin>760.0</xmin>
      <ymin>270.4</ymin>
      <xmax>792.9</xmax>
      <ymax>314.8</ymax>
    </bndbox>
  </object>
  <object>
    <name>WHITE</name>
    <occluded>0</occluded>
    <bndbox>
      <xmin>797.78</xmin>
      <ymin>233.87</ymin>
      <xmax>829.6</xmax>
      <ymax>276.5</ymax>
    </bndbox>
  </object>
  <object>
    <name>WHITE</name>
    <occluded>0</occluded>
    <bndbox>
      <xmin>452.87</xmin>
      <ymin>105.35</ymin>
      <xmax>491.78</xmax>
      <ymax>130.2</ymax>
    </bndbox>
  </object>
  <object>
    <name>BLACK</name>
    <occluded>0</occluded>
    <bndbox>
      <xmin>342.76</xmin>
      <ymin>256.1</ymin>
      <xmax>378.2</xmax>
      <ymax>299.82</ymax>
    </bndbox>
  </object>
  <object>
    <name>WHITE</name>
    <occluded>0</occluded>
    <bndbox>
      <xmin>401.48</xmin>
      <ymin>189.7</ymin>
      <xmax>442.78</xmax>
      <ymax>220.0</ymax>
    </bndbox>
  </object>
  <object>
    <name>WHITE</name>
    <occluded>0</occluded>
    <bndbox>
      <xmin>497.9</xmin>
      <ymin>453.0</ymin>
      <xmax>550.8</xmax>
      <ymax>501.9</ymax>
    </bndbox>
  </object>
  <object>
    <name>WHITE</name>
    <occluded>0</occluded>
    <bndbox>
      <xmin>575.9</xmin>
      <ymin>555.05</ymin>
      <xmax>622.0</xmax>
      <ymax>604.7</ymax>
    </bndbox>
  </object>
  <object>
    <name>WHITE</name>
    <occluded>0</occluded>
    <bndbox>
      <xmin>606.36</xmin>
      <ymin>619.4</ymin>
      <xmax>649.8</xmax>
      <ymax>672.0</ymax>
    </bndbox>
  </object>
  <object>
    <name>BLACK</name>
    <occluded>0</occluded>
    <bndbox>
      <xmin>570.34</xmin>
      <ymin>460.52</ymin>
      <xmax>619.6</xmax>
      <ymax>512.4</ymax>
    </bndbox>
  </object>
  <object>
    <name>WHITE</name>
    <occluded>0</occluded>
    <bndbox>
      <xmin>641.41</xmin>
      <ymin>539.32</ymin>
      <xmax>685.99</xmax>
      <ymax>587.8</ymax>
    </bndbox>
  </object>
  <object>
    <name>WHITE</name>
    <occluded>0</occluded>
    <bndbox>
      <xmin>651.77</xmin>
      <ymin>138.98</ymin>
      <xmax>691.5</xmax>
      <ymax>175.1</ymax>
    </bndbox>
  </object>
  <object>
    <name>WHITE</name>
    <occluded>0</occluded>
    <bndbox>
      <xmin>585.4</xmin>
      <ymin>159.8</ymin>
      <xmax>629.15</xmax>
      <ymax>195.49</ymax>
    </bndbox>
  </object>
  <object>
    <name>WHITE</name>
    <occluded>0</occluded>
    <bndbox>
      <xmin>510.94</xmin>
      <ymin>184.8</ymin>
      <xmax>555.5</xmax>
      <ymax>221.9</ymax>
    </bndbox>
  </object>
  <object>
    <name>WHITE</name>
    <occluded>0</occluded>
    <bndbox>
      <xmin>472.38</xmin>
      <ymin>135.46</ymin>
      <xmax>512.82</xmax>
      <ymax>163.2</ymax>
    </bndbox>
  </object>
  <object>
    <name>WHITE</name>
    <occluded>0</occluded>
    <bndbox>
      <xmin>660.56</xmin>
      <ymin>614.67</ymin>
      <xmax>705.24</xmax>
      <ymax>668.2</ymax>
    </bndbox>
  </object>
  <object>
    <name>BLACK</name>
    <occluded>0</occluded>
    <bndbox>
      <xmin>679.6</xmin>
      <ymin>715.54</ymin>
      <xmax>723.47</xmax>
      <ymax>764.8</ymax>
    </bndbox>
  </object>
  <object>
    <name>WHITE</name>
    <occluded>0</occluded>
    <bndbox>
      <xmin>715.9</xmin>
      <ymin>533.56</ymin>
      <xmax>749.8</xmax>
      <ymax>583.7</ymax>
    </bndbox>
  </object>
  <object>
    <name>WHITE</name>
    <occluded>0</occluded>
    <bndbox>
      <xmin>547.57</xmin>
      <ymin>103.83</ymin>
      <xmax>596.3</xmax>
      <ymax>128.31</ymax>
    </bndbox>
  </object>
  <object>
    <name>WHITE</name>
    <occluded>0</occluded>
    <bndbox>
      <xmin>382.44</xmin>
      <ymin>162.66</ymin>
      <xmax>412.54</xmax>
      <ymax>194.09</ymax>
    </bndbox>
  </object>
  <object>
    <name>WHITE</name>
    <occluded>0</occluded>
    <bndbox>
      <xmin>791.09</xmin>
      <ymin>370.47</ymin>
      <xmax>821.04</xmax>
      <ymax>416.32</ymax>
    </bndbox>
  </object>
  <object>
    <name>WHITE</name>
    <occluded>0</occluded>
    <bndbox>
      <xmin>842.56</xmin>
      <ymin>400.1</ymin>
      <xmax>871.25</xmax>
      <ymax>441.89</ymax>
    </bndbox>
  </object>
  <object>
    <name>WHITE</name>
    <occluded>0</occluded>
    <bndbox>
      <xmin>828.21</xmin>
      <ymin>320.57</ymin>
      <xmax>854.72</xmax>
      <ymax>363.3</ymax>
    </bndbox>
  </object>
  <object>
    <name>WHITE</name>
    <occluded>0</occluded>
    <bndbox>
      <xmin>886.53</xmin>
      <ymin>321.81</ymin>
      <xmax>911.48</xmax>
      <ymax>363.3</ymax>
    </bndbox>
  </object>
  <object>
    <name>WHITE</name>
    <occluded>0</occluded>
    <bndbox>
      <xmin>838.19</xmin>
      <ymin>535.49</ymin>
      <xmax>854.41</xmax>
      <ymax>581.03</ymax>
    </bndbox>
  </object>
  <object>
    <name>WHITE</name>
    <occluded>0</occluded>
    <bndbox>
      <xmin>845.36</xmin>
      <ymin>609.1</ymin>
      <xmax>860.96</xmax>
      <ymax>656.51</ymax>
    </bndbox>
  </object>
  <object>
    <name>WHITE</name>
    <occluded>0</occluded>
    <bndbox>
      <xmin>853.42</xmin>
      <ymin>675.75</ymin>
      <xmax>876.78</xmax>
      <ymax>716.17</ymax>
    </bndbox>
  </object>
  <object>
    <name>BLACK</name>
    <occluded>0</occluded>
    <bndbox>
      <xmin>816.15</xmin>
      <ymin>455.67</ymin>
      <xmax>849.38</xmax>
      <ymax>503.28</ymax>
    </bndbox>
  </object>
</annotation>
