<annotation>
  <folder>JR</folder>
  <filename>JR_camera6.png</filename>
  <source>
    <database>Unknown</database>
    <annotation>Unknown</annotation>
    <image>Unknown</image>
  </source>
  <size>
    <width>1280</width>
    <height>960</height>
    <depth></depth>
  </size>
  <segmented>0</segmented>
  <object>
    <name>WHITE</name>
    <occluded>0</occluded>
    <bndbox>
      <xmin>447.05</xmin>
      <ymin>861.35</ymin>
      <xmax>487.55</xmax>
      <ymax>892.97</ymax>
    </bndbox>
  </object>
  <object>
    <name>WHITE</name>
    <occluded>0</occluded>
    <bndbox>
      <xmin>731.37</xmin>
      <ymin>254.29</ymin>
      <xmax>771.91</xmax>
      <ymax>292.65</ymax>
    </bndbox>
  </object>
  <object>
    <name>WHITE</name>
    <occluded>0</occluded>
    <bndbox>
      <xmin>691.75</xmin>
      <ymin>206.88</ymin>
      <xmax>728.87</xmax>
      <ymax>236.82</ymax>
    </bndbox>
  </object>
  <object>
    <name>BLACK</name>
    <occluded>0</occluded>
    <bndbox>
      <xmin>649.02</xmin>
      <ymin>174.76</ymin>
      <xmax>691.13</xmax>
      <ymax>198.15</ymax>
    </bndbox>
  </object>
  <object>
    <name>WHITE</name>
    <occluded>0</occluded>
    <bndbox>
      <xmin>346.49</xmin>
      <ymin>268.95</ymin>
      <xmax>387.03</xmax>
      <ymax>304.19</ymax>
    </bndbox>
  </object>
  <object>
    <name>WHITE</name>
    <occluded>0</occluded>
    <bndbox>
      <xmin>261.41</xmin>
      <ymin>364.94</ymin>
      <xmax>289.93</xmax>
      <ymax>407.0</ymax>
    </bndbox>
  </object>
  <object>
    <name>WHITE</name>
    <occluded>0</occluded>
    <bndbox>
      <xmin>211.64</xmin>
      <ymin>483.54</ymin>
      <xmax>236.01</xmax>
      <ymax>525.24</ymax>
    </bndbox>
  </object>
  <object>
    <name>WHITE</name>
    <occluded>0</occluded>
    <bndbox>
      <xmin>247.38</xmin>
      <ymin>452.32</ymin>
      <xmax>276.62</xmax>
      <ymax>499.25</ymax>
    </bndbox>
  </object>
  <object>
    <name>WHITE</name>
    <occluded>0</occluded>
    <bndbox>
      <xmin>265.97</xmin>
      <ymin>544.37</ymin>
      <xmax>294.49</xmax>
      <ymax>589.49</ymax>
    </bndbox>
  </object>
  <object>
    <name>WHITE</name>
    <occluded>0</occluded>
    <bndbox>
      <xmin>318.32</xmin>
      <ymin>529.75</ymin>
      <xmax>358.03</xmax>
      <ymax>577.58</ymax>
    </bndbox>
  </object>
  <object>
    <name>WHITE</name>
    <occluded>0</occluded>
    <bndbox>
      <xmin>306.39</xmin>
      <ymin>424.12</ymin>
      <xmax>347.38</xmax>
      <ymax>471.59</ymax>
    </bndbox>
  </object>
  <object>
    <name>WHITE</name>
    <occluded>0</occluded>
    <bndbox>
      <xmin>758.78</xmin>
      <ymin>762.21</ymin>
      <xmax>794.65</xmax>
      <ymax>790.91</ymax>
    </bndbox>
  </object>
  <object>
    <name>WHITE</name>
    <occluded>0</occluded>
    <bndbox>
      <xmin>764.39</xmin>
      <ymin>778.43</ymin>
      <xmax>795.58</xmax>
      <ymax>810.87</ymax>
    </bndbox>
  </object>
  <object>
    <name>WHITE</name>
    <occluded>0</occluded>
    <bndbox>
      <xmin>802.76</xmin>
      <ymin>734.14</ymin>
      <xmax>832.7</xmax>
      <ymax>762.52</ymax>
    </bndbox>
  </object>
  <object>
    <name>WHITE</name>
    <occluded>0</occluded>
    <bndbox>
      <xmin>780.61</xmin>
      <ymin>719.79</ymin>
      <xmax>816.79</xmax>
      <ymax>748.49</ymax>
    </bndbox>
  </object>
  <object>
    <name>WHITE</name>
    <occluded>0</occluded>
    <bndbox>
      <xmin>742.48</xmin>
      <ymin>821.5</ymin>
      <xmax>771.72</xmax>
      <ymax>853.99</ymax>
    </bndbox>
  </object>
  <object>
    <name>WHITE</name>
    <occluded>0</occluded>
    <bndbox>
      <xmin>714.76</xmin>
      <ymin>809.59</ymin>
      <xmax>747.46</xmax>
      <ymax>839.9</ymax>
    </bndbox>
  </object>
  <object>
    <name>WHITE</name>
    <occluded>0</occluded>
    <bndbox>
      <xmin>597.8</xmin>
      <ymin>899.47</ymin>
      <xmax>634.19</xmax>
      <ymax>919.18</ymax>
    </bndbox>
  </object>
  <object>
    <name>WHITE</name>
    <occluded>0</occluded>
    <bndbox>
      <xmin>629.42</xmin>
      <ymin>853.77</ymin>
      <xmax>659.96</xmax>
      <ymax>888.42</ymax>
    </bndbox>
  </object>
  <object>
    <name>WHITE</name>
    <occluded>0</occluded>
    <bndbox>
      <xmin>591.08</xmin>
      <ymin>833.41</ymin>
      <xmax>623.79</xmax>
      <ymax>867.85</ymax>
    </bndbox>
  </object>
  <object>
    <name>WHITE</name>
    <occluded>0</occluded>
    <bndbox>
      <xmin>545.82</xmin>
      <ymin>891.24</ymin>
      <xmax>581.99</xmax>
      <ymax>916.15</ymax>
    </bndbox>
  </object>
  <object>
    <name>WHITE</name>
    <occluded>0</occluded>
    <bndbox>
      <xmin>517.44</xmin>
      <ymin>925.68</ymin>
      <xmax>558.38</xmax>
      <ymax>949.07</ymax>
    </bndbox>
  </object>
  <object>
    <name>WHITE</name>
    <occluded>0</occluded>
    <bndbox>
      <xmin>473.04</xmin>
      <ymin>901.42</ymin>
      <xmax>513.76</xmax>
      <ymax>929.58</ymax>
    </bndbox>
  </object>
  <object>
    <name>WHITE</name>
    <occluded>0</occluded>
    <bndbox>
      <xmin>413.04</xmin>
      <ymin>901.64</ymin>
      <xmax>454.2</xmax>
      <ymax>928.06</ymax>
    </bndbox>
  </object>
  <object>
    <name>WHITE</name>
    <occluded>0</occluded>
    <bndbox>
      <xmin>369.51</xmin>
      <ymin>894.71</ymin>
      <xmax>409.36</xmax>
      <ymax>925.68</ymax>
    </bndbox>
  </object>
  <object>
    <name>WHITE</name>
    <occluded>0</occluded>
    <bndbox>
      <xmin>382.07</xmin>
      <ymin>860.27</ymin>
      <xmax>425.39</xmax>
      <ymax>892.76</ymax>
    </bndbox>
  </object>
  <object>
    <name>WHITE</name>
    <occluded>0</occluded>
    <bndbox>
      <xmin>340.05</xmin>
      <ymin>853.12</ymin>
      <xmax>379.9</xmax>
      <ymax>891.24</ymax>
    </bndbox>
  </object>
  <object>
    <name>WHITE</name>
    <occluded>0</occluded>
    <bndbox>
      <xmin>811.52</xmin>
      <ymin>289.53</ymin>
      <xmax>839.9</xmax>
      <ymax>331.33</ymax>
    </bndbox>
  </object>
  <object>
    <name>WHITE</name>
    <occluded>0</occluded>
    <bndbox>
      <xmin>507.26</xmin>
      <ymin>851.82</ymin>
      <xmax>550.58</xmax>
      <ymax>879.33</ymax>
    </bndbox>
  </object>
  <object>
    <name>WHITE</name>
    <occluded>0</occluded>
    <bndbox>
      <xmin>497.52</xmin>
      <ymin>797.24</ymin>
      <xmax>541.48</xmax>
      <ymax>833.84</ymax>
    </bndbox>
  </object>
  <object>
    <name>WHITE</name>
    <occluded>0</occluded>
    <bndbox>
      <xmin>431.46</xmin>
      <ymin>797.46</ymin>
      <xmax>476.72</xmax>
      <ymax>829.29</ymax>
    </bndbox>
  </object>
  <object>
    <name>WHITE</name>
    <occluded>0</occluded>
    <bndbox>
      <xmin>377.96</xmin>
      <ymin>818.9</ymin>
      <xmax>420.62</xmax>
      <ymax>849.65</ymax>
    </bndbox>
  </object>
  <object>
    <name>BLACK</name>
    <occluded>0</occluded>
    <bndbox>
      <xmin>327.71</xmin>
      <ymin>799.84</ymin>
      <xmax>359.54</xmax>
      <ymax>834.28</ymax>
    </bndbox>
  </object>
  <object>
    <name>WHITE</name>
    <occluded>0</occluded>
    <bndbox>
      <xmin>286.12</xmin>
      <ymin>764.97</ymin>
      <xmax>319.69</xmax>
      <ymax>799.84</ymax>
    </bndbox>
  </object>
  <object>
    <name>BLACK</name>
    <occluded>0</occluded>
    <bndbox>
      <xmin>715.27</xmin>
      <ymin>833.04</ymin>
      <xmax>739.01</xmax>
      <ymax>866.76</ymax>
    </bndbox>
  </object>
  <object>
    <name>WHITE</name>
    <occluded>0</occluded>
    <bndbox>
      <xmin>855.89</xmin>
      <ymin>328.46</ymin>
      <xmax>880.59</xmax>
      <ymax>371.88</ymax>
    </bndbox>
  </object>
  <object>
    <name>WHITE</name>
    <occluded>0</occluded>
    <bndbox>
      <xmin>869.36</xmin>
      <ymin>408.55</ymin>
      <xmax>890.7</xmax>
      <ymax>448.6</ymax>
    </bndbox>
  </object>
  <object>
    <name>WHITE</name>
    <occluded>0</occluded>
    <bndbox>
      <xmin>288.45</xmin>
      <ymin>286.17</ymin>
      <xmax>314.69</xmax>
      <ymax>325.84</ymax>
    </bndbox>
  </object>
  <object>
    <name>WHITE</name>
    <occluded>0</occluded>
    <bndbox>
      <xmin>518.63</xmin>
      <ymin>186.98</ymin>
      <xmax>562.46</xmax>
      <ymax>207.19</ymax>
    </bndbox>
  </object>
  <object>
    <name>WHITE</name>
    <occluded>0</occluded>
    <bndbox>
      <xmin>674.6</xmin>
      <ymin>863.14</ymin>
      <xmax>710.7</xmax>
      <ymax>887.33</ymax>
    </bndbox>
  </object>
  <object>
    <name>WHITE</name>
    <occluded>0</occluded>
    <bndbox>
      <xmin>811.48</xmin>
      <ymin>741.87</ymin>
      <xmax>831.88</xmax>
      <ymax>777.8</ymax>
    </bndbox>
  </object>
  <object>
    <name>WHITE</name>
    <occluded>0</occluded>
    <bndbox>
      <xmin>840.58</xmin>
      <ymin>696.2</ymin>
      <xmax>868.39</xmax>
      <ymax>729.77</ymax>
    </bndbox>
  </object>
  <object>
    <name>WHITE</name>
    <occluded>0</occluded>
    <bndbox>
      <xmin>838.09</xmin>
      <ymin>557.74</ymin>
      <xmax>866.79</xmax>
      <ymax>604.85</ymax>
    </bndbox>
  </object>
  <object>
    <name>WHITE</name>
    <occluded>0</occluded>
    <bndbox>
      <xmin>821.46</xmin>
      <ymin>662.43</ymin>
      <xmax>848.2</xmax>
      <ymax>698.35</ymax>
    </bndbox>
  </object>
  <object>
    <name>WHITE</name>
    <occluded>0</occluded>
    <bndbox>
      <xmin>854.86</xmin>
      <ymin>633.91</ymin>
      <xmax>883.21</xmax>
      <ymax>666.76</ymax>
    </bndbox>
  </object>
  <object>
    <name>WHITE</name>
    <occluded>0</occluded>
    <bndbox>
      <xmin>853.61</xmin>
      <ymin>599.08</ymin>
      <xmax>880.32</xmax>
      <ymax>634.82</ymax>
    </bndbox>
  </object>
  <object>
    <name>WHITE</name>
    <occluded>0</occluded>
    <bndbox>
      <xmin>883.75</xmin>
      <ymin>526.16</ymin>
      <xmax>901.8</xmax>
      <ymax>566.41</ymax>
    </bndbox>
  </object>
  <object>
    <name>WHITE</name>
    <occluded>0</occluded>
    <bndbox>
      <xmin>863.72</xmin>
      <ymin>486.63</ymin>
      <xmax>882.49</xmax>
      <ymax>525.8</ymax>
    </bndbox>
  </object>
  <object>
    <name>WHITE</name>
    <occluded>0</occluded>
    <bndbox>
      <xmin>493.5</xmin>
      <ymin>644.5</ymin>
      <xmax>539.2</xmax>
      <ymax>686.4</ymax>
    </bndbox>
  </object>
  <object>
    <name>WHITE</name>
    <occluded>0</occluded>
    <bndbox>
      <xmin>606.79</xmin>
      <ymin>525.49</ymin>
      <xmax>653.6</xmax>
      <ymax>569.6</ymax>
    </bndbox>
  </object>
  <object>
    <name>WHITE</name>
    <occluded>0</occluded>
    <bndbox>
      <xmin>655.58</xmin>
      <ymin>449.06</ymin>
      <xmax>701.5</xmax>
      <ymax>496.6</ymax>
    </bndbox>
  </object>
  <object>
    <name>WHITE</name>
    <occluded>0</occluded>
    <bndbox>
      <xmin>762.76</xmin>
      <ymin>319.54</ymin>
      <xmax>796.3</xmax>
      <ymax>363.6</ymax>
    </bndbox>
  </object>
  <object>
    <name>WHITE</name>
    <occluded>0</occluded>
    <bndbox>
      <xmin>522.38</xmin>
      <ymin>733.37</ymin>
      <xmax>567.4</xmax>
      <ymax>772.9</ymax>
    </bndbox>
  </object>
  <object>
    <name>WHITE</name>
    <occluded>0</occluded>
    <bndbox>
      <xmin>584.53</xmin>
      <ymin>669.5</ymin>
      <xmax>628.6</xmax>
      <ymax>706.2</ymax>
    </bndbox>
  </object>
  <object>
    <name>WHITE</name>
    <occluded>0</occluded>
    <bndbox>
      <xmin>633.5</xmin>
      <ymin>605.76</ymin>
      <xmax>678.2</xmax>
      <ymax>645.9</ymax>
    </bndbox>
  </object>
  <object>
    <name>WHITE</name>
    <occluded>0</occluded>
    <bndbox>
      <xmin>680.5</xmin>
      <ymin>537.0</ymin>
      <xmax>722.0</xmax>
      <ymax>582.0</ymax>
    </bndbox>
  </object>
  <object>
    <name>WHITE</name>
    <occluded>0</occluded>
    <bndbox>
      <xmin>724.3</xmin>
      <ymin>466.47</ymin>
      <xmax>764.61</xmax>
      <ymax>512.6</ymax>
    </bndbox>
  </object>
  <object>
    <name>WHITE</name>
    <occluded>0</occluded>
    <bndbox>
      <xmin>775.21</xmin>
      <ymin>407.41</ymin>
      <xmax>809.9</xmax>
      <ymax>450.8</ymax>
    </bndbox>
  </object>
  <object>
    <name>BLACK</name>
    <occluded>0</occluded>
    <bndbox>
      <xmin>558.9</xmin>
      <ymin>796.96</ymin>
      <xmax>602.59</xmax>
      <ymax>828.1</ymax>
    </bndbox>
  </object>
  <object>
    <name>WHITE</name>
    <occluded>0</occluded>
    <bndbox>
      <xmin>601.5</xmin>
      <ymin>732.4</ymin>
      <xmax>647.0</xmax>
      <ymax>770.3</ymax>
    </bndbox>
  </object>
  <object>
    <name>WHITE</name>
    <occluded>0</occluded>
    <bndbox>
      <xmin>666.7</xmin>
      <ymin>675.55</ymin>
      <xmax>703.59</xmax>
      <ymax>713.3</ymax>
    </bndbox>
  </object>
  <object>
    <name>WHITE</name>
    <occluded>0</occluded>
    <bndbox>
      <xmin>744.1</xmin>
      <ymin>543.36</ymin>
      <xmax>781.51</xmax>
      <ymax>587.8</ymax>
    </bndbox>
  </object>
  <object>
    <name>BLACK</name>
    <occluded>0</occluded>
    <bndbox>
      <xmin>769.13</xmin>
      <ymin>478.21</ymin>
      <xmax>810.3</xmax>
      <ymax>524.4</ymax>
    </bndbox>
  </object>
  <object>
    <name>WHITE</name>
    <occluded>0</occluded>
    <bndbox>
      <xmin>738.13</xmin>
      <ymin>656.9</ymin>
      <xmax>771.5</xmax>
      <ymax>699.8</ymax>
    </bndbox>
  </object>
  <object>
    <name>WHITE</name>
    <occluded>0</occluded>
    <bndbox>
      <xmin>781.3</xmin>
      <ymin>591.1</ymin>
      <xmax>814.88</xmax>
      <ymax>631.4</ymax>
    </bndbox>
  </object>
  <object>
    <name>WHITE</name>
    <occluded>0</occluded>
    <bndbox>
      <xmin>806.2</xmin>
      <ymin>517.96</ymin>
      <xmax>839.83</xmax>
      <ymax>560.7</ymax>
    </bndbox>
  </object>
  <object>
    <name>WHITE</name>
    <occluded>0</occluded>
    <bndbox>
      <xmin>825.62</xmin>
      <ymin>445.86</ymin>
      <xmax>856.9</xmax>
      <ymax>488.0</ymax>
    </bndbox>
  </object>
  <object>
    <name>WHITE</name>
    <occluded>0</occluded>
    <bndbox>
      <xmin>827.72</xmin>
      <ymin>369.98</ymin>
      <xmax>855.47</xmax>
      <ymax>410.14</ymax>
    </bndbox>
  </object>
  <object>
    <name>WHITE</name>
    <occluded>0</occluded>
    <bndbox>
      <xmin>445.5</xmin>
      <ymin>466.5</ymin>
      <xmax>488.5</xmax>
      <ymax>509.5</ymax>
    </bndbox>
  </object>
  <object>
    <name>WHITE</name>
    <occluded>0</occluded>
    <bndbox>
      <xmin>709.0</xmin>
      <ymin>386.5</ymin>
      <xmax>747.0</xmax>
      <ymax>427.5</ymax>
    </bndbox>
  </object>
  <object>
    <name>WHITE</name>
    <occluded>0</occluded>
    <bndbox>
      <xmin>704.49</xmin>
      <ymin>618.8</ymin>
      <xmax>745.51</xmax>
      <ymax>649.2</ymax>
    </bndbox>
  </object>
  <object>
    <name>WHITE</name>
    <occluded>0</occluded>
    <bndbox>
      <xmin>772.47</xmin>
      <ymin>694.69</ymin>
      <xmax>806.59</xmax>
      <ymax>724.92</ymax>
    </bndbox>
  </object>
  <object>
    <name>WHITE</name>
    <occluded>0</occluded>
    <bndbox>
      <xmin>798.9</xmin>
      <ymin>638.19</ymin>
      <xmax>832.37</xmax>
      <ymax>675.6</ymax>
    </bndbox>
  </object>
  <object>
    <name>WHITE</name>
    <occluded>0</occluded>
    <bndbox>
      <xmin>611.5</xmin>
      <ymin>190.5</ymin>
      <xmax>653.6</xmax>
      <ymax>218.0</ymax>
    </bndbox>
  </object>
  <object>
    <name>WHITE</name>
    <occluded>0</occluded>
    <bndbox>
      <xmin>466.56</xmin>
      <ymin>218.32</ymin>
      <xmax>510.6</xmax>
      <ymax>246.6</ymax>
    </bndbox>
  </object>
  <object>
    <name>WHITE</name>
    <occluded>0</occluded>
    <bndbox>
      <xmin>563.06</xmin>
      <ymin>222.5</ymin>
      <xmax>608.7</xmax>
      <ymax>250.7</ymax>
    </bndbox>
  </object>
  <object>
    <name>WHITE</name>
    <occluded>0</occluded>
    <bndbox>
      <xmin>419.56</xmin>
      <ymin>265.85</ymin>
      <xmax>464.8</xmax>
      <ymax>299.3</ymax>
    </bndbox>
  </object>
  <object>
    <name>WHITE</name>
    <occluded>0</occluded>
    <bndbox>
      <xmin>509.5</xmin>
      <ymin>265.38</ymin>
      <xmax>552.1</xmax>
      <ymax>298.6</ymax>
    </bndbox>
  </object>
  <object>
    <name>WHITE</name>
    <occluded>0</occluded>
    <bndbox>
      <xmin>318.0</xmin>
      <ymin>343.07</ymin>
      <xmax>357.61</xmax>
      <ymax>385.6</ymax>
    </bndbox>
  </object>
  <object>
    <name>WHITE</name>
    <occluded>0</occluded>
    <bndbox>
      <xmin>385.4</xmin>
      <ymin>326.4</ymin>
      <xmax>429.3</xmax>
      <ymax>365.6</ymax>
    </bndbox>
  </object>
  <object>
    <name>WHITE</name>
    <occluded>0</occluded>
    <bndbox>
      <xmin>467.38</xmin>
      <ymin>323.63</ymin>
      <xmax>511.9</xmax>
      <ymax>364.4</ymax>
    </bndbox>
  </object>
  <object>
    <name>WHITE</name>
    <occluded>0</occluded>
    <bndbox>
      <xmin>369.6</xmin>
      <ymin>411.38</ymin>
      <xmax>413.16</xmax>
      <ymax>454.8</ymax>
    </bndbox>
  </object>
  <object>
    <name>WHITE</name>
    <occluded>0</occluded>
    <bndbox>
      <xmin>342.28</xmin>
      <ymin>624.97</ymin>
      <xmax>387.84</xmax>
      <ymax>666.11</ymax>
    </bndbox>
  </object>
  <object>
    <name>WHITE</name>
    <occluded>0</occluded>
    <bndbox>
      <xmin>650.08</xmin>
      <ymin>246.41</ymin>
      <xmax>690.3</xmax>
      <ymax>280.7</ymax>
    </bndbox>
  </object>
  <object>
    <name>WHITE</name>
    <occluded>0</occluded>
    <bndbox>
      <xmin>596.94</xmin>
      <ymin>288.38</ymin>
      <xmax>642.3</xmax>
      <ymax>331.2</ymax>
    </bndbox>
  </object>
  <object>
    <name>BLACK</name>
    <occluded>0</occluded>
    <bndbox>
      <xmin>433.1</xmin>
      <ymin>384.36</ymin>
      <xmax>481.8</xmax>
      <ymax>431.1</ymax>
    </bndbox>
  </object>
  <object>
    <name>WHITE</name>
    <occluded>0</occluded>
    <bndbox>
      <xmin>383.29</xmin>
      <ymin>501.94</ymin>
      <xmax>428.5</xmax>
      <ymax>549.1</ymax>
    </bndbox>
  </object>
  <object>
    <name>WHITE</name>
    <occluded>0</occluded>
    <bndbox>
      <xmin>503.5</xmin>
      <ymin>403.5</ymin>
      <xmax>550.5</xmax>
      <ymax>450.7</ymax>
    </bndbox>
  </object>
  <object>
    <name>WHITE</name>
    <occluded>0</occluded>
    <bndbox>
      <xmin>405.83</xmin>
      <ymin>596.01</ymin>
      <xmax>454.6</xmax>
      <ymax>640.9</ymax>
    </bndbox>
  </object>
  <object>
    <name>WHITE</name>
    <occluded>0</occluded>
    <bndbox>
      <xmin>549.69</xmin>
      <ymin>341.56</ymin>
      <xmax>595.4</xmax>
      <ymax>384.0</ymax>
    </bndbox>
  </object>
  <object>
    <name>WHITE</name>
    <occluded>0</occluded>
    <bndbox>
      <xmin>470.43</xmin>
      <ymin>557.06</ymin>
      <xmax>516.8</xmax>
      <ymax>601.8</ymax>
    </bndbox>
  </object>
  <object>
    <name>WHITE</name>
    <occluded>0</occluded>
    <bndbox>
      <xmin>532.87</xmin>
      <ymin>498.71</ymin>
      <xmax>579.5</xmax>
      <ymax>546.0</ymax>
    </bndbox>
  </object>
  <object>
    <name>WHITE</name>
    <occluded>0</occluded>
    <bndbox>
      <xmin>579.71</xmin>
      <ymin>428.71</ymin>
      <xmax>627.9</xmax>
      <ymax>477.5</ymax>
    </bndbox>
  </object>
  <object>
    <name>WHITE</name>
    <occluded>0</occluded>
    <bndbox>
      <xmin>628.5</xmin>
      <ymin>363.0</ymin>
      <xmax>675.7</xmax>
      <ymax>407.4</ymax>
    </bndbox>
  </object>
  <object>
    <name>WHITE</name>
    <occluded>0</occluded>
    <bndbox>
      <xmin>680.5</xmin>
      <ymin>309.7</ymin>
      <xmax>722.6</xmax>
      <ymax>347.6</ymax>
    </bndbox>
  </object>
  <object>
    <name>WHITE</name>
    <occluded>0</occluded>
    <bndbox>
      <xmin>431.71</xmin>
      <ymin>706.3</ymin>
      <xmax>475.4</xmax>
      <ymax>744.8</ymax>
    </bndbox>
  </object>
  <object>
    <name>WHITE</name>
    <occluded>0</occluded>
    <bndbox>
      <xmin>551.0</xmin>
      <ymin>590.5</ymin>
      <xmax>598.0</xmax>
      <ymax>634.5</ymax>
    </bndbox>
  </object>
</annotation>
