<annotation>
  <folder>JR</folder>
  <filename>JR_camera5.png</filename>
  <source>
    <database>Unknown</database>
    <annotation>Unknown</annotation>
    <image>Unknown</image>
  </source>
  <size>
    <width>1280</width>
    <height>960</height>
    <depth></depth>
  </size>
  <segmented>0</segmented>
  <object>
    <name>WHITE</name>
    <occluded>0</occluded>
    <bndbox>
      <xmin>794.65</xmin>
      <ymin>229.24</ymin>
      <xmax>834.16</xmax>
      <ymax>262.51</ymax>
    </bndbox>
  </object>
  <object>
    <name>WHITE</name>
    <occluded>0</occluded>
    <bndbox>
      <xmin>840.4</xmin>
      <ymin>284.86</ymin>
      <xmax>876.53</xmax>
      <ymax>325.93</ymax>
    </bndbox>
  </object>
  <object>
    <name>WHITE</name>
    <occluded>0</occluded>
    <bndbox>
      <xmin>514.74</xmin>
      <ymin>327.43</ymin>
      <xmax>561.0</xmax>
      <ymax>371.7</ymax>
    </bndbox>
  </object>
  <object>
    <name>WHITE</name>
    <occluded>0</occluded>
    <bndbox>
      <xmin>414.0</xmin>
      <ymin>427.0</ymin>
      <xmax>445.1</xmax>
      <ymax>472.7</ymax>
    </bndbox>
  </object>
  <object>
    <name>WHITE</name>
    <occluded>0</occluded>
    <bndbox>
      <xmin>472.52</xmin>
      <ymin>402.49</ymin>
      <xmax>514.72</xmax>
      <ymax>452.4</ymax>
    </bndbox>
  </object>
  <object>
    <name>WHITE</name>
    <occluded>0</occluded>
    <bndbox>
      <xmin>476.48</xmin>
      <ymin>280.06</ymin>
      <xmax>514.04</xmax>
      <ymax>319.2</ymax>
    </bndbox>
  </object>
  <object>
    <name>WHITE</name>
    <occluded>0</occluded>
    <bndbox>
      <xmin>816.1</xmin>
      <ymin>394.5</ymin>
      <xmax>854.3</xmax>
      <ymax>437.5</ymax>
    </bndbox>
  </object>
  <object>
    <name>WHITE</name>
    <occluded>0</occluded>
    <bndbox>
      <xmin>521.94</xmin>
      <ymin>846.7</ymin>
      <xmax>554.1</xmax>
      <ymax>881.4</ymax>
    </bndbox>
  </object>
  <object>
    <name>WHITE</name>
    <occluded>0</occluded>
    <bndbox>
      <xmin>634.35</xmin>
      <ymin>682.8</ymin>
      <xmax>678.3</xmax>
      <ymax>722.2</ymax>
    </bndbox>
  </object>
  <object>
    <name>WHITE</name>
    <occluded>0</occluded>
    <bndbox>
      <xmin>684.62</xmin>
      <ymin>619.75</ymin>
      <xmax>731.4</xmax>
      <ymax>662.7</ymax>
    </bndbox>
  </object>
  <object>
    <name>WHITE</name>
    <occluded>0</occluded>
    <bndbox>
      <xmin>723.43</xmin>
      <ymin>547.49</ymin>
      <xmax>770.6</xmax>
      <ymax>592.6</ymax>
    </bndbox>
  </object>
  <object>
    <name>WHITE</name>
    <occluded>0</occluded>
    <bndbox>
      <xmin>523.24</xmin>
      <ymin>185.3</ymin>
      <xmax>560.67</xmax>
      <ymax>210.25</ymax>
    </bndbox>
  </object>
  <object>
    <name>WHITE</name>
    <occluded>0</occluded>
    <bndbox>
      <xmin>591.82</xmin>
      <ymin>178.31</ymin>
      <xmax>633.31</xmax>
      <ymax>205.45</ymax>
    </bndbox>
  </object>
  <object>
    <name>WHITE</name>
    <occluded>0</occluded>
    <bndbox>
      <xmin>455.21</xmin>
      <ymin>236.01</ymin>
      <xmax>493.86</xmax>
      <ymax>273.75</ymax>
    </bndbox>
  </object>
  <object>
    <name>WHITE</name>
    <occluded>0</occluded>
    <bndbox>
      <xmin>768.5</xmin>
      <ymin>467.8</ymin>
      <xmax>812.9</xmax>
      <ymax>515.5</ymax>
    </bndbox>
  </object>
  <object>
    <name>WHITE</name>
    <occluded>0</occluded>
    <bndbox>
      <xmin>813.85</xmin>
      <ymin>529.8</ymin>
      <xmax>854.47</xmax>
      <ymax>574.9</ymax>
    </bndbox>
  </object>
  <object>
    <name>WHITE</name>
    <occluded>0</occluded>
    <bndbox>
      <xmin>349.76</xmin>
      <ymin>423.29</ymin>
      <xmax>374.3</xmax>
      <ymax>466.3</ymax>
    </bndbox>
  </object>
  <object>
    <name>WHITE</name>
    <occluded>0</occluded>
    <bndbox>
      <xmin>524.63</xmin>
      <ymin>709.2</ymin>
      <xmax>549.37</xmax>
      <ymax>748.8</ymax>
    </bndbox>
  </object>
  <object>
    <name>WHITE</name>
    <occluded>0</occluded>
    <bndbox>
      <xmin>546.02</xmin>
      <ymin>670.2</ymin>
      <xmax>575.98</xmax>
      <ymax>711.8</ymax>
    </bndbox>
  </object>
  <object>
    <name>WHITE</name>
    <occluded>0</occluded>
    <bndbox>
      <xmin>588.78</xmin>
      <ymin>722.7</ymin>
      <xmax>617.22</xmax>
      <ymax>763.3</ymax>
    </bndbox>
  </object>
  <object>
    <name>WHITE</name>
    <occluded>0</occluded>
    <bndbox>
      <xmin>366.6</xmin>
      <ymin>334.71</ymin>
      <xmax>395.55</xmax>
      <ymax>379.5</ymax>
    </bndbox>
  </object>
  <object>
    <name>WHITE</name>
    <occluded>0</occluded>
    <bndbox>
      <xmin>432.65</xmin>
      <ymin>350.93</ymin>
      <xmax>473.35</xmax>
      <ymax>396.6</ymax>
    </bndbox>
  </object>
  <object>
    <name>WHITE</name>
    <occluded>0</occluded>
    <bndbox>
      <xmin>612.32</xmin>
      <ymin>214.32</ymin>
      <xmax>656.4</xmax>
      <ymax>246.8</ymax>
    </bndbox>
  </object>
  <object>
    <name>WHITE</name>
    <occluded>0</occluded>
    <bndbox>
      <xmin>524.77</xmin>
      <ymin>226.34</ymin>
      <xmax>564.66</xmax>
      <ymax>259.09</ymax>
    </bndbox>
  </object>
  <object>
    <name>WHITE</name>
    <occluded>0</occluded>
    <bndbox>
      <xmin>726.82</xmin>
      <ymin>182.71</ymin>
      <xmax>767.88</xmax>
      <ymax>206.89</ymax>
    </bndbox>
  </object>
  <object>
    <name>WHITE</name>
    <occluded>0</occluded>
    <bndbox>
      <xmin>761.87</xmin>
      <ymin>868.26</ymin>
      <xmax>802.37</xmax>
      <ymax>907.9</ymax>
    </bndbox>
  </object>
  <object>
    <name>WHITE</name>
    <occluded>0</occluded>
    <bndbox>
      <xmin>557.28</xmin>
      <ymin>759.7</ymin>
      <xmax>600.68</xmax>
      <ymax>794.78</ymax>
    </bndbox>
  </object>
  <object>
    <name>WHITE</name>
    <occluded>0</occluded>
    <bndbox>
      <xmin>547.14</xmin>
      <ymin>796.6</ymin>
      <xmax>583.27</xmax>
      <ymax>826.75</ymax>
    </bndbox>
  </object>
  <object>
    <name>WHITE</name>
    <occluded>0</occluded>
    <bndbox>
      <xmin>408.08</xmin>
      <ymin>510.82</ymin>
      <xmax>441.15</xmax>
      <ymax>554.18</ymax>
    </bndbox>
  </object>
  <object>
    <name>WHITE</name>
    <occluded>0</occluded>
    <bndbox>
      <xmin>364.73</xmin>
      <ymin>589.73</ymin>
      <xmax>398.42</xmax>
      <ymax>629.03</ymax>
    </bndbox>
  </object>
  <object>
    <name>WHITE</name>
    <occluded>0</occluded>
    <bndbox>
      <xmin>734.12</xmin>
      <ymin>777.29</ymin>
      <xmax>772.48</xmax>
      <ymax>798.52</ymax>
    </bndbox>
  </object>
  <object>
    <name>WHITE</name>
    <occluded>0</occluded>
    <bndbox>
      <xmin>824.4</xmin>
      <ymin>765.72</ymin>
      <xmax>858.67</xmax>
      <ymax>803.41</ymax>
    </bndbox>
  </object>
  <object>
    <name>WHITE</name>
    <occluded>0</occluded>
    <bndbox>
      <xmin>896.12</xmin>
      <ymin>618.82</ymin>
      <xmax>925.31</xmax>
      <ymax>658.12</ymax>
    </bndbox>
  </object>
  <object>
    <name>WHITE</name>
    <occluded>0</occluded>
    <bndbox>
      <xmin>373.75</xmin>
      <ymin>467.31</ymin>
      <xmax>402.44</xmax>
      <ymax>513.79</ymax>
    </bndbox>
  </object>
  <object>
    <name>WHITE</name>
    <occluded>0</occluded>
    <bndbox>
      <xmin>383.73</xmin>
      <ymin>381.54</ymin>
      <xmax>415.54</xmax>
      <ymax>426.46</ymax>
    </bndbox>
  </object>
  <object>
    <name>WHITE</name>
    <occluded>0</occluded>
    <bndbox>
      <xmin>336.94</xmin>
      <ymin>373.43</ymin>
      <xmax>360.02</xmax>
      <ymax>414.29</ymax>
    </bndbox>
  </object>
  <object>
    <name>WHITE</name>
    <occluded>0</occluded>
    <bndbox>
      <xmin>565.92</xmin>
      <ymin>267.61</ymin>
      <xmax>608.08</xmax>
      <ymax>298.39</ymax>
    </bndbox>
  </object>
  <object>
    <name>WHITE</name>
    <occluded>0</occluded>
    <bndbox>
      <xmin>410.03</xmin>
      <ymin>309.91</ymin>
      <xmax>449.97</xmax>
      <ymax>332.09</ymax>
    </bndbox>
  </object>
  <object>
    <name>BLACK</name>
    <occluded>0</occluded>
    <bndbox>
      <xmin>445.4</xmin>
      <ymin>469.01</ymin>
      <xmax>481.4</xmax>
      <ymax>515.2</ymax>
    </bndbox>
  </object>
  <object>
    <name>WHITE</name>
    <occluded>0</occluded>
    <bndbox>
      <xmin>472.27</xmin>
      <ymin>533.3</ymin>
      <xmax>508.6</xmax>
      <ymax>576.81</ymax>
    </bndbox>
  </object>
  <object>
    <name>WHITE</name>
    <occluded>0</occluded>
    <bndbox>
      <xmin>509.93</xmin>
      <ymin>475.3</ymin>
      <xmax>552.4</xmax>
      <ymax>521.7</ymax>
    </bndbox>
  </object>
  <object>
    <name>WHITE</name>
    <occluded>0</occluded>
    <bndbox>
      <xmin>550.2</xmin>
      <ymin>405.49</ymin>
      <xmax>597.0</xmax>
      <ymax>454.6</ymax>
    </bndbox>
  </object>
  <object>
    <name>WHITE</name>
    <occluded>0</occluded>
    <bndbox>
      <xmin>603.94</xmin>
      <ymin>334.25</ymin>
      <xmax>651.0</xmax>
      <ymax>377.0</ymax>
    </bndbox>
  </object>
  <object>
    <name>WHITE</name>
    <occluded>0</occluded>
    <bndbox>
      <xmin>654.96</xmin>
      <ymin>267.65</ymin>
      <xmax>699.8</xmax>
      <ymax>310.23</ymax>
    </bndbox>
  </object>
  <object>
    <name>WHITE</name>
    <occluded>0</occluded>
    <bndbox>
      <xmin>642.32</xmin>
      <ymin>881.36</ymin>
      <xmax>685.36</xmax>
      <ymax>914.42</ymax>
    </bndbox>
  </object>
  <object>
    <name>WHITE</name>
    <occluded>0</occluded>
    <bndbox>
      <xmin>663.84</xmin>
      <ymin>843.62</ymin>
      <xmax>708.44</xmax>
      <ymax>876.99</ymax>
    </bndbox>
  </object>
  <object>
    <name>WHITE</name>
    <occluded>0</occluded>
    <bndbox>
      <xmin>699.71</xmin>
      <ymin>873.25</ymin>
      <xmax>742.75</xmax>
      <ymax>914.73</ymax>
    </bndbox>
  </object>
  <object>
    <name>BLACK</name>
    <occluded>0</occluded>
    <bndbox>
      <xmin>647.93</xmin>
      <ymin>774.38</ymin>
      <xmax>693.78</xmax>
      <ymax>809.93</ymax>
    </bndbox>
  </object>
  <object>
    <name>WHITE</name>
    <occluded>0</occluded>
    <bndbox>
      <xmin>616.74</xmin>
      <ymin>809.62</ymin>
      <xmax>653.86</xmax>
      <ymax>842.68</ymax>
    </bndbox>
  </object>
  <object>
    <name>WHITE</name>
    <occluded>0</occluded>
    <bndbox>
      <xmin>694.72</xmin>
      <ymin>808.06</ymin>
      <xmax>737.45</xmax>
      <ymax>839.56</ymax>
    </bndbox>
  </object>
  <object>
    <name>WHITE</name>
    <occluded>0</occluded>
    <bndbox>
      <xmin>533.16</xmin>
      <ymin>819.6</ymin>
      <xmax>569.33</xmax>
      <ymax>852.35</ymax>
    </bndbox>
  </object>
  <object>
    <name>WHITE</name>
    <occluded>0</occluded>
    <bndbox>
      <xmin>476.08</xmin>
      <ymin>796.83</ymin>
      <xmax>506.33</xmax>
      <ymax>832.39</ymax>
    </bndbox>
  </object>
  <object>
    <name>WHITE</name>
    <occluded>0</occluded>
    <bndbox>
      <xmin>408.4</xmin>
      <ymin>767.2</ymin>
      <xmax>443.64</xmax>
      <ymax>800.57</ymax>
    </bndbox>
  </object>
  <object>
    <name>WHITE</name>
    <occluded>0</occluded>
    <bndbox>
      <xmin>365.98</xmin>
      <ymin>710.12</ymin>
      <xmax>399.0</xmax>
      <ymax>743.5</ymax>
    </bndbox>
  </object>
  <object>
    <name>WHITE</name>
    <occluded>0</occluded>
    <bndbox>
      <xmin>459.86</xmin>
      <ymin>695.47</ymin>
      <xmax>492.61</xmax>
      <ymax>732.89</ymax>
    </bndbox>
  </object>
  <object>
    <name>WHITE</name>
    <occluded>0</occluded>
    <bndbox>
      <xmin>470.46</xmin>
      <ymin>655.86</ymin>
      <xmax>506.96</xmax>
      <ymax>693.28</ymax>
    </bndbox>
  </object>
  <object>
    <name>WHITE</name>
    <occluded>0</occluded>
    <bndbox>
      <xmin>442.08</xmin>
      <ymin>585.68</ymin>
      <xmax>477.64</xmax>
      <ymax>627.47</ymax>
    </bndbox>
  </object>
  <object>
    <name>WHITE</name>
    <occluded>0</occluded>
    <bndbox>
      <xmin>412.76</xmin>
      <ymin>621.55</ymin>
      <xmax>444.89</xmax>
      <ymax>665.21</ymax>
    </bndbox>
  </object>
  <object>
    <name>WHITE</name>
    <occluded>0</occluded>
    <bndbox>
      <xmin>766.83</xmin>
      <ymin>793.75</ymin>
      <xmax>803.89</xmax>
      <ymax>828.62</ymax>
    </bndbox>
  </object>
  <object>
    <name>BLACK</name>
    <occluded>0</occluded>
    <bndbox>
      <xmin>584.16</xmin>
      <ymin>860.46</ymin>
      <xmax>626.4</xmax>
      <ymax>903.9</ymax>
    </bndbox>
  </object>
  <object>
    <name>WHITE</name>
    <occluded>0</occluded>
    <bndbox>
      <xmin>600.21</xmin>
      <ymin>835.0</ymin>
      <xmax>636.6</xmax>
      <ymax>869.8</ymax>
    </bndbox>
  </object>
  <object>
    <name>WHITE</name>
    <occluded>0</occluded>
    <bndbox>
      <xmin>684.0</xmin>
      <ymin>730.5</ymin>
      <xmax>724.0</xmax>
      <ymax>769.6</ymax>
    </bndbox>
  </object>
  <object>
    <name>WHITE</name>
    <occluded>0</occluded>
    <bndbox>
      <xmin>735.4</xmin>
      <ymin>680.98</ymin>
      <xmax>780.7</xmax>
      <ymax>715.8</ymax>
    </bndbox>
  </object>
  <object>
    <name>WHITE</name>
    <occluded>0</occluded>
    <bndbox>
      <xmin>786.63</xmin>
      <ymin>603.25</ymin>
      <xmax>829.5</xmax>
      <ymax>645.9</ymax>
    </bndbox>
  </object>
  <object>
    <name>BLACK</name>
    <occluded>0</occluded>
    <bndbox>
      <xmin>839.01</xmin>
      <ymin>459.64</ymin>
      <xmax>875.2</xmax>
      <ymax>509.1</ymax>
    </bndbox>
  </object>
  <object>
    <name>WHITE</name>
    <occluded>0</occluded>
    <bndbox>
      <xmin>783.48</xmin>
      <ymin>717.31</ymin>
      <xmax>823.72</xmax>
      <ymax>756.3</ymax>
    </bndbox>
  </object>
  <object>
    <name>WHITE</name>
    <occluded>0</occluded>
    <bndbox>
      <xmin>828.0</xmin>
      <ymin>652.2</ymin>
      <xmax>862.74</xmax>
      <ymax>694.5</ymax>
    </bndbox>
  </object>
  <object>
    <name>WHITE</name>
    <occluded>0</occluded>
    <bndbox>
      <xmin>860.2</xmin>
      <ymin>578.22</ymin>
      <xmax>896.95</xmax>
      <ymax>622.8</ymax>
    </bndbox>
  </object>
  <object>
    <name>WHITE</name>
    <occluded>0</occluded>
    <bndbox>
      <xmin>891.56</xmin>
      <ymin>498.64</ymin>
      <xmax>919.14</xmax>
      <ymax>542.94</ymax>
    </bndbox>
  </object>
  <object>
    <name>WHITE</name>
    <occluded>0</occluded>
    <bndbox>
      <xmin>885.72</xmin>
      <ymin>424.3</ymin>
      <xmax>916.8</xmax>
      <ymax>468.98</ymax>
    </bndbox>
  </object>
  <object>
    <name>WHITE</name>
    <occluded>0</occluded>
    <bndbox>
      <xmin>864.58</xmin>
      <ymin>348.43</ymin>
      <xmax>900.4</xmax>
      <ymax>391.2</ymax>
    </bndbox>
  </object>
  <object>
    <name>WHITE</name>
    <occluded>0</occluded>
    <bndbox>
      <xmin>728.85</xmin>
      <ymin>834.05</ymin>
      <xmax>766.41</xmax>
      <ymax>870.3</ymax>
    </bndbox>
  </object>
  <object>
    <name>WHITE</name>
    <occluded>0</occluded>
    <bndbox>
      <xmin>856.8</xmin>
      <ymin>689.81</ymin>
      <xmax>890.16</xmax>
      <ymax>727.1</ymax>
    </bndbox>
  </object>
  <object>
    <name>WHITE</name>
    <occluded>0</occluded>
    <bndbox>
      <xmin>923.8</xmin>
      <ymin>379.24</ymin>
      <xmax>947.8</xmax>
      <ymax>422.4</ymax>
    </bndbox>
  </object>
  <object>
    <name>WHITE</name>
    <occluded>0</occluded>
    <bndbox>
      <xmin>794.21</xmin>
      <ymin>815.47</ymin>
      <xmax>830.4</xmax>
      <ymax>854.2</ymax>
    </bndbox>
  </object>
  <object>
    <name>WHITE</name>
    <occluded>0</occluded>
    <bndbox>
      <xmin>857.3</xmin>
      <ymin>816.14</ymin>
      <xmax>886.36</xmax>
      <ymax>855.8</ymax>
    </bndbox>
  </object>
  <object>
    <name>BLACK</name>
    <occluded>0</occluded>
    <bndbox>
      <xmin>656.28</xmin>
      <ymin>183.18</ymin>
      <xmax>702.2</xmax>
      <ymax>209.3</ymax>
    </bndbox>
  </object>
  <object>
    <name>WHITE</name>
    <occluded>0</occluded>
    <bndbox>
      <xmin>789.42</xmin>
      <ymin>322.79</ymin>
      <xmax>825.8</xmax>
      <ymax>366.5</ymax>
    </bndbox>
  </object>
  <object>
    <name>WHITE</name>
    <occluded>0</occluded>
    <bndbox>
      <xmin>735.0</xmin>
      <ymin>396.5</ymin>
      <xmax>776.7</xmax>
      <ymax>444.5</ymax>
    </bndbox>
  </object>
  <object>
    <name>WHITE</name>
    <occluded>0</occluded>
    <bndbox>
      <xmin>677.6</xmin>
      <ymin>474.3</ymin>
      <xmax>727.5</xmax>
      <ymax>521.8</ymax>
    </bndbox>
  </object>
  <object>
    <name>WHITE</name>
    <occluded>0</occluded>
    <bndbox>
      <xmin>631.9</xmin>
      <ymin>551.7</ymin>
      <xmax>677.47</xmax>
      <ymax>596.57</ymax>
    </bndbox>
  </object>
  <object>
    <name>WHITE</name>
    <occluded>0</occluded>
    <bndbox>
      <xmin>587.17</xmin>
      <ymin>616.52</ymin>
      <xmax>632.4</xmax>
      <ymax>660.7</ymax>
    </bndbox>
  </object>
  <object>
    <name>WHITE</name>
    <occluded>0</occluded>
    <bndbox>
      <xmin>492.0</xmin>
      <ymin>742.3</ymin>
      <xmax>520.76</xmax>
      <ymax>779.17</ymax>
    </bndbox>
  </object>
  <object>
    <name>WHITE</name>
    <occluded>0</occluded>
    <bndbox>
      <xmin>491.5</xmin>
      <ymin>776.7</ymin>
      <xmax>522.78</xmax>
      <ymax>812.02</ymax>
    </bndbox>
  </object>
  <object>
    <name>WHITE</name>
    <occluded>0</occluded>
    <bndbox>
      <xmin>747.5</xmin>
      <ymin>264.4</ymin>
      <xmax>789.9</xmax>
      <ymax>303.5</ymax>
    </bndbox>
  </object>
  <object>
    <name>WHITE</name>
    <occluded>0</occluded>
    <bndbox>
      <xmin>696.6</xmin>
      <ymin>331.65</ymin>
      <xmax>742.3</xmax>
      <ymax>378.8</ymax>
    </bndbox>
  </object>
  <object>
    <name>WHITE</name>
    <occluded>0</occluded>
    <bndbox>
      <xmin>639.82</xmin>
      <ymin>398.32</ymin>
      <xmax>688.2</xmax>
      <ymax>446.0</ymax>
    </bndbox>
  </object>
  <object>
    <name>WHITE</name>
    <occluded>0</occluded>
    <bndbox>
      <xmin>589.2</xmin>
      <ymin>479.1</ymin>
      <xmax>637.91</xmax>
      <ymax>526.77</ymax>
    </bndbox>
  </object>
  <object>
    <name>WHITE</name>
    <occluded>0</occluded>
    <bndbox>
      <xmin>547.51</xmin>
      <ymin>547.86</ymin>
      <xmax>593.2</xmax>
      <ymax>592.6</ymax>
    </bndbox>
  </object>
  <object>
    <name>WHITE</name>
    <occluded>0</occluded>
    <bndbox>
      <xmin>508.43</xmin>
      <ymin>606.33</ymin>
      <xmax>552.2</xmax>
      <ymax>649.6</ymax>
    </bndbox>
  </object>
  <object>
    <name>WHITE</name>
    <occluded>0</occluded>
    <bndbox>
      <xmin>703.41</xmin>
      <ymin>213.57</ymin>
      <xmax>745.7</xmax>
      <ymax>249.5</ymax>
    </bndbox>
  </object>
</annotation>
