<annotation>
  <folder>JR</folder>
  <filename>JR_camera1.png</filename>
  <source>
    <database>Unknown</database>
    <annotation>Unknown</annotation>
    <image>Unknown</image>
  </source>
  <size>
    <width>960</width>
    <height>1280</height>
    <depth></depth>
  </size>
  <segmented>0</segmented>
  <object>
    <name>WHITE</name>
    <occluded>0</occluded>
    <bndbox>
      <xmin>433.3</xmin>
      <ymin>658.0</ymin>
      <xmax>476.4</xmax>
      <ymax>702.9</ymax>
    </bndbox>
  </object>
  <object>
    <name>WHITE</name>
    <occluded>0</occluded>
    <bndbox>
      <xmin>763.9</xmin>
      <ymin>395.6</ymin>
      <xmax>793.8</xmax>
      <ymax>439.0</ymax>
    </bndbox>
  </object>
  <object>
    <name>WHITE</name>
    <occluded>0</occluded>
    <bndbox>
      <xmin>734.5</xmin>
      <ymin>591.5</ymin>
      <xmax>770.1</xmax>
      <ymax>635.1</ymax>
    </bndbox>
  </object>
  <object>
    <name>WHITE</name>
    <occluded>0</occluded>
    <bndbox>
      <xmin>738.7</xmin>
      <ymin>677.78</ymin>
      <xmax>772.3</xmax>
      <ymax>721.8</ymax>
    </bndbox>
  </object>
  <object>
    <name>WHITE</name>
    <occluded>0</occluded>
    <bndbox>
      <xmin>666.5</xmin>
      <ymin>672.0</ymin>
      <xmax>710.7</xmax>
      <ymax>713.7</ymax>
    </bndbox>
  </object>
  <object>
    <name>WHITE</name>
    <occluded>0</occluded>
    <bndbox>
      <xmin>682.9</xmin>
      <ymin>758.18</ymin>
      <xmax>721.71</xmax>
      <ymax>798.4</ymax>
    </bndbox>
  </object>
  <object>
    <name>WHITE</name>
    <occluded>0</occluded>
    <bndbox>
      <xmin>675.7</xmin>
      <ymin>812.99</ymin>
      <xmax>714.31</xmax>
      <ymax>843.1</ymax>
    </bndbox>
  </object>
  <object>
    <name>WHITE</name>
    <occluded>0</occluded>
    <bndbox>
      <xmin>587.29</xmin>
      <ymin>656.9</ymin>
      <xmax>634.1</xmax>
      <ymax>701.1</ymax>
    </bndbox>
  </object>
  <object>
    <name>WHITE</name>
    <occluded>0</occluded>
    <bndbox>
      <xmin>601.5</xmin>
      <ymin>748.5</ymin>
      <xmax>647.6</xmax>
      <ymax>788.1</ymax>
    </bndbox>
  </object>
  <object>
    <name>WHITE</name>
    <occluded>0</occluded>
    <bndbox>
      <xmin>602.5</xmin>
      <ymin>816.0</ymin>
      <xmax>646.6</xmax>
      <ymax>845.5</ymax>
    </bndbox>
  </object>
  <object>
    <name>WHITE</name>
    <occluded>0</occluded>
    <bndbox>
      <xmin>426.84</xmin>
      <ymin>816.35</ymin>
      <xmax>467.5</xmax>
      <ymax>846.6</ymax>
    </bndbox>
  </object>
  <object>
    <name>WHITE</name>
    <occluded>0</occluded>
    <bndbox>
      <xmin>509.5</xmin>
      <ymin>712.94</ymin>
      <xmax>556.6</xmax>
      <ymax>755.3</ymax>
    </bndbox>
  </object>
  <object>
    <name>WHITE</name>
    <occluded>0</occluded>
    <bndbox>
      <xmin>422.0</xmin>
      <ymin>746.69</ymin>
      <xmax>468.9</xmax>
      <ymax>788.69</ymax>
    </bndbox>
  </object>
  <object>
    <name>WHITE</name>
    <occluded>0</occluded>
    <bndbox>
      <xmin>358.38</xmin>
      <ymin>761.0</ymin>
      <xmax>396.8</xmax>
      <ymax>798.6</ymax>
    </bndbox>
  </object>
  <object>
    <name>WHITE</name>
    <occluded>0</occluded>
    <bndbox>
      <xmin>363.9</xmin>
      <ymin>679.5</ymin>
      <xmax>400.7</xmax>
      <ymax>720.5</ymax>
    </bndbox>
  </object>
  <object>
    <name>WHITE</name>
    <occluded>0</occluded>
    <bndbox>
      <xmin>308.5</xmin>
      <ymin>599.5</ymin>
      <xmax>340.0</xmax>
      <ymax>644.5</ymax>
    </bndbox>
  </object>
  <object>
    <name>WHITE</name>
    <occluded>0</occluded>
    <bndbox>
      <xmin>504.1</xmin>
      <ymin>481.5</ymin>
      <xmax>551.0</xmax>
      <ymax>530.3</ymax>
    </bndbox>
  </object>
  <object>
    <name>WHITE</name>
    <occluded>0</occluded>
    <bndbox>
      <xmin>369.5</xmin>
      <ymin>587.0</ymin>
      <xmax>408.5</xmax>
      <ymax>631.3</ymax>
    </bndbox>
  </object>
  <object>
    <name>WHITE</name>
    <occluded>0</occluded>
    <bndbox>
      <xmin>328.5</xmin>
      <ymin>520.5</ymin>
      <xmax>361.2</xmax>
      <ymax>566.7</ymax>
    </bndbox>
  </object>
  <object>
    <name>WHITE</name>
    <occluded>0</occluded>
    <bndbox>
      <xmin>299.99</xmin>
      <ymin>464.55</ymin>
      <xmax>330.0</xmax>
      <ymax>507.2</ymax>
    </bndbox>
  </object>
  <object>
    <name>WHITE</name>
    <occluded>0</occluded>
    <bndbox>
      <xmin>558.06</xmin>
      <ymin>410.77</ymin>
      <xmax>602.8</xmax>
      <ymax>459.0</ymax>
    </bndbox>
  </object>
  <object>
    <name>WHITE</name>
    <occluded>0</occluded>
    <bndbox>
      <xmin>602.19</xmin>
      <ymin>350.27</ymin>
      <xmax>647.2</xmax>
      <ymax>397.1</ymax>
    </bndbox>
  </object>
  <object>
    <name>WHITE</name>
    <occluded>0</occluded>
    <bndbox>
      <xmin>604.5</xmin>
      <ymin>503.3</ymin>
      <xmax>650.4</xmax>
      <ymax>547.0</ymax>
    </bndbox>
  </object>
  <object>
    <name>WHITE</name>
    <occluded>0</occluded>
    <bndbox>
      <xmin>651.29</xmin>
      <ymin>433.0</ymin>
      <xmax>691.6</xmax>
      <ymax>479.9</ymax>
    </bndbox>
  </object>
  <object>
    <name>WHITE</name>
    <occluded>0</occluded>
    <bndbox>
      <xmin>735.54</xmin>
      <ymin>446.08</ymin>
      <xmax>770.2</xmax>
      <ymax>489.7</ymax>
    </bndbox>
  </object>
  <object>
    <name>WHITE</name>
    <occluded>0</occluded>
    <bndbox>
      <xmin>697.5</xmin>
      <ymin>379.5</ymin>
      <xmax>731.1</xmax>
      <ymax>424.5</ymax>
    </bndbox>
  </object>
  <object>
    <name>WHITE</name>
    <occluded>0</occluded>
    <bndbox>
      <xmin>451.84</xmin>
      <ymin>290.9</ymin>
      <xmax>501.4</xmax>
      <ymax>328.0</ymax>
    </bndbox>
  </object>
  <object>
    <name>WHITE</name>
    <occluded>0</occluded>
    <bndbox>
      <xmin>410.0</xmin>
      <ymin>358.2</ymin>
      <xmax>454.6</xmax>
      <ymax>401.0</ymax>
    </bndbox>
  </object>
  <object>
    <name>BLACK</name>
    <occluded>0</occluded>
    <bndbox>
      <xmin>506.82</xmin>
      <ymin>635.63</ymin>
      <xmax>558.2</xmax>
      <ymax>684.6</ymax>
    </bndbox>
  </object>
  <object>
    <name>BLACK</name>
    <occluded>0</occluded>
    <bndbox>
      <xmin>306.7</xmin>
      <ymin>357.03</ymin>
      <xmax>336.19</xmax>
      <ymax>402.1</ymax>
    </bndbox>
  </object>
  <object>
    <name>WHITE</name>
    <occluded>0</occluded>
    <bndbox>
      <xmin>657.04</xmin>
      <ymin>576.35</ymin>
      <xmax>700.3</xmax>
      <ymax>624.9</ymax>
    </bndbox>
  </object>
  <object>
    <name>WHITE</name>
    <occluded>0</occluded>
    <bndbox>
      <xmin>558.1</xmin>
      <ymin>567.1</ymin>
      <xmax>604.5</xmax>
      <ymax>615.0</ymax>
    </bndbox>
  </object>
  <object>
    <name>WHITE</name>
    <occluded>0</occluded>
    <bndbox>
      <xmin>703.5</xmin>
      <ymin>511.0</ymin>
      <xmax>744.6</xmax>
      <ymax>556.2</ymax>
    </bndbox>
  </object>
  <object>
    <name>WHITE</name>
    <occluded>0</occluded>
    <bndbox>
      <xmin>411.5</xmin>
      <ymin>507.5</ymin>
      <xmax>457.1</xmax>
      <ymax>553.7</ymax>
    </bndbox>
  </object>
  <object>
    <name>WHITE</name>
    <occluded>0</occluded>
    <bndbox>
      <xmin>457.5</xmin>
      <ymin>413.5</ymin>
      <xmax>501.7</xmax>
      <ymax>460.0</ymax>
    </bndbox>
  </object>
  <object>
    <name>WHITE</name>
    <occluded>0</occluded>
    <bndbox>
      <xmin>504.0</xmin>
      <ymin>344.5</ymin>
      <xmax>553.2</xmax>
      <ymax>388.1</ymax>
    </bndbox>
  </object>
  <object>
    <name>WHITE</name>
    <occluded>0</occluded>
    <bndbox>
      <xmin>331.2</xmin>
      <ymin>389.78</ymin>
      <xmax>366.25</xmax>
      <ymax>434.2</ymax>
    </bndbox>
  </object>
  <object>
    <name>WHITE</name>
    <occluded>0</occluded>
    <bndbox>
      <xmin>556.7</xmin>
      <ymin>286.9</ymin>
      <xmax>604.6</xmax>
      <ymax>333.1</ymax>
    </bndbox>
  </object>
  <object>
    <name>WHITE</name>
    <occluded>0</occluded>
    <bndbox>
      <xmin>462.0</xmin>
      <ymin>576.5</ymin>
      <xmax>505.4</xmax>
      <ymax>622.7</ymax>
    </bndbox>
  </object>
  <object>
    <name>WHITE</name>
    <occluded>0</occluded>
    <bndbox>
      <xmin>363.26</xmin>
      <ymin>318.13</ymin>
      <xmax>403.7</xmax>
      <ymax>360.29</ymax>
    </bndbox>
  </object>
  <object>
    <name>WHITE</name>
    <occluded>0</occluded>
    <bndbox>
      <xmin>741.84</xmin>
      <ymin>752.61</ymin>
      <xmax>776.73</xmax>
      <ymax>785.5</ymax>
    </bndbox>
  </object>
  <object>
    <name>WHITE</name>
    <occluded>0</occluded>
    <bndbox>
      <xmin>311.34</xmin>
      <ymin>684.93</ymin>
      <xmax>340.11</xmax>
      <ymax>724.78</ymax>
    </bndbox>
  </object>
  <object>
    <name>WHITE</name>
    <occluded>0</occluded>
    <bndbox>
      <xmin>310.31</xmin>
      <ymin>752.5</ymin>
      <xmax>342.54</xmax>
      <ymax>787.16</ymax>
    </bndbox>
  </object>
  <object>
    <name>WHITE</name>
    <occluded>0</occluded>
    <bndbox>
      <xmin>364.71</xmin>
      <ymin>812.46</ymin>
      <xmax>403.53</xmax>
      <ymax>840.18</ymax>
    </bndbox>
  </object>
  <object>
    <name>WHITE</name>
    <occluded>0</occluded>
    <bndbox>
      <xmin>436.8</xmin>
      <ymin>858.55</ymin>
      <xmax>481.15</xmax>
      <ymax>883.15</ymax>
    </bndbox>
  </object>
  <object>
    <name>WHITE</name>
    <occluded>0</occluded>
    <bndbox>
      <xmin>513.38</xmin>
      <ymin>840.18</ymin>
      <xmax>558.09</xmax>
      <ymax>864.79</ymax>
    </bndbox>
  </object>
  <object>
    <name>WHITE</name>
    <occluded>0</occluded>
    <bndbox>
      <xmin>506.5</xmin>
      <ymin>245.5</ymin>
      <xmax>547.5</xmax>
      <ymax>264.5</ymax>
    </bndbox>
  </object>
  <object>
    <name>WHITE</name>
    <occluded>0</occluded>
    <bndbox>
      <xmin>376.0</xmin>
      <ymin>440.5</ymin>
      <xmax>412.0</xmax>
      <ymax>481.5</ymax>
    </bndbox>
  </object>
  <object>
    <name>WHITE</name>
    <occluded>0</occluded>
    <bndbox>
      <xmin>513.0</xmin>
      <ymin>781.5</ymin>
      <xmax>555.0</xmax>
      <ymax>812.5</ymax>
    </bndbox>
  </object>
  <object>
    <name>WHITE</name>
    <occluded>0</occluded>
    <bndbox>
      <xmin>773.5</xmin>
      <ymin>519.5</ymin>
      <xmax>800.5</xmax>
      <ymax>560.5</ymax>
    </bndbox>
  </object>
  <object>
    <name>WHITE</name>
    <occluded>0</occluded>
    <bndbox>
      <xmin>596.9</xmin>
      <ymin>854.04</ymin>
      <xmax>636.76</xmax>
      <ymax>884.89</ymax>
    </bndbox>
  </object>
  <object>
    <name>WHITE</name>
    <occluded>0</occluded>
    <bndbox>
      <xmin>516.5</xmin>
      <ymin>874.49</ymin>
      <xmax>557.05</xmax>
      <ymax>902.91</ymax>
    </bndbox>
  </object>
  <object>
    <name>WHITE</name>
    <occluded>0</occluded>
    <bndbox>
      <xmin>680.11</xmin>
      <ymin>244.6</ymin>
      <xmax>710.99</xmax>
      <ymax>286.53</ymax>
    </bndbox>
  </object>
  <object>
    <name>WHITE</name>
    <occluded>0</occluded>
    <bndbox>
      <xmin>618.8</xmin>
      <ymin>262.62</ymin>
      <xmax>655.19</xmax>
      <ymax>298.31</ymax>
    </bndbox>
  </object>
  <object>
    <name>WHITE</name>
    <occluded>0</occluded>
    <bndbox>
      <xmin>563.65</xmin>
      <ymin>217.38</ymin>
      <xmax>608.19</xmax>
      <ymax>245.05</ymax>
    </bndbox>
  </object>
  <object>
    <name>WHITE</name>
    <occluded>0</occluded>
    <bndbox>
      <xmin>456.17</xmin>
      <ymin>219.18</ymin>
      <xmax>495.66</xmax>
      <ymax>244.05</ymax>
    </bndbox>
  </object>
  <object>
    <name>WHITE</name>
    <occluded>0</occluded>
    <bndbox>
      <xmin>403.41</xmin>
      <ymin>264.31</ymin>
      <xmax>445.14</xmax>
      <ymax>296.2</ymax>
    </bndbox>
  </object>
  <object>
    <name>WHITE</name>
    <occluded>0</occluded>
    <bndbox>
      <xmin>707.87</xmin>
      <ymin>298.66</ymin>
      <xmax>740.79</xmax>
      <ymax>341.29</ymax>
    </bndbox>
  </object>
  <object>
    <name>WHITE</name>
    <occluded>0</occluded>
    <bndbox>
      <xmin>661.08</xmin>
      <ymin>313.56</ymin>
      <xmax>695.7</xmax>
      <ymax>357.57</ymax>
    </bndbox>
  </object>
  <object>
    <name>BLACK</name>
    <occluded>0</occluded>
    <bndbox>
      <xmin>730.74</xmin>
      <ymin>347.18</ymin>
      <xmax>758.81</xmax>
      <ymax>389.46</ymax>
    </bndbox>
  </object>
  <object>
    <name>WHITE</name>
    <occluded>0</occluded>
    <bndbox>
      <xmin>797.96</xmin>
      <ymin>461.66</ymin>
      <xmax>822.21</xmax>
      <ymax>504.11</ymax>
    </bndbox>
  </object>
  <object>
    <name>WHITE</name>
    <occluded>0</occluded>
    <bndbox>
      <xmin>790.4</xmin>
      <ymin>593.13</ymin>
      <xmax>820.0</xmax>
      <ymax>639.34</ymax>
    </bndbox>
  </object>
  <object>
    <name>WHITE</name>
    <occluded>0</occluded>
    <bndbox>
      <xmin>245.44</xmin>
      <ymin>551.76</ymin>
      <xmax>266.23</xmax>
      <ymax>595.94</ymax>
    </bndbox>
  </object>
  <object>
    <name>WHITE</name>
    <occluded>0</occluded>
    <bndbox>
      <xmin>257.86</xmin>
      <ymin>483.89</ymin>
      <xmax>280.4</xmax>
      <ymax>526.34</ymax>
    </bndbox>
  </object>
  <object>
    <name>WHITE</name>
    <occluded>0</occluded>
    <bndbox>
      <xmin>275.76</xmin>
      <ymin>537.03</ymin>
      <xmax>302.33</xmax>
      <ymax>582.66</ymax>
    </bndbox>
  </object>
  <object>
    <name>WHITE</name>
    <occluded>0</occluded>
    <bndbox>
      <xmin>278.94</xmin>
      <ymin>417.76</ymin>
      <xmax>305.22</xmax>
      <ymax>460.5</ymax>
    </bndbox>
  </object>
</annotation>
