<annotation>
  <folder>JR</folder>
  <filename>JR_camera3.png</filename>
  <source>
    <database>Unknown</database>
    <annotation>Unknown</annotation>
    <image>Unknown</image>
  </source>
  <size>
    <width>1280</width>
    <height>960</height>
    <depth></depth>
  </size>
  <segmented>0</segmented>
  <object>
    <name>WHITE</name>
    <occluded>0</occluded>
    <bndbox>
      <xmin>744.76</xmin>
      <ymin>924.54</ymin>
      <xmax>792.7</xmax>
      <ymax>959.3</ymax>
    </bndbox>
  </object>
  <object>
    <name>WHITE</name>
    <occluded>0</occluded>
    <bndbox>
      <xmin>816.8</xmin>
      <ymin>880.53</ymin>
      <xmax>865.71</xmax>
      <ymax>917.5</ymax>
    </bndbox>
  </object>
  <object>
    <name>WHITE</name>
    <occluded>0</occluded>
    <bndbox>
      <xmin>757.98</xmin>
      <ymin>849.84</ymin>
      <xmax>806.2</xmax>
      <ymax>892.7</ymax>
    </bndbox>
  </object>
  <object>
    <name>WHITE</name>
    <occluded>0</occluded>
    <bndbox>
      <xmin>687.42</xmin>
      <ymin>849.56</ymin>
      <xmax>737.4</xmax>
      <ymax>892.4</ymax>
    </bndbox>
  </object>
  <object>
    <name>BLACK</name>
    <occluded>0</occluded>
    <bndbox>
      <xmin>771.76</xmin>
      <ymin>415.01</ymin>
      <xmax>823.8</xmax>
      <ymax>464.5</ymax>
    </bndbox>
  </object>
  <object>
    <name>WHITE</name>
    <occluded>0</occluded>
    <bndbox>
      <xmin>753.4</xmin>
      <ymin>499.7</ymin>
      <xmax>805.2</xmax>
      <ymax>549.7</ymax>
    </bndbox>
  </object>
  <object>
    <name>WHITE</name>
    <occluded>0</occluded>
    <bndbox>
      <xmin>306.65</xmin>
      <ymin>668.39</ymin>
      <xmax>332.0</xmax>
      <ymax>709.32</ymax>
    </bndbox>
  </object>
  <object>
    <name>WHITE</name>
    <occluded>0</occluded>
    <bndbox>
      <xmin>669.51</xmin>
      <ymin>523.25</ymin>
      <xmax>722.7</xmax>
      <ymax>573.1</ymax>
    </bndbox>
  </object>
  <object>
    <name>WHITE</name>
    <occluded>0</occluded>
    <bndbox>
      <xmin>708.16</xmin>
      <ymin>426.98</ymin>
      <xmax>760.1</xmax>
      <ymax>478.3</ymax>
    </bndbox>
  </object>
  <object>
    <name>WHITE</name>
    <occluded>0</occluded>
    <bndbox>
      <xmin>745.48</xmin>
      <ymin>349.33</ymin>
      <xmax>792.3</xmax>
      <ymax>389.8</ymax>
    </bndbox>
  </object>
  <object>
    <name>WHITE</name>
    <occluded>0</occluded>
    <bndbox>
      <xmin>502.74</xmin>
      <ymin>936.57</ymin>
      <xmax>542.2</xmax>
      <ymax>960.0</ymax>
    </bndbox>
  </object>
  <object>
    <name>WHITE</name>
    <occluded>0</occluded>
    <bndbox>
      <xmin>554.64</xmin>
      <ymin>920.54</ymin>
      <xmax>588.7</xmax>
      <ymax>959.7</ymax>
    </bndbox>
  </object>
  <object>
    <name>WHITE</name>
    <occluded>0</occluded>
    <bndbox>
      <xmin>591.5</xmin>
      <ymin>900.88</ymin>
      <xmax>633.3</xmax>
      <ymax>936.2</ymax>
    </bndbox>
  </object>
  <object>
    <name>BLACK</name>
    <occluded>0</occluded>
    <bndbox>
      <xmin>618.54</xmin>
      <ymin>850.3</ymin>
      <xmax>664.4</xmax>
      <ymax>888.7</ymax>
    </bndbox>
  </object>
  <object>
    <name>WHITE</name>
    <occluded>0</occluded>
    <bndbox>
      <xmin>664.0</xmin>
      <ymin>783.0</ymin>
      <xmax>711.9</xmax>
      <ymax>828.8</ymax>
    </bndbox>
  </object>
  <object>
    <name>WHITE</name>
    <occluded>0</occluded>
    <bndbox>
      <xmin>697.5</xmin>
      <ymin>690.78</ymin>
      <xmax>748.2</xmax>
      <ymax>739.5</ymax>
    </bndbox>
  </object>
  <object>
    <name>WHITE</name>
    <occluded>0</occluded>
    <bndbox>
      <xmin>721.5</xmin>
      <ymin>598.0</ymin>
      <xmax>774.6</xmax>
      <ymax>648.5</ymax>
    </bndbox>
  </object>
  <object>
    <name>WHITE</name>
    <occluded>0</occluded>
    <bndbox>
      <xmin>502.5</xmin>
      <ymin>553.5</ymin>
      <xmax>547.6</xmax>
      <ymax>604.7</ymax>
    </bndbox>
  </object>
  <object>
    <name>WHITE</name>
    <occluded>0</occluded>
    <bndbox>
      <xmin>468.3</xmin>
      <ymin>640.38</ymin>
      <xmax>513.8</xmax>
      <ymax>685.4</ymax>
    </bndbox>
  </object>
  <object>
    <name>WHITE</name>
    <occluded>0</occluded>
    <bndbox>
      <xmin>436.88</xmin>
      <ymin>702.76</ymin>
      <xmax>474.2</xmax>
      <ymax>749.0</ymax>
    </bndbox>
  </object>
  <object>
    <name>WHITE</name>
    <occluded>0</occluded>
    <bndbox>
      <xmin>380.38</xmin>
      <ymin>772.34</ymin>
      <xmax>417.3</xmax>
      <ymax>807.0</ymax>
    </bndbox>
  </object>
  <object>
    <name>WHITE</name>
    <occluded>0</occluded>
    <bndbox>
      <xmin>561.88</xmin>
      <ymin>252.12</ymin>
      <xmax>609.5</xmax>
      <ymax>284.2</ymax>
    </bndbox>
  </object>
  <object>
    <name>WHITE</name>
    <occluded>0</occluded>
    <bndbox>
      <xmin>519.94</xmin>
      <ymin>308.2</ymin>
      <xmax>564.32</xmax>
      <ymax>348.4</ymax>
    </bndbox>
  </object>
  <object>
    <name>WHITE</name>
    <occluded>0</occluded>
    <bndbox>
      <xmin>492.55</xmin>
      <ymin>383.66</ymin>
      <xmax>537.81</xmax>
      <ymax>429.3</ymax>
    </bndbox>
  </object>
  <object>
    <name>WHITE</name>
    <occluded>0</occluded>
    <bndbox>
      <xmin>464.0</xmin>
      <ymin>468.5</ymin>
      <xmax>508.7</xmax>
      <ymax>519.7</ymax>
    </bndbox>
  </object>
  <object>
    <name>WHITE</name>
    <occluded>0</occluded>
    <bndbox>
      <xmin>435.3</xmin>
      <ymin>554.57</ymin>
      <xmax>477.5</xmax>
      <ymax>602.9</ymax>
    </bndbox>
  </object>
  <object>
    <name>WHITE</name>
    <occluded>0</occluded>
    <bndbox>
      <xmin>751.8</xmin>
      <ymin>767.5</ymin>
      <xmax>801.0</xmax>
      <ymax>809.9</ymax>
    </bndbox>
  </object>
  <object>
    <name>WHITE</name>
    <occluded>0</occluded>
    <bndbox>
      <xmin>789.82</xmin>
      <ymin>643.26</ymin>
      <xmax>839.4</xmax>
      <ymax>692.4</ymax>
    </bndbox>
  </object>
  <object>
    <name>WHITE</name>
    <occluded>0</occluded>
    <bndbox>
      <xmin>819.5</xmin>
      <ymin>536.88</ymin>
      <xmax>868.4</xmax>
      <ymax>587.8</ymax>
    </bndbox>
  </object>
  <object>
    <name>WHITE</name>
    <occluded>0</occluded>
    <bndbox>
      <xmin>834.2</xmin>
      <ymin>436.37</ymin>
      <xmax>883.2</xmax>
      <ymax>486.5</ymax>
    </bndbox>
  </object>
  <object>
    <name>WHITE</name>
    <occluded>0</occluded>
    <bndbox>
      <xmin>825.77</xmin>
      <ymin>355.01</ymin>
      <xmax>872.0</xmax>
      <ymax>397.49</ymax>
    </bndbox>
  </object>
  <object>
    <name>WHITE</name>
    <occluded>0</occluded>
    <bndbox>
      <xmin>800.12</xmin>
      <ymin>292.64</ymin>
      <xmax>844.2</xmax>
      <ymax>327.1</ymax>
    </bndbox>
  </object>
  <object>
    <name>WHITE</name>
    <occluded>0</occluded>
    <bndbox>
      <xmin>857.36</xmin>
      <ymin>662.75</ymin>
      <xmax>906.3</xmax>
      <ymax>708.9</ymax>
    </bndbox>
  </object>
  <object>
    <name>WHITE</name>
    <occluded>0</occluded>
    <bndbox>
      <xmin>892.8</xmin>
      <ymin>574.18</ymin>
      <xmax>938.9</xmax>
      <ymax>621.2</ymax>
    </bndbox>
  </object>
  <object>
    <name>WHITE</name>
    <occluded>0</occluded>
    <bndbox>
      <xmin>903.62</xmin>
      <ymin>462.87</ymin>
      <xmax>953.0</xmax>
      <ymax>512.4</ymax>
    </bndbox>
  </object>
  <object>
    <name>WHITE</name>
    <occluded>0</occluded>
    <bndbox>
      <xmin>898.1</xmin>
      <ymin>373.08</ymin>
      <xmax>941.2</xmax>
      <ymax>416.92</ymax>
    </bndbox>
  </object>
  <object>
    <name>WHITE</name>
    <occluded>0</occluded>
    <bndbox>
      <xmin>960.6</xmin>
      <ymin>596.45</ymin>
      <xmax>996.61</xmax>
      <ymax>643.9</ymax>
    </bndbox>
  </object>
  <object>
    <name>WHITE</name>
    <occluded>0</occluded>
    <bndbox>
      <xmin>979.01</xmin>
      <ymin>501.51</ymin>
      <xmax>1012.4</xmax>
      <ymax>555.0</ymax>
    </bndbox>
  </object>
  <object>
    <name>WHITE</name>
    <occluded>0</occluded>
    <bndbox>
      <xmin>970.88</xmin>
      <ymin>409.06</ymin>
      <xmax>998.2</xmax>
      <ymax>450.0</ymax>
    </bndbox>
  </object>
  <object>
    <name>WHITE</name>
    <occluded>0</occluded>
    <bndbox>
      <xmin>368.4</xmin>
      <ymin>362.34</ymin>
      <xmax>399.67</xmax>
      <ymax>406.9</ymax>
    </bndbox>
  </object>
  <object>
    <name>WHITE</name>
    <occluded>0</occluded>
    <bndbox>
      <xmin>361.4</xmin>
      <ymin>446.86</ymin>
      <xmax>390.05</xmax>
      <ymax>490.3</ymax>
    </bndbox>
  </object>
  <object>
    <name>WHITE</name>
    <occluded>0</occluded>
    <bndbox>
      <xmin>419.6</xmin>
      <ymin>404.21</ymin>
      <xmax>450.57</xmax>
      <ymax>448.9</ymax>
    </bndbox>
  </object>
  <object>
    <name>WHITE</name>
    <occluded>0</occluded>
    <bndbox>
      <xmin>371.38</xmin>
      <ymin>533.74</ymin>
      <xmax>399.62</xmax>
      <ymax>577.48</ymax>
    </bndbox>
  </object>
  <object>
    <name>BLACK</name>
    <occluded>0</occluded>
    <bndbox>
      <xmin>405.06</xmin>
      <ymin>480.26</ymin>
      <xmax>443.4</xmax>
      <ymax>531.6</ymax>
    </bndbox>
  </object>
  <object>
    <name>WHITE</name>
    <occluded>0</occluded>
    <bndbox>
      <xmin>396.5</xmin>
      <ymin>615.5</ymin>
      <xmax>432.8</xmax>
      <ymax>658.4</ymax>
    </bndbox>
  </object>
  <object>
    <name>WHITE</name>
    <occluded>0</occluded>
    <bndbox>
      <xmin>702.63</xmin>
      <ymin>279.13</ymin>
      <xmax>747.2</xmax>
      <ymax>319.5</ymax>
    </bndbox>
  </object>
  <object>
    <name>WHITE</name>
    <occluded>0</occluded>
    <bndbox>
      <xmin>665.0</xmin>
      <ymin>356.5</ymin>
      <xmax>713.6</xmax>
      <ymax>399.0</ymax>
    </bndbox>
  </object>
  <object>
    <name>WHITE</name>
    <occluded>0</occluded>
    <bndbox>
      <xmin>622.92</xmin>
      <ymin>441.2</ymin>
      <xmax>675.4</xmax>
      <ymax>493.2</ymax>
    </bndbox>
  </object>
  <object>
    <name>WHITE</name>
    <occluded>0</occluded>
    <bndbox>
      <xmin>586.44</xmin>
      <ymin>543.25</ymin>
      <xmax>636.14</xmax>
      <ymax>594.25</ymax>
    </bndbox>
  </object>
  <object>
    <name>WHITE</name>
    <occluded>0</occluded>
    <bndbox>
      <xmin>548.56</xmin>
      <ymin>636.63</ymin>
      <xmax>596.9</xmax>
      <ymax>684.4</ymax>
    </bndbox>
  </object>
  <object>
    <name>WHITE</name>
    <occluded>0</occluded>
    <bndbox>
      <xmin>518.8</xmin>
      <ymin>714.81</ymin>
      <xmax>563.2</xmax>
      <ymax>761.8</ymax>
    </bndbox>
  </object>
  <object>
    <name>WHITE</name>
    <occluded>0</occluded>
    <bndbox>
      <xmin>405.0</xmin>
      <ymin>817.3</ymin>
      <xmax>439.28</xmax>
      <ymax>853.97</ymax>
    </bndbox>
  </object>
  <object>
    <name>WHITE</name>
    <occluded>0</occluded>
    <bndbox>
      <xmin>405.51</xmin>
      <ymin>846.41</ymin>
      <xmax>437.6</xmax>
      <ymax>882.5</ymax>
    </bndbox>
  </object>
  <object>
    <name>WHITE</name>
    <occluded>0</occluded>
    <bndbox>
      <xmin>653.0</xmin>
      <ymin>239.1</ymin>
      <xmax>695.0</xmax>
      <ymax>265.0</ymax>
    </bndbox>
  </object>
  <object>
    <name>WHITE</name>
    <occluded>0</occluded>
    <bndbox>
      <xmin>608.55</xmin>
      <ymin>297.07</ymin>
      <xmax>658.5</xmax>
      <ymax>335.4</ymax>
    </bndbox>
  </object>
  <object>
    <name>WHITE</name>
    <occluded>0</occluded>
    <bndbox>
      <xmin>573.65</xmin>
      <ymin>366.58</ymin>
      <xmax>623.1</xmax>
      <ymax>414.2</ymax>
    </bndbox>
  </object>
  <object>
    <name>WHITE</name>
    <occluded>0</occluded>
    <bndbox>
      <xmin>536.5</xmin>
      <ymin>457.5</ymin>
      <xmax>587.4</xmax>
      <ymax>508.7</ymax>
    </bndbox>
  </object>
  <object>
    <name>WHITE</name>
    <occluded>0</occluded>
    <bndbox>
      <xmin>327.54</xmin>
      <ymin>493.7</ymin>
      <xmax>347.21</xmax>
      <ymax>537.02</ymax>
    </bndbox>
  </object>
  <object>
    <name>WHITE</name>
    <occluded>0</occluded>
    <bndbox>
      <xmin>607.91</xmin>
      <ymin>214.7</ymin>
      <xmax>652.51</xmax>
      <ymax>232.98</ymax>
    </bndbox>
  </object>
  <object>
    <name>WHITE</name>
    <occluded>0</occluded>
    <bndbox>
      <xmin>393.19</xmin>
      <ymin>291.93</ymin>
      <xmax>427.27</xmax>
      <ymax>330.14</ymax>
    </bndbox>
  </object>
  <object>
    <name>WHITE</name>
    <occluded>0</occluded>
    <bndbox>
      <xmin>351.07</xmin>
      <ymin>705.99</ymin>
      <xmax>374.27</xmax>
      <ymax>747.54</ymax>
    </bndbox>
  </object>
  <object>
    <name>WHITE</name>
    <occluded>0</occluded>
    <bndbox>
      <xmin>363.2</xmin>
      <ymin>784.0</ymin>
      <xmax>389.71</xmax>
      <ymax>821.17</ymax>
    </bndbox>
  </object>
  <object>
    <name>WHITE</name>
    <occluded>0</occluded>
    <bndbox>
      <xmin>333.83</xmin>
      <ymin>737.99</ymin>
      <xmax>361.64</xmax>
      <ymax>772.3</ymax>
    </bndbox>
  </object>
  <object>
    <name>WHITE</name>
    <occluded>0</occluded>
    <bndbox>
      <xmin>1023.75</xmin>
      <ymin>468.59</ymin>
      <xmax>1042.84</xmax>
      <ymax>511.63</ymax>
    </bndbox>
  </object>
  <object>
    <name>WHITE</name>
    <occluded>0</occluded>
    <bndbox>
      <xmin>1023.0</xmin>
      <ymin>543.82</ymin>
      <xmax>1049.2</xmax>
      <ymax>589.48</ymax>
    </bndbox>
  </object>
  <object>
    <name>WHITE</name>
    <occluded>0</occluded>
    <bndbox>
      <xmin>870.13</xmin>
      <ymin>302.04</ymin>
      <xmax>918.16</xmax>
      <ymax>332.61</ymax>
    </bndbox>
  </object>
  <object>
    <name>WHITE</name>
    <occluded>0</occluded>
    <bndbox>
      <xmin>828.64</xmin>
      <ymin>256.5</ymin>
      <xmax>872.62</xmax>
      <ymax>284.26</ymax>
    </bndbox>
  </object>
  <object>
    <name>WHITE</name>
    <occluded>0</occluded>
    <bndbox>
      <xmin>751.29</xmin>
      <ymin>242.47</ymin>
      <xmax>795.9</xmax>
      <ymax>268.98</ymax>
    </bndbox>
  </object>
  <object>
    <name>WHITE</name>
    <occluded>0</occluded>
    <bndbox>
      <xmin>477.45</xmin>
      <ymin>258.06</ymin>
      <xmax>519.56</xmax>
      <ymax>292.06</ymax>
    </bndbox>
  </object>
  <object>
    <name>WHITE</name>
    <occluded>0</occluded>
    <bndbox>
      <xmin>437.53</xmin>
      <ymin>316.7</ymin>
      <xmax>477.45</xmax>
      <ymax>358.49</ymax>
    </bndbox>
  </object>
  <object>
    <name>WHITE</name>
    <occluded>0</occluded>
    <bndbox>
      <xmin>335.32</xmin>
      <ymin>577.63</ymin>
      <xmax>366.82</xmax>
      <ymax>622.54</ymax>
    </bndbox>
  </object>
  <object>
    <name>WHITE</name>
    <occluded>0</occluded>
    <bndbox>
      <xmin>370.25</xmin>
      <ymin>665.27</ymin>
      <xmax>399.88</xmax>
      <ymax>709.25</ymax>
    </bndbox>
  </object>
  <object>
    <name>WHITE</name>
    <occluded>0</occluded>
    <bndbox>
      <xmin>392.52</xmin>
      <ymin>736.98</ymin>
      <xmax>427.08</xmax>
      <ymax>774.67</ymax>
    </bndbox>
  </object>
  <object>
    <name>WHITE</name>
    <occluded>0</occluded>
    <bndbox>
      <xmin>670.23</xmin>
      <ymin>914.79</ymin>
      <xmax>718.58</xmax>
      <ymax>948.57</ymax>
    </bndbox>
  </object>
  <object>
    <name>WHITE</name>
    <occluded>0</occluded>
    <bndbox>
      <xmin>634.42</xmin>
      <ymin>624.09</ymin>
      <xmax>688.0</xmax>
      <ymax>675.1</ymax>
    </bndbox>
  </object>
  <object>
    <name>WHITE</name>
    <occluded>0</occluded>
    <bndbox>
      <xmin>602.7</xmin>
      <ymin>710.5</ymin>
      <xmax>649.5</xmax>
      <ymax>753.9</ymax>
    </bndbox>
  </object>
  <object>
    <name>WHITE</name>
    <occluded>0</occluded>
    <bndbox>
      <xmin>578.16</xmin>
      <ymin>784.16</ymin>
      <xmax>626.1</xmax>
      <ymax>827.4</ymax>
    </bndbox>
  </object>
  <object>
    <name>WHITE</name>
    <occluded>0</occluded>
    <bndbox>
      <xmin>456.34</xmin>
      <ymin>883.66</ymin>
      <xmax>493.3</xmax>
      <ymax>915.2</ymax>
    </bndbox>
  </object>
  <object>
    <name>WHITE</name>
    <occluded>0</occluded>
    <bndbox>
      <xmin>429.57</xmin>
      <ymin>894.62</ymin>
      <xmax>462.6</xmax>
      <ymax>931.8</ymax>
    </bndbox>
  </object>
  <object>
    <name>WHITE</name>
    <occluded>0</occluded>
    <bndbox>
      <xmin>861.89</xmin>
      <ymin>931.26</ymin>
      <xmax>902.19</xmax>
      <ymax>960.0</ymax>
    </bndbox>
  </object>
  <object>
    <name>WHITE</name>
    <occluded>0</occluded>
    <bndbox>
      <xmin>920.73</xmin>
      <ymin>850.54</ymin>
      <xmax>961.03</xmax>
      <ymax>893.6</ymax>
    </bndbox>
  </object>
  <object>
    <name>WHITE</name>
    <occluded>0</occluded>
    <bndbox>
      <xmin>817.6</xmin>
      <ymin>927.3</ymin>
      <xmax>860.5</xmax>
      <ymax>960.0</ymax>
    </bndbox>
  </object>
  <object>
    <name>BLACK</name>
    <occluded>0</occluded>
    <bndbox>
      <xmin>876.4</xmin>
      <ymin>867.85</ymin>
      <xmax>915.16</xmax>
      <ymax>912.8</ymax>
    </bndbox>
  </object>
</annotation>
