<annotation>
  <folder>JR</folder>
  <filename>JR_camera2.png</filename>
  <source>
    <database>Unknown</database>
    <annotation>Unknown</annotation>
    <image>Unknown</image>
  </source>
  <size>
    <width>960</width>
    <height>1280</height>
    <depth></depth>
  </size>
  <segmented>0</segmented>
  <object>
    <name>WHITE</name>
    <occluded>0</occluded>
    <bndbox>
      <xmin>629.89</xmin>
      <ymin>403.77</ymin>
      <xmax>662.47</xmax>
      <ymax>443.28</ymax>
    </bndbox>
  </object>
  <object>
    <name>WHITE</name>
    <occluded>0</occluded>
    <bndbox>
      <xmin>540.83</xmin>
      <ymin>379.17</ymin>
      <xmax>586.23</xmax>
      <ymax>414.17</ymax>
    </bndbox>
  </object>
  <object>
    <name>WHITE</name>
    <occluded>0</occluded>
    <bndbox>
      <xmin>581.72</xmin>
      <ymin>343.82</ymin>
      <xmax>621.58</xmax>
      <ymax>378.12</ymax>
    </bndbox>
  </object>
  <object>
    <name>WHITE</name>
    <occluded>0</occluded>
    <bndbox>
      <xmin>497.09</xmin>
      <ymin>327.58</ymin>
      <xmax>539.0</xmax>
      <ymax>355.66</ymax>
    </bndbox>
  </object>
  <object>
    <name>WHITE</name>
    <occluded>0</occluded>
    <bndbox>
      <xmin>344.96</xmin>
      <ymin>363.96</ymin>
      <xmax>393.18</xmax>
      <ymax>396.3</ymax>
    </bndbox>
  </object>
  <object>
    <name>WHITE</name>
    <occluded>0</occluded>
    <bndbox>
      <xmin>233.16</xmin>
      <ymin>358.18</ymin>
      <xmax>271.02</xmax>
      <ymax>393.99</ymax>
    </bndbox>
  </object>
  <object>
    <name>WHITE</name>
    <occluded>0</occluded>
    <bndbox>
      <xmin>196.2</xmin>
      <ymin>422.29</ymin>
      <xmax>226.55</xmax>
      <ymax>462.15</ymax>
    </bndbox>
  </object>
  <object>
    <name>WHITE</name>
    <occluded>0</occluded>
    <bndbox>
      <xmin>690.51</xmin>
      <ymin>586.99</ymin>
      <xmax>709.22</xmax>
      <ymax>632.39</ymax>
    </bndbox>
  </object>
  <object>
    <name>WHITE</name>
    <occluded>0</occluded>
    <bndbox>
      <xmin>313.68</xmin>
      <ymin>318.18</ymin>
      <xmax>353.87</xmax>
      <ymax>354.04</ymax>
    </bndbox>
  </object>
  <object>
    <name>WHITE</name>
    <occluded>0</occluded>
    <bndbox>
      <xmin>540.62</xmin>
      <ymin>300.61</ymin>
      <xmax>580.57</xmax>
      <ymax>325.4</ymax>
    </bndbox>
  </object>
  <object>
    <name>WHITE</name>
    <occluded>0</occluded>
    <bndbox>
      <xmin>411.39</xmin>
      <ymin>260.42</ymin>
      <xmax>452.8</xmax>
      <ymax>277.75</ymax>
    </bndbox>
  </object>
  <object>
    <name>WHITE</name>
    <occluded>0</occluded>
    <bndbox>
      <xmin>178.24</xmin>
      <ymin>673.32</ymin>
      <xmax>199.03</xmax>
      <ymax>720.45</ymax>
    </bndbox>
  </object>
  <object>
    <name>WHITE</name>
    <occluded>0</occluded>
    <bndbox>
      <xmin>157.1</xmin>
      <ymin>619.95</ymin>
      <xmax>177.89</xmax>
      <ymax>666.04</ymax>
    </bndbox>
  </object>
  <object>
    <name>WHITE</name>
    <occluded>0</occluded>
    <bndbox>
      <xmin>231.6</xmin>
      <ymin>477.01</ymin>
      <xmax>265.08</xmax>
      <ymax>521.0</ymax>
    </bndbox>
  </object>
  <object>
    <name>WHITE</name>
    <occluded>0</occluded>
    <bndbox>
      <xmin>453.11</xmin>
      <ymin>289.19</ymin>
      <xmax>496.7</xmax>
      <ymax>310.2</ymax>
    </bndbox>
  </object>
  <object>
    <name>WHITE</name>
    <occluded>0</occluded>
    <bndbox>
      <xmin>248.02</xmin>
      <ymin>534.5</ymin>
      <xmax>282.02</xmax>
      <ymax>577.5</ymax>
    </bndbox>
  </object>
  <object>
    <name>WHITE</name>
    <occluded>0</occluded>
    <bndbox>
      <xmin>219.27</xmin>
      <ymin>947.23</ymin>
      <xmax>248.03</xmax>
      <ymax>991.94</ymax>
    </bndbox>
  </object>
  <object>
    <name>BLACK</name>
    <occluded>0</occluded>
    <bndbox>
      <xmin>201.94</xmin>
      <ymin>888.66</ymin>
      <xmax>233.47</xmax>
      <ymax>932.68</ymax>
    </bndbox>
  </object>
  <object>
    <name>WHITE</name>
    <occluded>0</occluded>
    <bndbox>
      <xmin>199.69</xmin>
      <ymin>613.93</ymin>
      <xmax>233.79</xmax>
      <ymax>661.75</ymax>
    </bndbox>
  </object>
  <object>
    <name>BLACK</name>
    <occluded>0</occluded>
    <bndbox>
      <xmin>663.54</xmin>
      <ymin>464.42</ymin>
      <xmax>692.27</xmax>
      <ymax>507.04</ymax>
    </bndbox>
  </object>
  <object>
    <name>WHITE</name>
    <occluded>0</occluded>
    <bndbox>
      <xmin>691.93</xmin>
      <ymin>452.98</ymin>
      <xmax>715.18</xmax>
      <ymax>493.53</ymax>
    </bndbox>
  </object>
  <object>
    <name>WHITE</name>
    <occluded>0</occluded>
    <bndbox>
      <xmin>487.18</xmin>
      <ymin>548.93</ymin>
      <xmax>537.7</xmax>
      <ymax>598.6</ymax>
    </bndbox>
  </object>
  <object>
    <name>BLACK</name>
    <occluded>0</occluded>
    <bndbox>
      <xmin>615.6</xmin>
      <ymin>928.42</ymin>
      <xmax>653.57</xmax>
      <ymax>961.0</ymax>
    </bndbox>
  </object>
  <object>
    <name>WHITE</name>
    <occluded>0</occluded>
    <bndbox>
      <xmin>611.1</xmin>
      <ymin>972.86</ymin>
      <xmax>632.84</xmax>
      <ymax>1020.1</ymax>
    </bndbox>
  </object>
  <object>
    <name>WHITE</name>
    <occluded>0</occluded>
    <bndbox>
      <xmin>563.1</xmin>
      <ymin>936.58</ymin>
      <xmax>601.78</xmax>
      <ymax>974.3</ymax>
    </bndbox>
  </object>
  <object>
    <name>WHITE</name>
    <occluded>0</occluded>
    <bndbox>
      <xmin>250.2</xmin>
      <ymin>919.42</ymin>
      <xmax>280.7</xmax>
      <ymax>964.3</ymax>
    </bndbox>
  </object>
  <object>
    <name>BLACK</name>
    <occluded>0</occluded>
    <bndbox>
      <xmin>222.3</xmin>
      <ymin>437.4</ymin>
      <xmax>251.45</xmax>
      <ymax>478.6</ymax>
    </bndbox>
  </object>
  <object>
    <name>WHITE</name>
    <occluded>0</occluded>
    <bndbox>
      <xmin>172.2</xmin>
      <ymin>487.63</ymin>
      <xmax>195.88</xmax>
      <ymax>530.9</ymax>
    </bndbox>
  </object>
  <object>
    <name>WHITE</name>
    <occluded>0</occluded>
    <bndbox>
      <xmin>652.77</xmin>
      <ymin>651.89</ymin>
      <xmax>684.1</xmax>
      <ymax>698.1</ymax>
    </bndbox>
  </object>
  <object>
    <name>WHITE</name>
    <occluded>0</occluded>
    <bndbox>
      <xmin>645.36</xmin>
      <ymin>515.07</ymin>
      <xmax>679.6</xmax>
      <ymax>558.9</ymax>
    </bndbox>
  </object>
  <object>
    <name>WHITE</name>
    <occluded>0</occluded>
    <bndbox>
      <xmin>604.6</xmin>
      <ymin>562.41</ymin>
      <xmax>645.67</xmax>
      <ymax>612.2</ymax>
    </bndbox>
  </object>
  <object>
    <name>WHITE</name>
    <occluded>0</occluded>
    <bndbox>
      <xmin>545.42</xmin>
      <ymin>636.01</ymin>
      <xmax>588.8</xmax>
      <ymax>686.2</ymax>
    </bndbox>
  </object>
  <object>
    <name>WHITE</name>
    <occluded>0</occluded>
    <bndbox>
      <xmin>473.39</xmin>
      <ymin>710.98</ymin>
      <xmax>523.4</xmax>
      <ymax>759.1</ymax>
    </bndbox>
  </object>
  <object>
    <name>BLACK</name>
    <occluded>0</occluded>
    <bndbox>
      <xmin>411.53</xmin>
      <ymin>792.88</ymin>
      <xmax>460.7</xmax>
      <ymax>838.6</ymax>
    </bndbox>
  </object>
  <object>
    <name>WHITE</name>
    <occluded>0</occluded>
    <bndbox>
      <xmin>414.8</xmin>
      <ymin>642.4</ymin>
      <xmax>465.9</xmax>
      <ymax>691.0</ymax>
    </bndbox>
  </object>
  <object>
    <name>WHITE</name>
    <occluded>0</occluded>
    <bndbox>
      <xmin>353.49</xmin>
      <ymin>701.07</ymin>
      <xmax>403.4</xmax>
      <ymax>752.0</ymax>
    </bndbox>
  </object>
  <object>
    <name>WHITE</name>
    <occluded>0</occluded>
    <bndbox>
      <xmin>495.9</xmin>
      <ymin>413.6</ymin>
      <xmax>540.7</xmax>
      <ymax>453.4</ymax>
    </bndbox>
  </object>
  <object>
    <name>WHITE</name>
    <occluded>0</occluded>
    <bndbox>
      <xmin>361.84</xmin>
      <ymin>538.0</ymin>
      <xmax>413.7</xmax>
      <ymax>588.4</ymax>
    </bndbox>
  </object>
  <object>
    <name>WHITE</name>
    <occluded>0</occluded>
    <bndbox>
      <xmin>594.35</xmin>
      <ymin>437.06</ymin>
      <xmax>633.6</xmax>
      <ymax>477.7</ymax>
    </bndbox>
  </object>
  <object>
    <name>WHITE</name>
    <occluded>0</occluded>
    <bndbox>
      <xmin>433.5</xmin>
      <ymin>472.5</ymin>
      <xmax>478.5</xmax>
      <ymax>515.5</ymax>
    </bndbox>
  </object>
  <object>
    <name>WHITE</name>
    <occluded>0</occluded>
    <bndbox>
      <xmin>549.12</xmin>
      <ymin>487.12</ymin>
      <xmax>592.9</xmax>
      <ymax>534.8</ymax>
    </bndbox>
  </object>
  <object>
    <name>WHITE</name>
    <occluded>0</occluded>
    <bndbox>
      <xmin>400.5</xmin>
      <ymin>317.5</ymin>
      <xmax>443.3</xmax>
      <ymax>341.8</ymax>
    </bndbox>
  </object>
  <object>
    <name>WHITE</name>
    <occluded>0</occluded>
    <bndbox>
      <xmin>444.8</xmin>
      <ymin>360.0</ymin>
      <xmax>489.5</xmax>
      <ymax>391.5</ymax>
    </bndbox>
  </object>
  <object>
    <name>WHITE</name>
    <occluded>0</occluded>
    <bndbox>
      <xmin>385.62</xmin>
      <ymin>407.11</ymin>
      <xmax>430.9</xmax>
      <ymax>434.0</ymax>
    </bndbox>
  </object>
  <object>
    <name>WHITE</name>
    <occluded>0</occluded>
    <bndbox>
      <xmin>317.08</xmin>
      <ymin>465.5</ymin>
      <xmax>360.92</xmax>
      <ymax>506.38</ymax>
    </bndbox>
  </object>
  <object>
    <name>WHITE</name>
    <occluded>0</occluded>
    <bndbox>
      <xmin>181.7</xmin>
      <ymin>547.84</ymin>
      <xmax>210.81</xmax>
      <ymax>594.3</ymax>
    </bndbox>
  </object>
  <object>
    <name>WHITE</name>
    <occluded>0</occluded>
    <bndbox>
      <xmin>288.1</xmin>
      <ymin>416.68</ymin>
      <xmax>323.68</xmax>
      <ymax>454.2</ymax>
    </bndbox>
  </object>
  <object>
    <name>WHITE</name>
    <occluded>0</occluded>
    <bndbox>
      <xmin>594.47</xmin>
      <ymin>709.84</ymin>
      <xmax>636.31</xmax>
      <ymax>756.4</ymax>
    </bndbox>
  </object>
  <object>
    <name>WHITE</name>
    <occluded>0</occluded>
    <bndbox>
      <xmin>292.31</xmin>
      <ymin>615.35</ymin>
      <xmax>335.69</xmax>
      <ymax>667.0</ymax>
    </bndbox>
  </object>
  <object>
    <name>WHITE</name>
    <occluded>0</occluded>
    <bndbox>
      <xmin>236.5</xmin>
      <ymin>679.61</ymin>
      <xmax>274.7</xmax>
      <ymax>728.9</ymax>
    </bndbox>
  </object>
</annotation>
