<annotation>
  <folder>JR</folder>
  <filename>JR_camera4.png</filename>
  <source>
    <database>Unknown</database>
    <annotation>Unknown</annotation>
    <image>Unknown</image>
  </source>
  <size>
    <width>1280</width>
    <height>960</height>
    <depth></depth>
  </size>
  <segmented>0</segmented>
  <object>
    <name>WHITE</name>
    <occluded>0</occluded>
    <bndbox>
      <xmin>491.74</xmin>
      <ymin>666.36</ymin>
      <xmax>532.61</xmax>
      <ymax>712.17</ymax>
    </bndbox>
  </object>
  <object>
    <name>WHITE</name>
    <occluded>0</occluded>
    <bndbox>
      <xmin>476.47</xmin>
      <ymin>723.4</ymin>
      <xmax>512.4</xmax>
      <ymax>760.23</ymax>
    </bndbox>
  </object>
  <object>
    <name>WHITE</name>
    <occluded>0</occluded>
    <bndbox>
      <xmin>994.77</xmin>
      <ymin>838.83</ymin>
      <xmax>1026.21</xmax>
      <ymax>875.21</ymax>
    </bndbox>
  </object>
  <object>
    <name>WHITE</name>
    <occluded>0</occluded>
    <bndbox>
      <xmin>874.4</xmin>
      <ymin>912.04</ymin>
      <xmax>906.74</xmax>
      <ymax>945.72</ymax>
    </bndbox>
  </object>
  <object>
    <name>WHITE</name>
    <occluded>0</occluded>
    <bndbox>
      <xmin>991.62</xmin>
      <ymin>695.56</ymin>
      <xmax>1025.31</xmax>
      <ymax>742.71</ymax>
    </bndbox>
  </object>
  <object>
    <name>WHITE</name>
    <occluded>0</occluded>
    <bndbox>
      <xmin>952.22</xmin>
      <ymin>645.0</ymin>
      <xmax>987.78</xmax>
      <ymax>688.98</ymax>
    </bndbox>
  </object>
  <object>
    <name>WHITE</name>
    <occluded>0</occluded>
    <bndbox>
      <xmin>985.31</xmin>
      <ymin>559.85</ymin>
      <xmax>1013.97</xmax>
      <ymax>607.57</ymax>
    </bndbox>
  </object>
  <object>
    <name>WHITE</name>
    <occluded>0</occluded>
    <bndbox>
      <xmin>1051.71</xmin>
      <ymin>558.29</ymin>
      <xmax>1076.07</xmax>
      <ymax>607.57</ymax>
    </bndbox>
  </object>
  <object>
    <name>WHITE</name>
    <occluded>0</occluded>
    <bndbox>
      <xmin>1047.97</xmin>
      <ymin>469.72</ymin>
      <xmax>1071.05</xmax>
      <ymax>513.38</ymax>
    </bndbox>
  </object>
  <object>
    <name>WHITE</name>
    <occluded>0</occluded>
    <bndbox>
      <xmin>955.37</xmin>
      <ymin>348.39</ymin>
      <xmax>988.71</xmax>
      <ymax>385.5</ymax>
    </bndbox>
  </object>
  <object>
    <name>WHITE</name>
    <occluded>0</occluded>
    <bndbox>
      <xmin>1013.04</xmin>
      <ymin>383.32</ymin>
      <xmax>1040.52</xmax>
      <ymax>424.18</ymax>
    </bndbox>
  </object>
  <object>
    <name>WHITE</name>
    <occluded>0</occluded>
    <bndbox>
      <xmin>880.51</xmin>
      <ymin>327.18</ymin>
      <xmax>922.93</xmax>
      <ymax>365.85</ymax>
    </bndbox>
  </object>
  <object>
    <name>WHITE</name>
    <occluded>0</occluded>
    <bndbox>
      <xmin>896.7</xmin>
      <ymin>291.0</ymin>
      <xmax>936.03</xmax>
      <ymax>322.5</ymax>
    </bndbox>
  </object>
  <object>
    <name>WHITE</name>
    <occluded>0</occluded>
    <bndbox>
      <xmin>954.71</xmin>
      <ymin>288.19</ymin>
      <xmax>988.43</xmax>
      <ymax>320.94</ymax>
    </bndbox>
  </object>
  <object>
    <name>WHITE</name>
    <occluded>0</occluded>
    <bndbox>
      <xmin>821.85</xmin>
      <ymin>278.21</ymin>
      <xmax>865.23</xmax>
      <ymax>307.22</ymax>
    </bndbox>
  </object>
  <object>
    <name>BLACK</name>
    <occluded>0</occluded>
    <bndbox>
      <xmin>674.94</xmin>
      <ymin>253.88</ymin>
      <xmax>720.17</xmax>
      <ymax>277.59</ymax>
    </bndbox>
  </object>
  <object>
    <name>WHITE</name>
    <occluded>0</occluded>
    <bndbox>
      <xmin>630.97</xmin>
      <ymin>288.5</ymin>
      <xmax>675.25</xmax>
      <ymax>318.76</ymax>
    </bndbox>
  </object>
  <object>
    <name>WHITE</name>
    <occluded>0</occluded>
    <bndbox>
      <xmin>623.5</xmin>
      <ymin>896.23</ymin>
      <xmax>662.05</xmax>
      <ymax>935.16</ymax>
    </bndbox>
  </object>
  <object>
    <name>WHITE</name>
    <occluded>0</occluded>
    <bndbox>
      <xmin>590.42</xmin>
      <ymin>336.85</ymin>
      <xmax>633.49</xmax>
      <ymax>376.15</ymax>
    </bndbox>
  </object>
  <object>
    <name>WHITE</name>
    <occluded>0</occluded>
    <bndbox>
      <xmin>465.35</xmin>
      <ymin>586.68</ymin>
      <xmax>504.02</xmax>
      <ymax>633.46</ymax>
    </bndbox>
  </object>
  <object>
    <name>WHITE</name>
    <occluded>0</occluded>
    <bndbox>
      <xmin>1018.44</xmin>
      <ymin>612.09</ymin>
      <xmax>1044.95</xmax>
      <ymax>656.28</ymax>
    </bndbox>
  </object>
  <object>
    <name>WHITE</name>
    <occluded>0</occluded>
    <bndbox>
      <xmin>691.62</xmin>
      <ymin>913.08</ymin>
      <xmax>735.41</xmax>
      <ymax>947.51</ymax>
    </bndbox>
  </object>
  <object>
    <name>BLACK</name>
    <occluded>0</occluded>
    <bndbox>
      <xmin>748.13</xmin>
      <ymin>876.4</ymin>
      <xmax>792.67</xmax>
      <ymax>913.08</ymax>
    </bndbox>
  </object>
  <object>
    <name>WHITE</name>
    <occluded>0</occluded>
    <bndbox>
      <xmin>652.32</xmin>
      <ymin>877.52</ymin>
      <xmax>693.86</xmax>
      <ymax>903.34</ymax>
    </bndbox>
  </object>
  <object>
    <name>WHITE</name>
    <occluded>0</occluded>
    <bndbox>
      <xmin>552.76</xmin>
      <ymin>906.34</ymin>
      <xmax>584.95</xmax>
      <ymax>943.77</ymax>
    </bndbox>
  </object>
  <object>
    <name>WHITE</name>
    <occluded>0</occluded>
    <bndbox>
      <xmin>769.8</xmin>
      <ymin>906.34</ymin>
      <xmax>811.76</xmax>
      <ymax>938.9</ymax>
    </bndbox>
  </object>
  <object>
    <name>WHITE</name>
    <occluded>0</occluded>
    <bndbox>
      <xmin>577.05</xmin>
      <ymin>858.06</ymin>
      <xmax>614.9</xmax>
      <ymax>889.5</ymax>
    </bndbox>
  </object>
  <object>
    <name>WHITE</name>
    <occluded>0</occluded>
    <bndbox>
      <xmin>563.99</xmin>
      <ymin>875.65</ymin>
      <xmax>598.05</xmax>
      <ymax>910.46</ymax>
    </bndbox>
  </object>
  <object>
    <name>WHITE</name>
    <occluded>0</occluded>
    <bndbox>
      <xmin>525.44</xmin>
      <ymin>792.56</ymin>
      <xmax>560.25</xmax>
      <ymax>831.48</ymax>
    </bndbox>
  </object>
  <object>
    <name>WHITE</name>
    <occluded>0</occluded>
    <bndbox>
      <xmin>599.92</xmin>
      <ymin>934.78</ymin>
      <xmax>636.23</xmax>
      <ymax>960.0</ymax>
    </bndbox>
  </object>
  <object>
    <name>WHITE</name>
    <occluded>0</occluded>
    <bndbox>
      <xmin>802.03</xmin>
      <ymin>938.9</ymin>
      <xmax>840.95</xmax>
      <ymax>960.0</ymax>
    </bndbox>
  </object>
  <object>
    <name>WHITE</name>
    <occluded>0</occluded>
    <bndbox>
      <xmin>846.55</xmin>
      <ymin>887.33</ymin>
      <xmax>886.08</xmax>
      <ymax>924.61</ymax>
    </bndbox>
  </object>
  <object>
    <name>WHITE</name>
    <occluded>0</occluded>
    <bndbox>
      <xmin>916.17</xmin>
      <ymin>856.79</ymin>
      <xmax>945.81</xmax>
      <ymax>898.56</ymax>
    </bndbox>
  </object>
  <object>
    <name>WHITE</name>
    <occluded>0</occluded>
    <bndbox>
      <xmin>471.53</xmin>
      <ymin>762.03</ymin>
      <xmax>500.72</xmax>
      <ymax>802.9</ymax>
    </bndbox>
  </object>
  <object>
    <name>WHITE</name>
    <occluded>0</occluded>
    <bndbox>
      <xmin>462.6</xmin>
      <ymin>507.25</ymin>
      <xmax>492.81</xmax>
      <ymax>553.7</ymax>
    </bndbox>
  </object>
  <object>
    <name>WHITE</name>
    <occluded>0</occluded>
    <bndbox>
      <xmin>679.15</xmin>
      <ymin>823.65</ymin>
      <xmax>727.5</xmax>
      <ymax>863.3</ymax>
    </bndbox>
  </object>
  <object>
    <name>WHITE</name>
    <occluded>0</occluded>
    <bndbox>
      <xmin>838.19</xmin>
      <ymin>370.76</ymin>
      <xmax>882.5</xmax>
      <ymax>415.24</ymax>
    </bndbox>
  </object>
  <object>
    <name>WHITE</name>
    <occluded>0</occluded>
    <bndbox>
      <xmin>801.5</xmin>
      <ymin>455.0</ymin>
      <xmax>849.8</xmax>
      <ymax>504.9</ymax>
    </bndbox>
  </object>
  <object>
    <name>WHITE</name>
    <occluded>0</occluded>
    <bndbox>
      <xmin>764.8</xmin>
      <ymin>529.0</ymin>
      <xmax>815.4</xmax>
      <ymax>581.9</ymax>
    </bndbox>
  </object>
  <object>
    <name>BLACK</name>
    <occluded>0</occluded>
    <bndbox>
      <xmin>503.63</xmin>
      <ymin>541.2</ymin>
      <xmax>543.2</xmax>
      <ymax>588.8</ymax>
    </bndbox>
  </object>
  <object>
    <name>WHITE</name>
    <occluded>0</occluded>
    <bndbox>
      <xmin>532.24</xmin>
      <ymin>607.44</ymin>
      <xmax>576.6</xmax>
      <ymax>655.4</ymax>
    </bndbox>
  </object>
  <object>
    <name>WHITE</name>
    <occluded>0</occluded>
    <bndbox>
      <xmin>569.01</xmin>
      <ymin>539.63</ymin>
      <xmax>614.11</xmax>
      <ymax>591.5</ymax>
    </bndbox>
  </object>
  <object>
    <name>WHITE</name>
    <occluded>0</occluded>
    <bndbox>
      <xmin>740.0</xmin>
      <ymin>759.5</ymin>
      <xmax>786.7</xmax>
      <ymax>802.3</ymax>
    </bndbox>
  </object>
  <object>
    <name>WHITE</name>
    <occluded>0</occluded>
    <bndbox>
      <xmin>523.5</xmin>
      <ymin>473.05</ymin>
      <xmax>566.5</xmax>
      <ymax>515.9</ymax>
    </bndbox>
  </object>
  <object>
    <name>WHITE</name>
    <occluded>0</occluded>
    <bndbox>
      <xmin>481.0</xmin>
      <ymin>434.19</ymin>
      <xmax>514.66</xmax>
      <ymax>480.2</ymax>
    </bndbox>
  </object>
  <object>
    <name>WHITE</name>
    <occluded>0</occluded>
    <bndbox>
      <xmin>506.3</xmin>
      <ymin>367.59</ymin>
      <xmax>535.9</xmax>
      <ymax>411.6</ymax>
    </bndbox>
  </object>
  <object>
    <name>WHITE</name>
    <occluded>0</occluded>
    <bndbox>
      <xmin>667.35</xmin>
      <ymin>535.41</ymin>
      <xmax>716.0</xmax>
      <ymax>586.5</ymax>
    </bndbox>
  </object>
  <object>
    <name>WHITE</name>
    <occluded>0</occluded>
    <bndbox>
      <xmin>786.68</xmin>
      <ymin>684.62</ymin>
      <xmax>835.0</xmax>
      <ymax>730.4</ymax>
    </bndbox>
  </object>
  <object>
    <name>WHITE</name>
    <occluded>0</occluded>
    <bndbox>
      <xmin>824.37</xmin>
      <ymin>604.6</ymin>
      <xmax>874.2</xmax>
      <ymax>654.2</ymax>
    </bndbox>
  </object>
  <object>
    <name>WHITE</name>
    <occluded>0</occluded>
    <bndbox>
      <xmin>862.19</xmin>
      <ymin>525.94</ymin>
      <xmax>906.3</xmax>
      <ymax>573.4</ymax>
    </bndbox>
  </object>
  <object>
    <name>WHITE</name>
    <occluded>0</occluded>
    <bndbox>
      <xmin>898.32</xmin>
      <ymin>447.84</ymin>
      <xmax>942.2</xmax>
      <ymax>493.4</ymax>
    </bndbox>
  </object>
  <object>
    <name>WHITE</name>
    <occluded>0</occluded>
    <bndbox>
      <xmin>800.3</xmin>
      <ymin>815.26</ymin>
      <xmax>849.85</xmax>
      <ymax>857.7</ymax>
    </bndbox>
  </object>
  <object>
    <name>WHITE</name>
    <occluded>0</occluded>
    <bndbox>
      <xmin>840.8</xmin>
      <ymin>748.5</ymin>
      <xmax>889.15</xmax>
      <ymax>792.2</ymax>
    </bndbox>
  </object>
  <object>
    <name>WHITE</name>
    <occluded>0</occluded>
    <bndbox>
      <xmin>881.9</xmin>
      <ymin>667.81</ymin>
      <xmax>922.1</xmax>
      <ymax>713.7</ymax>
    </bndbox>
  </object>
  <object>
    <name>WHITE</name>
    <occluded>0</occluded>
    <bndbox>
      <xmin>912.5</xmin>
      <ymin>591.5</ymin>
      <xmax>954.4</xmax>
      <ymax>637.6</ymax>
    </bndbox>
  </object>
  <object>
    <name>BLACK</name>
    <occluded>0</occluded>
    <bndbox>
      <xmin>935.8</xmin>
      <ymin>516.7</ymin>
      <xmax>975.68</xmax>
      <ymax>565.9</ymax>
    </bndbox>
  </object>
  <object>
    <name>WHITE</name>
    <occluded>0</occluded>
    <bndbox>
      <xmin>839.4</xmin>
      <ymin>856.31</ymin>
      <xmax>883.27</xmax>
      <ymax>893.3</ymax>
    </bndbox>
  </object>
  <object>
    <name>WHITE</name>
    <occluded>0</occluded>
    <bndbox>
      <xmin>877.34</xmin>
      <ymin>797.13</ymin>
      <xmax>919.76</xmax>
      <ymax>836.5</ymax>
    </bndbox>
  </object>
  <object>
    <name>WHITE</name>
    <occluded>0</occluded>
    <bndbox>
      <xmin>920.79</xmin>
      <ymin>723.27</ymin>
      <xmax>963.21</xmax>
      <ymax>764.3</ymax>
    </bndbox>
  </object>
  <object>
    <name>WHITE</name>
    <occluded>0</occluded>
    <bndbox>
      <xmin>977.23</xmin>
      <ymin>471.17</ymin>
      <xmax>1009.4</xmax>
      <ymax>517.0</ymax>
    </bndbox>
  </object>
  <object>
    <name>WHITE</name>
    <occluded>0</occluded>
    <bndbox>
      <xmin>936.24</xmin>
      <ymin>390.89</ymin>
      <xmax>974.6</xmax>
      <ymax>434.5</ymax>
    </bndbox>
  </object>
  <object>
    <name>WHITE</name>
    <occluded>0</occluded>
    <bndbox>
      <xmin>817.62</xmin>
      <ymin>244.93</ymin>
      <xmax>859.1</xmax>
      <ymax>266.7</ymax>
    </bndbox>
  </object>
  <object>
    <name>WHITE</name>
    <occluded>0</occluded>
    <bndbox>
      <xmin>915.2</xmin>
      <ymin>827.22</ymin>
      <xmax>947.51</xmax>
      <ymax>864.3</ymax>
    </bndbox>
  </object>
  <object>
    <name>WHITE</name>
    <occluded>0</occluded>
    <bndbox>
      <xmin>936.14</xmin>
      <ymin>777.5</ymin>
      <xmax>976.1</xmax>
      <ymax>812.2</ymax>
    </bndbox>
  </object>
  <object>
    <name>WHITE</name>
    <occluded>0</occluded>
    <bndbox>
      <xmin>1020.76</xmin>
      <ymin>519.06</ymin>
      <xmax>1053.0</xmax>
      <ymax>563.9</ymax>
    </bndbox>
  </object>
  <object>
    <name>WHITE</name>
    <occluded>0</occluded>
    <bndbox>
      <xmin>1002.74</xmin>
      <ymin>424.45</ymin>
      <xmax>1029.3</xmax>
      <ymax>469.4</ymax>
    </bndbox>
  </object>
  <object>
    <name>WHITE</name>
    <occluded>0</occluded>
    <bndbox>
      <xmin>553.6</xmin>
      <ymin>398.74</ymin>
      <xmax>594.92</xmax>
      <ymax>442.2</ymax>
    </bndbox>
  </object>
  <object>
    <name>WHITE</name>
    <occluded>0</occluded>
    <bndbox>
      <xmin>700.69</xmin>
      <ymin>455.13</ymin>
      <xmax>753.8</xmax>
      <ymax>505.7</ymax>
    </bndbox>
  </object>
  <object>
    <name>WHITE</name>
    <occluded>0</occluded>
    <bndbox>
      <xmin>740.5</xmin>
      <ymin>386.7</ymin>
      <xmax>790.2</xmax>
      <ymax>431.0</ymax>
    </bndbox>
  </object>
  <object>
    <name>WHITE</name>
    <occluded>0</occluded>
    <bndbox>
      <xmin>777.89</xmin>
      <ymin>313.76</ymin>
      <xmax>826.0</xmax>
      <ymax>349.9</ymax>
    </bndbox>
  </object>
  <object>
    <name>WHITE</name>
    <occluded>0</occluded>
    <bndbox>
      <xmin>624.31</xmin>
      <ymin>613.97</ymin>
      <xmax>667.69</xmax>
      <ymax>660.03</ymax>
    </bndbox>
  </object>
  <object>
    <name>WHITE</name>
    <occluded>0</occluded>
    <bndbox>
      <xmin>561.88</xmin>
      <ymin>678.94</ymin>
      <xmax>598.12</xmax>
      <ymax>723.06</ymax>
    </bndbox>
  </object>
  <object>
    <name>WHITE</name>
    <occluded>0</occluded>
    <bndbox>
      <xmin>543.94</xmin>
      <ymin>739.06</ymin>
      <xmax>572.06</xmax>
      <ymax>782.94</ymax>
    </bndbox>
  </object>
  <object>
    <name>WHITE</name>
    <occluded>0</occluded>
    <bndbox>
      <xmin>641.5</xmin>
      <ymin>398.5</ymin>
      <xmax>684.5</xmax>
      <ymax>437.5</ymax>
    </bndbox>
  </object>
  <object>
    <name>WHITE</name>
    <occluded>0</occluded>
    <bndbox>
      <xmin>592.59</xmin>
      <ymin>806.4</ymin>
      <xmax>638.3</xmax>
      <ymax>849.1</ymax>
    </bndbox>
  </object>
  <object>
    <name>WHITE</name>
    <occluded>0</occluded>
    <bndbox>
      <xmin>625.58</xmin>
      <ymin>760.88</ymin>
      <xmax>677.7</xmax>
      <ymax>802.2</ymax>
    </bndbox>
  </object>
  <object>
    <name>WHITE</name>
    <occluded>0</occluded>
    <bndbox>
      <xmin>675.76</xmin>
      <ymin>694.25</ymin>
      <xmax>727.0</xmax>
      <ymax>738.7</ymax>
    </bndbox>
  </object>
  <object>
    <name>WHITE</name>
    <occluded>0</occluded>
    <bndbox>
      <xmin>722.07</xmin>
      <ymin>614.56</ymin>
      <xmax>774.8</xmax>
      <ymax>663.5</ymax>
    </bndbox>
  </object>
  <object>
    <name>WHITE</name>
    <occluded>0</occluded>
    <bndbox>
      <xmin>719.0</xmin>
      <ymin>276.69</ymin>
      <xmax>766.6</xmax>
      <ymax>305.1</ymax>
    </bndbox>
  </object>
  <object>
    <name>WHITE</name>
    <occluded>0</occluded>
    <bndbox>
      <xmin>680.81</xmin>
      <ymin>333.62</ymin>
      <xmax>727.4</xmax>
      <ymax>371.2</ymax>
    </bndbox>
  </object>
  <object>
    <name>WHITE</name>
    <occluded>0</occluded>
    <bndbox>
      <xmin>607.28</xmin>
      <ymin>464.13</ymin>
      <xmax>651.34</xmax>
      <ymax>511.0</ymax>
    </bndbox>
  </object>
</annotation>
