<annotation>
  <folder>JR</folder>
  <filename>JR_camera8.png</filename>
  <source>
    <database>Unknown</database>
    <annotation>Unknown</annotation>
    <image>Unknown</image>
  </source>
  <size>
    <width>1280</width>
    <height>960</height>
    <depth></depth>
  </size>
  <segmented>0</segmented>
  <object>
    <name>WHITE</name>
    <occluded>0</occluded>
    <bndbox>
      <xmin>933.86</xmin>
      <ymin>484.82</ymin>
      <xmax>974.29</xmax>
      <ymax>529.74</ymax>
    </bndbox>
  </object>
  <object>
    <name>WHITE</name>
    <occluded>0</occluded>
    <bndbox>
      <xmin>915.9</xmin>
      <ymin>398.59</ymin>
      <xmax>949.13</xmax>
      <ymax>443.95</ymax>
    </bndbox>
  </object>
  <object>
    <name>WHITE</name>
    <occluded>0</occluded>
    <bndbox>
      <xmin>863.8</xmin>
      <ymin>252.17</ymin>
      <xmax>897.93</xmax>
      <ymax>288.55</ymax>
    </bndbox>
  </object>
  <object>
    <name>WHITE</name>
    <occluded>0</occluded>
    <bndbox>
      <xmin>866.94</xmin>
      <ymin>314.15</ymin>
      <xmax>901.08</xmax>
      <ymax>355.47</ymax>
    </bndbox>
  </object>
  <object>
    <name>WHITE</name>
    <occluded>0</occluded>
    <bndbox>
      <xmin>813.05</xmin>
      <ymin>241.84</ymin>
      <xmax>850.32</xmax>
      <ymax>279.57</ymax>
    </bndbox>
  </object>
  <object>
    <name>WHITE</name>
    <occluded>0</occluded>
    <bndbox>
      <xmin>682.35</xmin>
      <ymin>174.03</ymin>
      <xmax>733.1</xmax>
      <ymax>201.42</ymax>
    </bndbox>
  </object>
  <object>
    <name>WHITE</name>
    <occluded>0</occluded>
    <bndbox>
      <xmin>624.86</xmin>
      <ymin>125.97</ymin>
      <xmax>670.67</xmax>
      <ymax>150.22</ymax>
    </bndbox>
  </object>
  <object>
    <name>WHITE</name>
    <occluded>0</occluded>
    <bndbox>
      <xmin>546.22</xmin>
      <ymin>106.66</ymin>
      <xmax>588.93</xmax>
      <ymax>128.21</ymax>
    </bndbox>
  </object>
  <object>
    <name>BLACK</name>
    <occluded>0</occluded>
    <bndbox>
      <xmin>557.04</xmin>
      <ymin>131.81</ymin>
      <xmax>607.8</xmax>
      <ymax>161.9</ymax>
    </bndbox>
  </object>
  <object>
    <name>WHITE</name>
    <occluded>0</occluded>
    <bndbox>
      <xmin>481.59</xmin>
      <ymin>133.6</ymin>
      <xmax>524.26</xmax>
      <ymax>159.21</ymax>
    </bndbox>
  </object>
  <object>
    <name>WHITE</name>
    <occluded>0</occluded>
    <bndbox>
      <xmin>287.52</xmin>
      <ymin>259.81</ymin>
      <xmax>322.6</xmax>
      <ymax>302.03</ymax>
    </bndbox>
  </object>
  <object>
    <name>WHITE</name>
    <occluded>0</occluded>
    <bndbox>
      <xmin>517.52</xmin>
      <ymin>169.53</ymin>
      <xmax>566.92</xmax>
      <ymax>202.32</ymax>
    </bndbox>
  </object>
  <object>
    <name>WHITE</name>
    <occluded>0</occluded>
    <bndbox>
      <xmin>247.55</xmin>
      <ymin>337.96</ymin>
      <xmax>280.38</xmax>
      <ymax>384.22</ymax>
    </bndbox>
  </object>
  <object>
    <name>WHITE</name>
    <occluded>0</occluded>
    <bndbox>
      <xmin>793.29</xmin>
      <ymin>518.51</ymin>
      <xmax>847.63</xmax>
      <ymax>572.4</ymax>
    </bndbox>
  </object>
  <object>
    <name>WHITE</name>
    <occluded>0</occluded>
    <bndbox>
      <xmin>975.63</xmin>
      <ymin>622.26</ymin>
      <xmax>1004.83</xmax>
      <ymax>669.87</ymax>
    </bndbox>
  </object>
  <object>
    <name>WHITE</name>
    <occluded>0</occluded>
    <bndbox>
      <xmin>977.43</xmin>
      <ymin>546.8</ymin>
      <xmax>1005.72</xmax>
      <ymax>593.51</ymax>
    </bndbox>
  </object>
  <object>
    <name>WHITE</name>
    <occluded>0</occluded>
    <bndbox>
      <xmin>932.96</xmin>
      <ymin>579.14</ymin>
      <xmax>969.79</xmax>
      <ymax>629.44</ymax>
    </bndbox>
  </object>
  <object>
    <name>WHITE</name>
    <occluded>0</occluded>
    <bndbox>
      <xmin>341.3</xmin>
      <ymin>193.11</ymin>
      <xmax>380.08</xmax>
      <ymax>228.9</ymax>
    </bndbox>
  </object>
  <object>
    <name>WHITE</name>
    <occluded>0</occluded>
    <bndbox>
      <xmin>395.6</xmin>
      <ymin>571.15</ymin>
      <xmax>447.5</xmax>
      <ymax>622.0</ymax>
    </bndbox>
  </object>
  <object>
    <name>WHITE</name>
    <occluded>0</occluded>
    <bndbox>
      <xmin>834.5</xmin>
      <ymin>619.4</ymin>
      <xmax>878.6</xmax>
      <ymax>671.5</ymax>
    </bndbox>
  </object>
  <object>
    <name>WHITE</name>
    <occluded>0</occluded>
    <bndbox>
      <xmin>345.25</xmin>
      <ymin>646.45</ymin>
      <xmax>395.6</xmax>
      <ymax>696.45</ymax>
    </bndbox>
  </object>
  <object>
    <name>WHITE</name>
    <occluded>0</occluded>
    <bndbox>
      <xmin>613.5</xmin>
      <ymin>169.8</ymin>
      <xmax>662.8</xmax>
      <ymax>203.7</ymax>
    </bndbox>
  </object>
  <object>
    <name>WHITE</name>
    <occluded>0</occluded>
    <bndbox>
      <xmin>563.0</xmin>
      <ymin>221.6</ymin>
      <xmax>613.5</xmax>
      <ymax>261.0</ymax>
    </bndbox>
  </object>
  <object>
    <name>WHITE</name>
    <occluded>0</occluded>
    <bndbox>
      <xmin>516.8</xmin>
      <ymin>279.7</ymin>
      <xmax>569.83</xmax>
      <ymax>320.5</ymax>
    </bndbox>
  </object>
  <object>
    <name>WHITE</name>
    <occluded>0</occluded>
    <bndbox>
      <xmin>463.85</xmin>
      <ymin>348.98</ymin>
      <xmax>513.9</xmax>
      <ymax>392.8</ymax>
    </bndbox>
  </object>
  <object>
    <name>WHITE</name>
    <occluded>0</occluded>
    <bndbox>
      <xmin>872.59</xmin>
      <ymin>543.98</ymin>
      <xmax>916.3</xmax>
      <ymax>599.4</ymax>
    </bndbox>
  </object>
  <object>
    <name>WHITE</name>
    <occluded>0</occluded>
    <bndbox>
      <xmin>886.4</xmin>
      <ymin>462.79</ymin>
      <xmax>927.3</xmax>
      <ymax>509.21</ymax>
    </bndbox>
  </object>
  <object>
    <name>WHITE</name>
    <occluded>0</occluded>
    <bndbox>
      <xmin>857.96</xmin>
      <ymin>385.32</ymin>
      <xmax>894.7</xmax>
      <ymax>430.0</ymax>
    </bndbox>
  </object>
  <object>
    <name>BLACK</name>
    <occluded>0</occluded>
    <bndbox>
      <xmin>829.98</xmin>
      <ymin>443.78</ymin>
      <xmax>874.7</xmax>
      <ymax>496.0</ymax>
    </bndbox>
  </object>
  <object>
    <name>WHITE</name>
    <occluded>0</occluded>
    <bndbox>
      <xmin>731.3</xmin>
      <ymin>583.9</ymin>
      <xmax>786.5</xmax>
      <ymax>636.98</ymax>
    </bndbox>
  </object>
  <object>
    <name>WHITE</name>
    <occluded>0</occluded>
    <bndbox>
      <xmin>746.26</xmin>
      <ymin>672.75</ymin>
      <xmax>801.7</xmax>
      <ymax>729.5</ymax>
    </bndbox>
  </object>
  <object>
    <name>WHITE</name>
    <occluded>0</occluded>
    <bndbox>
      <xmin>651.32</xmin>
      <ymin>645.39</ymin>
      <xmax>705.2</xmax>
      <ymax>702.0</ymax>
    </bndbox>
  </object>
  <object>
    <name>WHITE</name>
    <occluded>0</occluded>
    <bndbox>
      <xmin>322.3</xmin>
      <ymin>296.42</ymin>
      <xmax>362.84</xmax>
      <ymax>344.3</ymax>
    </bndbox>
  </object>
  <object>
    <name>WHITE</name>
    <occluded>0</occluded>
    <bndbox>
      <xmin>370.16</xmin>
      <ymin>227.51</ymin>
      <xmax>415.64</xmax>
      <ymax>271.9</ymax>
    </bndbox>
  </object>
  <object>
    <name>WHITE</name>
    <occluded>0</occluded>
    <bndbox>
      <xmin>424.08</xmin>
      <ymin>171.27</ymin>
      <xmax>469.02</xmax>
      <ymax>209.7</ymax>
    </bndbox>
  </object>
  <object>
    <name>WHITE</name>
    <occluded>0</occluded>
    <bndbox>
      <xmin>801.1</xmin>
      <ymin>299.72</ymin>
      <xmax>841.5</xmax>
      <ymax>340.5</ymax>
    </bndbox>
  </object>
  <object>
    <name>WHITE</name>
    <occluded>0</occluded>
    <bndbox>
      <xmin>789.06</xmin>
      <ymin>367.22</ymin>
      <xmax>831.1</xmax>
      <ymax>414.8</ymax>
    </bndbox>
  </object>
  <object>
    <name>WHITE</name>
    <occluded>0</occluded>
    <bndbox>
      <xmin>595.1</xmin>
      <ymin>563.0</ymin>
      <xmax>648.17</xmax>
      <ymax>616.3</ymax>
    </bndbox>
  </object>
  <object>
    <name>WHITE</name>
    <occluded>0</occluded>
    <bndbox>
      <xmin>530.9</xmin>
      <ymin>626.96</ymin>
      <xmax>587.71</xmax>
      <ymax>682.0</ymax>
    </bndbox>
  </object>
  <object>
    <name>WHITE</name>
    <occluded>0</occluded>
    <bndbox>
      <xmin>757.0</xmin>
      <ymin>181.7</ymin>
      <xmax>797.31</xmax>
      <ymax>211.08</ymax>
    </bndbox>
  </object>
  <object>
    <name>WHITE</name>
    <occluded>0</occluded>
    <bndbox>
      <xmin>744.16</xmin>
      <ymin>232.41</ymin>
      <xmax>788.7</xmax>
      <ymax>264.8</ymax>
    </bndbox>
  </object>
  <object>
    <name>WHITE</name>
    <occluded>0</occluded>
    <bndbox>
      <xmin>720.39</xmin>
      <ymin>289.99</ymin>
      <xmax>772.2</xmax>
      <ymax>340.9</ymax>
    </bndbox>
  </object>
  <object>
    <name>WHITE</name>
    <occluded>0</occluded>
    <bndbox>
      <xmin>532.8</xmin>
      <ymin>478.05</ymin>
      <xmax>586.7</xmax>
      <ymax>527.05</ymax>
    </bndbox>
  </object>
  <object>
    <name>WHITE</name>
    <occluded>0</occluded>
    <bndbox>
      <xmin>494.96</xmin>
      <ymin>565.4</ymin>
      <xmax>549.5</xmax>
      <ymax>618.6</ymax>
    </bndbox>
  </object>
  <object>
    <name>BLACK</name>
    <occluded>0</occluded>
    <bndbox>
      <xmin>424.69</xmin>
      <ymin>628.67</ymin>
      <xmax>479.5</xmax>
      <ymax>684.9</ymax>
    </bndbox>
  </object>
  <object>
    <name>WHITE</name>
    <occluded>0</occluded>
    <bndbox>
      <xmin>662.48</xmin>
      <ymin>225.91</ymin>
      <xmax>716.3</xmax>
      <ymax>268.4</ymax>
    </bndbox>
  </object>
  <object>
    <name>WHITE</name>
    <occluded>0</occluded>
    <bndbox>
      <xmin>291.0</xmin>
      <ymin>526.5</ymin>
      <xmax>324.3</xmax>
      <ymax>576.2</ymax>
    </bndbox>
  </object>
  <object>
    <name>BLACK</name>
    <occluded>0</occluded>
    <bndbox>
      <xmin>323.15</xmin>
      <ymin>438.64</ymin>
      <xmax>378.3</xmax>
      <ymax>494.9</ymax>
    </bndbox>
  </object>
  <object>
    <name>WHITE</name>
    <occluded>0</occluded>
    <bndbox>
      <xmin>366.88</xmin>
      <ymin>352.5</ymin>
      <xmax>419.2</xmax>
      <ymax>398.2</ymax>
    </bndbox>
  </object>
  <object>
    <name>BLACK</name>
    <occluded>0</occluded>
    <bndbox>
      <xmin>899.8</xmin>
      <ymin>758.47</ymin>
      <xmax>947.59</xmax>
      <ymax>810.0</ymax>
    </bndbox>
  </object>
  <object>
    <name>WHITE</name>
    <occluded>0</occluded>
    <bndbox>
      <xmin>956.46</xmin>
      <ymin>682.5</ymin>
      <xmax>987.3</xmax>
      <ymax>736.7</ymax>
    </bndbox>
  </object>
  <object>
    <name>WHITE</name>
    <occluded>0</occluded>
    <bndbox>
      <xmin>843.97</xmin>
      <ymin>710.7</ymin>
      <xmax>890.6</xmax>
      <ymax>762.8</ymax>
    </bndbox>
  </object>
  <object>
    <name>WHITE</name>
    <occluded>0</occluded>
    <bndbox>
      <xmin>908.2</xmin>
      <ymin>646.8</ymin>
      <xmax>947.5</xmax>
      <ymax>697.0</ymax>
    </bndbox>
  </object>
  <object>
    <name>WHITE</name>
    <occluded>0</occluded>
    <bndbox>
      <xmin>413.3</xmin>
      <ymin>281.66</ymin>
      <xmax>462.9</xmax>
      <ymax>325.1</ymax>
    </bndbox>
  </object>
  <object>
    <name>WHITE</name>
    <occluded>0</occluded>
    <bndbox>
      <xmin>464.3</xmin>
      <ymin>217.0</ymin>
      <xmax>517.0</xmax>
      <ymax>252.6</ymax>
    </bndbox>
  </object>
  <object>
    <name>WHITE</name>
    <occluded>0</occluded>
    <bndbox>
      <xmin>285.5</xmin>
      <ymin>660.5</ymin>
      <xmax>329.3</xmax>
      <ymax>709.5</ymax>
    </bndbox>
  </object>
  <object>
    <name>WHITE</name>
    <occluded>0</occluded>
    <bndbox>
      <xmin>316.5</xmin>
      <ymin>587.8</ymin>
      <xmax>360.9</xmax>
      <ymax>639.5</ymax>
    </bndbox>
  </object>
  <object>
    <name>WHITE</name>
    <occluded>0</occluded>
    <bndbox>
      <xmin>351.81</xmin>
      <ymin>497.5</ymin>
      <xmax>396.19</xmax>
      <ymax>545.16</ymax>
    </bndbox>
  </object>
  <object>
    <name>WHITE</name>
    <occluded>0</occluded>
    <bndbox>
      <xmin>412.41</xmin>
      <ymin>415.53</ymin>
      <xmax>466.0</xmax>
      <ymax>465.5</ymax>
    </bndbox>
  </object>
  <object>
    <name>WHITE</name>
    <occluded>0</occluded>
    <bndbox>
      <xmin>272.7</xmin>
      <ymin>382.78</ymin>
      <xmax>308.85</xmax>
      <ymax>434.4</ymax>
    </bndbox>
  </object>
  <object>
    <name>WHITE</name>
    <occluded>0</occluded>
    <bndbox>
      <xmin>259.6</xmin>
      <ymin>477.27</ymin>
      <xmax>290.89</xmax>
      <ymax>528.1</ymax>
    </bndbox>
  </object>
  <object>
    <name>WHITE</name>
    <occluded>0</occluded>
    <bndbox>
      <xmin>622.91</xmin>
      <ymin>289.75</ymin>
      <xmax>676.6</xmax>
      <ymax>332.6</ymax>
    </bndbox>
  </object>
  <object>
    <name>WHITE</name>
    <occluded>0</occluded>
    <bndbox>
      <xmin>549.6</xmin>
      <ymin>347.1</ymin>
      <xmax>601.1</xmax>
      <ymax>397.28</ymax>
    </bndbox>
  </object>
  <object>
    <name>WHITE</name>
    <occluded>0</occluded>
    <bndbox>
      <xmin>516.53</xmin>
      <ymin>405.81</ymin>
      <xmax>568.6</xmax>
      <ymax>457.1</ymax>
    </bndbox>
  </object>
  <object>
    <name>WHITE</name>
    <occluded>0</occluded>
    <bndbox>
      <xmin>441.35</xmin>
      <ymin>484.2</ymin>
      <xmax>493.8</xmax>
      <ymax>534.4</ymax>
    </bndbox>
  </object>
</annotation>
