<annotation>
  <folder>JR</folder>
  <filename>JR_camera10.png</filename>
  <source>
    <database>Unknown</database>
    <annotation>Unknown</annotation>
    <image>Unknown</image>
  </source>
  <size>
    <width>1280</width>
    <height>960</height>
    <depth></depth>
  </size>
  <segmented>0</segmented>
  <object>
    <name>WHITE</name>
    <occluded>0</occluded>
    <bndbox>
      <xmin>1030.49</xmin>
      <ymin>622.45</ymin>
      <xmax>1060.05</xmax>
      <ymax>669.61</ymax>
    </bndbox>
  </object>
  <object>
    <name>WHITE</name>
    <occluded>0</occluded>
    <bndbox>
      <xmin>967.11</xmin>
      <ymin>667.21</ymin>
      <xmax>1003.9</xmax>
      <ymax>715.8</ymax>
    </bndbox>
  </object>
  <object>
    <name>WHITE</name>
    <occluded>0</occluded>
    <bndbox>
      <xmin>936.62</xmin>
      <ymin>530.75</ymin>
      <xmax>986.9</xmax>
      <ymax>576.75</ymax>
    </bndbox>
  </object>
  <object>
    <name>WHITE</name>
    <occluded>0</occluded>
    <bndbox>
      <xmin>903.37</xmin>
      <ymin>604.2</ymin>
      <xmax>952.1</xmax>
      <ymax>648.7</ymax>
    </bndbox>
  </object>
  <object>
    <name>BLACK</name>
    <occluded>0</occluded>
    <bndbox>
      <xmin>890.36</xmin>
      <ymin>657.23</ymin>
      <xmax>941.4</xmax>
      <ymax>702.8</ymax>
    </bndbox>
  </object>
  <object>
    <name>WHITE</name>
    <occluded>0</occluded>
    <bndbox>
      <xmin>957.35</xmin>
      <ymin>339.64</ymin>
      <xmax>997.3</xmax>
      <ymax>384.4</ymax>
    </bndbox>
  </object>
  <object>
    <name>WHITE</name>
    <occluded>0</occluded>
    <bndbox>
      <xmin>903.3</xmin>
      <ymin>398.23</ymin>
      <xmax>951.7</xmax>
      <ymax>446.8</ymax>
    </bndbox>
  </object>
  <object>
    <name>WHITE</name>
    <occluded>0</occluded>
    <bndbox>
      <xmin>977.7</xmin>
      <ymin>611.9</ymin>
      <xmax>1013.32</xmax>
      <ymax>660.26</ymax>
    </bndbox>
  </object>
  <object>
    <name>WHITE</name>
    <occluded>0</occluded>
    <bndbox>
      <xmin>537.3</xmin>
      <ymin>214.3</ymin>
      <xmax>581.58</xmax>
      <ymax>249.3</ymax>
    </bndbox>
  </object>
  <object>
    <name>WHITE</name>
    <occluded>0</occluded>
    <bndbox>
      <xmin>453.43</xmin>
      <ymin>432.97</ymin>
      <xmax>496.57</xmax>
      <ymax>480.1</ymax>
    </bndbox>
  </object>
  <object>
    <name>WHITE</name>
    <occluded>0</occluded>
    <bndbox>
      <xmin>507.34</xmin>
      <ymin>345.21</ymin>
      <xmax>551.16</xmax>
      <ymax>392.2</ymax>
    </bndbox>
  </object>
  <object>
    <name>WHITE</name>
    <occluded>0</occluded>
    <bndbox>
      <xmin>554.09</xmin>
      <ymin>272.7</ymin>
      <xmax>597.91</xmax>
      <ymax>317.8</ymax>
    </bndbox>
  </object>
  <object>
    <name>WHITE</name>
    <occluded>0</occluded>
    <bndbox>
      <xmin>600.76</xmin>
      <ymin>211.67</ymin>
      <xmax>647.4</xmax>
      <ymax>244.9</ymax>
    </bndbox>
  </object>
  <object>
    <name>WHITE</name>
    <occluded>0</occluded>
    <bndbox>
      <xmin>384.11</xmin>
      <ymin>536.37</ymin>
      <xmax>422.66</xmax>
      <ymax>587.27</ymax>
    </bndbox>
  </object>
  <object>
    <name>WHITE</name>
    <occluded>0</occluded>
    <bndbox>
      <xmin>393.1</xmin>
      <ymin>430.82</ymin>
      <xmax>424.16</xmax>
      <ymax>478.36</ymax>
    </bndbox>
  </object>
  <object>
    <name>WHITE</name>
    <occluded>0</occluded>
    <bndbox>
      <xmin>387.48</xmin>
      <ymin>335.01</ymin>
      <xmax>421.17</xmax>
      <ymax>375.06</ymax>
    </bndbox>
  </object>
  <object>
    <name>WHITE</name>
    <occluded>0</occluded>
    <bndbox>
      <xmin>438.0</xmin>
      <ymin>346.61</ymin>
      <xmax>476.56</xmax>
      <ymax>390.78</ymax>
    </bndbox>
  </object>
  <object>
    <name>WHITE</name>
    <occluded>0</occluded>
    <bndbox>
      <xmin>485.92</xmin>
      <ymin>275.12</ymin>
      <xmax>522.97</xmax>
      <ymax>317.79</ymax>
    </bndbox>
  </object>
  <object>
    <name>WHITE</name>
    <occluded>0</occluded>
    <bndbox>
      <xmin>433.14</xmin>
      <ymin>276.62</ymin>
      <xmax>467.2</xmax>
      <ymax>315.17</ymax>
    </bndbox>
  </object>
  <object>
    <name>BLACK</name>
    <occluded>0</occluded>
    <bndbox>
      <xmin>712.73</xmin>
      <ymin>171.83</ymin>
      <xmax>757.27</xmax>
      <ymax>204.76</ymax>
    </bndbox>
  </object>
  <object>
    <name>WHITE</name>
    <occluded>0</occluded>
    <bndbox>
      <xmin>757.64</xmin>
      <ymin>214.12</ymin>
      <xmax>806.3</xmax>
      <ymax>241.44</ymax>
    </bndbox>
  </object>
  <object>
    <name>WHITE</name>
    <occluded>0</occluded>
    <bndbox>
      <xmin>656.59</xmin>
      <ymin>162.09</ymin>
      <xmax>701.87</xmax>
      <ymax>194.28</ymax>
    </bndbox>
  </object>
  <object>
    <name>WHITE</name>
    <occluded>0</occluded>
    <bndbox>
      <xmin>439.51</xmin>
      <ymin>226.47</ymin>
      <xmax>471.69</xmax>
      <ymax>263.52</ymax>
    </bndbox>
  </object>
  <object>
    <name>WHITE</name>
    <occluded>0</occluded>
    <bndbox>
      <xmin>792.45</xmin>
      <ymin>168.08</ymin>
      <xmax>839.61</xmax>
      <ymax>194.28</ymax>
    </bndbox>
  </object>
  <object>
    <name>WHITE</name>
    <occluded>0</occluded>
    <bndbox>
      <xmin>728.82</xmin>
      <ymin>138.89</ymin>
      <xmax>774.86</xmax>
      <ymax>163.22</ymax>
    </bndbox>
  </object>
  <object>
    <name>WHITE</name>
    <occluded>0</occluded>
    <bndbox>
      <xmin>989.32</xmin>
      <ymin>284.11</ymin>
      <xmax>1022.25</xmax>
      <ymax>324.53</ymax>
    </bndbox>
  </object>
  <object>
    <name>WHITE</name>
    <occluded>0</occluded>
    <bndbox>
      <xmin>997.9</xmin>
      <ymin>235.45</ymin>
      <xmax>1031.61</xmax>
      <ymax>275.5</ymax>
    </bndbox>
  </object>
  <object>
    <name>WHITE</name>
    <occluded>0</occluded>
    <bndbox>
      <xmin>1036.1</xmin>
      <ymin>356.34</ymin>
      <xmax>1069.04</xmax>
      <ymax>402.0</ymax>
    </bndbox>
  </object>
  <object>
    <name>WHITE</name>
    <occluded>0</occluded>
    <bndbox>
      <xmin>1002.04</xmin>
      <ymin>411.74</ymin>
      <xmax>1036.47</xmax>
      <ymax>454.4</ymax>
    </bndbox>
  </object>
  <object>
    <name>WHITE</name>
    <occluded>0</occluded>
    <bndbox>
      <xmin>1015.14</xmin>
      <ymin>675.97</ymin>
      <xmax>1057.06</xmax>
      <ymax>715.65</ymax>
    </bndbox>
  </object>
  <object>
    <name>WHITE</name>
    <occluded>0</occluded>
    <bndbox>
      <xmin>932.13</xmin>
      <ymin>218.72</ymin>
      <xmax>967.65</xmax>
      <ymax>251.28</ymax>
    </bndbox>
  </object>
  <object>
    <name>WHITE</name>
    <occluded>0</occluded>
    <bndbox>
      <xmin>594.42</xmin>
      <ymin>165.92</ymin>
      <xmax>637.82</xmax>
      <ymax>188.28</ymax>
    </bndbox>
  </object>
  <object>
    <name>WHITE</name>
    <occluded>0</occluded>
    <bndbox>
      <xmin>721.85</xmin>
      <ymin>611.17</ymin>
      <xmax>775.0</xmax>
      <ymax>662.6</ymax>
    </bndbox>
  </object>
  <object>
    <name>WHITE</name>
    <occluded>0</occluded>
    <bndbox>
      <xmin>683.52</xmin>
      <ymin>693.3</ymin>
      <xmax>736.1</xmax>
      <ymax>744.97</ymax>
    </bndbox>
  </object>
  <object>
    <name>WHITE</name>
    <occluded>0</occluded>
    <bndbox>
      <xmin>875.9</xmin>
      <ymin>168.7</ymin>
      <xmax>912.17</xmax>
      <ymax>201.01</ymax>
    </bndbox>
  </object>
  <object>
    <name>WHITE</name>
    <occluded>0</occluded>
    <bndbox>
      <xmin>850.78</xmin>
      <ymin>209.95</ymin>
      <xmax>893.4</xmax>
      <ymax>246.1</ymax>
    </bndbox>
  </object>
  <object>
    <name>WHITE</name>
    <occluded>0</occluded>
    <bndbox>
      <xmin>813.81</xmin>
      <ymin>262.21</ymin>
      <xmax>865.0</xmax>
      <ymax>307.11</ymax>
    </bndbox>
  </object>
  <object>
    <name>WHITE</name>
    <occluded>0</occluded>
    <bndbox>
      <xmin>767.79</xmin>
      <ymin>333.08</ymin>
      <xmax>816.2</xmax>
      <ymax>378.8</ymax>
    </bndbox>
  </object>
  <object>
    <name>WHITE</name>
    <occluded>0</occluded>
    <bndbox>
      <xmin>745.76</xmin>
      <ymin>398.74</ymin>
      <xmax>795.0</xmax>
      <ymax>445.6</ymax>
    </bndbox>
  </object>
  <object>
    <name>WHITE</name>
    <occluded>0</occluded>
    <bndbox>
      <xmin>592.3</xmin>
      <ymin>639.5</ymin>
      <xmax>644.0</xmax>
      <ymax>692.5</ymax>
    </bndbox>
  </object>
  <object>
    <name>WHITE</name>
    <occluded>0</occluded>
    <bndbox>
      <xmin>725.5</xmin>
      <ymin>270.5</ymin>
      <xmax>774.2</xmax>
      <ymax>309.4</ymax>
    </bndbox>
  </object>
  <object>
    <name>WHITE</name>
    <occluded>0</occluded>
    <bndbox>
      <xmin>674.7</xmin>
      <ymin>334.65</ymin>
      <xmax>723.58</xmax>
      <ymax>376.1</ymax>
    </bndbox>
  </object>
  <object>
    <name>WHITE</name>
    <occluded>0</occluded>
    <bndbox>
      <xmin>527.68</xmin>
      <ymin>575.4</ymin>
      <xmax>579.0</xmax>
      <ymax>627.9</ymax>
    </bndbox>
  </object>
  <object>
    <name>WHITE</name>
    <occluded>0</occluded>
    <bndbox>
      <xmin>671.87</xmin>
      <ymin>216.25</ymin>
      <xmax>715.87</xmax>
      <ymax>249.25</ymax>
    </bndbox>
  </object>
  <object>
    <name>WHITE</name>
    <occluded>0</occluded>
    <bndbox>
      <xmin>628.3</xmin>
      <ymin>274.9</ymin>
      <xmax>676.5</xmax>
      <ymax>323.4</ymax>
    </bndbox>
  </object>
  <object>
    <name>BLACK</name>
    <occluded>0</occluded>
    <bndbox>
      <xmin>487.35</xmin>
      <ymin>503.5</ymin>
      <xmax>530.8</xmax>
      <ymax>555.4</ymax>
    </bndbox>
  </object>
  <object>
    <name>WHITE</name>
    <occluded>0</occluded>
    <bndbox>
      <xmin>528.9</xmin>
      <ymin>420.5</ymin>
      <xmax>572.9</xmax>
      <ymax>465.9</ymax>
    </bndbox>
  </object>
  <object>
    <name>WHITE</name>
    <occluded>0</occluded>
    <bndbox>
      <xmin>584.84</xmin>
      <ymin>342.56</ymin>
      <xmax>634.1</xmax>
      <ymax>388.1</ymax>
    </bndbox>
  </object>
  <object>
    <name>WHITE</name>
    <occluded>0</occluded>
    <bndbox>
      <xmin>389.32</xmin>
      <ymin>737.92</ymin>
      <xmax>426.37</xmax>
      <ymax>789.19</ymax>
    </bndbox>
  </object>
  <object>
    <name>WHITE</name>
    <occluded>0</occluded>
    <bndbox>
      <xmin>364.23</xmin>
      <ymin>759.29</ymin>
      <xmax>399.26</xmax>
      <ymax>811.9</ymax>
    </bndbox>
  </object>
  <object>
    <name>WHITE</name>
    <occluded>0</occluded>
    <bndbox>
      <xmin>399.74</xmin>
      <ymin>642.27</ymin>
      <xmax>441.59</xmax>
      <ymax>691.65</ymax>
    </bndbox>
  </object>
  <object>
    <name>WHITE</name>
    <occluded>0</occluded>
    <bndbox>
      <xmin>345.42</xmin>
      <ymin>711.4</ymin>
      <xmax>377.65</xmax>
      <ymax>754.29</ymax>
    </bndbox>
  </object>
  <object>
    <name>WHITE</name>
    <occluded>0</occluded>
    <bndbox>
      <xmin>869.69</xmin>
      <ymin>460.34</ymin>
      <xmax>917.2</xmax>
      <ymax>506.4</ymax>
    </bndbox>
  </object>
  <object>
    <name>WHITE</name>
    <occluded>0</occluded>
    <bndbox>
      <xmin>850.9</xmin>
      <ymin>528.3</ymin>
      <xmax>899.0</xmax>
      <ymax>577.5</ymax>
    </bndbox>
  </object>
  <object>
    <name>WHITE</name>
    <occluded>0</occluded>
    <bndbox>
      <xmin>485.4</xmin>
      <ymin>219.69</ymin>
      <xmax>524.16</xmax>
      <ymax>249.3</ymax>
    </bndbox>
  </object>
  <object>
    <name>WHITE</name>
    <occluded>0</occluded>
    <bndbox>
      <xmin>495.57</xmin>
      <ymin>781.04</ymin>
      <xmax>542.8</xmax>
      <ymax>834.4</ymax>
    </bndbox>
  </object>
  <object>
    <name>WHITE</name>
    <occluded>0</occluded>
    <bndbox>
      <xmin>579.19</xmin>
      <ymin>731.45</ymin>
      <xmax>631.9</xmax>
      <ymax>785.0</ymax>
    </bndbox>
  </object>
  <object>
    <name>WHITE</name>
    <occluded>0</occluded>
    <bndbox>
      <xmin>498.7</xmin>
      <ymin>682.21</ymin>
      <xmax>548.3</xmax>
      <ymax>734.7</ymax>
    </bndbox>
  </object>
  <object>
    <name>WHITE</name>
    <occluded>0</occluded>
    <bndbox>
      <xmin>429.18</xmin>
      <ymin>518.69</ymin>
      <xmax>474.08</xmax>
      <ymax>566.9</ymax>
    </bndbox>
  </object>
  <object>
    <name>WHITE</name>
    <occluded>0</occluded>
    <bndbox>
      <xmin>450.2</xmin>
      <ymin>604.1</ymin>
      <xmax>493.7</xmax>
      <ymax>655.4</ymax>
    </bndbox>
  </object>
  <object>
    <name>WHITE</name>
    <occluded>0</occluded>
    <bndbox>
      <xmin>768.52</xmin>
      <ymin>530.9</ymin>
      <xmax>819.2</xmax>
      <ymax>579.26</ymax>
    </bndbox>
  </object>
  <object>
    <name>WHITE</name>
    <occluded>0</occluded>
    <bndbox>
      <xmin>777.76</xmin>
      <ymin>456.5</ymin>
      <xmax>829.5</xmax>
      <ymax>505.6</ymax>
    </bndbox>
  </object>
  <object>
    <name>WHITE</name>
    <occluded>0</occluded>
    <bndbox>
      <xmin>827.0</xmin>
      <ymin>398.0</ymin>
      <xmax>873.6</xmax>
      <ymax>442.0</ymax>
    </bndbox>
  </object>
  <object>
    <name>WHITE</name>
    <occluded>0</occluded>
    <bndbox>
      <xmin>862.38</xmin>
      <ymin>326.06</ymin>
      <xmax>910.9</xmax>
      <ymax>372.1</ymax>
    </bndbox>
  </object>
  <object>
    <name>WHITE</name>
    <occluded>0</occluded>
    <bndbox>
      <xmin>905.78</xmin>
      <ymin>269.0</ymin>
      <xmax>948.3</xmax>
      <ymax>308.2</ymax>
    </bndbox>
  </object>
  <object>
    <name>WHITE</name>
    <occluded>0</occluded>
    <bndbox>
      <xmin>789.52</xmin>
      <ymin>671.07</ymin>
      <xmax>842.5</xmax>
      <ymax>722.3</ymax>
    </bndbox>
  </object>
  <object>
    <name>WHITE</name>
    <occluded>0</occluded>
    <bndbox>
      <xmin>814.19</xmin>
      <ymin>607.52</ymin>
      <xmax>866.2</xmax>
      <ymax>654.48</ymax>
    </bndbox>
  </object>
  <object>
    <name>WHITE</name>
    <occluded>0</occluded>
    <bndbox>
      <xmin>432.76</xmin>
      <ymin>713.07</ymin>
      <xmax>477.5</xmax>
      <ymax>764.7</ymax>
    </bndbox>
  </object>
  <object>
    <name>BLACK</name>
    <occluded>0</occluded>
    <bndbox>
      <xmin>445.63</xmin>
      <ymin>821.92</ymin>
      <xmax>492.5</xmax>
      <ymax>873.2</ymax>
    </bndbox>
  </object>
  <object>
    <name>WHITE</name>
    <occluded>0</occluded>
    <bndbox>
      <xmin>1012.46</xmin>
      <ymin>547.41</ymin>
      <xmax>1040.0</xmax>
      <ymax>593.8</ymax>
    </bndbox>
  </object>
  <object>
    <name>WHITE</name>
    <occluded>0</occluded>
    <bndbox>
      <xmin>1038.5</xmin>
      <ymin>493.0</ymin>
      <xmax>1068.2</xmax>
      <ymax>540.7</ymax>
    </bndbox>
  </object>
  <object>
    <name>BLACK</name>
    <occluded>0</occluded>
    <bndbox>
      <xmin>973.08</xmin>
      <ymin>469.04</ymin>
      <xmax>1011.4</xmax>
      <ymax>518.0</ymax>
    </bndbox>
  </object>
</annotation>
