<annotation>
  <folder>JR</folder>
  <filename>JR_camera9.png</filename>
  <source>
    <database>Unknown</database>
    <annotation>Unknown</annotation>
    <image>Unknown</image>
  </source>
  <size>
    <width>960</width>
    <height>1280</height>
    <depth></depth>
  </size>
  <segmented>0</segmented>
  <object>
    <name>WHITE</name>
    <occluded>0</occluded>
    <bndbox>
      <xmin>342.14</xmin>
      <ymin>833.4</ymin>
      <xmax>387.68</xmax>
      <ymax>886.1</ymax>
    </bndbox>
  </object>
  <object>
    <name>WHITE</name>
    <occluded>0</occluded>
    <bndbox>
      <xmin>376.5</xmin>
      <ymin>493.2</ymin>
      <xmax>418.35</xmax>
      <ymax>543.2</ymax>
    </bndbox>
  </object>
  <object>
    <name>WHITE</name>
    <occluded>0</occluded>
    <bndbox>
      <xmin>342.65</xmin>
      <ymin>575.6</ymin>
      <xmax>383.67</xmax>
      <ymax>618.1</ymax>
    </bndbox>
  </object>
  <object>
    <name>BLACK</name>
    <occluded>0</occluded>
    <bndbox>
      <xmin>317.26</xmin>
      <ymin>646.11</ymin>
      <xmax>363.0</xmax>
      <ymax>695.1</ymax>
    </bndbox>
  </object>
  <object>
    <name>WHITE</name>
    <occluded>0</occluded>
    <bndbox>
      <xmin>311.03</xmin>
      <ymin>717.63</ymin>
      <xmax>335.37</xmax>
      <ymax>766.4</ymax>
    </bndbox>
  </object>
  <object>
    <name>WHITE</name>
    <occluded>0</occluded>
    <bndbox>
      <xmin>370.89</xmin>
      <ymin>378.68</ymin>
      <xmax>412.61</xmax>
      <ymax>418.7</ymax>
    </bndbox>
  </object>
  <object>
    <name>WHITE</name>
    <occluded>0</occluded>
    <bndbox>
      <xmin>335.25</xmin>
      <ymin>450.3</ymin>
      <xmax>376.97</xmax>
      <ymax>488.27</ymax>
    </bndbox>
  </object>
  <object>
    <name>WHITE</name>
    <occluded>0</occluded>
    <bndbox>
      <xmin>275.26</xmin>
      <ymin>747.1</ymin>
      <xmax>296.8</xmax>
      <ymax>792.4</ymax>
    </bndbox>
  </object>
  <object>
    <name>WHITE</name>
    <occluded>0</occluded>
    <bndbox>
      <xmin>357.17</xmin>
      <ymin>777.98</ymin>
      <xmax>400.1</xmax>
      <ymax>822.3</ymax>
    </bndbox>
  </object>
  <object>
    <name>WHITE</name>
    <occluded>0</occluded>
    <bndbox>
      <xmin>451.5</xmin>
      <ymin>357.5</ymin>
      <xmax>496.2</xmax>
      <ymax>392.3</ymax>
    </bndbox>
  </object>
  <object>
    <name>WHITE</name>
    <occluded>0</occluded>
    <bndbox>
      <xmin>422.57</xmin>
      <ymin>414.37</ymin>
      <xmax>470.6</xmax>
      <ymax>455.2</ymax>
    </bndbox>
  </object>
  <object>
    <name>WHITE</name>
    <occluded>0</occluded>
    <bndbox>
      <xmin>700.92</xmin>
      <ymin>543.06</ymin>
      <xmax>742.51</xmax>
      <ymax>588.81</ymax>
    </bndbox>
  </object>
  <object>
    <name>WHITE</name>
    <occluded>0</occluded>
    <bndbox>
      <xmin>742.09</xmin>
      <ymin>496.07</ymin>
      <xmax>775.78</xmax>
      <ymax>538.49</ymax>
    </bndbox>
  </object>
  <object>
    <name>WHITE</name>
    <occluded>0</occluded>
    <bndbox>
      <xmin>708.41</xmin>
      <ymin>385.04</ymin>
      <xmax>744.59</xmax>
      <ymax>418.72</ymax>
    </bndbox>
  </object>
  <object>
    <name>WHITE</name>
    <occluded>0</occluded>
    <bndbox>
      <xmin>564.52</xmin>
      <ymin>321.41</ymin>
      <xmax>607.77</xmax>
      <ymax>350.52</ymax>
    </bndbox>
  </object>
  <object>
    <name>WHITE</name>
    <occluded>0</occluded>
    <bndbox>
      <xmin>547.06</xmin>
      <ymin>349.69</ymin>
      <xmax>591.14</xmax>
      <ymax>387.12</ymax>
    </bndbox>
  </object>
  <object>
    <name>BLACK</name>
    <occluded>0</occluded>
    <bndbox>
      <xmin>490.91</xmin>
      <ymin>325.15</ymin>
      <xmax>543.73</xmax>
      <ymax>355.09</ymax>
    </bndbox>
  </object>
  <object>
    <name>WHITE</name>
    <occluded>0</occluded>
    <bndbox>
      <xmin>265.15</xmin>
      <ymin>453.78</ymin>
      <xmax>294.26</xmax>
      <ymax>484.97</ymax>
    </bndbox>
  </object>
  <object>
    <name>WHITE</name>
    <occluded>0</occluded>
    <bndbox>
      <xmin>304.27</xmin>
      <ymin>529.68</ymin>
      <xmax>336.21</xmax>
      <ymax>574.59</ymax>
    </bndbox>
  </object>
  <object>
    <name>WHITE</name>
    <occluded>0</occluded>
    <bndbox>
      <xmin>281.31</xmin>
      <ymin>613.52</ymin>
      <xmax>302.77</xmax>
      <ymax>657.93</ymax>
    </bndbox>
  </object>
  <object>
    <name>WHITE</name>
    <occluded>0</occluded>
    <bndbox>
      <xmin>536.32</xmin>
      <ymin>678.89</ymin>
      <xmax>581.23</xmax>
      <ymax>726.3</ymax>
    </bndbox>
  </object>
  <object>
    <name>WHITE</name>
    <occluded>0</occluded>
    <bndbox>
      <xmin>377.01</xmin>
      <ymin>700.03</ymin>
      <xmax>418.6</xmax>
      <ymax>746.81</ymax>
    </bndbox>
  </object>
  <object>
    <name>WHITE</name>
    <occluded>0</occluded>
    <bndbox>
      <xmin>302.21</xmin>
      <ymin>847.6</ymin>
      <xmax>338.89</xmax>
      <ymax>890.05</ymax>
    </bndbox>
  </object>
  <object>
    <name>WHITE</name>
    <occluded>0</occluded>
    <bndbox>
      <xmin>314.92</xmin>
      <ymin>792.73</ymin>
      <xmax>340.05</xmax>
      <ymax>836.33</ymax>
    </bndbox>
  </object>
  <object>
    <name>WHITE</name>
    <occluded>0</occluded>
    <bndbox>
      <xmin>399.25</xmin>
      <ymin>820.45</ymin>
      <xmax>435.92</xmax>
      <ymax>863.19</ymax>
    </bndbox>
  </object>
  <object>
    <name>WHITE</name>
    <occluded>0</occluded>
    <bndbox>
      <xmin>504.5</xmin>
      <ymin>402.5</ymin>
      <xmax>547.5</xmax>
      <ymax>437.5</ymax>
    </bndbox>
  </object>
  <object>
    <name>WHITE</name>
    <occluded>0</occluded>
    <bndbox>
      <xmin>425.0</xmin>
      <ymin>758.5</ymin>
      <xmax>467.0</xmax>
      <ymax>803.5</ymax>
    </bndbox>
  </object>
  <object>
    <name>WHITE</name>
    <occluded>0</occluded>
    <bndbox>
      <xmin>483.0</xmin>
      <ymin>613.5</ymin>
      <xmax>527.0</xmax>
      <ymax>658.5</ymax>
    </bndbox>
  </object>
  <object>
    <name>WHITE</name>
    <occluded>0</occluded>
    <bndbox>
      <xmin>460.67</xmin>
      <ymin>810.97</ymin>
      <xmax>507.33</xmax>
      <ymax>847.03</ymax>
    </bndbox>
  </object>
  <object>
    <name>WHITE</name>
    <occluded>0</occluded>
    <bndbox>
      <xmin>500.42</xmin>
      <ymin>749.19</ymin>
      <xmax>545.58</xmax>
      <ymax>794.81</ymax>
    </bndbox>
  </object>
  <object>
    <name>WHITE</name>
    <occluded>0</occluded>
    <bndbox>
      <xmin>616.55</xmin>
      <ymin>677.8</ymin>
      <xmax>661.45</xmax>
      <ymax>722.2</ymax>
    </bndbox>
  </object>
  <object>
    <name>WHITE</name>
    <occluded>0</occluded>
    <bndbox>
      <xmin>669.89</xmin>
      <ymin>613.72</ymin>
      <xmax>706.11</xmax>
      <ymax>658.28</ymax>
    </bndbox>
  </object>
  <object>
    <name>WHITE</name>
    <occluded>0</occluded>
    <bndbox>
      <xmin>698.08</xmin>
      <ymin>683.02</ymin>
      <xmax>731.92</xmax>
      <ymax>726.98</ymax>
    </bndbox>
  </object>
  <object>
    <name>WHITE</name>
    <occluded>0</occluded>
    <bndbox>
      <xmin>730.23</xmin>
      <ymin>757.4</ymin>
      <xmax>759.77</xmax>
      <ymax>802.6</ymax>
    </bndbox>
  </object>
  <object>
    <name>WHITE</name>
    <occluded>0</occluded>
    <bndbox>
      <xmin>760.0</xmin>
      <ymin>695.5</ymin>
      <xmax>784.0</xmax>
      <ymax>738.5</ymax>
    </bndbox>
  </object>
  <object>
    <name>WHITE</name>
    <occluded>0</occluded>
    <bndbox>
      <xmin>392.62</xmin>
      <ymin>633.04</ymin>
      <xmax>437.38</xmax>
      <ymax>672.96</ymax>
    </bndbox>
  </object>
  <object>
    <name>WHITE</name>
    <occluded>0</occluded>
    <bndbox>
      <xmin>270.0</xmin>
      <ymin>687.0</ymin>
      <xmax>290.0</xmax>
      <ymax>729.0</ymax>
    </bndbox>
  </object>
  <object>
    <name>WHITE</name>
    <occluded>0</occluded>
    <bndbox>
      <xmin>308.2</xmin>
      <ymin>416.22</ymin>
      <xmax>344.3</xmax>
      <ymax>447.8</ymax>
    </bndbox>
  </object>
  <object>
    <name>BLACK</name>
    <occluded>0</occluded>
    <bndbox>
      <xmin>784.51</xmin>
      <ymin>831.0</ymin>
      <xmax>805.0</xmax>
      <ymax>877.5</ymax>
    </bndbox>
  </object>
  <object>
    <name>WHITE</name>
    <occluded>0</occluded>
    <bndbox>
      <xmin>353.7</xmin>
      <ymin>350.34</ymin>
      <xmax>393.75</xmax>
      <ymax>382.9</ymax>
    </bndbox>
  </object>
  <object>
    <name>WHITE</name>
    <occluded>0</occluded>
    <bndbox>
      <xmin>771.51</xmin>
      <ymin>766.01</ymin>
      <xmax>796.5</xmax>
      <ymax>815.0</ymax>
    </bndbox>
  </object>
  <object>
    <name>WHITE</name>
    <occluded>0</occluded>
    <bndbox>
      <xmin>740.74</xmin>
      <ymin>814.31</ymin>
      <xmax>769.8</xmax>
      <ymax>862.2</ymax>
    </bndbox>
  </object>
  <object>
    <name>WHITE</name>
    <occluded>0</occluded>
    <bndbox>
      <xmin>687.33</xmin>
      <ymin>804.57</ymin>
      <xmax>728.7</xmax>
      <ymax>851.9</ymax>
    </bndbox>
  </object>
  <object>
    <name>BLACK</name>
    <occluded>0</occluded>
    <bndbox>
      <xmin>755.0</xmin>
      <ymin>632.0</ymin>
      <xmax>782.1</xmax>
      <ymax>682.2</ymax>
    </bndbox>
  </object>
  <object>
    <name>WHITE</name>
    <occluded>0</occluded>
    <bndbox>
      <xmin>656.5</xmin>
      <ymin>745.5</ymin>
      <xmax>703.5</xmax>
      <ymax>789.5</ymax>
    </bndbox>
  </object>
  <object>
    <name>WHITE</name>
    <occluded>0</occluded>
    <bndbox>
      <xmin>608.51</xmin>
      <ymin>798.99</ymin>
      <xmax>659.5</xmax>
      <ymax>845.5</ymax>
    </bndbox>
  </object>
  <object>
    <name>WHITE</name>
    <occluded>0</occluded>
    <bndbox>
      <xmin>579.0</xmin>
      <ymin>744.5</ymin>
      <xmax>630.5</xmax>
      <ymax>793.0</ymax>
    </bndbox>
  </object>
  <object>
    <name>WHITE</name>
    <occluded>0</occluded>
    <bndbox>
      <xmin>693.7</xmin>
      <ymin>419.14</ymin>
      <xmax>726.02</xmax>
      <ymax>460.86</ymax>
    </bndbox>
  </object>
  <object>
    <name>WHITE</name>
    <occluded>0</occluded>
    <bndbox>
      <xmin>657.8</xmin>
      <ymin>467.76</ymin>
      <xmax>700.1</xmax>
      <ymax>511.1</ymax>
    </bndbox>
  </object>
  <object>
    <name>WHITE</name>
    <occluded>0</occluded>
    <bndbox>
      <xmin>615.3</xmin>
      <ymin>531.14</ymin>
      <xmax>662.4</xmax>
      <ymax>580.4</ymax>
    </bndbox>
  </object>
  <object>
    <name>WHITE</name>
    <occluded>0</occluded>
    <bndbox>
      <xmin>573.72</xmin>
      <ymin>604.56</ymin>
      <xmax>625.5</xmax>
      <ymax>654.1</ymax>
    </bndbox>
  </object>
  <object>
    <name>WHITE</name>
    <occluded>0</occluded>
    <bndbox>
      <xmin>632.1</xmin>
      <ymin>361.1</ymin>
      <xmax>670.06</xmax>
      <ymax>396.5</ymax>
    </bndbox>
  </object>
  <object>
    <name>WHITE</name>
    <occluded>0</occluded>
    <bndbox>
      <xmin>588.38</xmin>
      <ymin>395.31</ymin>
      <xmax>631.8</xmax>
      <ymax>438.69</ymax>
    </bndbox>
  </object>
  <object>
    <name>WHITE</name>
    <occluded>0</occluded>
    <bndbox>
      <xmin>564.2</xmin>
      <ymin>458.43</ymin>
      <xmax>611.7</xmax>
      <ymax>504.1</ymax>
    </bndbox>
  </object>
  <object>
    <name>WHITE</name>
    <occluded>0</occluded>
    <bndbox>
      <xmin>523.58</xmin>
      <ymin>532.58</ymin>
      <xmax>573.7</xmax>
      <ymax>580.9</ymax>
    </bndbox>
  </object>
  <object>
    <name>WHITE</name>
    <occluded>0</occluded>
    <bndbox>
      <xmin>450.22</xmin>
      <ymin>685.66</ymin>
      <xmax>497.4</xmax>
      <ymax>734.4</ymax>
    </bndbox>
  </object>
  <object>
    <name>WHITE</name>
    <occluded>0</occluded>
    <bndbox>
      <xmin>469.3</xmin>
      <ymin>469.0</ymin>
      <xmax>515.9</xmax>
      <ymax>509.7</ymax>
    </bndbox>
  </object>
  <object>
    <name>WHITE</name>
    <occluded>0</occluded>
    <bndbox>
      <xmin>429.88</xmin>
      <ymin>545.2</ymin>
      <xmax>479.5</xmax>
      <ymax>590.9</ymax>
    </bndbox>
  </object>
  <object>
    <name>WHITE</name>
    <occluded>0</occluded>
    <bndbox>
      <xmin>798.11</xmin>
      <ymin>714.0</ymin>
      <xmax>817.52</xmax>
      <ymax>758.01</ymax>
    </bndbox>
  </object>
  <object>
    <name>WHITE</name>
    <occluded>0</occluded>
    <bndbox>
      <xmin>299.22</xmin>
      <ymin>386.69</ymin>
      <xmax>335.29</xmax>
      <ymax>419.61</ymax>
    </bndbox>
  </object>
  <object>
    <name>WHITE</name>
    <occluded>0</occluded>
    <bndbox>
      <xmin>418.08</xmin>
      <ymin>309.06</ymin>
      <xmax>459.36</xmax>
      <ymax>330.2</ymax>
    </bndbox>
  </object>
  <object>
    <name>WHITE</name>
    <occluded>0</occluded>
    <bndbox>
      <xmin>421.55</xmin>
      <ymin>329.5</ymin>
      <xmax>465.25</xmax>
      <ymax>354.11</ymax>
    </bndbox>
  </object>
</annotation>
