<annotation>
  <folder>JR</folder>
  <filename>JR_camera7.png</filename>
  <source>
    <database>Unknown</database>
    <annotation>Unknown</annotation>
    <image>Unknown</image>
  </source>
  <size>
    <width>1280</width>
    <height>960</height>
    <depth></depth>
  </size>
  <segmented>0</segmented>
  <object>
    <name>WHITE</name>
    <occluded>0</occluded>
    <bndbox>
      <xmin>385.45</xmin>
      <ymin>465.58</ymin>
      <xmax>437.07</xmax>
      <ymax>517.7</ymax>
    </bndbox>
  </object>
  <object>
    <name>WHITE</name>
    <occluded>0</occluded>
    <bndbox>
      <xmin>455.25</xmin>
      <ymin>511.5</ymin>
      <xmax>512.5</xmax>
      <ymax>560.0</ymax>
    </bndbox>
  </object>
  <object>
    <name>WHITE</name>
    <occluded>0</occluded>
    <bndbox>
      <xmin>422.76</xmin>
      <ymin>568.46</ymin>
      <xmax>474.0</xmax>
      <ymax>626.7</ymax>
    </bndbox>
  </object>
  <object>
    <name>BLACK</name>
    <occluded>0</occluded>
    <bndbox>
      <xmin>326.02</xmin>
      <ymin>652.7</ymin>
      <xmax>376.0</xmax>
      <ymax>706.7</ymax>
    </bndbox>
  </object>
  <object>
    <name>WHITE</name>
    <occluded>0</occluded>
    <bndbox>
      <xmin>539.18</xmin>
      <ymin>414.0</ymin>
      <xmax>596.44</xmax>
      <ymax>464.55</ymax>
    </bndbox>
  </object>
  <object>
    <name>WHITE</name>
    <occluded>0</occluded>
    <bndbox>
      <xmin>365.51</xmin>
      <ymin>546.14</ymin>
      <xmax>414.17</xmax>
      <ymax>603.78</ymax>
    </bndbox>
  </object>
  <object>
    <name>WHITE</name>
    <occluded>0</occluded>
    <bndbox>
      <xmin>291.16</xmin>
      <ymin>541.23</ymin>
      <xmax>331.11</xmax>
      <ymax>596.75</ymax>
    </bndbox>
  </object>
  <object>
    <name>WHITE</name>
    <occluded>0</occluded>
    <bndbox>
      <xmin>230.02</xmin>
      <ymin>553.4</ymin>
      <xmax>264.7</xmax>
      <ymax>607.67</ymax>
    </bndbox>
  </object>
  <object>
    <name>WHITE</name>
    <occluded>0</occluded>
    <bndbox>
      <xmin>253.45</xmin>
      <ymin>460.14</ymin>
      <xmax>289.28</xmax>
      <ymax>515.03</ymax>
    </bndbox>
  </object>
  <object>
    <name>WHITE</name>
    <occluded>0</occluded>
    <bndbox>
      <xmin>203.82</xmin>
      <ymin>476.05</ymin>
      <xmax>225.97</xmax>
      <ymax>528.76</ymax>
    </bndbox>
  </object>
  <object>
    <name>WHITE</name>
    <occluded>0</occluded>
    <bndbox>
      <xmin>270.26</xmin>
      <ymin>366.26</ymin>
      <xmax>303.63</xmax>
      <ymax>414.6</ymax>
    </bndbox>
  </object>
  <object>
    <name>BLACK</name>
    <occluded>0</occluded>
    <bndbox>
      <xmin>220.04</xmin>
      <ymin>384.35</ymin>
      <xmax>250.61</xmax>
      <ymax>433.0</ymax>
    </bndbox>
  </object>
  <object>
    <name>WHITE</name>
    <occluded>0</occluded>
    <bndbox>
      <xmin>256.85</xmin>
      <ymin>303.26</ymin>
      <xmax>297.71</xmax>
      <ymax>347.55</ymax>
    </bndbox>
  </object>
  <object>
    <name>WHITE</name>
    <occluded>0</occluded>
    <bndbox>
      <xmin>202.89</xmin>
      <ymin>334.45</ymin>
      <xmax>237.82</xmax>
      <ymax>379.36</ymax>
    </bndbox>
  </object>
  <object>
    <name>WHITE</name>
    <occluded>0</occluded>
    <bndbox>
      <xmin>230.96</xmin>
      <ymin>252.73</ymin>
      <xmax>267.45</xmax>
      <ymax>294.21</ymax>
    </bndbox>
  </object>
  <object>
    <name>WHITE</name>
    <occluded>0</occluded>
    <bndbox>
      <xmin>337.04</xmin>
      <ymin>132.9</ymin>
      <xmax>376.02</xmax>
      <ymax>170.01</ymax>
    </bndbox>
  </object>
  <object>
    <name>WHITE</name>
    <occluded>0</occluded>
    <bndbox>
      <xmin>381.01</xmin>
      <ymin>154.42</ymin>
      <xmax>427.49</xmax>
      <ymax>192.16</ymax>
    </bndbox>
  </object>
  <object>
    <name>WHITE</name>
    <occluded>0</occluded>
    <bndbox>
      <xmin>442.14</xmin>
      <ymin>160.97</ymin>
      <xmax>489.24</xmax>
      <ymax>201.2</ymax>
    </bndbox>
  </object>
  <object>
    <name>WHITE</name>
    <occluded>0</occluded>
    <bndbox>
      <xmin>386.0</xmin>
      <ymin>72.39</ymin>
      <xmax>428.42</xmax>
      <ymax>104.21</ymax>
    </bndbox>
  </object>
  <object>
    <name>WHITE</name>
    <occluded>0</occluded>
    <bndbox>
      <xmin>431.23</xmin>
      <ymin>87.99</ymin>
      <xmax>476.14</xmax>
      <ymax>111.69</ymax>
    </bndbox>
  </object>
  <object>
    <name>WHITE</name>
    <occluded>0</occluded>
    <bndbox>
      <xmin>491.42</xmin>
      <ymin>99.84</ymin>
      <xmax>538.52</xmax>
      <ymax>125.41</ymax>
    </bndbox>
  </object>
  <object>
    <name>WHITE</name>
    <occluded>0</occluded>
    <bndbox>
      <xmin>563.28</xmin>
      <ymin>124.04</ymin>
      <xmax>612.45</xmax>
      <ymax>155.34</ymax>
    </bndbox>
  </object>
  <object>
    <name>WHITE</name>
    <occluded>0</occluded>
    <bndbox>
      <xmin>617.27</xmin>
      <ymin>89.09</ymin>
      <xmax>664.2</xmax>
      <ymax>112.01</ymax>
    </bndbox>
  </object>
  <object>
    <name>WHITE</name>
    <occluded>0</occluded>
    <bndbox>
      <xmin>696.81</xmin>
      <ymin>149.31</ymin>
      <xmax>739.54</xmax>
      <ymax>180.81</ymax>
    </bndbox>
  </object>
  <object>
    <name>WHITE</name>
    <occluded>0</occluded>
    <bndbox>
      <xmin>729.87</xmin>
      <ymin>128.41</ymin>
      <xmax>771.04</xmax>
      <ymax>163.03</ymax>
    </bndbox>
  </object>
  <object>
    <name>BLACK</name>
    <occluded>0</occluded>
    <bndbox>
      <xmin>766.61</xmin>
      <ymin>225.23</ymin>
      <xmax>805.68</xmax>
      <ymax>268.34</ymax>
    </bndbox>
  </object>
  <object>
    <name>BLACK</name>
    <occluded>0</occluded>
    <bndbox>
      <xmin>858.68</xmin>
      <ymin>560.28</ymin>
      <xmax>879.34</xmax>
      <ymax>607.88</ymax>
    </bndbox>
  </object>
  <object>
    <name>WHITE</name>
    <occluded>0</occluded>
    <bndbox>
      <xmin>209.74</xmin>
      <ymin>635.29</ymin>
      <xmax>233.32</xmax>
      <ymax>688.06</ymax>
    </bndbox>
  </object>
  <object>
    <name>WHITE</name>
    <occluded>0</occluded>
    <bndbox>
      <xmin>257.9</xmin>
      <ymin>634.9</ymin>
      <xmax>298.57</xmax>
      <ymax>686.5</ymax>
    </bndbox>
  </object>
  <object>
    <name>BLACK</name>
    <occluded>0</occluded>
    <bndbox>
      <xmin>455.26</xmin>
      <ymin>399.24</ymin>
      <xmax>516.0</xmax>
      <ymax>449.5</ymax>
    </bndbox>
  </object>
  <object>
    <name>WHITE</name>
    <occluded>0</occluded>
    <bndbox>
      <xmin>301.9</xmin>
      <ymin>208.41</ymin>
      <xmax>341.2</xmax>
      <ymax>250.7</ymax>
    </bndbox>
  </object>
  <object>
    <name>WHITE</name>
    <occluded>0</occluded>
    <bndbox>
      <xmin>325.59</xmin>
      <ymin>348.2</ymin>
      <xmax>366.5</xmax>
      <ymax>398.58</ymax>
    </bndbox>
  </object>
  <object>
    <name>WHITE</name>
    <occluded>0</occluded>
    <bndbox>
      <xmin>380.3</xmin>
      <ymin>382.5</ymin>
      <xmax>429.4</xmax>
      <ymax>433.6</ymax>
    </bndbox>
  </object>
  <object>
    <name>WHITE</name>
    <occluded>0</occluded>
    <bndbox>
      <xmin>314.4</xmin>
      <ymin>454.94</ymin>
      <xmax>357.09</xmax>
      <ymax>510.2</ymax>
    </bndbox>
  </object>
  <object>
    <name>WHITE</name>
    <occluded>0</occluded>
    <bndbox>
      <xmin>333.6</xmin>
      <ymin>263.32</ymin>
      <xmax>373.61</xmax>
      <ymax>311.8</ymax>
    </bndbox>
  </object>
  <object>
    <name>WHITE</name>
    <occluded>0</occluded>
    <bndbox>
      <xmin>270.5</xmin>
      <ymin>174.92</ymin>
      <xmax>308.41</xmax>
      <ymax>213.9</ymax>
    </bndbox>
  </object>
</annotation>
