<annotation>
  <folder>LK</folder>
  <filename>LK_camera11.png</filename>
  <source>
    <database>Unknown</database>
    <annotation>Unknown</annotation>
    <image>Unknown</image>
  </source>
  <size>
    <width>1280</width>
    <height>960</height>
    <depth></depth>
  </size>
  <segmented>0</segmented>
  <object>
    <name>WHITE</name>
    <occluded>0</occluded>
    <bndbox>
      <xmin>547.86</xmin>
      <ymin>553.41</ymin>
      <xmax>601.2</xmax>
      <ymax>608.1</ymax>
    </bndbox>
  </object>
  <object>
    <name>WHITE</name>
    <occluded>0</occluded>
    <bndbox>
      <xmin>805.36</xmin>
      <ymin>626.36</ymin>
      <xmax>828.36</xmax>
      <ymax>677.2</ymax>
    </bndbox>
  </object>
  <object>
    <name>WHITE</name>
    <occluded>0</occluded>
    <bndbox>
      <xmin>493.32</xmin>
      <ymin>178.88</ymin>
      <xmax>544.2</xmax>
      <ymax>216.6</ymax>
    </bndbox>
  </object>
  <object>
    <name>WHITE</name>
    <occluded>0</occluded>
    <bndbox>
      <xmin>548.0</xmin>
      <ymin>240.5</ymin>
      <xmax>599.0</xmax>
      <ymax>280.6</ymax>
    </bndbox>
  </object>
  <object>
    <name>WHITE</name>
    <occluded>0</occluded>
    <bndbox>
      <xmin>601.32</xmin>
      <ymin>200.38</ymin>
      <xmax>646.2</xmax>
      <ymax>238.9</ymax>
    </bndbox>
  </object>
  <object>
    <name>WHITE</name>
    <occluded>0</occluded>
    <bndbox>
      <xmin>778.48</xmin>
      <ymin>399.54</ymin>
      <xmax>820.8</xmax>
      <ymax>450.9</ymax>
    </bndbox>
  </object>
  <object>
    <name>WHITE</name>
    <occluded>0</occluded>
    <bndbox>
      <xmin>735.0</xmin>
      <ymin>199.61</ymin>
      <xmax>775.9</xmax>
      <ymax>238.1</ymax>
    </bndbox>
  </object>
  <object>
    <name>WHITE</name>
    <occluded>0</occluded>
    <bndbox>
      <xmin>694.37</xmin>
      <ymin>235.91</ymin>
      <xmax>738.7</xmax>
      <ymax>278.9</ymax>
    </bndbox>
  </object>
  <object>
    <name>WHITE</name>
    <occluded>0</occluded>
    <bndbox>
      <xmin>595.01</xmin>
      <ymin>588.2</ymin>
      <xmax>643.4</xmax>
      <ymax>642.7</ymax>
    </bndbox>
  </object>
  <object>
    <name>BLACK</name>
    <occluded>0</occluded>
    <bndbox>
      <xmin>515.26</xmin>
      <ymin>441.35</ymin>
      <xmax>570.4</xmax>
      <ymax>493.6</ymax>
    </bndbox>
  </object>
  <object>
    <name>WHITE</name>
    <occluded>0</occluded>
    <bndbox>
      <xmin>602.83</xmin>
      <ymin>495.95</ymin>
      <xmax>657.9</xmax>
      <ymax>547.4</ymax>
    </bndbox>
  </object>
  <object>
    <name>WHITE</name>
    <occluded>0</occluded>
    <bndbox>
      <xmin>637.3</xmin>
      <ymin>558.2</ymin>
      <xmax>688.9</xmax>
      <ymax>611.1</ymax>
    </bndbox>
  </object>
  <object>
    <name>BLACK</name>
    <occluded>0</occluded>
    <bndbox>
      <xmin>684.26</xmin>
      <ymin>616.02</ymin>
      <xmax>736.0</xmax>
      <ymax>672.6</ymax>
    </bndbox>
  </object>
  <object>
    <name>WHITE</name>
    <occluded>0</occluded>
    <bndbox>
      <xmin>594.05</xmin>
      <ymin>410.82</ymin>
      <xmax>646.9</xmax>
      <ymax>463.2</ymax>
    </bndbox>
  </object>
  <object>
    <name>WHITE</name>
    <occluded>0</occluded>
    <bndbox>
      <xmin>681.5</xmin>
      <ymin>468.5</ymin>
      <xmax>726.1</xmax>
      <ymax>519.1</ymax>
    </bndbox>
  </object>
  <object>
    <name>WHITE</name>
    <occluded>0</occluded>
    <bndbox>
      <xmin>714.8</xmin>
      <ymin>540.51</ymin>
      <xmax>759.6</xmax>
      <ymax>591.2</ymax>
    </bndbox>
  </object>
  <object>
    <name>WHITE</name>
    <occluded>0</occluded>
    <bndbox>
      <xmin>765.9</xmin>
      <ymin>610.05</ymin>
      <xmax>795.9</xmax>
      <ymax>657.05</ymax>
    </bndbox>
  </object>
  <object>
    <name>WHITE</name>
    <occluded>0</occluded>
    <bndbox>
      <xmin>776.76</xmin>
      <ymin>549.41</ymin>
      <xmax>809.9</xmax>
      <ymax>600.3</ymax>
    </bndbox>
  </object>
  <object>
    <name>WHITE</name>
    <occluded>0</occluded>
    <bndbox>
      <xmin>785.5</xmin>
      <ymin>276.7</ymin>
      <xmax>819.2</xmax>
      <ymax>319.91</ymax>
    </bndbox>
  </object>
  <object>
    <name>WHITE</name>
    <occluded>0</occluded>
    <bndbox>
      <xmin>446.61</xmin>
      <ymin>480.1</ymin>
      <xmax>502.9</xmax>
      <ymax>534.8</ymax>
    </bndbox>
  </object>
  <object>
    <name>WHITE</name>
    <occluded>0</occluded>
    <bndbox>
      <xmin>647.61</xmin>
      <ymin>165.04</ymin>
      <xmax>692.2</xmax>
      <ymax>197.8</ymax>
    </bndbox>
  </object>
  <object>
    <name>WHITE</name>
    <occluded>0</occluded>
    <bndbox>
      <xmin>380.4</xmin>
      <ymin>178.46</ymin>
      <xmax>424.24</xmax>
      <ymax>220.2</ymax>
    </bndbox>
  </object>
  <object>
    <name>WHITE</name>
    <occluded>0</occluded>
    <bndbox>
      <xmin>428.07</xmin>
      <ymin>224.91</ymin>
      <xmax>477.4</xmax>
      <ymax>265.0</ymax>
    </bndbox>
  </object>
  <object>
    <name>WHITE</name>
    <occluded>0</occluded>
    <bndbox>
      <xmin>644.03</xmin>
      <ymin>287.46</ymin>
      <xmax>697.5</xmax>
      <ymax>333.42</ymax>
    </bndbox>
  </object>
  <object>
    <name>WHITE</name>
    <occluded>0</occluded>
    <bndbox>
      <xmin>887.44</xmin>
      <ymin>350.51</ymin>
      <xmax>909.27</xmax>
      <ymax>391.68</ymax>
    </bndbox>
  </object>
  <object>
    <name>WHITE</name>
    <occluded>0</occluded>
    <bndbox>
      <xmin>320.62</xmin>
      <ymin>253.57</ymin>
      <xmax>364.29</xmax>
      <ymax>297.23</ymax>
    </bndbox>
  </object>
  <object>
    <name>WHITE</name>
    <occluded>0</occluded>
    <bndbox>
      <xmin>303.2</xmin>
      <ymin>224.46</ymin>
      <xmax>332.84</xmax>
      <ymax>266.82</ymax>
    </bndbox>
  </object>
  <object>
    <name>BLACK</name>
    <occluded>0</occluded>
    <bndbox>
      <xmin>284.92</xmin>
      <ymin>340.68</ymin>
      <xmax>322.03</xmax>
      <ymax>390.9</ymax>
    </bndbox>
  </object>
  <object>
    <name>WHITE</name>
    <occluded>0</occluded>
    <bndbox>
      <xmin>833.85</xmin>
      <ymin>565.84</ymin>
      <xmax>855.69</xmax>
      <ymax>612.0</ymax>
    </bndbox>
  </object>
  <object>
    <name>WHITE</name>
    <occluded>0</occluded>
    <bndbox>
      <xmin>805.1</xmin>
      <ymin>235.11</ymin>
      <xmax>837.54</xmax>
      <ymax>276.28</ymax>
    </bndbox>
  </object>
  <object>
    <name>WHITE</name>
    <occluded>0</occluded>
    <bndbox>
      <xmin>841.9</xmin>
      <ymin>314.95</ymin>
      <xmax>871.53</xmax>
      <ymax>360.8</ymax>
    </bndbox>
  </object>
  <object>
    <name>WHITE</name>
    <occluded>0</occluded>
    <bndbox>
      <xmin>807.9</xmin>
      <ymin>348.64</ymin>
      <xmax>844.71</xmax>
      <ymax>392.62</ymax>
    </bndbox>
  </object>
  <object>
    <name>WHITE</name>
    <occluded>0</occluded>
    <bndbox>
      <xmin>741.47</xmin>
      <ymin>321.81</ymin>
      <xmax>782.02</xmax>
      <ymax>368.91</ymax>
    </bndbox>
  </object>
  <object>
    <name>WHITE</name>
    <occluded>0</occluded>
    <bndbox>
      <xmin>731.48</xmin>
      <ymin>386.06</ymin>
      <xmax>770.03</xmax>
      <ymax>431.72</ymax>
    </bndbox>
  </object>
  <object>
    <name>WHITE</name>
    <occluded>0</occluded>
    <bndbox>
      <xmin>658.87</xmin>
      <ymin>373.71</ymin>
      <xmax>704.91</xmax>
      <ymax>416.75</ymax>
    </bndbox>
  </object>
  <object>
    <name>WHITE</name>
    <occluded>0</occluded>
    <bndbox>
      <xmin>750.3</xmin>
      <ymin>467.49</ymin>
      <xmax>786.68</xmax>
      <ymax>519.14</ymax>
    </bndbox>
  </object>
  <object>
    <name>WHITE</name>
    <occluded>0</occluded>
    <bndbox>
      <xmin>757.38</xmin>
      <ymin>166.49</ymin>
      <xmax>790.44</xmax>
      <ymax>200.8</ymax>
    </bndbox>
  </object>
  <object>
    <name>WHITE</name>
    <occluded>0</occluded>
    <bndbox>
      <xmin>354.67</xmin>
      <ymin>150.9</ymin>
      <xmax>390.28</xmax>
      <ymax>183.39</ymax>
    </bndbox>
  </object>
  <object>
    <name>WHITE</name>
    <occluded>0</occluded>
    <bndbox>
      <xmin>438.31</xmin>
      <ymin>131.56</ymin>
      <xmax>484.16</xmax>
      <ymax>158.07</ymax>
    </bndbox>
  </object>
  <object>
    <name>WHITE</name>
    <occluded>0</occluded>
    <bndbox>
      <xmin>507.86</xmin>
      <ymin>97.87</ymin>
      <xmax>552.15</xmax>
      <ymax>124.07</ymax>
    </bndbox>
  </object>
  <object>
    <name>WHITE</name>
    <occluded>0</occluded>
    <bndbox>
      <xmin>548.1</xmin>
      <ymin>139.4</ymin>
      <xmax>597.06</xmax>
      <ymax>169.3</ymax>
    </bndbox>
  </object>
  <object>
    <name>WHITE</name>
    <occluded>0</occluded>
    <bndbox>
      <xmin>837.88</xmin>
      <ymin>644.89</ymin>
      <xmax>867.08</xmax>
      <ymax>691.6</ymax>
    </bndbox>
  </object>
  <object>
    <name>WHITE</name>
    <occluded>0</occluded>
    <bndbox>
      <xmin>602.99</xmin>
      <ymin>107.54</ymin>
      <xmax>647.59</xmax>
      <ymax>141.85</ymax>
    </bndbox>
  </object>
  <object>
    <name>WHITE</name>
    <occluded>0</occluded>
    <bndbox>
      <xmin>684.71</xmin>
      <ymin>139.36</ymin>
      <xmax>725.56</xmax>
      <ymax>170.54</ymax>
    </bndbox>
  </object>
</annotation>
