<annotation>
  <folder>LK</folder>
  <filename>LK_camera3.png</filename>
  <source>
    <database>Unknown</database>
    <annotation>Unknown</annotation>
    <image>Unknown</image>
  </source>
  <size>
    <width>1280</width>
    <height>960</height>
    <depth></depth>
  </size>
  <segmented>0</segmented>
  <object>
    <name>WHITE</name>
    <occluded>0</occluded>
    <bndbox>
      <xmin>1069.93</xmin>
      <ymin>464.36</ymin>
      <xmax>1098.1</xmax>
      <ymax>506.2</ymax>
    </bndbox>
  </object>
  <object>
    <name>WHITE</name>
    <occluded>0</occluded>
    <bndbox>
      <xmin>1011.43</xmin>
      <ymin>432.53</ymin>
      <xmax>1047.9</xmax>
      <ymax>475.0</ymax>
    </bndbox>
  </object>
  <object>
    <name>WHITE</name>
    <occluded>0</occluded>
    <bndbox>
      <xmin>1032.5</xmin>
      <ymin>514.0</ymin>
      <xmax>1065.7</xmax>
      <ymax>560.9</ymax>
    </bndbox>
  </object>
  <object>
    <name>WHITE</name>
    <occluded>0</occluded>
    <bndbox>
      <xmin>1019.63</xmin>
      <ymin>604.36</ymin>
      <xmax>1057.3</xmax>
      <ymax>652.2</ymax>
    </bndbox>
  </object>
  <object>
    <name>WHITE</name>
    <occluded>0</occluded>
    <bndbox>
      <xmin>988.54</xmin>
      <ymin>701.0</ymin>
      <xmax>1024.7</xmax>
      <ymax>740.74</ymax>
    </bndbox>
  </object>
  <object>
    <name>WHITE</name>
    <occluded>0</occluded>
    <bndbox>
      <xmin>936.98</xmin>
      <ymin>411.16</ymin>
      <xmax>980.6</xmax>
      <ymax>453.7</ymax>
    </bndbox>
  </object>
  <object>
    <name>WHITE</name>
    <occluded>0</occluded>
    <bndbox>
      <xmin>960.28</xmin>
      <ymin>484.17</ymin>
      <xmax>1003.3</xmax>
      <ymax>527.31</ymax>
    </bndbox>
  </object>
  <object>
    <name>WHITE</name>
    <occluded>0</occluded>
    <bndbox>
      <xmin>965.44</xmin>
      <ymin>571.07</ymin>
      <xmax>1005.9</xmax>
      <ymax>622.0</ymax>
    </bndbox>
  </object>
  <object>
    <name>WHITE</name>
    <occluded>0</occluded>
    <bndbox>
      <xmin>935.64</xmin>
      <ymin>656.0</ymin>
      <xmax>981.0</xmax>
      <ymax>701.2</ymax>
    </bndbox>
  </object>
  <object>
    <name>WHITE</name>
    <occluded>0</occluded>
    <bndbox>
      <xmin>823.7</xmin>
      <ymin>546.5</ymin>
      <xmax>871.5</xmax>
      <ymax>594.3</ymax>
    </bndbox>
  </object>
  <object>
    <name>WHITE</name>
    <occluded>0</occluded>
    <bndbox>
      <xmin>653.5</xmin>
      <ymin>560.0</ymin>
      <xmax>696.5</xmax>
      <ymax>604.0</ymax>
    </bndbox>
  </object>
  <object>
    <name>WHITE</name>
    <occluded>0</occluded>
    <bndbox>
      <xmin>734.67</xmin>
      <ymin>556.49</ymin>
      <xmax>779.33</xmax>
      <ymax>601.51</ymax>
    </bndbox>
  </object>
  <object>
    <name>WHITE</name>
    <occluded>0</occluded>
    <bndbox>
      <xmin>871.48</xmin>
      <ymin>464.67</ymin>
      <xmax>912.52</xmax>
      <ymax>509.33</ymax>
    </bndbox>
  </object>
  <object>
    <name>WHITE</name>
    <occluded>0</occluded>
    <bndbox>
      <xmin>940.37</xmin>
      <ymin>776.63</ymin>
      <xmax>988.93</xmax>
      <ymax>821.51</ymax>
    </bndbox>
  </object>
  <object>
    <name>WHITE</name>
    <occluded>0</occluded>
    <bndbox>
      <xmin>689.0</xmin>
      <ymin>776.23</ymin>
      <xmax>735.0</xmax>
      <ymax>816.5</ymax>
    </bndbox>
  </object>
  <object>
    <name>WHITE</name>
    <occluded>0</occluded>
    <bndbox>
      <xmin>796.1</xmin>
      <ymin>765.22</ymin>
      <xmax>844.4</xmax>
      <ymax>808.78</ymax>
    </bndbox>
  </object>
  <object>
    <name>WHITE</name>
    <occluded>0</occluded>
    <bndbox>
      <xmin>840.75</xmin>
      <ymin>891.87</ymin>
      <xmax>887.9</xmax>
      <ymax>936.1</ymax>
    </bndbox>
  </object>
  <object>
    <name>WHITE</name>
    <occluded>0</occluded>
    <bndbox>
      <xmin>899.4</xmin>
      <ymin>920.8</ymin>
      <xmax>941.5</xmax>
      <ymax>960.0</ymax>
    </bndbox>
  </object>
  <object>
    <name>BLACK</name>
    <occluded>0</occluded>
    <bndbox>
      <xmin>706.3</xmin>
      <ymin>273.78</ymin>
      <xmax>752.7</xmax>
      <ymax>290.8</ymax>
    </bndbox>
  </object>
  <object>
    <name>BLACK</name>
    <occluded>0</occluded>
    <bndbox>
      <xmin>896.49</xmin>
      <ymin>533.58</ymin>
      <xmax>948.8</xmax>
      <ymax>588.2</ymax>
    </bndbox>
  </object>
  <object>
    <name>WHITE</name>
    <occluded>0</occluded>
    <bndbox>
      <xmin>873.2</xmin>
      <ymin>613.27</ymin>
      <xmax>920.5</xmax>
      <ymax>662.0</ymax>
    </bndbox>
  </object>
  <object>
    <name>WHITE</name>
    <occluded>0</occluded>
    <bndbox>
      <xmin>780.6</xmin>
      <ymin>632.56</ymin>
      <xmax>830.3</xmax>
      <ymax>678.8</ymax>
    </bndbox>
  </object>
  <object>
    <name>WHITE</name>
    <occluded>0</occluded>
    <bndbox>
      <xmin>836.69</xmin>
      <ymin>394.33</ymin>
      <xmax>884.0</xmax>
      <ymax>433.8</ymax>
    </bndbox>
  </object>
  <object>
    <name>WHITE</name>
    <occluded>0</occluded>
    <bndbox>
      <xmin>779.68</xmin>
      <ymin>469.42</ymin>
      <xmax>830.6</xmax>
      <ymax>515.1</ymax>
    </bndbox>
  </object>
  <object>
    <name>WHITE</name>
    <occluded>0</occluded>
    <bndbox>
      <xmin>692.79</xmin>
      <ymin>640.73</ymin>
      <xmax>740.1</xmax>
      <ymax>687.9</ymax>
    </bndbox>
  </object>
  <object>
    <name>WHITE</name>
    <occluded>0</occluded>
    <bndbox>
      <xmin>793.75</xmin>
      <ymin>340.63</ymin>
      <xmax>839.1</xmax>
      <ymax>370.4</ymax>
    </bndbox>
  </object>
  <object>
    <name>WHITE</name>
    <occluded>0</occluded>
    <bndbox>
      <xmin>743.46</xmin>
      <ymin>407.42</ymin>
      <xmax>790.5</xmax>
      <ymax>448.4</ymax>
    </bndbox>
  </object>
  <object>
    <name>WHITE</name>
    <occluded>0</occluded>
    <bndbox>
      <xmin>693.0</xmin>
      <ymin>476.5</ymin>
      <xmax>739.6</xmax>
      <ymax>522.2</ymax>
    </bndbox>
  </object>
  <object>
    <name>WHITE</name>
    <occluded>0</occluded>
    <bndbox>
      <xmin>606.14</xmin>
      <ymin>635.75</ymin>
      <xmax>652.7</xmax>
      <ymax>684.6</ymax>
    </bndbox>
  </object>
  <object>
    <name>WHITE</name>
    <occluded>0</occluded>
    <bndbox>
      <xmin>750.98</xmin>
      <ymin>300.2</ymin>
      <xmax>795.7</xmax>
      <ymax>324.4</ymax>
    </bndbox>
  </object>
  <object>
    <name>WHITE</name>
    <occluded>0</occluded>
    <bndbox>
      <xmin>700.25</xmin>
      <ymin>351.31</ymin>
      <xmax>745.1</xmax>
      <ymax>383.51</ymax>
    </bndbox>
  </object>
  <object>
    <name>WHITE</name>
    <occluded>0</occluded>
    <bndbox>
      <xmin>649.64</xmin>
      <ymin>410.38</ymin>
      <xmax>694.9</xmax>
      <ymax>451.9</ymax>
    </bndbox>
  </object>
  <object>
    <name>WHITE</name>
    <occluded>0</occluded>
    <bndbox>
      <xmin>608.0</xmin>
      <ymin>478.33</ymin>
      <xmax>656.47</xmax>
      <ymax>523.1</ymax>
    </bndbox>
  </object>
  <object>
    <name>WHITE</name>
    <occluded>0</occluded>
    <bndbox>
      <xmin>570.47</xmin>
      <ymin>555.33</ymin>
      <xmax>612.6</xmax>
      <ymax>601.0</ymax>
    </bndbox>
  </object>
  <object>
    <name>BLACK</name>
    <occluded>0</occluded>
    <bndbox>
      <xmin>513.06</xmin>
      <ymin>551.25</ymin>
      <xmax>552.0</xmax>
      <ymax>600.3</ymax>
    </bndbox>
  </object>
  <object>
    <name>WHITE</name>
    <occluded>0</occluded>
    <bndbox>
      <xmin>531.06</xmin>
      <ymin>480.63</ymin>
      <xmax>572.7</xmax>
      <ymax>526.3</ymax>
    </bndbox>
  </object>
  <object>
    <name>WHITE</name>
    <occluded>0</occluded>
    <bndbox>
      <xmin>477.5</xmin>
      <ymin>507.5</ymin>
      <xmax>502.5</xmax>
      <ymax>550.0</ymax>
    </bndbox>
  </object>
  <object>
    <name>WHITE</name>
    <occluded>0</occluded>
    <bndbox>
      <xmin>564.61</xmin>
      <ymin>399.38</ymin>
      <xmax>607.03</xmax>
      <ymax>440.6</ymax>
    </bndbox>
  </object>
  <object>
    <name>WHITE</name>
    <occluded>0</occluded>
    <bndbox>
      <xmin>613.7</xmin>
      <ymin>339.5</ymin>
      <xmax>657.2</xmax>
      <ymax>371.6</ymax>
    </bndbox>
  </object>
  <object>
    <name>WHITE</name>
    <occluded>0</occluded>
    <bndbox>
      <xmin>660.9</xmin>
      <ymin>297.5</ymin>
      <xmax>704.0</xmax>
      <ymax>323.0</ymax>
    </bndbox>
  </object>
  <object>
    <name>WHITE</name>
    <occluded>0</occluded>
    <bndbox>
      <xmin>1037.1</xmin>
      <ymin>718.11</ymin>
      <xmax>1073.52</xmax>
      <ymax>764.0</ymax>
    </bndbox>
  </object>
  <object>
    <name>WHITE</name>
    <occluded>0</occluded>
    <bndbox>
      <xmin>641.2</xmin>
      <ymin>711.74</ymin>
      <xmax>688.5</xmax>
      <ymax>754.5</ymax>
    </bndbox>
  </object>
  <object>
    <name>WHITE</name>
    <occluded>0</occluded>
    <bndbox>
      <xmin>478.24</xmin>
      <ymin>791.06</ymin>
      <xmax>511.55</xmax>
      <ymax>826.24</ymax>
    </bndbox>
  </object>
  <object>
    <name>WHITE</name>
    <occluded>0</occluded>
    <bndbox>
      <xmin>479.37</xmin>
      <ymin>706.48</ymin>
      <xmax>507.44</xmax>
      <ymax>749.14</ymax>
    </bndbox>
  </object>
  <object>
    <name>WHITE</name>
    <occluded>0</occluded>
    <bndbox>
      <xmin>499.95</xmin>
      <ymin>665.68</ymin>
      <xmax>532.14</xmax>
      <ymax>710.59</ymax>
    </bndbox>
  </object>
  <object>
    <name>WHITE</name>
    <occluded>0</occluded>
    <bndbox>
      <xmin>742.0</xmin>
      <ymin>828.51</ymin>
      <xmax>792.9</xmax>
      <ymax>871.6</ymax>
    </bndbox>
  </object>
  <object>
    <name>WHITE</name>
    <occluded>0</occluded>
    <bndbox>
      <xmin>566.53</xmin>
      <ymin>701.39</ymin>
      <xmax>604.6</xmax>
      <ymax>741.6</ymax>
    </bndbox>
  </object>
  <object>
    <name>WHITE</name>
    <occluded>0</occluded>
    <bndbox>
      <xmin>535.49</xmin>
      <ymin>751.23</ymin>
      <xmax>571.1</xmax>
      <ymax>789.6</ymax>
    </bndbox>
  </object>
  <object>
    <name>WHITE</name>
    <occluded>0</occluded>
    <bndbox>
      <xmin>535.13</xmin>
      <ymin>630.25</ymin>
      <xmax>575.2</xmax>
      <ymax>671.25</ymax>
    </bndbox>
  </object>
  <object>
    <name>BLACK</name>
    <occluded>0</occluded>
    <bndbox>
      <xmin>956.8</xmin>
      <ymin>934.96</ymin>
      <xmax>994.36</xmax>
      <ymax>960.0</ymax>
    </bndbox>
  </object>
  <object>
    <name>WHITE</name>
    <occluded>0</occluded>
    <bndbox>
      <xmin>767.28</xmin>
      <ymin>890.69</ymin>
      <xmax>810.8</xmax>
      <ymax>930.2</ymax>
    </bndbox>
  </object>
  <object>
    <name>WHITE</name>
    <occluded>0</occluded>
    <bndbox>
      <xmin>833.88</xmin>
      <ymin>693.88</ymin>
      <xmax>883.9</xmax>
      <ymax>738.0</ymax>
    </bndbox>
  </object>
  <object>
    <name>BLACK</name>
    <occluded>0</occluded>
    <bndbox>
      <xmin>700.73</xmin>
      <ymin>880.35</ymin>
      <xmax>749.1</xmax>
      <ymax>920.8</ymax>
    </bndbox>
  </object>
  <object>
    <name>WHITE</name>
    <occluded>0</occluded>
    <bndbox>
      <xmin>682.12</xmin>
      <ymin>924.93</ymin>
      <xmax>723.8</xmax>
      <ymax>955.1</ymax>
    </bndbox>
  </object>
  <object>
    <name>WHITE</name>
    <occluded>0</occluded>
    <bndbox>
      <xmin>735.49</xmin>
      <ymin>710.9</ymin>
      <xmax>784.7</xmax>
      <ymax>755.21</ymax>
    </bndbox>
  </object>
  <object>
    <name>WHITE</name>
    <occluded>0</occluded>
    <bndbox>
      <xmin>662.1</xmin>
      <ymin>825.32</ymin>
      <xmax>708.6</xmax>
      <ymax>866.6</ymax>
    </bndbox>
  </object>
  <object>
    <name>WHITE</name>
    <occluded>0</occluded>
    <bndbox>
      <xmin>602.7</xmin>
      <ymin>775.8</ymin>
      <xmax>647.6</xmax>
      <ymax>812.2</ymax>
    </bndbox>
  </object>
  <object>
    <name>WHITE</name>
    <occluded>0</occluded>
    <bndbox>
      <xmin>845.38</xmin>
      <ymin>814.13</ymin>
      <xmax>894.9</xmax>
      <ymax>860.5</ymax>
    </bndbox>
  </object>
  <object>
    <name>WHITE</name>
    <occluded>0</occluded>
    <bndbox>
      <xmin>888.13</xmin>
      <ymin>742.38</ymin>
      <xmax>936.1</xmax>
      <ymax>785.0</ymax>
    </bndbox>
  </object>
  <object>
    <name>WHITE</name>
    <occluded>0</occluded>
    <bndbox>
      <xmin>478.89</xmin>
      <ymin>587.66</ymin>
      <xmax>507.05</xmax>
      <ymax>635.75</ymax>
    </bndbox>
  </object>
  <object>
    <name>WHITE</name>
    <occluded>0</occluded>
    <bndbox>
      <xmin>450.3</xmin>
      <ymin>623.62</ymin>
      <xmax>477.37</xmax>
      <ymax>665.85</ymax>
    </bndbox>
  </object>
  <object>
    <name>WHITE</name>
    <occluded>0</occluded>
    <bndbox>
      <xmin>431.4</xmin>
      <ymin>659.36</ymin>
      <xmax>456.8</xmax>
      <ymax>698.56</ymax>
    </bndbox>
  </object>
  <object>
    <name>WHITE</name>
    <occluded>0</occluded>
    <bndbox>
      <xmin>488.61</xmin>
      <ymin>428.26</ymin>
      <xmax>524.37</xmax>
      <ymax>473.92</ymax>
    </bndbox>
  </object>
  <object>
    <name>WHITE</name>
    <occluded>0</occluded>
    <bndbox>
      <xmin>1070.06</xmin>
      <ymin>638.63</ymin>
      <xmax>1097.35</xmax>
      <ymax>683.59</ymax>
    </bndbox>
  </object>
  <object>
    <name>WHITE</name>
    <occluded>0</occluded>
    <bndbox>
      <xmin>1099.43</xmin>
      <ymin>672.68</ymin>
      <xmax>1124.9</xmax>
      <ymax>713.48</ymax>
    </bndbox>
  </object>
  <object>
    <name>WHITE</name>
    <occluded>0</occluded>
    <bndbox>
      <xmin>1084.61</xmin>
      <ymin>543.24</ymin>
      <xmax>1111.64</xmax>
      <ymax>589.76</ymax>
    </bndbox>
  </object>
  <object>
    <name>WHITE</name>
    <occluded>0</occluded>
    <bndbox>
      <xmin>975.19</xmin>
      <ymin>366.5</ymin>
      <xmax>1013.14</xmax>
      <ymax>400.29</ymax>
    </bndbox>
  </object>
  <object>
    <name>WHITE</name>
    <occluded>0</occluded>
    <bndbox>
      <xmin>897.73</xmin>
      <ymin>348.04</ymin>
      <xmax>942.18</xmax>
      <ymax>381.31</ymax>
    </bndbox>
  </object>
  <object>
    <name>WHITE</name>
    <occluded>0</occluded>
    <bndbox>
      <xmin>848.09</xmin>
      <ymin>306.46</ymin>
      <xmax>890.98</xmax>
      <ymax>330.89</ymax>
    </bndbox>
  </object>
  <object>
    <name>WHITE</name>
    <occluded>0</occluded>
    <bndbox>
      <xmin>572.77</xmin>
      <ymin>304.41</ymin>
      <xmax>614.56</xmax>
      <ymax>329.36</ymax>
    </bndbox>
  </object>
  <object>
    <name>WHITE</name>
    <occluded>0</occluded>
    <bndbox>
      <xmin>997.64</xmin>
      <ymin>915.27</ymin>
      <xmax>1033.57</xmax>
      <ymax>946.71</ymax>
    </bndbox>
  </object>
  <object>
    <name>WHITE</name>
    <occluded>0</occluded>
    <bndbox>
      <xmin>490.97</xmin>
      <ymin>765.61</ymin>
      <xmax>520.54</xmax>
      <ymax>803.41</ymax>
    </bndbox>
  </object>
</annotation>
