<annotation>
  <folder>LK</folder>
  <filename>LK_camera7.png</filename>
  <source>
    <database>Unknown</database>
    <annotation>Unknown</annotation>
    <image>Unknown</image>
  </source>
  <size>
    <width>1280</width>
    <height>960</height>
    <depth></depth>
  </size>
  <segmented>0</segmented>
  <object>
    <name>WHITE</name>
    <occluded>0</occluded>
    <bndbox>
      <xmin>473.44</xmin>
      <ymin>447.71</ymin>
      <xmax>526.56</xmax>
      <ymax>492.29</ymax>
    </bndbox>
  </object>
  <object>
    <name>WHITE</name>
    <occluded>0</occluded>
    <bndbox>
      <xmin>376.57</xmin>
      <ymin>699.29</ymin>
      <xmax>407.43</xmax>
      <ymax>750.71</ymax>
    </bndbox>
  </object>
  <object>
    <name>WHITE</name>
    <occluded>0</occluded>
    <bndbox>
      <xmin>401.63</xmin>
      <ymin>534.84</ymin>
      <xmax>454.37</xmax>
      <ymax>573.16</ymax>
    </bndbox>
  </object>
  <object>
    <name>WHITE</name>
    <occluded>0</occluded>
    <bndbox>
      <xmin>410.39</xmin>
      <ymin>422.61</ymin>
      <xmax>461.61</xmax>
      <ymax>457.39</ymax>
    </bndbox>
  </object>
  <object>
    <name>WHITE</name>
    <occluded>0</occluded>
    <bndbox>
      <xmin>522.96</xmin>
      <ymin>262.65</ymin>
      <xmax>573.04</xmax>
      <ymax>303.35</ymax>
    </bndbox>
  </object>
  <object>
    <name>WHITE</name>
    <occluded>0</occluded>
    <bndbox>
      <xmin>520.73</xmin>
      <ymin>147.54</ymin>
      <xmax>571.5</xmax>
      <ymax>184.8</ymax>
    </bndbox>
  </object>
  <object>
    <name>WHITE</name>
    <occluded>0</occluded>
    <bndbox>
      <xmin>344.7</xmin>
      <ymin>629.38</ymin>
      <xmax>378.39</xmax>
      <ymax>685.52</ymax>
    </bndbox>
  </object>
  <object>
    <name>WHITE</name>
    <occluded>0</occluded>
    <bndbox>
      <xmin>311.39</xmin>
      <ymin>555.27</ymin>
      <xmax>339.84</xmax>
      <ymax>608.42</ymax>
    </bndbox>
  </object>
  <object>
    <name>WHITE</name>
    <occluded>0</occluded>
    <bndbox>
      <xmin>357.43</xmin>
      <ymin>532.44</ymin>
      <xmax>386.25</xmax>
      <ymax>588.58</ymax>
    </bndbox>
  </object>
  <object>
    <name>WHITE</name>
    <occluded>0</occluded>
    <bndbox>
      <xmin>336.25</xmin>
      <ymin>704.72</ymin>
      <xmax>362.75</xmax>
      <ymax>751.88</ymax>
    </bndbox>
  </object>
  <object>
    <name>WHITE</name>
    <occluded>0</occluded>
    <bndbox>
      <xmin>357.85</xmin>
      <ymin>438.47</ymin>
      <xmax>390.19</xmax>
      <ymax>492.37</ymax>
    </bndbox>
  </object>
  <object>
    <name>BLACK</name>
    <occluded>0</occluded>
    <bndbox>
      <xmin>313.35</xmin>
      <ymin>459.13</ymin>
      <xmax>348.42</xmax>
      <ymax>512.58</ymax>
    </bndbox>
  </object>
  <object>
    <name>WHITE</name>
    <occluded>0</occluded>
    <bndbox>
      <xmin>289.59</xmin>
      <ymin>405.69</ymin>
      <xmax>322.37</xmax>
      <ymax>451.5</ymax>
    </bndbox>
  </object>
  <object>
    <name>WHITE</name>
    <occluded>0</occluded>
    <bndbox>
      <xmin>263.99</xmin>
      <ymin>380.54</ymin>
      <xmax>288.69</xmax>
      <ymax>425.45</ymax>
    </bndbox>
  </object>
  <object>
    <name>WHITE</name>
    <occluded>0</occluded>
    <bndbox>
      <xmin>343.44</xmin>
      <ymin>370.21</ymin>
      <xmax>383.01</xmax>
      <ymax>416.92</ymax>
    </bndbox>
  </object>
  <object>
    <name>WHITE</name>
    <occluded>0</occluded>
    <bndbox>
      <xmin>346.42</xmin>
      <ymin>240.32</ymin>
      <xmax>382.63</xmax>
      <ymax>283.98</ymax>
    </bndbox>
  </object>
  <object>
    <name>WHITE</name>
    <occluded>0</occluded>
    <bndbox>
      <xmin>332.7</xmin>
      <ymin>207.26</ymin>
      <xmax>368.29</xmax>
      <ymax>246.87</ymax>
    </bndbox>
  </object>
  <object>
    <name>WHITE</name>
    <occluded>0</occluded>
    <bndbox>
      <xmin>393.52</xmin>
      <ymin>167.64</ymin>
      <xmax>434.41</xmax>
      <ymax>203.51</ymax>
    </bndbox>
  </object>
  <object>
    <name>WHITE</name>
    <occluded>0</occluded>
    <bndbox>
      <xmin>564.78</xmin>
      <ymin>93.41</ymin>
      <xmax>616.24</xmax>
      <ymax>126.47</ymax>
    </bndbox>
  </object>
  <object>
    <name>WHITE</name>
    <occluded>0</occluded>
    <bndbox>
      <xmin>624.35</xmin>
      <ymin>117.74</ymin>
      <xmax>677.69</xmax>
      <ymax>153.3</ymax>
    </bndbox>
  </object>
  <object>
    <name>WHITE</name>
    <occluded>0</occluded>
    <bndbox>
      <xmin>667.93</xmin>
      <ymin>81.01</ymin>
      <xmax>719.13</xmax>
      <ymax>104.72</ymax>
    </bndbox>
  </object>
  <object>
    <name>WHITE</name>
    <occluded>0</occluded>
    <bndbox>
      <xmin>449.06</xmin>
      <ymin>107.42</ymin>
      <xmax>492.23</xmax>
      <ymax>137.6</ymax>
    </bndbox>
  </object>
  <object>
    <name>WHITE</name>
    <occluded>0</occluded>
    <bndbox>
      <xmin>515.3</xmin>
      <ymin>641.5</ymin>
      <xmax>577.2</xmax>
      <ymax>700.1</ymax>
    </bndbox>
  </object>
  <object>
    <name>WHITE</name>
    <occluded>0</occluded>
    <bndbox>
      <xmin>422.43</xmin>
      <ymin>319.5</ymin>
      <xmax>472.07</xmax>
      <ymax>365.3</ymax>
    </bndbox>
  </object>
  <object>
    <name>WHITE</name>
    <occluded>0</occluded>
    <bndbox>
      <xmin>467.3</xmin>
      <ymin>225.87</ymin>
      <xmax>512.68</xmax>
      <ymax>271.5</ymax>
    </bndbox>
  </object>
  <object>
    <name>WHITE</name>
    <occluded>0</occluded>
    <bndbox>
      <xmin>575.13</xmin>
      <ymin>182.92</ymin>
      <xmax>628.6</xmax>
      <ymax>230.8</ymax>
    </bndbox>
  </object>
  <object>
    <name>WHITE</name>
    <occluded>0</occluded>
    <bndbox>
      <xmin>646.1</xmin>
      <ymin>222.6</ymin>
      <xmax>703.5</xmax>
      <ymax>266.0</ymax>
    </bndbox>
  </object>
  <object>
    <name>WHITE</name>
    <occluded>0</occluded>
    <bndbox>
      <xmin>698.3</xmin>
      <ymin>159.9</ymin>
      <xmax>752.2</xmax>
      <ymax>203.6</ymax>
    </bndbox>
  </object>
  <object>
    <name>WHITE</name>
    <occluded>0</occluded>
    <bndbox>
      <xmin>743.07</xmin>
      <ymin>118.72</ymin>
      <xmax>793.1</xmax>
      <ymax>149.6</ymax>
    </bndbox>
  </object>
  <object>
    <name>WHITE</name>
    <occluded>0</occluded>
    <bndbox>
      <xmin>767.6</xmin>
      <ymin>224.7</ymin>
      <xmax>820.4</xmax>
      <ymax>269.68</ymax>
    </bndbox>
  </object>
  <object>
    <name>WHITE</name>
    <occluded>0</occluded>
    <bndbox>
      <xmin>809.41</xmin>
      <ymin>187.61</ymin>
      <xmax>853.3</xmax>
      <ymax>230.9</ymax>
    </bndbox>
  </object>
  <object>
    <name>WHITE</name>
    <occluded>0</occluded>
    <bndbox>
      <xmin>839.1</xmin>
      <ymin>152.2</ymin>
      <xmax>875.42</xmax>
      <ymax>189.27</ymax>
    </bndbox>
  </object>
  <object>
    <name>BLACK</name>
    <occluded>0</occluded>
    <bndbox>
      <xmin>835.7</xmin>
      <ymin>313.25</ymin>
      <xmax>874.4</xmax>
      <ymax>365.5</ymax>
    </bndbox>
  </object>
  <object>
    <name>WHITE</name>
    <occluded>0</occluded>
    <bndbox>
      <xmin>877.03</xmin>
      <ymin>255.4</ymin>
      <xmax>909.2</xmax>
      <ymax>302.7</ymax>
    </bndbox>
  </object>
  <object>
    <name>WHITE</name>
    <occluded>0</occluded>
    <bndbox>
      <xmin>382.7</xmin>
      <ymin>276.96</ymin>
      <xmax>426.65</xmax>
      <ymax>319.4</ymax>
    </bndbox>
  </object>
  <object>
    <name>WHITE</name>
    <occluded>0</occluded>
    <bndbox>
      <xmin>422.1</xmin>
      <ymin>192.27</ymin>
      <xmax>463.88</xmax>
      <ymax>235.7</ymax>
    </bndbox>
  </object>
  <object>
    <name>WHITE</name>
    <occluded>0</occluded>
    <bndbox>
      <xmin>468.9</xmin>
      <ymin>125.48</ymin>
      <xmax>512.32</xmax>
      <ymax>162.7</ymax>
    </bndbox>
  </object>
  <object>
    <name>WHITE</name>
    <occluded>0</occluded>
    <bndbox>
      <xmin>308.3</xmin>
      <ymin>639.78</ymin>
      <xmax>332.16</xmax>
      <ymax>690.22</ymax>
    </bndbox>
  </object>
  <object>
    <name>WHITE</name>
    <occluded>0</occluded>
    <bndbox>
      <xmin>390.0</xmin>
      <ymin>611.5</ymin>
      <xmax>433.0</xmax>
      <ymax>669.8</ymax>
    </bndbox>
  </object>
  <object>
    <name>BLACK</name>
    <occluded>0</occluded>
    <bndbox>
      <xmin>549.83</xmin>
      <ymin>463.11</ymin>
      <xmax>612.9</xmax>
      <ymax>526.0</ymax>
    </bndbox>
  </object>
  <object>
    <name>WHITE</name>
    <occluded>0</occluded>
    <bndbox>
      <xmin>481.5</xmin>
      <ymin>533.5</ymin>
      <xmax>537.7</xmax>
      <ymax>591.5</ymax>
    </bndbox>
  </object>
  <object>
    <name>WHITE</name>
    <occluded>0</occluded>
    <bndbox>
      <xmin>454.0</xmin>
      <ymin>612.0</ymin>
      <xmax>502.5</xmax>
      <ymax>669.1</ymax>
    </bndbox>
  </object>
  <object>
    <name>WHITE</name>
    <occluded>0</occluded>
    <bndbox>
      <xmin>634.7</xmin>
      <ymin>491.32</ymin>
      <xmax>698.7</xmax>
      <ymax>553.1</ymax>
    </bndbox>
  </object>
  <object>
    <name>WHITE</name>
    <occluded>0</occluded>
    <bndbox>
      <xmin>555.93</xmin>
      <ymin>574.17</ymin>
      <xmax>619.8</xmax>
      <ymax>637.5</ymax>
    </bndbox>
  </object>
</annotation>
