<annotation>
  <folder>LK</folder>
  <filename>LK_camera9.png</filename>
  <source>
    <database>Unknown</database>
    <annotation>Unknown</annotation>
    <image>Unknown</image>
  </source>
  <size>
    <width>960</width>
    <height>1280</height>
    <depth></depth>
  </size>
  <segmented>0</segmented>
  <object>
    <name>BLACK</name>
    <occluded>0</occluded>
    <bndbox>
      <xmin>234.01</xmin>
      <ymin>713.51</ymin>
      <xmax>275.5</xmax>
      <ymax>761.0</ymax>
    </bndbox>
  </object>
  <object>
    <name>BLACK</name>
    <occluded>0</occluded>
    <bndbox>
      <xmin>243.58</xmin>
      <ymin>910.59</ymin>
      <xmax>274.5</xmax>
      <ymax>957.5</ymax>
    </bndbox>
  </object>
  <object>
    <name>WHITE</name>
    <occluded>0</occluded>
    <bndbox>
      <xmin>653.03</xmin>
      <ymin>863.38</ymin>
      <xmax>681.2</xmax>
      <ymax>908.9</ymax>
    </bndbox>
  </object>
  <object>
    <name>WHITE</name>
    <occluded>0</occluded>
    <bndbox>
      <xmin>682.88</xmin>
      <ymin>808.86</ymin>
      <xmax>713.5</xmax>
      <ymax>853.9</ymax>
    </bndbox>
  </object>
  <object>
    <name>WHITE</name>
    <occluded>0</occluded>
    <bndbox>
      <xmin>343.5</xmin>
      <ymin>766.0</ymin>
      <xmax>386.0</xmax>
      <ymax>810.0</ymax>
    </bndbox>
  </object>
  <object>
    <name>WHITE</name>
    <occluded>0</occluded>
    <bndbox>
      <xmin>379.6</xmin>
      <ymin>692.3</ymin>
      <xmax>423.86</xmax>
      <ymax>737.9</ymax>
    </bndbox>
  </object>
  <object>
    <name>WHITE</name>
    <occluded>0</occluded>
    <bndbox>
      <xmin>411.7</xmin>
      <ymin>621.19</ymin>
      <xmax>456.79</xmax>
      <ymax>664.8</ymax>
    </bndbox>
  </object>
  <object>
    <name>WHITE</name>
    <occluded>0</occluded>
    <bndbox>
      <xmin>467.2</xmin>
      <ymin>562.0</ymin>
      <xmax>506.8</xmax>
      <ymax>601.45</ymax>
    </bndbox>
  </object>
  <object>
    <name>WHITE</name>
    <occluded>0</occluded>
    <bndbox>
      <xmin>547.63</xmin>
      <ymin>468.13</ymin>
      <xmax>588.2</xmax>
      <ymax>504.0</ymax>
    </bndbox>
  </object>
  <object>
    <name>WHITE</name>
    <occluded>0</occluded>
    <bndbox>
      <xmin>348.1</xmin>
      <ymin>504.14</ymin>
      <xmax>387.9</xmax>
      <ymax>538.1</ymax>
    </bndbox>
  </object>
  <object>
    <name>WHITE</name>
    <occluded>0</occluded>
    <bndbox>
      <xmin>290.85</xmin>
      <ymin>569.36</ymin>
      <xmax>331.15</xmax>
      <ymax>610.6</ymax>
    </bndbox>
  </object>
  <object>
    <name>WHITE</name>
    <occluded>0</occluded>
    <bndbox>
      <xmin>314.1</xmin>
      <ymin>468.05</ymin>
      <xmax>352.28</xmax>
      <ymax>504.1</ymax>
    </bndbox>
  </object>
  <object>
    <name>WHITE</name>
    <occluded>0</occluded>
    <bndbox>
      <xmin>585.38</xmin>
      <ymin>524.35</ymin>
      <xmax>628.2</xmax>
      <ymax>561.5</ymax>
    </bndbox>
  </object>
  <object>
    <name>WHITE</name>
    <occluded>0</occluded>
    <bndbox>
      <xmin>234.1</xmin>
      <ymin>853.65</ymin>
      <xmax>262.05</xmax>
      <ymax>897.62</ymax>
    </bndbox>
  </object>
  <object>
    <name>WHITE</name>
    <occluded>0</occluded>
    <bndbox>
      <xmin>266.54</xmin>
      <ymin>842.18</ymin>
      <xmax>306.96</xmax>
      <ymax>888.09</ymax>
    </bndbox>
  </object>
  <object>
    <name>WHITE</name>
    <occluded>0</occluded>
    <bndbox>
      <xmin>277.52</xmin>
      <ymin>892.58</ymin>
      <xmax>317.44</xmax>
      <ymax>936.49</ymax>
    </bndbox>
  </object>
  <object>
    <name>WHITE</name>
    <occluded>0</occluded>
    <bndbox>
      <xmin>387.0</xmin>
      <ymin>866.0</ymin>
      <xmax>433.0</xmax>
      <ymax>908.0</ymax>
    </bndbox>
  </object>
  <object>
    <name>WHITE</name>
    <occluded>0</occluded>
    <bndbox>
      <xmin>417.0</xmin>
      <ymin>766.0</ymin>
      <xmax>459.0</xmax>
      <ymax>810.8</ymax>
    </bndbox>
  </object>
  <object>
    <name>WHITE</name>
    <occluded>0</occluded>
    <bndbox>
      <xmin>455.8</xmin>
      <ymin>693.76</ymin>
      <xmax>502.02</xmax>
      <ymax>741.1</ymax>
    </bndbox>
  </object>
  <object>
    <name>WHITE</name>
    <occluded>0</occluded>
    <bndbox>
      <xmin>548.73</xmin>
      <ymin>571.46</ymin>
      <xmax>590.2</xmax>
      <ymax>613.0</ymax>
    </bndbox>
  </object>
  <object>
    <name>WHITE</name>
    <occluded>0</occluded>
    <bndbox>
      <xmin>621.78</xmin>
      <ymin>489.67</ymin>
      <xmax>657.9</xmax>
      <ymax>525.5</ymax>
    </bndbox>
  </object>
  <object>
    <name>WHITE</name>
    <occluded>0</occluded>
    <bndbox>
      <xmin>488.0</xmin>
      <ymin>770.5</ymin>
      <xmax>535.9</xmax>
      <ymax>815.3</ymax>
    </bndbox>
  </object>
  <object>
    <name>WHITE</name>
    <occluded>0</occluded>
    <bndbox>
      <xmin>540.77</xmin>
      <ymin>706.02</ymin>
      <xmax>582.53</xmax>
      <ymax>751.6</ymax>
    </bndbox>
  </object>
  <object>
    <name>WHITE</name>
    <occluded>0</occluded>
    <bndbox>
      <xmin>587.0</xmin>
      <ymin>642.49</ymin>
      <xmax>629.46</xmax>
      <ymax>685.9</ymax>
    </bndbox>
  </object>
  <object>
    <name>WHITE</name>
    <occluded>0</occluded>
    <bndbox>
      <xmin>635.82</xmin>
      <ymin>592.04</ymin>
      <xmax>674.9</xmax>
      <ymax>639.1</ymax>
    </bndbox>
  </object>
  <object>
    <name>WHITE</name>
    <occluded>0</occluded>
    <bndbox>
      <xmin>335.0</xmin>
      <ymin>624.0</ymin>
      <xmax>376.0</xmax>
      <ymax>665.0</ymax>
    </bndbox>
  </object>
  <object>
    <name>WHITE</name>
    <occluded>0</occluded>
    <bndbox>
      <xmin>278.01</xmin>
      <ymin>771.5</ymin>
      <xmax>320.5</xmax>
      <ymax>817.5</ymax>
    </bndbox>
  </object>
  <object>
    <name>WHITE</name>
    <occluded>0</occluded>
    <bndbox>
      <xmin>368.4</xmin>
      <ymin>555.0</ymin>
      <xmax>412.5</xmax>
      <ymax>599.0</ymax>
    </bndbox>
  </object>
  <object>
    <name>WHITE</name>
    <occluded>0</occluded>
    <bndbox>
      <xmin>323.0</xmin>
      <ymin>832.4</ymin>
      <xmax>367.0</xmax>
      <ymax>876.1</ymax>
    </bndbox>
  </object>
  <object>
    <name>WHITE</name>
    <occluded>0</occluded>
    <bndbox>
      <xmin>540.66</xmin>
      <ymin>829.85</ymin>
      <xmax>583.66</xmax>
      <ymax>872.85</ymax>
    </bndbox>
  </object>
  <object>
    <name>WHITE</name>
    <occluded>0</occluded>
    <bndbox>
      <xmin>563.7</xmin>
      <ymin>783.4</ymin>
      <xmax>607.3</xmax>
      <ymax>826.5</ymax>
    </bndbox>
  </object>
  <object>
    <name>BLACK</name>
    <occluded>0</occluded>
    <bndbox>
      <xmin>624.79</xmin>
      <ymin>724.08</ymin>
      <xmax>660.8</xmax>
      <ymax>773.6</ymax>
    </bndbox>
  </object>
  <object>
    <name>WHITE</name>
    <occluded>0</occluded>
    <bndbox>
      <xmin>301.51</xmin>
      <ymin>697.5</ymin>
      <xmax>343.0</xmax>
      <ymax>743.0</ymax>
    </bndbox>
  </object>
  <object>
    <name>WHITE</name>
    <occluded>0</occluded>
    <bndbox>
      <xmin>593.46</xmin>
      <ymin>854.04</ymin>
      <xmax>633.5</xmax>
      <ymax>896.58</ymax>
    </bndbox>
  </object>
  <object>
    <name>WHITE</name>
    <occluded>0</occluded>
    <bndbox>
      <xmin>639.9</xmin>
      <ymin>791.9</ymin>
      <xmax>671.9</xmax>
      <ymax>836.3</ymax>
    </bndbox>
  </object>
  <object>
    <name>WHITE</name>
    <occluded>0</occluded>
    <bndbox>
      <xmin>423.5</xmin>
      <ymin>505.0</ymin>
      <xmax>462.5</xmax>
      <ymax>537.0</ymax>
    </bndbox>
  </object>
  <object>
    <name>WHITE</name>
    <occluded>0</occluded>
    <bndbox>
      <xmin>328.0</xmin>
      <ymin>873.0</ymin>
      <xmax>366.0</xmax>
      <ymax>915.0</ymax>
    </bndbox>
  </object>
  <object>
    <name>WHITE</name>
    <occluded>0</occluded>
    <bndbox>
      <xmin>495.0</xmin>
      <ymin>508.0</ymin>
      <xmax>535.0</xmax>
      <ymax>540.0</ymax>
    </bndbox>
  </object>
  <object>
    <name>WHITE</name>
    <occluded>0</occluded>
    <bndbox>
      <xmin>394.5</xmin>
      <ymin>829.0</ymin>
      <xmax>435.5</xmax>
      <ymax>871.0</ymax>
    </bndbox>
  </object>
  <object>
    <name>WHITE</name>
    <occluded>0</occluded>
    <bndbox>
      <xmin>493.5</xmin>
      <ymin>628.0</ymin>
      <xmax>534.5</xmax>
      <ymax>668.0</ymax>
    </bndbox>
  </object>
  <object>
    <name>WHITE</name>
    <occluded>0</occluded>
    <bndbox>
      <xmin>461.36</xmin>
      <ymin>827.93</ymin>
      <xmax>504.64</xmax>
      <ymax>870.07</ymax>
    </bndbox>
  </object>
  <object>
    <name>WHITE</name>
    <occluded>0</occluded>
    <bndbox>
      <xmin>579.42</xmin>
      <ymin>889.55</ymin>
      <xmax>613.42</xmax>
      <ymax>933.55</ymax>
    </bndbox>
  </object>
  <object>
    <name>WHITE</name>
    <occluded>0</occluded>
    <bndbox>
      <xmin>631.0</xmin>
      <ymin>920.5</ymin>
      <xmax>655.0</xmax>
      <ymax>963.5</ymax>
    </bndbox>
  </object>
  <object>
    <name>WHITE</name>
    <occluded>0</occluded>
    <bndbox>
      <xmin>208.85</xmin>
      <ymin>666.62</ymin>
      <xmax>229.36</xmax>
      <ymax>709.53</ymax>
    </bndbox>
  </object>
  <object>
    <name>WHITE</name>
    <occluded>0</occluded>
    <bndbox>
      <xmin>228.28</xmin>
      <ymin>554.88</ymin>
      <xmax>255.75</xmax>
      <ymax>592.7</ymax>
    </bndbox>
  </object>
  <object>
    <name>WHITE</name>
    <occluded>0</occluded>
    <bndbox>
      <xmin>239.83</xmin>
      <ymin>594.15</ymin>
      <xmax>263.26</xmax>
      <ymax>634.01</ymax>
    </bndbox>
  </object>
  <object>
    <name>WHITE</name>
    <occluded>0</occluded>
    <bndbox>
      <xmin>514.15</xmin>
      <ymin>402.38</ymin>
      <xmax>552.27</xmax>
      <ymax>421.1</ymax>
    </bndbox>
  </object>
  <object>
    <name>WHITE</name>
    <occluded>0</occluded>
    <bndbox>
      <xmin>639.94</xmin>
      <ymin>465.11</ymin>
      <xmax>675.99</xmax>
      <ymax>489.02</ymax>
    </bndbox>
  </object>
  <object>
    <name>WHITE</name>
    <occluded>0</occluded>
    <bndbox>
      <xmin>234.1</xmin>
      <ymin>775.8</ymin>
      <xmax>267.54</xmax>
      <ymax>820.27</ymax>
    </bndbox>
  </object>
  <object>
    <name>WHITE</name>
    <occluded>0</occluded>
    <bndbox>
      <xmin>258.56</xmin>
      <ymin>639.07</ymin>
      <xmax>292.99</xmax>
      <ymax>685.98</ymax>
    </bndbox>
  </object>
  <object>
    <name>WHITE</name>
    <occluded>0</occluded>
    <bndbox>
      <xmin>273.34</xmin>
      <ymin>527.8</ymin>
      <xmax>307.89</xmax>
      <ymax>566.48</ymax>
    </bndbox>
  </object>
  <object>
    <name>WHITE</name>
    <occluded>0</occluded>
    <bndbox>
      <xmin>262.94</xmin>
      <ymin>492.04</ymin>
      <xmax>295.83</xmax>
      <ymax>526.55</ymax>
    </bndbox>
  </object>
  <object>
    <name>BLACK</name>
    <occluded>0</occluded>
    <bndbox>
      <xmin>428.82</xmin>
      <ymin>431.82</ymin>
      <xmax>470.7</xmax>
      <ymax>460.7</ymax>
    </bndbox>
  </object>
  <object>
    <name>WHITE</name>
    <occluded>0</occluded>
    <bndbox>
      <xmin>381.17</xmin>
      <ymin>463.01</ymin>
      <xmax>423.33</xmax>
      <ymax>493.63</ymax>
    </bndbox>
  </object>
  <object>
    <name>WHITE</name>
    <occluded>0</occluded>
    <bndbox>
      <xmin>369.04</xmin>
      <ymin>428.1</ymin>
      <xmax>409.47</xmax>
      <ymax>452.33</ymax>
    </bndbox>
  </object>
  <object>
    <name>WHITE</name>
    <occluded>0</occluded>
    <bndbox>
      <xmin>310.13</xmin>
      <ymin>441.93</ymin>
      <xmax>347.67</xmax>
      <ymax>465.9</ymax>
    </bndbox>
  </object>
  <object>
    <name>WHITE</name>
    <occluded>0</occluded>
    <bndbox>
      <xmin>465.28</xmin>
      <ymin>463.03</ymin>
      <xmax>507.22</xmax>
      <ymax>494.57</ymax>
    </bndbox>
  </object>
  <object>
    <name>WHITE</name>
    <occluded>0</occluded>
    <bndbox>
      <xmin>499.59</xmin>
      <ymin>429.42</ymin>
      <xmax>538.41</xmax>
      <ymax>452.29</ymax>
    </bndbox>
  </object>
  <object>
    <name>WHITE</name>
    <occluded>0</occluded>
    <bndbox>
      <xmin>572.71</xmin>
      <ymin>440.5</ymin>
      <xmax>610.49</xmax>
      <ymax>464.07</ymax>
    </bndbox>
  </object>
  <object>
    <name>WHITE</name>
    <occluded>0</occluded>
    <bndbox>
      <xmin>681.84</xmin>
      <ymin>743.36</ymin>
      <xmax>714.8</xmax>
      <ymax>786.71</ymax>
    </bndbox>
  </object>
  <object>
    <name>WHITE</name>
    <occluded>0</occluded>
    <bndbox>
      <xmin>674.95</xmin>
      <ymin>673.73</ymin>
      <xmax>703.36</xmax>
      <ymax>716.71</ymax>
    </bndbox>
  </object>
  <object>
    <name>WHITE</name>
    <occluded>0</occluded>
    <bndbox>
      <xmin>720.66</xmin>
      <ymin>701.08</ymin>
      <xmax>744.26</xmax>
      <ymax>742.3</ymax>
    </bndbox>
  </object>
  <object>
    <name>WHITE</name>
    <occluded>0</occluded>
    <bndbox>
      <xmin>708.56</xmin>
      <ymin>628.33</ymin>
      <xmax>728.66</xmax>
      <ymax>669.23</ymax>
    </bndbox>
  </object>
  <object>
    <name>WHITE</name>
    <occluded>0</occluded>
    <bndbox>
      <xmin>685.69</xmin>
      <ymin>522.64</ymin>
      <xmax>716.19</xmax>
      <ymax>557.64</ymax>
    </bndbox>
  </object>
  <object>
    <name>WHITE</name>
    <occluded>0</occluded>
    <bndbox>
      <xmin>664.9</xmin>
      <ymin>555.91</ymin>
      <xmax>697.47</xmax>
      <ymax>589.52</ymax>
    </bndbox>
  </object>
</annotation>
