<annotation>
  <folder>LK</folder>
  <filename>LK_camera10.png</filename>
  <source>
    <database>Unknown</database>
    <annotation>Unknown</annotation>
    <image>Unknown</image>
  </source>
  <size>
    <width>1280</width>
    <height>960</height>
    <depth></depth>
  </size>
  <segmented>0</segmented>
  <object>
    <name>BLACK</name>
    <occluded>0</occluded>
    <bndbox>
      <xmin>296.26</xmin>
      <ymin>758.38</ymin>
      <xmax>323.9</xmax>
      <ymax>812.0</ymax>
    </bndbox>
  </object>
  <object>
    <name>WHITE</name>
    <occluded>0</occluded>
    <bndbox>
      <xmin>321.2</xmin>
      <ymin>448.49</ymin>
      <xmax>356.67</xmax>
      <ymax>494.4</ymax>
    </bndbox>
  </object>
  <object>
    <name>WHITE</name>
    <occluded>0</occluded>
    <bndbox>
      <xmin>686.74</xmin>
      <ymin>526.1</ymin>
      <xmax>733.26</xmax>
      <ymax>574.7</ymax>
    </bndbox>
  </object>
  <object>
    <name>WHITE</name>
    <occluded>0</occluded>
    <bndbox>
      <xmin>704.2</xmin>
      <ymin>455.1</ymin>
      <xmax>752.36</xmax>
      <ymax>508.6</ymax>
    </bndbox>
  </object>
  <object>
    <name>WHITE</name>
    <occluded>0</occluded>
    <bndbox>
      <xmin>735.7</xmin>
      <ymin>387.0</ymin>
      <xmax>789.4</xmax>
      <ymax>434.6</ymax>
    </bndbox>
  </object>
  <object>
    <name>WHITE</name>
    <occluded>0</occluded>
    <bndbox>
      <xmin>786.32</xmin>
      <ymin>327.99</ymin>
      <xmax>833.3</xmax>
      <ymax>376.7</ymax>
    </bndbox>
  </object>
  <object>
    <name>WHITE</name>
    <occluded>0</occluded>
    <bndbox>
      <xmin>826.78</xmin>
      <ymin>284.21</ymin>
      <xmax>862.3</xmax>
      <ymax>328.0</ymax>
    </bndbox>
  </object>
  <object>
    <name>BLACK</name>
    <occluded>0</occluded>
    <bndbox>
      <xmin>701.71</xmin>
      <ymin>681.21</ymin>
      <xmax>756.8</xmax>
      <ymax>737.9</ymax>
    </bndbox>
  </object>
  <object>
    <name>WHITE</name>
    <occluded>0</occluded>
    <bndbox>
      <xmin>354.0</xmin>
      <ymin>653.4</ymin>
      <xmax>400.2</xmax>
      <ymax>704.4</ymax>
    </bndbox>
  </object>
  <object>
    <name>WHITE</name>
    <occluded>0</occluded>
    <bndbox>
      <xmin>422.64</xmin>
      <ymin>709.38</ymin>
      <xmax>474.7</xmax>
      <ymax>762.4</ymax>
    </bndbox>
  </object>
  <object>
    <name>WHITE</name>
    <occluded>0</occluded>
    <bndbox>
      <xmin>773.2</xmin>
      <ymin>532.9</ymin>
      <xmax>820.0</xmax>
      <ymax>580.5</ymax>
    </bndbox>
  </object>
  <object>
    <name>BLACK</name>
    <occluded>0</occluded>
    <bndbox>
      <xmin>805.26</xmin>
      <ymin>466.92</ymin>
      <xmax>843.5</xmax>
      <ymax>521.6</ymax>
    </bndbox>
  </object>
  <object>
    <name>WHITE</name>
    <occluded>0</occluded>
    <bndbox>
      <xmin>835.0</xmin>
      <ymin>405.12</ymin>
      <xmax>872.62</xmax>
      <ymax>450.88</ymax>
    </bndbox>
  </object>
  <object>
    <name>WHITE</name>
    <occluded>0</occluded>
    <bndbox>
      <xmin>786.0</xmin>
      <ymin>683.0</ymin>
      <xmax>828.0</xmax>
      <ymax>735.0</ymax>
    </bndbox>
  </object>
  <object>
    <name>WHITE</name>
    <occluded>0</occluded>
    <bndbox>
      <xmin>841.81</xmin>
      <ymin>555.8</ymin>
      <xmax>883.3</xmax>
      <ymax>607.9</ymax>
    </bndbox>
  </object>
  <object>
    <name>WHITE</name>
    <occluded>0</occluded>
    <bndbox>
      <xmin>848.47</xmin>
      <ymin>686.12</ymin>
      <xmax>880.0</xmax>
      <ymax>728.1</ymax>
    </bndbox>
  </object>
  <object>
    <name>WHITE</name>
    <occluded>0</occluded>
    <bndbox>
      <xmin>732.25</xmin>
      <ymin>616.28</ymin>
      <xmax>779.75</xmax>
      <ymax>661.72</ymax>
    </bndbox>
  </object>
  <object>
    <name>WHITE</name>
    <occluded>0</occluded>
    <bndbox>
      <xmin>617.0</xmin>
      <ymin>459.5</ymin>
      <xmax>665.0</xmax>
      <ymax>504.5</ymax>
    </bndbox>
  </object>
  <object>
    <name>WHITE</name>
    <occluded>0</occluded>
    <bndbox>
      <xmin>807.5</xmin>
      <ymin>628.5</ymin>
      <xmax>846.5</xmax>
      <ymax>675.5</ymax>
    </bndbox>
  </object>
  <object>
    <name>WHITE</name>
    <occluded>0</occluded>
    <bndbox>
      <xmin>880.03</xmin>
      <ymin>493.98</ymin>
      <xmax>907.97</xmax>
      <ymax>540.02</ymax>
    </bndbox>
  </object>
  <object>
    <name>WHITE</name>
    <occluded>0</occluded>
    <bndbox>
      <xmin>395.26</xmin>
      <ymin>306.6</ymin>
      <xmax>438.74</xmax>
      <ymax>346.9</ymax>
    </bndbox>
  </object>
  <object>
    <name>WHITE</name>
    <occluded>0</occluded>
    <bndbox>
      <xmin>440.14</xmin>
      <ymin>249.5</ymin>
      <xmax>483.8</xmax>
      <ymax>281.8</ymax>
    </bndbox>
  </object>
  <object>
    <name>BLACK</name>
    <occluded>0</occluded>
    <bndbox>
      <xmin>345.64</xmin>
      <ymin>503.18</ymin>
      <xmax>384.1</xmax>
      <ymax>555.7</ymax>
    </bndbox>
  </object>
  <object>
    <name>WHITE</name>
    <occluded>0</occluded>
    <bndbox>
      <xmin>377.9</xmin>
      <ymin>430.25</ymin>
      <xmax>416.82</xmax>
      <ymax>478.5</ymax>
    </bndbox>
  </object>
  <object>
    <name>WHITE</name>
    <occluded>0</occluded>
    <bndbox>
      <xmin>425.37</xmin>
      <ymin>363.3</ymin>
      <xmax>470.63</xmax>
      <ymax>411.1</ymax>
    </bndbox>
  </object>
  <object>
    <name>WHITE</name>
    <occluded>0</occluded>
    <bndbox>
      <xmin>467.81</xmin>
      <ymin>295.6</ymin>
      <xmax>512.19</xmax>
      <ymax>338.5</ymax>
    </bndbox>
  </object>
  <object>
    <name>WHITE</name>
    <occluded>0</occluded>
    <bndbox>
      <xmin>379.3</xmin>
      <ymin>572.2</ymin>
      <xmax>432.61</xmax>
      <ymax>621.3</ymax>
    </bndbox>
  </object>
  <object>
    <name>WHITE</name>
    <occluded>0</occluded>
    <bndbox>
      <xmin>505.81</xmin>
      <ymin>355.19</ymin>
      <xmax>552.8</xmax>
      <ymax>401.9</ymax>
    </bndbox>
  </object>
  <object>
    <name>WHITE</name>
    <occluded>0</occluded>
    <bndbox>
      <xmin>436.6</xmin>
      <ymin>633.5</ymin>
      <xmax>488.6</xmax>
      <ymax>680.5</ymax>
    </bndbox>
  </object>
  <object>
    <name>WHITE</name>
    <occluded>0</occluded>
    <bndbox>
      <xmin>644.32</xmin>
      <ymin>264.19</ymin>
      <xmax>695.5</xmax>
      <ymax>302.6</ymax>
    </bndbox>
  </object>
  <object>
    <name>WHITE</name>
    <occluded>0</occluded>
    <bndbox>
      <xmin>739.38</xmin>
      <ymin>268.51</ymin>
      <xmax>784.8</xmax>
      <ymax>313.23</ymax>
    </bndbox>
  </object>
  <object>
    <name>WHITE</name>
    <occluded>0</occluded>
    <bndbox>
      <xmin>768.6</xmin>
      <ymin>224.65</ymin>
      <xmax>809.4</xmax>
      <ymax>260.1</ymax>
    </bndbox>
  </object>
  <object>
    <name>WHITE</name>
    <occluded>0</occluded>
    <bndbox>
      <xmin>259.72</xmin>
      <ymin>762.3</ymin>
      <xmax>288.72</xmax>
      <ymax>805.35</ymax>
    </bndbox>
  </object>
  <object>
    <name>WHITE</name>
    <occluded>0</occluded>
    <bndbox>
      <xmin>263.77</xmin>
      <ymin>721.13</ymin>
      <xmax>284.98</xmax>
      <ymax>766.98</ymax>
    </bndbox>
  </object>
  <object>
    <name>WHITE</name>
    <occluded>0</occluded>
    <bndbox>
      <xmin>263.82</xmin>
      <ymin>625.3</ymin>
      <xmax>297.88</xmax>
      <ymax>670.58</ymax>
    </bndbox>
  </object>
  <object>
    <name>WHITE</name>
    <occluded>0</occluded>
    <bndbox>
      <xmin>363.4</xmin>
      <ymin>371.91</ymin>
      <xmax>402.68</xmax>
      <ymax>415.7</ymax>
    </bndbox>
  </object>
  <object>
    <name>WHITE</name>
    <occluded>0</occluded>
    <bndbox>
      <xmin>228.98</xmin>
      <ymin>606.54</ymin>
      <xmax>253.3</xmax>
      <ymax>652.21</ymax>
    </bndbox>
  </object>
  <object>
    <name>WHITE</name>
    <occluded>0</occluded>
    <bndbox>
      <xmin>343.49</xmin>
      <ymin>323.06</ymin>
      <xmax>378.42</xmax>
      <ymax>360.57</ymax>
    </bndbox>
  </object>
  <object>
    <name>BLACK</name>
    <occluded>0</occluded>
    <bndbox>
      <xmin>554.08</xmin>
      <ymin>197.12</ymin>
      <xmax>600.24</xmax>
      <ymax>227.37</ymax>
    </bndbox>
  </object>
  <object>
    <name>WHITE</name>
    <occluded>0</occluded>
    <bndbox>
      <xmin>635.49</xmin>
      <ymin>183.71</ymin>
      <xmax>678.22</xmax>
      <ymax>208.66</ymax>
    </bndbox>
  </object>
  <object>
    <name>WHITE</name>
    <occluded>0</occluded>
    <bndbox>
      <xmin>714.4</xmin>
      <ymin>182.77</ymin>
      <xmax>759.31</xmax>
      <ymax>210.53</ymax>
    </bndbox>
  </object>
  <object>
    <name>WHITE</name>
    <occluded>0</occluded>
    <bndbox>
      <xmin>844.15</xmin>
      <ymin>246.09</ymin>
      <xmax>876.58</xmax>
      <ymax>284.76</ymax>
    </bndbox>
  </object>
  <object>
    <name>WHITE</name>
    <occluded>0</occluded>
    <bndbox>
      <xmin>875.02</xmin>
      <ymin>349.32</ymin>
      <xmax>907.46</xmax>
      <ymax>396.11</ymax>
    </bndbox>
  </object>
  <object>
    <name>WHITE</name>
    <occluded>0</occluded>
    <bndbox>
      <xmin>870.49</xmin>
      <ymin>638.7</ymin>
      <xmax>896.99</xmax>
      <ymax>690.35</ymax>
    </bndbox>
  </object>
  <object>
    <name>WHITE</name>
    <occluded>0</occluded>
    <bndbox>
      <xmin>914.06</xmin>
      <ymin>435.69</ymin>
      <xmax>944.6</xmax>
      <ymax>481.95</ymax>
    </bndbox>
  </object>
  <object>
    <name>WHITE</name>
    <occluded>0</occluded>
    <bndbox>
      <xmin>298.27</xmin>
      <ymin>391.65</ymin>
      <xmax>331.67</xmax>
      <ymax>436.25</ymax>
    </bndbox>
  </object>
  <object>
    <name>WHITE</name>
    <occluded>0</occluded>
    <bndbox>
      <xmin>496.38</xmin>
      <ymin>196.06</ymin>
      <xmax>537.9</xmax>
      <ymax>223.4</ymax>
    </bndbox>
  </object>
  <object>
    <name>WHITE</name>
    <occluded>0</occluded>
    <bndbox>
      <xmin>386.4</xmin>
      <ymin>263.4</ymin>
      <xmax>423.66</xmax>
      <ymax>297.5</ymax>
    </bndbox>
  </object>
  <object>
    <name>WHITE</name>
    <occluded>0</occluded>
    <bndbox>
      <xmin>311.92</xmin>
      <ymin>589.35</ymin>
      <xmax>358.08</xmax>
      <ymax>639.9</ymax>
    </bndbox>
  </object>
  <object>
    <name>WHITE</name>
    <occluded>0</occluded>
    <bndbox>
      <xmin>297.5</xmin>
      <ymin>519.24</ymin>
      <xmax>333.41</xmax>
      <ymax>567.5</ymax>
    </bndbox>
  </object>
  <object>
    <name>WHITE</name>
    <occluded>0</occluded>
    <bndbox>
      <xmin>342.5</xmin>
      <ymin>719.0</ymin>
      <xmax>389.6</xmax>
      <ymax>769.8</ymax>
    </bndbox>
  </object>
  <object>
    <name>WHITE</name>
    <occluded>0</occluded>
    <bndbox>
      <xmin>289.5</xmin>
      <ymin>679.0</ymin>
      <xmax>322.0</xmax>
      <ymax>729.7</ymax>
    </bndbox>
  </object>
  <object>
    <name>WHITE</name>
    <occluded>0</occluded>
    <bndbox>
      <xmin>238.73</xmin>
      <ymin>678.26</ymin>
      <xmax>258.48</xmax>
      <ymax>725.31</ymax>
    </bndbox>
  </object>
  <object>
    <name>WHITE</name>
    <occluded>0</occluded>
    <bndbox>
      <xmin>688.5</xmin>
      <ymin>320.5</ymin>
      <xmax>740.7</xmax>
      <ymax>366.7</ymax>
    </bndbox>
  </object>
  <object>
    <name>WHITE</name>
    <occluded>0</occluded>
    <bndbox>
      <xmin>576.5</xmin>
      <ymin>400.2</ymin>
      <xmax>626.3</xmax>
      <ymax>446.13</ymax>
    </bndbox>
  </object>
  <object>
    <name>WHITE</name>
    <occluded>0</occluded>
    <bndbox>
      <xmin>593.1</xmin>
      <ymin>333.1</ymin>
      <xmax>646.0</xmax>
      <ymax>385.2</ymax>
    </bndbox>
  </object>
  <object>
    <name>WHITE</name>
    <occluded>0</occluded>
    <bndbox>
      <xmin>502.7</xmin>
      <ymin>237.8</ymin>
      <xmax>552.1</xmax>
      <ymax>271.3</ymax>
    </bndbox>
  </object>
  <object>
    <name>WHITE</name>
    <occluded>0</occluded>
    <bndbox>
      <xmin>651.4</xmin>
      <ymin>390.6</ymin>
      <xmax>701.5</xmax>
      <ymax>437.6</ymax>
    </bndbox>
  </object>
  <object>
    <name>WHITE</name>
    <occluded>0</occluded>
    <bndbox>
      <xmin>681.3</xmin>
      <ymin>220.82</ymin>
      <xmax>729.99</xmax>
      <ymax>254.51</ymax>
    </bndbox>
  </object>
  <object>
    <name>WHITE</name>
    <occluded>0</occluded>
    <bndbox>
      <xmin>596.81</xmin>
      <ymin>226.44</ymin>
      <xmax>645.47</xmax>
      <ymax>256.1</ymax>
    </bndbox>
  </object>
  <object>
    <name>WHITE</name>
    <occluded>0</occluded>
    <bndbox>
      <xmin>553.42</xmin>
      <ymin>280.78</ymin>
      <xmax>598.58</xmax>
      <ymax>315.22</ymax>
    </bndbox>
  </object>
</annotation>
