<annotation>
  <folder>LK</folder>
  <filename>LK_camera5.png</filename>
  <source>
    <database>Unknown</database>
    <annotation>Unknown</annotation>
    <image>Unknown</image>
  </source>
  <size>
    <width>1280</width>
    <height>960</height>
    <depth></depth>
  </size>
  <segmented>0</segmented>
  <object>
    <name>WHITE</name>
    <occluded>0</occluded>
    <bndbox>
      <xmin>369.44</xmin>
      <ymin>717.34</ymin>
      <xmax>405.82</xmax>
      <ymax>746.53</ymax>
    </bndbox>
  </object>
  <object>
    <name>WHITE</name>
    <occluded>0</occluded>
    <bndbox>
      <xmin>664.26</xmin>
      <ymin>646.66</ymin>
      <xmax>704.56</xmax>
      <ymax>680.4</ymax>
    </bndbox>
  </object>
  <object>
    <name>WHITE</name>
    <occluded>0</occluded>
    <bndbox>
      <xmin>818.6</xmin>
      <ymin>384.9</ymin>
      <xmax>841.97</xmax>
      <ymax>426.19</ymax>
    </bndbox>
  </object>
  <object>
    <name>WHITE</name>
    <occluded>0</occluded>
    <bndbox>
      <xmin>659.85</xmin>
      <ymin>325.23</ymin>
      <xmax>701.4</xmax>
      <ymax>365.53</ymax>
    </bndbox>
  </object>
  <object>
    <name>WHITE</name>
    <occluded>0</occluded>
    <bndbox>
      <xmin>627.63</xmin>
      <ymin>706.6</ymin>
      <xmax>666.99</xmax>
      <ymax>741.54</ymax>
    </bndbox>
  </object>
  <object>
    <name>WHITE</name>
    <occluded>0</occluded>
    <bndbox>
      <xmin>305.94</xmin>
      <ymin>472.34</ymin>
      <xmax>335.58</xmax>
      <ymax>514.56</ymax>
    </bndbox>
  </object>
  <object>
    <name>WHITE</name>
    <occluded>0</occluded>
    <bndbox>
      <xmin>324.35</xmin>
      <ymin>548.69</ymin>
      <xmax>353.5</xmax>
      <ymax>590.01</ymax>
    </bndbox>
  </object>
  <object>
    <name>WHITE</name>
    <occluded>0</occluded>
    <bndbox>
      <xmin>765.58</xmin>
      <ymin>559.95</ymin>
      <xmax>797.08</xmax>
      <ymax>602.05</ymax>
    </bndbox>
  </object>
  <object>
    <name>WHITE</name>
    <occluded>0</occluded>
    <bndbox>
      <xmin>348.22</xmin>
      <ymin>621.64</ymin>
      <xmax>383.79</xmax>
      <ymax>656.13</ymax>
    </bndbox>
  </object>
  <object>
    <name>WHITE</name>
    <occluded>0</occluded>
    <bndbox>
      <xmin>740.74</xmin>
      <ymin>625.76</ymin>
      <xmax>774.42</xmax>
      <ymax>664.39</ymax>
    </bndbox>
  </object>
  <object>
    <name>WHITE</name>
    <occluded>0</occluded>
    <bndbox>
      <xmin>753.31</xmin>
      <ymin>672.92</ymin>
      <xmax>788.1</xmax>
      <ymax>708.8</ymax>
    </bndbox>
  </object>
  <object>
    <name>WHITE</name>
    <occluded>0</occluded>
    <bndbox>
      <xmin>285.9</xmin>
      <ymin>437.78</ymin>
      <xmax>306.84</xmax>
      <ymax>478.95</ymax>
    </bndbox>
  </object>
  <object>
    <name>WHITE</name>
    <occluded>0</occluded>
    <bndbox>
      <xmin>694.93</xmin>
      <ymin>689.54</ymin>
      <xmax>732.21</xmax>
      <ymax>726.37</ymax>
    </bndbox>
  </object>
  <object>
    <name>WHITE</name>
    <occluded>0</occluded>
    <bndbox>
      <xmin>580.08</xmin>
      <ymin>755.51</ymin>
      <xmax>620.51</xmax>
      <ymax>785.16</ymax>
    </bndbox>
  </object>
  <object>
    <name>WHITE</name>
    <occluded>0</occluded>
    <bndbox>
      <xmin>708.84</xmin>
      <ymin>576.76</ymin>
      <xmax>744.2</xmax>
      <ymax>619.7</ymax>
    </bndbox>
  </object>
  <object>
    <name>WHITE</name>
    <occluded>0</occluded>
    <bndbox>
      <xmin>345.19</xmin>
      <ymin>658.95</ymin>
      <xmax>373.48</xmax>
      <ymax>697.58</ymax>
    </bndbox>
  </object>
  <object>
    <name>WHITE</name>
    <occluded>0</occluded>
    <bndbox>
      <xmin>546.85</xmin>
      <ymin>799.53</ymin>
      <xmax>589.96</xmax>
      <ymax>828.27</ymax>
    </bndbox>
  </object>
  <object>
    <name>WHITE</name>
    <occluded>0</occluded>
    <bndbox>
      <xmin>571.55</xmin>
      <ymin>839.5</ymin>
      <xmax>613.32</xmax>
      <ymax>873.64</ymax>
    </bndbox>
  </object>
  <object>
    <name>BLACK</name>
    <occluded>0</occluded>
    <bndbox>
      <xmin>495.65</xmin>
      <ymin>755.96</ymin>
      <xmax>541.91</xmax>
      <ymax>789.65</ymax>
    </bndbox>
  </object>
  <object>
    <name>WHITE</name>
    <occluded>0</occluded>
    <bndbox>
      <xmin>420.19</xmin>
      <ymin>771.23</ymin>
      <xmax>458.37</xmax>
      <ymax>802.67</ymax>
    </bndbox>
  </object>
  <object>
    <name>WHITE</name>
    <occluded>0</occluded>
    <bndbox>
      <xmin>818.95</xmin>
      <ymin>531.76</ymin>
      <xmax>839.16</xmax>
      <ymax>574.06</ymax>
    </bndbox>
  </object>
  <object>
    <name>WHITE</name>
    <occluded>0</occluded>
    <bndbox>
      <xmin>271.16</xmin>
      <ymin>401.78</ymin>
      <xmax>290.66</xmax>
      <ymax>439.58</ymax>
    </bndbox>
  </object>
  <object>
    <name>BLACK</name>
    <occluded>0</occluded>
    <bndbox>
      <xmin>566.94</xmin>
      <ymin>208.52</ymin>
      <xmax>605.7</xmax>
      <ymax>228.8</ymax>
    </bndbox>
  </object>
  <object>
    <name>WHITE</name>
    <occluded>0</occluded>
    <bndbox>
      <xmin>595.27</xmin>
      <ymin>230.1</ymin>
      <xmax>637.9</xmax>
      <ymax>255.31</ymax>
    </bndbox>
  </object>
  <object>
    <name>WHITE</name>
    <occluded>0</occluded>
    <bndbox>
      <xmin>503.79</xmin>
      <ymin>203.59</ymin>
      <xmax>543.81</xmax>
      <ymax>219.7</ymax>
    </bndbox>
  </object>
  <object>
    <name>WHITE</name>
    <occluded>0</occluded>
    <bndbox>
      <xmin>514.18</xmin>
      <ymin>227.5</ymin>
      <xmax>556.03</xmax>
      <ymax>249.07</ymax>
    </bndbox>
  </object>
  <object>
    <name>WHITE</name>
    <occluded>0</occluded>
    <bndbox>
      <xmin>435.95</xmin>
      <ymin>237.11</ymin>
      <xmax>474.16</xmax>
      <ymax>263.89</ymax>
    </bndbox>
  </object>
  <object>
    <name>WHITE</name>
    <occluded>0</occluded>
    <bndbox>
      <xmin>386.82</xmin>
      <ymin>280.0</ymin>
      <xmax>422.17</xmax>
      <ymax>310.67</ymax>
    </bndbox>
  </object>
  <object>
    <name>WHITE</name>
    <occluded>0</occluded>
    <bndbox>
      <xmin>294.96</xmin>
      <ymin>328.53</ymin>
      <xmax>321.53</xmax>
      <ymax>363.34</ymax>
    </bndbox>
  </object>
  <object>
    <name>WHITE</name>
    <occluded>0</occluded>
    <bndbox>
      <xmin>335.38</xmin>
      <ymin>298.97</ymin>
      <xmax>368.69</xmax>
      <ymax>331.9</ymax>
    </bndbox>
  </object>
  <object>
    <name>WHITE</name>
    <occluded>0</occluded>
    <bndbox>
      <xmin>686.08</xmin>
      <ymin>252.56</ymin>
      <xmax>722.01</xmax>
      <ymax>280.63</ymax>
    </bndbox>
  </object>
  <object>
    <name>WHITE</name>
    <occluded>0</occluded>
    <bndbox>
      <xmin>663.1</xmin>
      <ymin>529.9</ymin>
      <xmax>704.5</xmax>
      <ymax>573.0</ymax>
    </bndbox>
  </object>
  <object>
    <name>WHITE</name>
    <occluded>0</occluded>
    <bndbox>
      <xmin>308.09</xmin>
      <ymin>596.22</ymin>
      <xmax>331.17</xmax>
      <ymax>633.65</ymax>
    </bndbox>
  </object>
  <object>
    <name>BLACK</name>
    <occluded>0</occluded>
    <bndbox>
      <xmin>694.89</xmin>
      <ymin>465.97</ymin>
      <xmax>733.8</xmax>
      <ymax>514.2</ymax>
    </bndbox>
  </object>
  <object>
    <name>WHITE</name>
    <occluded>0</occluded>
    <bndbox>
      <xmin>516.86</xmin>
      <ymin>847.53</ymin>
      <xmax>556.8</xmax>
      <ymax>880.2</ymax>
    </bndbox>
  </object>
  <object>
    <name>WHITE</name>
    <occluded>0</occluded>
    <bndbox>
      <xmin>794.24</xmin>
      <ymin>481.61</ymin>
      <xmax>817.07</xmax>
      <ymax>525.03</ymax>
    </bndbox>
  </object>
  <object>
    <name>WHITE</name>
    <occluded>0</occluded>
    <bndbox>
      <xmin>828.3</xmin>
      <ymin>456.54</ymin>
      <xmax>846.64</xmax>
      <ymax>496.21</ymax>
    </bndbox>
  </object>
  <object>
    <name>WHITE</name>
    <occluded>0</occluded>
    <bndbox>
      <xmin>780.4</xmin>
      <ymin>340.51</ymin>
      <xmax>808.84</xmax>
      <ymax>376.82</ymax>
    </bndbox>
  </object>
  <object>
    <name>WHITE</name>
    <occluded>0</occluded>
    <bndbox>
      <xmin>725.0</xmin>
      <ymin>301.59</ymin>
      <xmax>758.31</xmax>
      <ymax>340.88</ymax>
    </bndbox>
  </object>
  <object>
    <name>WHITE</name>
    <occluded>0</occluded>
    <bndbox>
      <xmin>482.47</xmin>
      <ymin>316.18</ymin>
      <xmax>527.01</xmax>
      <ymax>356.98</ymax>
    </bndbox>
  </object>
  <object>
    <name>WHITE</name>
    <occluded>0</occluded>
    <bndbox>
      <xmin>413.23</xmin>
      <ymin>309.07</ymin>
      <xmax>454.03</xmax>
      <ymax>348.0</ymax>
    </bndbox>
  </object>
  <object>
    <name>WHITE</name>
    <occluded>0</occluded>
    <bndbox>
      <xmin>460.76</xmin>
      <ymin>260.04</ymin>
      <xmax>503.43</xmax>
      <ymax>291.11</ymax>
    </bndbox>
  </object>
  <object>
    <name>WHITE</name>
    <occluded>0</occluded>
    <bndbox>
      <xmin>629.19</xmin>
      <ymin>269.4</ymin>
      <xmax>671.48</xmax>
      <ymax>302.71</ymax>
    </bndbox>
  </object>
  <object>
    <name>WHITE</name>
    <occluded>0</occluded>
    <bndbox>
      <xmin>738.26</xmin>
      <ymin>509.51</ymin>
      <xmax>768.9</xmax>
      <ymax>551.6</ymax>
    </bndbox>
  </object>
  <object>
    <name>WHITE</name>
    <occluded>0</occluded>
    <bndbox>
      <xmin>301.23</xmin>
      <ymin>363.23</ymin>
      <xmax>325.25</xmax>
      <ymax>402.22</ymax>
    </bndbox>
  </object>
  <object>
    <name>WHITE</name>
    <occluded>0</occluded>
    <bndbox>
      <xmin>347.08</xmin>
      <ymin>332.98</ymin>
      <xmax>379.52</xmax>
      <ymax>370.72</ymax>
    </bndbox>
  </object>
  <object>
    <name>WHITE</name>
    <occluded>0</occluded>
    <bndbox>
      <xmin>518.29</xmin>
      <ymin>383.24</ymin>
      <xmax>559.71</xmax>
      <ymax>422.76</ymax>
    </bndbox>
  </object>
  <object>
    <name>WHITE</name>
    <occluded>0</occluded>
    <bndbox>
      <xmin>436.85</xmin>
      <ymin>382.32</ymin>
      <xmax>477.15</xmax>
      <ymax>417.68</ymax>
    </bndbox>
  </object>
  <object>
    <name>WHITE</name>
    <occluded>0</occluded>
    <bndbox>
      <xmin>626.0</xmin>
      <ymin>458.5</ymin>
      <xmax>672.7</xmax>
      <ymax>503.5</ymax>
    </bndbox>
  </object>
  <object>
    <name>WHITE</name>
    <occluded>0</occluded>
    <bndbox>
      <xmin>575.9</xmin>
      <ymin>524.0</ymin>
      <xmax>622.5</xmax>
      <ymax>567.5</ymax>
    </bndbox>
  </object>
  <object>
    <name>WHITE</name>
    <occluded>0</occluded>
    <bndbox>
      <xmin>536.6</xmin>
      <ymin>590.53</ymin>
      <xmax>583.32</xmax>
      <ymax>631.47</ymax>
    </bndbox>
  </object>
  <object>
    <name>WHITE</name>
    <occluded>0</occluded>
    <bndbox>
      <xmin>442.05</xmin>
      <ymin>697.9</ymin>
      <xmax>482.2</xmax>
      <ymax>737.1</ymax>
    </bndbox>
  </object>
  <object>
    <name>WHITE</name>
    <occluded>0</occluded>
    <bndbox>
      <xmin>680.2</xmin>
      <ymin>399.45</ymin>
      <xmax>722.7</xmax>
      <ymax>442.8</ymax>
    </bndbox>
  </object>
  <object>
    <name>WHITE</name>
    <occluded>0</occluded>
    <bndbox>
      <xmin>569.9</xmin>
      <ymin>322.5</ymin>
      <xmax>613.5</xmax>
      <ymax>360.5</ymax>
    </bndbox>
  </object>
  <object>
    <name>WHITE</name>
    <occluded>0</occluded>
    <bndbox>
      <xmin>387.39</xmin>
      <ymin>678.36</ymin>
      <xmax>424.5</xmax>
      <ymax>716.5</ymax>
    </bndbox>
  </object>
  <object>
    <name>WHITE</name>
    <occluded>0</occluded>
    <bndbox>
      <xmin>668.2</xmin>
      <ymin>774.38</ymin>
      <xmax>707.07</xmax>
      <ymax>807.5</ymax>
    </bndbox>
  </object>
  <object>
    <name>WHITE</name>
    <occluded>0</occluded>
    <bndbox>
      <xmin>629.11</xmin>
      <ymin>826.07</ymin>
      <xmax>664.89</xmax>
      <ymax>858.3</ymax>
    </bndbox>
  </object>
  <object>
    <name>WHITE</name>
    <occluded>0</occluded>
    <bndbox>
      <xmin>598.3</xmin>
      <ymin>384.3</ymin>
      <xmax>644.5</xmax>
      <ymax>427.4</ymax>
    </bndbox>
  </object>
  <object>
    <name>WHITE</name>
    <occluded>0</occluded>
    <bndbox>
      <xmin>544.0</xmin>
      <ymin>451.5</ymin>
      <xmax>589.5</xmax>
      <ymax>496.1</ymax>
    </bndbox>
  </object>
  <object>
    <name>WHITE</name>
    <occluded>0</occluded>
    <bndbox>
      <xmin>453.4</xmin>
      <ymin>582.7</ymin>
      <xmax>494.0</xmax>
      <ymax>625.5</ymax>
    </bndbox>
  </object>
  <object>
    <name>WHITE</name>
    <occluded>0</occluded>
    <bndbox>
      <xmin>393.1</xmin>
      <ymin>440.0</ymin>
      <xmax>432.0</xmax>
      <ymax>488.1</ymax>
    </bndbox>
  </object>
  <object>
    <name>WHITE</name>
    <occluded>0</occluded>
    <bndbox>
      <xmin>351.73</xmin>
      <ymin>501.01</ymin>
      <xmax>391.5</xmax>
      <ymax>545.3</ymax>
    </bndbox>
  </object>
  <object>
    <name>WHITE</name>
    <occluded>0</occluded>
    <bndbox>
      <xmin>792.0</xmin>
      <ymin>411.5</ymin>
      <xmax>819.5</xmax>
      <ymax>453.0</ymax>
    </bndbox>
  </object>
  <object>
    <name>WHITE</name>
    <occluded>0</occluded>
    <bndbox>
      <xmin>658.2</xmin>
      <ymin>747.53</ymin>
      <xmax>693.52</xmax>
      <ymax>777.1</ymax>
    </bndbox>
  </object>
  <object>
    <name>BLACK</name>
    <occluded>0</occluded>
    <bndbox>
      <xmin>462.13</xmin>
      <ymin>841.8</ymin>
      <xmax>495.8</xmax>
      <ymax>866.3</ymax>
    </bndbox>
  </object>
  <object>
    <name>WHITE</name>
    <occluded>0</occluded>
    <bndbox>
      <xmin>497.89</xmin>
      <ymin>519.2</ymin>
      <xmax>538.11</xmax>
      <ymax>560.8</ymax>
    </bndbox>
  </object>
  <object>
    <name>WHITE</name>
    <occluded>0</occluded>
    <bndbox>
      <xmin>738.24</xmin>
      <ymin>362.42</ymin>
      <xmax>772.3</xmax>
      <ymax>404.3</ymax>
    </bndbox>
  </object>
  <object>
    <name>WHITE</name>
    <occluded>0</occluded>
    <bndbox>
      <xmin>615.42</xmin>
      <ymin>793.79</ymin>
      <xmax>651.9</xmax>
      <ymax>818.1</ymax>
    </bndbox>
  </object>
  <object>
    <name>WHITE</name>
    <occluded>0</occluded>
    <bndbox>
      <xmin>586.0</xmin>
      <ymin>831.99</ymin>
      <xmax>624.62</xmax>
      <ymax>855.8</ymax>
    </bndbox>
  </object>
  <object>
    <name>WHITE</name>
    <occluded>0</occluded>
    <bndbox>
      <xmin>750.5</xmin>
      <ymin>437.3</ymin>
      <xmax>781.5</xmax>
      <ymax>478.5</ymax>
    </bndbox>
  </object>
  <object>
    <name>WHITE</name>
    <occluded>0</occluded>
    <bndbox>
      <xmin>524.5</xmin>
      <ymin>838.0</ymin>
      <xmax>561.5</xmax>
      <ymax>856.0</ymax>
    </bndbox>
  </object>
  <object>
    <name>WHITE</name>
    <occluded>0</occluded>
    <bndbox>
      <xmin>638.5</xmin>
      <ymin>583.5</ymin>
      <xmax>680.2</xmax>
      <ymax>627.4</ymax>
    </bndbox>
  </object>
  <object>
    <name>WHITE</name>
    <occluded>0</occluded>
    <bndbox>
      <xmin>576.1</xmin>
      <ymin>655.0</ymin>
      <xmax>622.3</xmax>
      <ymax>692.9</ymax>
    </bndbox>
  </object>
  <object>
    <name>WHITE</name>
    <occluded>0</occluded>
    <bndbox>
      <xmin>529.12</xmin>
      <ymin>708.39</ymin>
      <xmax>579.1</xmax>
      <ymax>742.4</ymax>
    </bndbox>
  </object>
  <object>
    <name>WHITE</name>
    <occluded>0</occluded>
    <bndbox>
      <xmin>483.51</xmin>
      <ymin>786.82</ymin>
      <xmax>523.9</xmax>
      <ymax>817.0</ymax>
    </bndbox>
  </object>
  <object>
    <name>WHITE</name>
    <occluded>0</occluded>
    <bndbox>
      <xmin>466.1</xmin>
      <ymin>822.5</ymin>
      <xmax>500.8</xmax>
      <ymax>847.3</ymax>
    </bndbox>
  </object>
  <object>
    <name>BLACK</name>
    <occluded>0</occluded>
    <bndbox>
      <xmin>339.81</xmin>
      <ymin>435.56</ymin>
      <xmax>372.2</xmax>
      <ymax>483.8</ymax>
    </bndbox>
  </object>
  <object>
    <name>WHITE</name>
    <occluded>0</occluded>
    <bndbox>
      <xmin>367.32</xmin>
      <ymin>373.7</ymin>
      <xmax>401.7</xmax>
      <ymax>415.6</ymax>
    </bndbox>
  </object>
  <object>
    <name>WHITE</name>
    <occluded>0</occluded>
    <bndbox>
      <xmin>314.6</xmin>
      <ymin>395.59</ymin>
      <xmax>341.2</xmax>
      <ymax>439.8</ymax>
    </bndbox>
  </object>
  <object>
    <name>WHITE</name>
    <occluded>0</occluded>
    <bndbox>
      <xmin>543.0</xmin>
      <ymin>270.3</ymin>
      <xmax>583.0</xmax>
      <ymax>297.5</ymax>
    </bndbox>
  </object>
  <object>
    <name>WHITE</name>
    <occluded>0</occluded>
    <bndbox>
      <xmin>380.21</xmin>
      <ymin>563.89</ymin>
      <xmax>420.0</xmax>
      <ymax>607.3</ymax>
    </bndbox>
  </object>
  <object>
    <name>WHITE</name>
    <occluded>0</occluded>
    <bndbox>
      <xmin>420.98</xmin>
      <ymin>510.7</ymin>
      <xmax>461.1</xmax>
      <ymax>552.4</ymax>
    </bndbox>
  </object>
  <object>
    <name>WHITE</name>
    <occluded>0</occluded>
    <bndbox>
      <xmin>462.2</xmin>
      <ymin>446.5</ymin>
      <xmax>507.5</xmax>
      <ymax>487.5</ymax>
    </bndbox>
  </object>
  <object>
    <name>WHITE</name>
    <occluded>0</occluded>
    <bndbox>
      <xmin>410.43</xmin>
      <ymin>634.35</ymin>
      <xmax>446.2</xmax>
      <ymax>672.8</ymax>
    </bndbox>
  </object>
</annotation>
