<annotation>
  <folder>LK</folder>
  <filename>LK_camera2.png</filename>
  <source>
    <database>Unknown</database>
    <annotation>Unknown</annotation>
    <image>Unknown</image>
  </source>
  <size>
    <width>960</width>
    <height>1280</height>
    <depth></depth>
  </size>
  <segmented>0</segmented>
  <object>
    <name>WHITE</name>
    <occluded>0</occluded>
    <bndbox>
      <xmin>744.24</xmin>
      <ymin>705.81</ymin>
      <xmax>769.03</xmax>
      <ymax>752.5</ymax>
    </bndbox>
  </object>
  <object>
    <name>WHITE</name>
    <occluded>0</occluded>
    <bndbox>
      <xmin>668.92</xmin>
      <ymin>501.01</ymin>
      <xmax>703.81</xmax>
      <ymax>540.24</ymax>
    </bndbox>
  </object>
  <object>
    <name>WHITE</name>
    <occluded>0</occluded>
    <bndbox>
      <xmin>581.08</xmin>
      <ymin>469.72</ymin>
      <xmax>623.91</xmax>
      <ymax>503.66</ymax>
    </bndbox>
  </object>
  <object>
    <name>WHITE</name>
    <occluded>0</occluded>
    <bndbox>
      <xmin>631.86</xmin>
      <ymin>447.82</ymin>
      <xmax>673.73</xmax>
      <ymax>481.51</ymax>
    </bndbox>
  </object>
  <object>
    <name>WHITE</name>
    <occluded>0</occluded>
    <bndbox>
      <xmin>537.28</xmin>
      <ymin>419.67</ymin>
      <xmax>581.8</xmax>
      <ymax>446.62</ymax>
    </bndbox>
  </object>
  <object>
    <name>WHITE</name>
    <occluded>0</occluded>
    <bndbox>
      <xmin>594.31</xmin>
      <ymin>402.58</ymin>
      <xmax>633.06</xmax>
      <ymax>427.12</ymax>
    </bndbox>
  </object>
  <object>
    <name>WHITE</name>
    <occluded>0</occluded>
    <bndbox>
      <xmin>733.7</xmin>
      <ymin>554.39</ymin>
      <xmax>759.11</xmax>
      <ymax>596.55</ymax>
    </bndbox>
  </object>
  <object>
    <name>WHITE</name>
    <occluded>0</occluded>
    <bndbox>
      <xmin>699.33</xmin>
      <ymin>485.65</ymin>
      <xmax>731.68</xmax>
      <ymax>521.46</ymax>
    </bndbox>
  </object>
  <object>
    <name>WHITE</name>
    <occluded>0</occluded>
    <bndbox>
      <xmin>684.21</xmin>
      <ymin>722.83</ymin>
      <xmax>718.0</xmax>
      <ymax>773.6</ymax>
    </bndbox>
  </object>
  <object>
    <name>WHITE</name>
    <occluded>0</occluded>
    <bndbox>
      <xmin>649.76</xmin>
      <ymin>799.96</ymin>
      <xmax>687.6</xmax>
      <ymax>846.4</ymax>
    </bndbox>
  </object>
  <object>
    <name>WHITE</name>
    <occluded>0</occluded>
    <bndbox>
      <xmin>598.09</xmin>
      <ymin>869.0</ymin>
      <xmax>643.9</xmax>
      <ymax>913.4</ymax>
    </bndbox>
  </object>
  <object>
    <name>BLACK</name>
    <occluded>0</occluded>
    <bndbox>
      <xmin>661.48</xmin>
      <ymin>599.54</ymin>
      <xmax>697.2</xmax>
      <ymax>645.6</ymax>
    </bndbox>
  </object>
  <object>
    <name>WHITE</name>
    <occluded>0</occluded>
    <bndbox>
      <xmin>635.34</xmin>
      <ymin>665.35</ymin>
      <xmax>678.9</xmax>
      <ymax>716.4</ymax>
    </bndbox>
  </object>
  <object>
    <name>WHITE</name>
    <occluded>0</occluded>
    <bndbox>
      <xmin>586.89</xmin>
      <ymin>737.57</ymin>
      <xmax>634.9</xmax>
      <ymax>788.9</ymax>
    </bndbox>
  </object>
  <object>
    <name>WHITE</name>
    <occluded>0</occluded>
    <bndbox>
      <xmin>538.64</xmin>
      <ymin>816.68</ymin>
      <xmax>584.96</xmax>
      <ymax>864.3</ymax>
    </bndbox>
  </object>
  <object>
    <name>WHITE</name>
    <occluded>0</occluded>
    <bndbox>
      <xmin>470.44</xmin>
      <ymin>885.22</ymin>
      <xmax>519.3</xmax>
      <ymax>930.76</ymax>
    </bndbox>
  </object>
  <object>
    <name>WHITE</name>
    <occluded>0</occluded>
    <bndbox>
      <xmin>329.64</xmin>
      <ymin>393.62</ymin>
      <xmax>369.53</xmax>
      <ymax>417.18</ymax>
    </bndbox>
  </object>
  <object>
    <name>WHITE</name>
    <occluded>0</occluded>
    <bndbox>
      <xmin>644.59</xmin>
      <ymin>1054.07</ymin>
      <xmax>683.09</xmax>
      <ymax>1093.54</ymax>
    </bndbox>
  </object>
  <object>
    <name>BLACK</name>
    <occluded>0</occluded>
    <bndbox>
      <xmin>461.42</xmin>
      <ymin>355.99</ymin>
      <xmax>506.66</xmax>
      <ymax>371.15</ymax>
    </bndbox>
  </object>
  <object>
    <name>WHITE</name>
    <occluded>0</occluded>
    <bndbox>
      <xmin>225.14</xmin>
      <ymin>473.09</ymin>
      <xmax>257.87</xmax>
      <ymax>505.34</ymax>
    </bndbox>
  </object>
  <object>
    <name>WHITE</name>
    <occluded>0</occluded>
    <bndbox>
      <xmin>209.6</xmin>
      <ymin>832.92</ymin>
      <xmax>230.38</xmax>
      <ymax>877.83</ymax>
    </bndbox>
  </object>
  <object>
    <name>WHITE</name>
    <occluded>0</occluded>
    <bndbox>
      <xmin>660.74</xmin>
      <ymin>427.34</ymin>
      <xmax>700.59</xmax>
      <ymax>459.91</ymax>
    </bndbox>
  </object>
  <object>
    <name>BLACK</name>
    <occluded>0</occluded>
    <bndbox>
      <xmin>652.8</xmin>
      <ymin>1020.1</ymin>
      <xmax>692.5</xmax>
      <ymax>1057.4</ymax>
    </bndbox>
  </object>
  <object>
    <name>WHITE</name>
    <occluded>0</occluded>
    <bndbox>
      <xmin>201.17</xmin>
      <ymin>943.28</ymin>
      <xmax>221.63</xmax>
      <ymax>986.7</ymax>
    </bndbox>
  </object>
  <object>
    <name>WHITE</name>
    <occluded>0</occluded>
    <bndbox>
      <xmin>588.03</xmin>
      <ymin>1047.57</ymin>
      <xmax>632.79</xmax>
      <ymax>1088.24</ymax>
    </bndbox>
  </object>
  <object>
    <name>WHITE</name>
    <occluded>0</occluded>
    <bndbox>
      <xmin>443.5</xmin>
      <ymin>422.5</ymin>
      <xmax>486.5</xmax>
      <ymax>445.5</ymax>
    </bndbox>
  </object>
  <object>
    <name>WHITE</name>
    <occluded>0</occluded>
    <bndbox>
      <xmin>301.43</xmin>
      <ymin>465.63</ymin>
      <xmax>346.67</xmax>
      <ymax>499.32</ymax>
    </bndbox>
  </object>
  <object>
    <name>WHITE</name>
    <occluded>0</occluded>
    <bndbox>
      <xmin>273.75</xmin>
      <ymin>439.4</ymin>
      <xmax>307.93</xmax>
      <ymax>472.85</ymax>
    </bndbox>
  </object>
  <object>
    <name>WHITE</name>
    <occluded>0</occluded>
    <bndbox>
      <xmin>357.74</xmin>
      <ymin>415.57</ymin>
      <xmax>402.02</xmax>
      <ymax>442.53</ymax>
    </bndbox>
  </object>
  <object>
    <name>WHITE</name>
    <occluded>0</occluded>
    <bndbox>
      <xmin>412.85</xmin>
      <ymin>381.88</ymin>
      <xmax>457.14</xmax>
      <ymax>401.86</ymax>
    </bndbox>
  </object>
  <object>
    <name>WHITE</name>
    <occluded>0</occluded>
    <bndbox>
      <xmin>500.5</xmin>
      <ymin>381.5</ymin>
      <xmax>541.5</xmax>
      <ymax>400.5</ymax>
    </bndbox>
  </object>
  <object>
    <name>WHITE</name>
    <occluded>0</occluded>
    <bndbox>
      <xmin>693.1</xmin>
      <ymin>847.89</ymin>
      <xmax>724.57</xmax>
      <ymax>896.42</ymax>
    </bndbox>
  </object>
  <object>
    <name>WHITE</name>
    <occluded>0</occluded>
    <bndbox>
      <xmin>266.71</xmin>
      <ymin>853.9</ymin>
      <xmax>302.81</xmax>
      <ymax>898.43</ymax>
    </bndbox>
  </object>
  <object>
    <name>WHITE</name>
    <occluded>0</occluded>
    <bndbox>
      <xmin>225.0</xmin>
      <ymin>790.73</ymin>
      <xmax>259.5</xmax>
      <ymax>830.64</ymax>
    </bndbox>
  </object>
  <object>
    <name>WHITE</name>
    <occluded>0</occluded>
    <bndbox>
      <xmin>207.1</xmin>
      <ymin>713.12</ymin>
      <xmax>231.22</xmax>
      <ymax>758.24</ymax>
    </bndbox>
  </object>
  <object>
    <name>WHITE</name>
    <occluded>0</occluded>
    <bndbox>
      <xmin>205.17</xmin>
      <ymin>565.99</ymin>
      <xmax>227.55</xmax>
      <ymax>608.83</ymax>
    </bndbox>
  </object>
  <object>
    <name>WHITE</name>
    <occluded>0</occluded>
    <bndbox>
      <xmin>252.58</xmin>
      <ymin>526.76</ymin>
      <xmax>290.6</xmax>
      <ymax>564.54</ymax>
    </bndbox>
  </object>
  <object>
    <name>WHITE</name>
    <occluded>0</occluded>
    <bndbox>
      <xmin>232.84</xmin>
      <ymin>495.47</ymin>
      <xmax>268.46</xmax>
      <ymax>531.33</ymax>
    </bndbox>
  </object>
  <object>
    <name>WHITE</name>
    <occluded>0</occluded>
    <bndbox>
      <xmin>484.3</xmin>
      <ymin>465.5</ymin>
      <xmax>531.5</xmax>
      <ymax>500.1</ymax>
    </bndbox>
  </object>
  <object>
    <name>WHITE</name>
    <occluded>0</occluded>
    <bndbox>
      <xmin>426.5</xmin>
      <ymin>516.5</ymin>
      <xmax>476.3</xmax>
      <ymax>558.6</ymax>
    </bndbox>
  </object>
  <object>
    <name>WHITE</name>
    <occluded>0</occluded>
    <bndbox>
      <xmin>365.2</xmin>
      <ymin>581.16</ymin>
      <xmax>413.59</xmax>
      <ymax>630.8</ymax>
    </bndbox>
  </object>
  <object>
    <name>WHITE</name>
    <occluded>0</occluded>
    <bndbox>
      <xmin>307.9</xmin>
      <ymin>653.41</ymin>
      <xmax>354.7</xmax>
      <ymax>706.2</ymax>
    </bndbox>
  </object>
  <object>
    <name>WHITE</name>
    <occluded>0</occluded>
    <bndbox>
      <xmin>260.5</xmin>
      <ymin>723.4</ymin>
      <xmax>297.3</xmax>
      <ymax>771.0</ymax>
    </bndbox>
  </object>
  <object>
    <name>WHITE</name>
    <occluded>0</occluded>
    <bndbox>
      <xmin>388.09</xmin>
      <ymin>463.47</ymin>
      <xmax>431.91</xmax>
      <ymax>494.9</ymax>
    </bndbox>
  </object>
  <object>
    <name>BLACK</name>
    <occluded>0</occluded>
    <bndbox>
      <xmin>224.2</xmin>
      <ymin>593.01</ymin>
      <xmax>255.52</xmax>
      <ymax>636.2</ymax>
    </bndbox>
  </object>
  <object>
    <name>WHITE</name>
    <occluded>0</occluded>
    <bndbox>
      <xmin>751.05</xmin>
      <ymin>630.39</ymin>
      <xmax>770.8</xmax>
      <ymax>676.4</ymax>
    </bndbox>
  </object>
  <object>
    <name>WHITE</name>
    <occluded>0</occluded>
    <bndbox>
      <xmin>625.34</xmin>
      <ymin>535.42</ymin>
      <xmax>666.8</xmax>
      <ymax>576.1</ymax>
    </bndbox>
  </object>
  <object>
    <name>BLACK</name>
    <occluded>0</occluded>
    <bndbox>
      <xmin>414.73</xmin>
      <ymin>951.79</ymin>
      <xmax>465.2</xmax>
      <ymax>988.8</ymax>
    </bndbox>
  </object>
  <object>
    <name>WHITE</name>
    <occluded>0</occluded>
    <bndbox>
      <xmin>327.73</xmin>
      <ymin>521.89</ymin>
      <xmax>372.67</xmax>
      <ymax>564.3</ymax>
    </bndbox>
  </object>
  <object>
    <name>WHITE</name>
    <occluded>0</occluded>
    <bndbox>
      <xmin>711.46</xmin>
      <ymin>649.72</ymin>
      <xmax>738.6</xmax>
      <ymax>697.6</ymax>
    </bndbox>
  </object>
  <object>
    <name>WHITE</name>
    <occluded>0</occluded>
    <bndbox>
      <xmin>281.41</xmin>
      <ymin>1039.5</ymin>
      <xmax>317.1</xmax>
      <ymax>1079.0</ymax>
    </bndbox>
  </object>
  <object>
    <name>WHITE</name>
    <occluded>0</occluded>
    <bndbox>
      <xmin>233.9</xmin>
      <ymin>654.99</ymin>
      <xmax>268.3</xmax>
      <ymax>705.0</ymax>
    </bndbox>
  </object>
  <object>
    <name>WHITE</name>
    <occluded>0</occluded>
    <bndbox>
      <xmin>581.99</xmin>
      <ymin>591.36</ymin>
      <xmax>629.2</xmax>
      <ymax>639.4</ymax>
    </bndbox>
  </object>
  <object>
    <name>WHITE</name>
    <occluded>0</occluded>
    <bndbox>
      <xmin>530.02</xmin>
      <ymin>662.11</ymin>
      <xmax>579.6</xmax>
      <ymax>713.9</ymax>
    </bndbox>
  </object>
  <object>
    <name>WHITE</name>
    <occluded>0</occluded>
    <bndbox>
      <xmin>469.19</xmin>
      <ymin>741.04</ymin>
      <xmax>523.1</xmax>
      <ymax>791.9</ymax>
    </bndbox>
  </object>
  <object>
    <name>WHITE</name>
    <occluded>0</occluded>
    <bndbox>
      <xmin>410.5</xmin>
      <ymin>823.0</ymin>
      <xmax>460.3</xmax>
      <ymax>868.4</ymax>
    </bndbox>
  </object>
  <object>
    <name>WHITE</name>
    <occluded>0</occluded>
    <bndbox>
      <xmin>355.67</xmin>
      <ymin>877.57</ymin>
      <xmax>399.6</xmax>
      <ymax>922.83</ymax>
    </bndbox>
  </object>
  <object>
    <name>WHITE</name>
    <occluded>0</occluded>
    <bndbox>
      <xmin>527.0</xmin>
      <ymin>529.5</ymin>
      <xmax>574.8</xmax>
      <ymax>568.5</ymax>
    </bndbox>
  </object>
  <object>
    <name>WHITE</name>
    <occluded>0</occluded>
    <bndbox>
      <xmin>474.73</xmin>
      <ymin>587.37</ymin>
      <xmax>524.8</xmax>
      <ymax>634.8</ymax>
    </bndbox>
  </object>
  <object>
    <name>WHITE</name>
    <occluded>0</occluded>
    <bndbox>
      <xmin>276.5</xmin>
      <ymin>584.12</ymin>
      <xmax>321.45</xmax>
      <ymax>628.8</ymax>
    </bndbox>
  </object>
  <object>
    <name>WHITE</name>
    <occluded>0</occluded>
    <bndbox>
      <xmin>699.53</xmin>
      <ymin>575.06</ymin>
      <xmax>731.0</xmax>
      <ymax>614.6</ymax>
    </bndbox>
  </object>
  <object>
    <name>WHITE</name>
    <occluded>0</occluded>
    <bndbox>
      <xmin>408.74</xmin>
      <ymin>655.44</ymin>
      <xmax>461.9</xmax>
      <ymax>705.3</ymax>
    </bndbox>
  </object>
  <object>
    <name>WHITE</name>
    <occluded>0</occluded>
    <bndbox>
      <xmin>359.7</xmin>
      <ymin>730.4</ymin>
      <xmax>409.1</xmax>
      <ymax>782.8</ymax>
    </bndbox>
  </object>
  <object>
    <name>WHITE</name>
    <occluded>0</occluded>
    <bndbox>
      <xmin>303.97</xmin>
      <ymin>802.73</ymin>
      <xmax>346.8</xmax>
      <ymax>847.27</ymax>
    </bndbox>
  </object>
</annotation>
