<annotation>
  <folder>LK</folder>
  <filename>LK_camera4.png</filename>
  <source>
    <database>Unknown</database>
    <annotation>Unknown</annotation>
    <image>Unknown</image>
  </source>
  <size>
    <width>1280</width>
    <height>960</height>
    <depth></depth>
  </size>
  <segmented>0</segmented>
  <object>
    <name>WHITE</name>
    <occluded>0</occluded>
    <bndbox>
      <xmin>527.1</xmin>
      <ymin>617.58</ymin>
      <xmax>559.54</xmax>
      <ymax>658.13</ymax>
    </bndbox>
  </object>
  <object>
    <name>WHITE</name>
    <occluded>0</occluded>
    <bndbox>
      <xmin>833.9</xmin>
      <ymin>881.07</ymin>
      <xmax>871.59</xmax>
      <ymax>912.78</ymax>
    </bndbox>
  </object>
  <object>
    <name>WHITE</name>
    <occluded>0</occluded>
    <bndbox>
      <xmin>667.56</xmin>
      <ymin>867.56</ymin>
      <xmax>702.12</xmax>
      <ymax>893.81</ymax>
    </bndbox>
  </object>
  <object>
    <name>WHITE</name>
    <occluded>0</occluded>
    <bndbox>
      <xmin>731.23</xmin>
      <ymin>880.55</ymin>
      <xmax>775.42</xmax>
      <ymax>903.43</ymax>
    </bndbox>
  </object>
  <object>
    <name>BLACK</name>
    <occluded>0</occluded>
    <bndbox>
      <xmin>707.58</xmin>
      <ymin>840.53</ymin>
      <xmax>751.25</xmax>
      <ymax>868.34</ymax>
    </bndbox>
  </object>
  <object>
    <name>WHITE</name>
    <occluded>0</occluded>
    <bndbox>
      <xmin>655.08</xmin>
      <ymin>883.67</ymin>
      <xmax>696.15</xmax>
      <ymax>918.5</ymax>
    </bndbox>
  </object>
  <object>
    <name>WHITE</name>
    <occluded>0</occluded>
    <bndbox>
      <xmin>695.63</xmin>
      <ymin>915.12</ymin>
      <xmax>738.51</xmax>
      <ymax>949.69</ymax>
    </bndbox>
  </object>
  <object>
    <name>WHITE</name>
    <occluded>0</occluded>
    <bndbox>
      <xmin>770.48</xmin>
      <ymin>897.71</ymin>
      <xmax>809.99</xmax>
      <ymax>930.46</ymax>
    </bndbox>
  </object>
  <object>
    <name>WHITE</name>
    <occluded>0</occluded>
    <bndbox>
      <xmin>749.95</xmin>
      <ymin>924.74</ymin>
      <xmax>789.2</xmax>
      <ymax>958.27</ymax>
    </bndbox>
  </object>
  <object>
    <name>WHITE</name>
    <occluded>0</occluded>
    <bndbox>
      <xmin>809.06</xmin>
      <ymin>614.63</ymin>
      <xmax>853.4</xmax>
      <ymax>657.1</ymax>
    </bndbox>
  </object>
  <object>
    <name>WHITE</name>
    <occluded>0</occluded>
    <bndbox>
      <xmin>715.0</xmin>
      <ymin>741.0</ymin>
      <xmax>758.4</xmax>
      <ymax>775.3</ymax>
    </bndbox>
  </object>
  <object>
    <name>WHITE</name>
    <occluded>0</occluded>
    <bndbox>
      <xmin>760.43</xmin>
      <ymin>675.22</ymin>
      <xmax>806.9</xmax>
      <ymax>718.1</ymax>
    </bndbox>
  </object>
  <object>
    <name>WHITE</name>
    <occluded>0</occluded>
    <bndbox>
      <xmin>663.7</xmin>
      <ymin>783.47</ymin>
      <xmax>707.9</xmax>
      <ymax>817.0</ymax>
    </bndbox>
  </object>
  <object>
    <name>WHITE</name>
    <occluded>0</occluded>
    <bndbox>
      <xmin>633.66</xmin>
      <ymin>817.51</ymin>
      <xmax>671.7</xmax>
      <ymax>848.2</ymax>
    </bndbox>
  </object>
  <object>
    <name>WHITE</name>
    <occluded>0</occluded>
    <bndbox>
      <xmin>822.4</xmin>
      <ymin>473.5</ymin>
      <xmax>865.0</xmax>
      <ymax>516.7</ymax>
    </bndbox>
  </object>
  <object>
    <name>WHITE</name>
    <occluded>0</occluded>
    <bndbox>
      <xmin>769.0</xmin>
      <ymin>536.9</ymin>
      <xmax>813.2</xmax>
      <ymax>583.0</ymax>
    </bndbox>
  </object>
  <object>
    <name>WHITE</name>
    <occluded>0</occluded>
    <bndbox>
      <xmin>762.2</xmin>
      <ymin>795.0</ymin>
      <xmax>805.0</xmax>
      <ymax>829.5</ymax>
    </bndbox>
  </object>
  <object>
    <name>WHITE</name>
    <occluded>0</occluded>
    <bndbox>
      <xmin>808.88</xmin>
      <ymin>740.9</ymin>
      <xmax>850.4</xmax>
      <ymax>776.5</ymax>
    </bndbox>
  </object>
  <object>
    <name>WHITE</name>
    <occluded>0</occluded>
    <bndbox>
      <xmin>847.87</xmin>
      <ymin>676.25</ymin>
      <xmax>890.8</xmax>
      <ymax>718.7</ymax>
    </bndbox>
  </object>
  <object>
    <name>WHITE</name>
    <occluded>0</occluded>
    <bndbox>
      <xmin>894.0</xmin>
      <ymin>612.5</ymin>
      <xmax>934.0</xmax>
      <ymax>655.2</ymax>
    </bndbox>
  </object>
  <object>
    <name>BLACK</name>
    <occluded>0</occluded>
    <bndbox>
      <xmin>923.39</xmin>
      <ymin>548.39</ymin>
      <xmax>963.0</xmax>
      <ymax>593.2</ymax>
    </bndbox>
  </object>
  <object>
    <name>WHITE</name>
    <occluded>0</occluded>
    <bndbox>
      <xmin>837.45</xmin>
      <ymin>788.38</ymin>
      <xmax>876.55</xmax>
      <ymax>822.7</ymax>
    </bndbox>
  </object>
  <object>
    <name>WHITE</name>
    <occluded>0</occluded>
    <bndbox>
      <xmin>888.74</xmin>
      <ymin>728.23</ymin>
      <xmax>928.26</xmax>
      <ymax>768.3</ymax>
    </bndbox>
  </object>
  <object>
    <name>WHITE</name>
    <occluded>0</occluded>
    <bndbox>
      <xmin>921.2</xmin>
      <ymin>663.8</ymin>
      <xmax>960.8</xmax>
      <ymax>707.4</ymax>
    </bndbox>
  </object>
  <object>
    <name>WHITE</name>
    <occluded>0</occluded>
    <bndbox>
      <xmin>971.75</xmin>
      <ymin>513.63</ymin>
      <xmax>1005.2</xmax>
      <ymax>557.7</ymax>
    </bndbox>
  </object>
  <object>
    <name>WHITE</name>
    <occluded>0</occluded>
    <bndbox>
      <xmin>952.0</xmin>
      <ymin>437.33</ymin>
      <xmax>986.5</xmax>
      <ymax>480.4</ymax>
    </bndbox>
  </object>
  <object>
    <name>WHITE</name>
    <occluded>0</occluded>
    <bndbox>
      <xmin>891.6</xmin>
      <ymin>776.9</ymin>
      <xmax>930.4</xmax>
      <ymax>816.0</ymax>
    </bndbox>
  </object>
  <object>
    <name>WHITE</name>
    <occluded>0</occluded>
    <bndbox>
      <xmin>1007.37</xmin>
      <ymin>478.18</ymin>
      <xmax>1030.63</xmax>
      <ymax>518.93</ymax>
    </bndbox>
  </object>
  <object>
    <name>BLACK</name>
    <occluded>0</occluded>
    <bndbox>
      <xmin>804.52</xmin>
      <ymin>913.32</ymin>
      <xmax>842.0</xmax>
      <ymax>955.6</ymax>
    </bndbox>
  </object>
  <object>
    <name>WHITE</name>
    <occluded>0</occluded>
    <bndbox>
      <xmin>803.82</xmin>
      <ymin>867.26</ymin>
      <xmax>840.16</xmax>
      <ymax>894.4</ymax>
    </bndbox>
  </object>
  <object>
    <name>WHITE</name>
    <occluded>0</occluded>
    <bndbox>
      <xmin>1028.11</xmin>
      <ymin>441.46</ymin>
      <xmax>1053.1</xmax>
      <ymax>482.7</ymax>
    </bndbox>
  </object>
  <object>
    <name>WHITE</name>
    <occluded>0</occluded>
    <bndbox>
      <xmin>909.56</xmin>
      <ymin>481.45</ymin>
      <xmax>942.44</xmax>
      <ymax>522.55</ymax>
    </bndbox>
  </object>
  <object>
    <name>WHITE</name>
    <occluded>0</occluded>
    <bndbox>
      <xmin>873.8</xmin>
      <ymin>401.49</ymin>
      <xmax>904.2</xmax>
      <ymax>442.51</ymax>
    </bndbox>
  </object>
  <object>
    <name>WHITE</name>
    <occluded>0</occluded>
    <bndbox>
      <xmin>622.0</xmin>
      <ymin>726.0</ymin>
      <xmax>658.0</xmax>
      <ymax>760.0</ymax>
    </bndbox>
  </object>
  <object>
    <name>WHITE</name>
    <occluded>0</occluded>
    <bndbox>
      <xmin>779.5</xmin>
      <ymin>404.0</ymin>
      <xmax>820.5</xmax>
      <ymax>440.0</ymax>
    </bndbox>
  </object>
  <object>
    <name>WHITE</name>
    <occluded>0</occluded>
    <bndbox>
      <xmin>731.14</xmin>
      <ymin>460.49</ymin>
      <xmax>772.86</xmax>
      <ymax>501.51</ymax>
    </bndbox>
  </object>
  <object>
    <name>WHITE</name>
    <occluded>0</occluded>
    <bndbox>
      <xmin>645.5</xmin>
      <ymin>447.0</ymin>
      <xmax>684.5</xmax>
      <ymax>487.0</ymax>
    </bndbox>
  </object>
  <object>
    <name>WHITE</name>
    <occluded>0</occluded>
    <bndbox>
      <xmin>601.8</xmin>
      <ymin>521.57</ymin>
      <xmax>642.2</xmax>
      <ymax>558.43</ymax>
    </bndbox>
  </object>
  <object>
    <name>WHITE</name>
    <occluded>0</occluded>
    <bndbox>
      <xmin>606.3</xmin>
      <ymin>384.12</ymin>
      <xmax>647.05</xmax>
      <ymax>418.0</ymax>
    </bndbox>
  </object>
  <object>
    <name>WHITE</name>
    <occluded>0</occluded>
    <bndbox>
      <xmin>538.88</xmin>
      <ymin>404.89</ymin>
      <xmax>574.81</xmax>
      <ymax>440.44</ymax>
    </bndbox>
  </object>
  <object>
    <name>WHITE</name>
    <occluded>0</occluded>
    <bndbox>
      <xmin>495.46</xmin>
      <ymin>434.45</ymin>
      <xmax>521.66</xmax>
      <ymax>475.25</ymax>
    </bndbox>
  </object>
  <object>
    <name>WHITE</name>
    <occluded>0</occluded>
    <bndbox>
      <xmin>966.3</xmin>
      <ymin>597.64</ymin>
      <xmax>994.74</xmax>
      <ymax>637.31</ymax>
    </bndbox>
  </object>
  <object>
    <name>WHITE</name>
    <occluded>0</occluded>
    <bndbox>
      <xmin>988.01</xmin>
      <ymin>639.93</ymin>
      <xmax>1018.32</xmax>
      <ymax>680.35</ymax>
    </bndbox>
  </object>
  <object>
    <name>WHITE</name>
    <occluded>0</occluded>
    <bndbox>
      <xmin>486.25</xmin>
      <ymin>581.09</ymin>
      <xmax>512.76</xmax>
      <ymax>625.07</ymax>
    </bndbox>
  </object>
  <object>
    <name>WHITE</name>
    <occluded>0</occluded>
    <bndbox>
      <xmin>489.37</xmin>
      <ymin>691.5</ymin>
      <xmax>511.82</xmax>
      <ymax>728.62</ymax>
    </bndbox>
  </object>
  <object>
    <name>WHITE</name>
    <occluded>0</occluded>
    <bndbox>
      <xmin>495.29</xmin>
      <ymin>655.01</ymin>
      <xmax>528.66</xmax>
      <ymax>689.95</ymax>
    </bndbox>
  </object>
  <object>
    <name>WHITE</name>
    <occluded>0</occluded>
    <bndbox>
      <xmin>948.76</xmin>
      <ymin>716.46</ymin>
      <xmax>984.03</xmax>
      <ymax>753.88</ymax>
    </bndbox>
  </object>
  <object>
    <name>WHITE</name>
    <occluded>0</occluded>
    <bndbox>
      <xmin>1040.43</xmin>
      <ymin>520.03</ymin>
      <xmax>1058.36</xmax>
      <ymax>560.58</ymax>
    </bndbox>
  </object>
  <object>
    <name>WHITE</name>
    <occluded>0</occluded>
    <bndbox>
      <xmin>521.66</xmin>
      <ymin>372.32</ymin>
      <xmax>550.85</xmax>
      <ymax>407.88</ymax>
    </bndbox>
  </object>
  <object>
    <name>WHITE</name>
    <occluded>0</occluded>
    <bndbox>
      <xmin>569.19</xmin>
      <ymin>347.62</ymin>
      <xmax>605.12</xmax>
      <ymax>382.8</ymax>
    </bndbox>
  </object>
  <object>
    <name>WHITE</name>
    <occluded>0</occluded>
    <bndbox>
      <xmin>621.59</xmin>
      <ymin>301.96</ymin>
      <xmax>659.77</xmax>
      <ymax>328.53</ymax>
    </bndbox>
  </object>
  <object>
    <name>BLACK</name>
    <occluded>0</occluded>
    <bndbox>
      <xmin>750.71</xmin>
      <ymin>276.51</ymin>
      <xmax>790.76</xmax>
      <ymax>293.73</ymax>
    </bndbox>
  </object>
  <object>
    <name>WHITE</name>
    <occluded>0</occluded>
    <bndbox>
      <xmin>787.39</xmin>
      <ymin>304.21</ymin>
      <xmax>827.82</xmax>
      <ymax>327.04</ymax>
    </bndbox>
  </object>
  <object>
    <name>WHITE</name>
    <occluded>0</occluded>
    <bndbox>
      <xmin>831.56</xmin>
      <ymin>345.0</ymin>
      <xmax>871.61</xmax>
      <ymax>374.2</ymax>
    </bndbox>
  </object>
  <object>
    <name>WHITE</name>
    <occluded>0</occluded>
    <bndbox>
      <xmin>876.1</xmin>
      <ymin>321.8</ymin>
      <xmax>913.53</xmax>
      <ymax>346.87</ymax>
    </bndbox>
  </object>
  <object>
    <name>WHITE</name>
    <occluded>0</occluded>
    <bndbox>
      <xmin>814.72</xmin>
      <ymin>278.75</ymin>
      <xmax>856.26</xmax>
      <ymax>298.97</ymax>
    </bndbox>
  </object>
  <object>
    <name>WHITE</name>
    <occluded>0</occluded>
    <bndbox>
      <xmin>920.64</xmin>
      <ymin>374.94</ymin>
      <xmax>955.4</xmax>
      <ymax>410.1</ymax>
    </bndbox>
  </object>
  <object>
    <name>WHITE</name>
    <occluded>0</occluded>
    <bndbox>
      <xmin>946.46</xmin>
      <ymin>342.01</ymin>
      <xmax>978.27</xmax>
      <ymax>370.45</ymax>
    </bndbox>
  </object>
  <object>
    <name>WHITE</name>
    <occluded>0</occluded>
    <bndbox>
      <xmin>977.15</xmin>
      <ymin>403.01</ymin>
      <xmax>1011.21</xmax>
      <ymax>437.45</ymax>
    </bndbox>
  </object>
  <object>
    <name>WHITE</name>
    <occluded>0</occluded>
    <bndbox>
      <xmin>1009.71</xmin>
      <ymin>559.46</ymin>
      <xmax>1034.42</xmax>
      <ymax>601.01</ymax>
    </bndbox>
  </object>
  <object>
    <name>WHITE</name>
    <occluded>0</occluded>
    <bndbox>
      <xmin>790.57</xmin>
      <ymin>836.16</ymin>
      <xmax>829.55</xmax>
      <ymax>864.32</ymax>
    </bndbox>
  </object>
  <object>
    <name>WHITE</name>
    <occluded>0</occluded>
    <bndbox>
      <xmin>572.04</xmin>
      <ymin>788.49</ymin>
      <xmax>606.37</xmax>
      <ymax>825.4</ymax>
    </bndbox>
  </object>
  <object>
    <name>WHITE</name>
    <occluded>0</occluded>
    <bndbox>
      <xmin>524.08</xmin>
      <ymin>761.56</ymin>
      <xmax>550.28</xmax>
      <ymax>792.43</ymax>
    </bndbox>
  </object>
  <object>
    <name>WHITE</name>
    <occluded>0</occluded>
    <bndbox>
      <xmin>482.66</xmin>
      <ymin>505.46</ymin>
      <xmax>500.75</xmax>
      <ymax>546.63</ymax>
    </bndbox>
  </object>
  <object>
    <name>WHITE</name>
    <occluded>0</occluded>
    <bndbox>
      <xmin>853.13</xmin>
      <ymin>546.51</ymin>
      <xmax>897.6</xmax>
      <ymax>591.2</ymax>
    </bndbox>
  </object>
  <object>
    <name>WHITE</name>
    <occluded>0</occluded>
    <bndbox>
      <xmin>511.9</xmin>
      <ymin>471.02</ymin>
      <xmax>543.33</xmax>
      <ymax>515.0</ymax>
    </bndbox>
  </object>
  <object>
    <name>WHITE</name>
    <occluded>0</occluded>
    <bndbox>
      <xmin>565.04</xmin>
      <ymin>452.1</ymin>
      <xmax>604.96</xmax>
      <ymax>489.4</ymax>
    </bndbox>
  </object>
  <object>
    <name>WHITE</name>
    <occluded>0</occluded>
    <bndbox>
      <xmin>654.36</xmin>
      <ymin>329.96</ymin>
      <xmax>693.88</xmax>
      <ymax>362.2</ymax>
    </bndbox>
  </object>
  <object>
    <name>WHITE</name>
    <occluded>0</occluded>
    <bndbox>
      <xmin>704.3</xmin>
      <ymin>293.6</ymin>
      <xmax>744.2</xmax>
      <ymax>317.8</ymax>
    </bndbox>
  </object>
  <object>
    <name>WHITE</name>
    <occluded>0</occluded>
    <bndbox>
      <xmin>506.26</xmin>
      <ymin>547.75</ymin>
      <xmax>533.7</xmax>
      <ymax>588.9</ymax>
    </bndbox>
  </object>
  <object>
    <name>BLACK</name>
    <occluded>0</occluded>
    <bndbox>
      <xmin>546.25</xmin>
      <ymin>512.01</ymin>
      <xmax>584.0</xmax>
      <ymax>558.0</ymax>
    </bndbox>
  </object>
  <object>
    <name>WHITE</name>
    <occluded>0</occluded>
    <bndbox>
      <xmin>563.19</xmin>
      <ymin>574.19</ymin>
      <xmax>600.9</xmax>
      <ymax>616.9</ymax>
    </bndbox>
  </object>
  <object>
    <name>WHITE</name>
    <occluded>0</occluded>
    <bndbox>
      <xmin>685.13</xmin>
      <ymin>394.0</ymin>
      <xmax>732.6</xmax>
      <ymax>435.4</ymax>
    </bndbox>
  </object>
  <object>
    <name>WHITE</name>
    <occluded>0</occluded>
    <bndbox>
      <xmin>736.0</xmin>
      <ymin>343.01</ymin>
      <xmax>780.9</xmax>
      <ymax>376.2</ymax>
    </bndbox>
  </object>
  <object>
    <name>WHITE</name>
    <occluded>0</occluded>
    <bndbox>
      <xmin>531.11</xmin>
      <ymin>723.6</ymin>
      <xmax>558.8</xmax>
      <ymax>759.9</ymax>
    </bndbox>
  </object>
  <object>
    <name>WHITE</name>
    <occluded>0</occluded>
    <bndbox>
      <xmin>558.61</xmin>
      <ymin>690.32</ymin>
      <xmax>589.0</xmax>
      <ymax>727.5</ymax>
    </bndbox>
  </object>
  <object>
    <name>WHITE</name>
    <occluded>0</occluded>
    <bndbox>
      <xmin>579.19</xmin>
      <ymin>641.57</ymin>
      <xmax>617.8</xmax>
      <ymax>685.2</ymax>
    </bndbox>
  </object>
  <object>
    <name>WHITE</name>
    <occluded>0</occluded>
    <bndbox>
      <xmin>635.33</xmin>
      <ymin>590.19</ymin>
      <xmax>680.0</xmax>
      <ymax>634.1</ymax>
    </bndbox>
  </object>
  <object>
    <name>WHITE</name>
    <occluded>0</occluded>
    <bndbox>
      <xmin>680.63</xmin>
      <ymin>527.0</ymin>
      <xmax>726.6</xmax>
      <ymax>572.5</ymax>
    </bndbox>
  </object>
  <object>
    <name>WHITE</name>
    <occluded>0</occluded>
    <bndbox>
      <xmin>583.58</xmin>
      <ymin>755.63</ymin>
      <xmax>620.6</xmax>
      <ymax>791.7</ymax>
    </bndbox>
  </object>
  <object>
    <name>WHITE</name>
    <occluded>0</occluded>
    <bndbox>
      <xmin>666.22</xmin>
      <ymin>665.43</ymin>
      <xmax>711.0</xmax>
      <ymax>709.7</ymax>
    </bndbox>
  </object>
  <object>
    <name>WHITE</name>
    <occluded>0</occluded>
    <bndbox>
      <xmin>720.88</xmin>
      <ymin>605.38</ymin>
      <xmax>766.2</xmax>
      <ymax>648.8</ymax>
    </bndbox>
  </object>
</annotation>
