<annotation>
  <folder>LK</folder>
  <filename>LK_camera8.png</filename>
  <source>
    <database>Unknown</database>
    <annotation>Unknown</annotation>
    <image>Unknown</image>
  </source>
  <size>
    <width>1280</width>
    <height>960</height>
    <depth></depth>
  </size>
  <segmented>0</segmented>
  <object>
    <name>WHITE</name>
    <occluded>0</occluded>
    <bndbox>
      <xmin>778.44</xmin>
      <ymin>709.48</ymin>
      <xmax>825.8</xmax>
      <ymax>762.3</ymax>
    </bndbox>
  </object>
  <object>
    <name>WHITE</name>
    <occluded>0</occluded>
    <bndbox>
      <xmin>890.53</xmin>
      <ymin>321.74</ymin>
      <xmax>926.6</xmax>
      <ymax>354.9</ymax>
    </bndbox>
  </object>
  <object>
    <name>WHITE</name>
    <occluded>0</occluded>
    <bndbox>
      <xmin>878.58</xmin>
      <ymin>367.08</ymin>
      <xmax>914.9</xmax>
      <ymax>406.5</ymax>
    </bndbox>
  </object>
  <object>
    <name>WHITE</name>
    <occluded>0</occluded>
    <bndbox>
      <xmin>847.5</xmin>
      <ymin>424.64</ymin>
      <xmax>889.2</xmax>
      <ymax>469.36</ymax>
    </bndbox>
  </object>
  <object>
    <name>WHITE</name>
    <occluded>0</occluded>
    <bndbox>
      <xmin>901.2</xmin>
      <ymin>496.81</ymin>
      <xmax>939.7</xmax>
      <ymax>541.19</ymax>
    </bndbox>
  </object>
  <object>
    <name>WHITE</name>
    <occluded>0</occluded>
    <bndbox>
      <xmin>907.5</xmin>
      <ymin>654.49</ymin>
      <xmax>952.4</xmax>
      <ymax>706.3</ymax>
    </bndbox>
  </object>
  <object>
    <name>WHITE</name>
    <occluded>0</occluded>
    <bndbox>
      <xmin>871.56</xmin>
      <ymin>733.38</ymin>
      <xmax>916.56</xmax>
      <ymax>783.6</ymax>
    </bndbox>
  </object>
  <object>
    <name>WHITE</name>
    <occluded>0</occluded>
    <bndbox>
      <xmin>588.0</xmin>
      <ymin>483.1</ymin>
      <xmax>638.9</xmax>
      <ymax>532.0</ymax>
    </bndbox>
  </object>
  <object>
    <name>WHITE</name>
    <occluded>0</occluded>
    <bndbox>
      <xmin>972.95</xmin>
      <ymin>680.48</ymin>
      <xmax>1013.0</xmax>
      <ymax>731.5</ymax>
    </bndbox>
  </object>
  <object>
    <name>WHITE</name>
    <occluded>0</occluded>
    <bndbox>
      <xmin>952.0</xmin>
      <ymin>746.5</ymin>
      <xmax>987.9</xmax>
      <ymax>796.6</ymax>
    </bndbox>
  </object>
  <object>
    <name>WHITE</name>
    <occluded>0</occluded>
    <bndbox>
      <xmin>887.03</xmin>
      <ymin>804.68</ymin>
      <xmax>933.1</xmax>
      <ymax>855.9</ymax>
    </bndbox>
  </object>
  <object>
    <name>WHITE</name>
    <occluded>0</occluded>
    <bndbox>
      <xmin>826.88</xmin>
      <ymin>487.12</ymin>
      <xmax>869.7</xmax>
      <ymax>531.2</ymax>
    </bndbox>
  </object>
  <object>
    <name>WHITE</name>
    <occluded>0</occluded>
    <bndbox>
      <xmin>827.21</xmin>
      <ymin>306.38</ymin>
      <xmax>866.2</xmax>
      <ymax>343.7</ymax>
    </bndbox>
  </object>
  <object>
    <name>WHITE</name>
    <occluded>0</occluded>
    <bndbox>
      <xmin>800.82</xmin>
      <ymin>353.44</ymin>
      <xmax>842.4</xmax>
      <ymax>397.1</ymax>
    </bndbox>
  </object>
  <object>
    <name>WHITE</name>
    <occluded>0</occluded>
    <bndbox>
      <xmin>761.2</xmin>
      <ymin>425.62</ymin>
      <xmax>808.3</xmax>
      <ymax>473.0</ymax>
    </bndbox>
  </object>
  <object>
    <name>BLACK</name>
    <occluded>0</occluded>
    <bndbox>
      <xmin>528.36</xmin>
      <ymin>756.56</ymin>
      <xmax>584.6</xmax>
      <ymax>804.2</ymax>
    </bndbox>
  </object>
  <object>
    <name>WHITE</name>
    <occluded>0</occluded>
    <bndbox>
      <xmin>751.47</xmin>
      <ymin>298.17</ymin>
      <xmax>797.4</xmax>
      <ymax>333.7</ymax>
    </bndbox>
  </object>
  <object>
    <name>WHITE</name>
    <occluded>0</occluded>
    <bndbox>
      <xmin>712.61</xmin>
      <ymin>351.14</ymin>
      <xmax>761.4</xmax>
      <ymax>398.9</ymax>
    </bndbox>
  </object>
  <object>
    <name>WHITE</name>
    <occluded>0</occluded>
    <bndbox>
      <xmin>666.59</xmin>
      <ymin>427.16</ymin>
      <xmax>718.2</xmax>
      <ymax>472.84</ymax>
    </bndbox>
  </object>
  <object>
    <name>WHITE</name>
    <occluded>0</occluded>
    <bndbox>
      <xmin>799.56</xmin>
      <ymin>784.56</ymin>
      <xmax>847.9</xmax>
      <ymax>837.1</ymax>
    </bndbox>
  </object>
  <object>
    <name>WHITE</name>
    <occluded>0</occluded>
    <bndbox>
      <xmin>420.96</xmin>
      <ymin>629.1</ymin>
      <xmax>467.04</xmax>
      <ymax>681.3</ymax>
    </bndbox>
  </object>
  <object>
    <name>WHITE</name>
    <occluded>0</occluded>
    <bndbox>
      <xmin>430.73</xmin>
      <ymin>490.26</ymin>
      <xmax>475.27</xmax>
      <ymax>527.74</ymax>
    </bndbox>
  </object>
  <object>
    <name>WHITE</name>
    <occluded>0</occluded>
    <bndbox>
      <xmin>380.0</xmin>
      <ymin>660.5</ymin>
      <xmax>406.0</xmax>
      <ymax>705.5</ymax>
    </bndbox>
  </object>
  <object>
    <name>WHITE</name>
    <occluded>0</occluded>
    <bndbox>
      <xmin>1026.7</xmin>
      <ymin>719.05</ymin>
      <xmax>1049.3</xmax>
      <ymax>767.4</ymax>
    </bndbox>
  </object>
  <object>
    <name>WHITE</name>
    <occluded>0</occluded>
    <bndbox>
      <xmin>1001.01</xmin>
      <ymin>770.19</ymin>
      <xmax>1036.1</xmax>
      <ymax>820.6</ymax>
    </bndbox>
  </object>
  <object>
    <name>WHITE</name>
    <occluded>0</occluded>
    <bndbox>
      <xmin>1040.63</xmin>
      <ymin>770.93</ymin>
      <xmax>1060.9</xmax>
      <ymax>821.2</ymax>
    </bndbox>
  </object>
  <object>
    <name>WHITE</name>
    <occluded>0</occluded>
    <bndbox>
      <xmin>1018.6</xmin>
      <ymin>813.37</ymin>
      <xmax>1038.28</xmax>
      <ymax>861.1</ymax>
    </bndbox>
  </object>
  <object>
    <name>WHITE</name>
    <occluded>0</occluded>
    <bndbox>
      <xmin>414.3</xmin>
      <ymin>713.95</ymin>
      <xmax>453.3</xmax>
      <ymax>758.95</ymax>
    </bndbox>
  </object>
  <object>
    <name>BLACK</name>
    <occluded>0</occluded>
    <bndbox>
      <xmin>864.57</xmin>
      <ymin>560.46</ymin>
      <xmax>908.8</xmax>
      <ymax>611.8</ymax>
    </bndbox>
  </object>
  <object>
    <name>WHITE</name>
    <occluded>0</occluded>
    <bndbox>
      <xmin>923.62</xmin>
      <ymin>571.66</ymin>
      <xmax>965.6</xmax>
      <ymax>621.9</ymax>
    </bndbox>
  </object>
  <object>
    <name>WHITE</name>
    <occluded>0</occluded>
    <bndbox>
      <xmin>831.9</xmin>
      <ymin>642.19</ymin>
      <xmax>880.1</xmax>
      <ymax>693.1</ymax>
    </bndbox>
  </object>
  <object>
    <name>WHITE</name>
    <occluded>0</occluded>
    <bndbox>
      <xmin>494.6</xmin>
      <ymin>297.71</ymin>
      <xmax>536.36</xmax>
      <ymax>334.7</ymax>
    </bndbox>
  </object>
  <object>
    <name>WHITE</name>
    <occluded>0</occluded>
    <bndbox>
      <xmin>441.7</xmin>
      <ymin>359.8</ymin>
      <xmax>485.95</xmax>
      <ymax>395.7</ymax>
    </bndbox>
  </object>
  <object>
    <name>WHITE</name>
    <occluded>0</occluded>
    <bndbox>
      <xmin>578.71</xmin>
      <ymin>296.01</ymin>
      <xmax>622.7</xmax>
      <ymax>327.2</ymax>
    </bndbox>
  </object>
  <object>
    <name>BLACK</name>
    <occluded>0</occluded>
    <bndbox>
      <xmin>394.59</xmin>
      <ymin>568.1</ymin>
      <xmax>438.8</xmax>
      <ymax>621.9</ymax>
    </bndbox>
  </object>
  <object>
    <name>WHITE</name>
    <occluded>0</occluded>
    <bndbox>
      <xmin>525.59</xmin>
      <ymin>349.7</ymin>
      <xmax>571.2</xmax>
      <ymax>387.4</ymax>
    </bndbox>
  </object>
  <object>
    <name>WHITE</name>
    <occluded>0</occluded>
    <bndbox>
      <xmin>480.52</xmin>
      <ymin>411.37</ymin>
      <xmax>525.72</xmax>
      <ymax>456.9</ymax>
    </bndbox>
  </object>
  <object>
    <name>WHITE</name>
    <occluded>0</occluded>
    <bndbox>
      <xmin>478.0</xmin>
      <ymin>697.5</ymin>
      <xmax>526.7</xmax>
      <ymax>745.8</ymax>
    </bndbox>
  </object>
  <object>
    <name>WHITE</name>
    <occluded>0</occluded>
    <bndbox>
      <xmin>670.26</xmin>
      <ymin>293.51</ymin>
      <xmax>719.9</xmax>
      <ymax>335.6</ymax>
    </bndbox>
  </object>
  <object>
    <name>WHITE</name>
    <occluded>0</occluded>
    <bndbox>
      <xmin>614.0</xmin>
      <ymin>351.55</ymin>
      <xmax>665.11</xmax>
      <ymax>392.9</ymax>
    </bndbox>
  </object>
  <object>
    <name>WHITE</name>
    <occluded>0</occluded>
    <bndbox>
      <xmin>574.1</xmin>
      <ymin>416.1</ymin>
      <xmax>624.8</xmax>
      <ymax>460.1</ymax>
    </bndbox>
  </object>
  <object>
    <name>WHITE</name>
    <occluded>0</occluded>
    <bndbox>
      <xmin>516.4</xmin>
      <ymin>480.63</ymin>
      <xmax>564.3</xmax>
      <ymax>524.7</ymax>
    </bndbox>
  </object>
  <object>
    <name>WHITE</name>
    <occluded>0</occluded>
    <bndbox>
      <xmin>553.44</xmin>
      <ymin>547.71</ymin>
      <xmax>600.56</xmax>
      <ymax>592.29</ymax>
    </bndbox>
  </object>
  <object>
    <name>WHITE</name>
    <occluded>0</occluded>
    <bndbox>
      <xmin>502.0</xmin>
      <ymin>622.5</ymin>
      <xmax>546.0</xmax>
      <ymax>669.5</ymax>
    </bndbox>
  </object>
  <object>
    <name>WHITE</name>
    <occluded>0</occluded>
    <bndbox>
      <xmin>466.67</xmin>
      <ymin>768.08</ymin>
      <xmax>513.33</xmax>
      <ymax>811.92</ymax>
    </bndbox>
  </object>
  <object>
    <name>WHITE</name>
    <occluded>0</occluded>
    <bndbox>
      <xmin>475.0</xmin>
      <ymin>553.0</ymin>
      <xmax>517.0</xmax>
      <ymax>599.0</ymax>
    </bndbox>
  </object>
  <object>
    <name>WHITE</name>
    <occluded>0</occluded>
    <bndbox>
      <xmin>564.31</xmin>
      <ymin>693.31</ymin>
      <xmax>611.69</xmax>
      <ymax>740.69</ymax>
    </bndbox>
  </object>
  <object>
    <name>WHITE</name>
    <occluded>0</occluded>
    <bndbox>
      <xmin>585.0</xmin>
      <ymin>615.0</ymin>
      <xmax>631.0</xmax>
      <ymax>663.0</ymax>
    </bndbox>
  </object>
  <object>
    <name>WHITE</name>
    <occluded>0</occluded>
    <bndbox>
      <xmin>344.07</xmin>
      <ymin>453.75</ymin>
      <xmax>370.48</xmax>
      <ymax>497.41</ymax>
    </bndbox>
  </object>
  <object>
    <name>WHITE</name>
    <occluded>0</occluded>
    <bndbox>
      <xmin>982.86</xmin>
      <ymin>439.73</ymin>
      <xmax>1015.2</xmax>
      <ymax>482.4</ymax>
    </bndbox>
  </object>
  <object>
    <name>WHITE</name>
    <occluded>0</occluded>
    <bndbox>
      <xmin>1018.35</xmin>
      <ymin>499.91</ymin>
      <xmax>1042.15</xmax>
      <ymax>539.89</ymax>
    </bndbox>
  </object>
  <object>
    <name>WHITE</name>
    <occluded>0</occluded>
    <bndbox>
      <xmin>971.19</xmin>
      <ymin>503.06</ymin>
      <xmax>1005.32</xmax>
      <ymax>544.83</ymax>
    </bndbox>
  </object>
  <object>
    <name>WHITE</name>
    <occluded>0</occluded>
    <bndbox>
      <xmin>984.44</xmin>
      <ymin>589.7</ymin>
      <xmax>1021.26</xmax>
      <ymax>629.67</ymax>
    </bndbox>
  </object>
  <object>
    <name>WHITE</name>
    <occluded>0</occluded>
    <bndbox>
      <xmin>939.09</xmin>
      <ymin>335.12</ymin>
      <xmax>975.02</xmax>
      <ymax>369.18</ymax>
    </bndbox>
  </object>
  <object>
    <name>WHITE</name>
    <occluded>0</occluded>
    <bndbox>
      <xmin>939.84</xmin>
      <ymin>378.91</ymin>
      <xmax>974.27</xmax>
      <ymax>417.09</ymax>
    </bndbox>
  </object>
  <object>
    <name>WHITE</name>
    <occluded>0</occluded>
    <bndbox>
      <xmin>931.6</xmin>
      <ymin>434.68</ymin>
      <xmax>962.67</xmax>
      <ymax>475.47</ymax>
    </bndbox>
  </object>
  <object>
    <name>WHITE</name>
    <occluded>0</occluded>
    <bndbox>
      <xmin>831.3</xmin>
      <ymin>271.12</ymin>
      <xmax>872.47</xmax>
      <ymax>296.2</ymax>
    </bndbox>
  </object>
  <object>
    <name>WHITE</name>
    <occluded>0</occluded>
    <bndbox>
      <xmin>768.79</xmin>
      <ymin>257.27</ymin>
      <xmax>808.84</xmax>
      <ymax>283.47</ymax>
    </bndbox>
  </object>
  <object>
    <name>WHITE</name>
    <occluded>0</occluded>
    <bndbox>
      <xmin>693.94</xmin>
      <ymin>246.04</ymin>
      <xmax>740.35</xmax>
      <ymax>273.74</ymax>
    </bndbox>
  </object>
  <object>
    <name>WHITE</name>
    <occluded>0</occluded>
    <bndbox>
      <xmin>619.79</xmin>
      <ymin>256.9</ymin>
      <xmax>672.98</xmax>
      <ymax>287.59</ymax>
    </bndbox>
  </object>
  <object>
    <name>WHITE</name>
    <occluded>0</occluded>
    <bndbox>
      <xmin>551.3</xmin>
      <ymin>251.66</ymin>
      <xmax>595.13</xmax>
      <ymax>279.73</ymax>
    </bndbox>
  </object>
  <object>
    <name>WHITE</name>
    <occluded>0</occluded>
    <bndbox>
      <xmin>425.55</xmin>
      <ymin>316.03</ymin>
      <xmax>462.64</xmax>
      <ymax>351.21</ymax>
    </bndbox>
  </object>
  <object>
    <name>WHITE</name>
    <occluded>0</occluded>
    <bndbox>
      <xmin>378.01</xmin>
      <ymin>384.53</ymin>
      <xmax>410.24</xmax>
      <ymax>423.82</ymax>
    </bndbox>
  </object>
  <object>
    <name>WHITE</name>
    <occluded>0</occluded>
    <bndbox>
      <xmin>396.73</xmin>
      <ymin>429.44</ymin>
      <xmax>434.19</xmax>
      <ymax>475.47</ymax>
    </bndbox>
  </object>
  <object>
    <name>WHITE</name>
    <occluded>0</occluded>
    <bndbox>
      <xmin>363.74</xmin>
      <ymin>507.42</ymin>
      <xmax>393.38</xmax>
      <ymax>553.68</ymax>
    </bndbox>
  </object>
  <object>
    <name>WHITE</name>
    <occluded>0</occluded>
    <bndbox>
      <xmin>355.21</xmin>
      <ymin>592.3</ymin>
      <xmax>378.56</xmax>
      <ymax>639.91</ymax>
    </bndbox>
  </object>
  <object>
    <name>WHITE</name>
    <occluded>0</occluded>
    <bndbox>
      <xmin>418.08</xmin>
      <ymin>766.11</ymin>
      <xmax>459.85</xmax>
      <ymax>801.14</ymax>
    </bndbox>
  </object>
  <object>
    <name>WHITE</name>
    <occluded>0</occluded>
    <bndbox>
      <xmin>378.11</xmin>
      <ymin>710.42</ymin>
      <xmax>412.69</xmax>
      <ymax>758.48</ymax>
    </bndbox>
  </object>
  <object>
    <name>WHITE</name>
    <occluded>0</occluded>
    <bndbox>
      <xmin>950.97</xmin>
      <ymin>823.84</ymin>
      <xmax>996.2</xmax>
      <ymax>879.36</ymax>
    </bndbox>
  </object>
  <object>
    <name>WHITE</name>
    <occluded>0</occluded>
    <bndbox>
      <xmin>1028.45</xmin>
      <ymin>641.91</ymin>
      <xmax>1056.52</xmax>
      <ymax>685.58</ymax>
    </bndbox>
  </object>
  <object>
    <name>BLACK</name>
    <occluded>0</occluded>
    <bndbox>
      <xmin>1056.22</xmin>
      <ymin>687.79</ymin>
      <xmax>1076.8</xmax>
      <ymax>731.98</ymax>
    </bndbox>
  </object>
</annotation>
