<annotation>
  <folder>LK</folder>
  <filename>LK_camera6.png</filename>
  <source>
    <database>Unknown</database>
    <annotation>Unknown</annotation>
    <image>Unknown</image>
  </source>
  <size>
    <width>1280</width>
    <height>960</height>
    <depth></depth>
  </size>
  <segmented>0</segmented>
  <object>
    <name>WHITE</name>
    <occluded>0</occluded>
    <bndbox>
      <xmin>697.2</xmin>
      <ymin>700.8</ymin>
      <xmax>733.27</xmax>
      <ymax>734.1</ymax>
    </bndbox>
  </object>
  <object>
    <name>WHITE</name>
    <occluded>0</occluded>
    <bndbox>
      <xmin>637.98</xmin>
      <ymin>291.78</ymin>
      <xmax>676.66</xmax>
      <ymax>315.48</ymax>
    </bndbox>
  </object>
  <object>
    <name>WHITE</name>
    <occluded>0</occluded>
    <bndbox>
      <xmin>204.76</xmin>
      <ymin>374.9</ymin>
      <xmax>240.0</xmax>
      <ymax>413.26</ymax>
    </bndbox>
  </object>
  <object>
    <name>WHITE</name>
    <occluded>0</occluded>
    <bndbox>
      <xmin>261.84</xmin>
      <ymin>356.81</ymin>
      <xmax>300.82</xmax>
      <ymax>390.81</ymax>
    </bndbox>
  </object>
  <object>
    <name>WHITE</name>
    <occluded>0</occluded>
    <bndbox>
      <xmin>461.14</xmin>
      <ymin>269.17</ymin>
      <xmax>502.62</xmax>
      <ymax>291.31</ymax>
    </bndbox>
  </object>
  <object>
    <name>BLACK</name>
    <occluded>0</occluded>
    <bndbox>
      <xmin>514.47</xmin>
      <ymin>249.21</ymin>
      <xmax>557.83</xmax>
      <ymax>268.23</ymax>
    </bndbox>
  </object>
  <object>
    <name>WHITE</name>
    <occluded>0</occluded>
    <bndbox>
      <xmin>584.03</xmin>
      <ymin>249.21</ymin>
      <xmax>625.51</xmax>
      <ymax>271.66</ymax>
    </bndbox>
  </object>
  <object>
    <name>WHITE</name>
    <occluded>0</occluded>
    <bndbox>
      <xmin>742.47</xmin>
      <ymin>380.2</ymin>
      <xmax>770.23</xmax>
      <ymax>417.0</ymax>
    </bndbox>
  </object>
  <object>
    <name>WHITE</name>
    <occluded>0</occluded>
    <bndbox>
      <xmin>340.94</xmin>
      <ymin>898.76</ymin>
      <xmax>388.0</xmax>
      <ymax>934.2</ymax>
    </bndbox>
  </object>
  <object>
    <name>WHITE</name>
    <occluded>0</occluded>
    <bndbox>
      <xmin>798.73</xmin>
      <ymin>501.13</ymin>
      <xmax>816.41</xmax>
      <ymax>541.68</ymax>
    </bndbox>
  </object>
  <object>
    <name>WHITE</name>
    <occluded>0</occluded>
    <bndbox>
      <xmin>264.43</xmin>
      <ymin>857.88</ymin>
      <xmax>307.6</xmax>
      <ymax>895.0</ymax>
    </bndbox>
  </object>
  <object>
    <name>WHITE</name>
    <occluded>0</occluded>
    <bndbox>
      <xmin>751.83</xmin>
      <ymin>760.96</ymin>
      <xmax>779.58</xmax>
      <ymax>791.25</ymax>
    </bndbox>
  </object>
  <object>
    <name>WHITE</name>
    <occluded>0</occluded>
    <bndbox>
      <xmin>731.83</xmin>
      <ymin>802.48</ymin>
      <xmax>760.87</xmax>
      <ymax>836.47</ymax>
    </bndbox>
  </object>
  <object>
    <name>WHITE</name>
    <occluded>0</occluded>
    <bndbox>
      <xmin>703.26</xmin>
      <ymin>786.96</ymin>
      <xmax>735.03</xmax>
      <ymax>820.89</ymax>
    </bndbox>
  </object>
  <object>
    <name>WHITE</name>
    <occluded>0</occluded>
    <bndbox>
      <xmin>783.58</xmin>
      <ymin>697.21</ymin>
      <xmax>813.21</xmax>
      <ymax>733.39</ymax>
    </bndbox>
  </object>
  <object>
    <name>WHITE</name>
    <occluded>0</occluded>
    <bndbox>
      <xmin>731.18</xmin>
      <ymin>727.47</ymin>
      <xmax>764.86</xmax>
      <ymax>764.89</ymax>
    </bndbox>
  </object>
  <object>
    <name>WHITE</name>
    <occluded>0</occluded>
    <bndbox>
      <xmin>314.82</xmin>
      <ymin>830.02</ymin>
      <xmax>359.9</xmax>
      <ymax>872.9</ymax>
    </bndbox>
  </object>
  <object>
    <name>WHITE</name>
    <occluded>0</occluded>
    <bndbox>
      <xmin>762.05</xmin>
      <ymin>658.54</ymin>
      <xmax>793.56</xmax>
      <ymax>695.03</ymax>
    </bndbox>
  </object>
  <object>
    <name>WHITE</name>
    <occluded>0</occluded>
    <bndbox>
      <xmin>733.98</xmin>
      <ymin>612.38</ymin>
      <xmax>766.42</xmax>
      <ymax>656.67</ymax>
    </bndbox>
  </object>
  <object>
    <name>WHITE</name>
    <occluded>0</occluded>
    <bndbox>
      <xmin>194.4</xmin>
      <ymin>621.4</ymin>
      <xmax>226.84</xmax>
      <ymax>666.65</ymax>
    </bndbox>
  </object>
  <object>
    <name>WHITE</name>
    <occluded>0</occluded>
    <bndbox>
      <xmin>268.64</xmin>
      <ymin>914.6</ymin>
      <xmax>304.5</xmax>
      <ymax>952.03</ymax>
    </bndbox>
  </object>
  <object>
    <name>WHITE</name>
    <occluded>0</occluded>
    <bndbox>
      <xmin>622.14</xmin>
      <ymin>732.44</ymin>
      <xmax>663.86</xmax>
      <ymax>763.56</ymax>
    </bndbox>
  </object>
  <object>
    <name>WHITE</name>
    <occluded>0</occluded>
    <bndbox>
      <xmin>412.82</xmin>
      <ymin>889.44</ymin>
      <xmax>459.1</xmax>
      <ymax>923.7</ymax>
    </bndbox>
  </object>
  <object>
    <name>WHITE</name>
    <occluded>0</occluded>
    <bndbox>
      <xmin>205.95</xmin>
      <ymin>844.43</ymin>
      <xmax>231.83</xmax>
      <ymax>880.29</ymax>
    </bndbox>
  </object>
  <object>
    <name>WHITE</name>
    <occluded>0</occluded>
    <bndbox>
      <xmin>286.42</xmin>
      <ymin>910.24</ymin>
      <xmax>325.4</xmax>
      <ymax>944.54</ymax>
    </bndbox>
  </object>
  <object>
    <name>WHITE</name>
    <occluded>0</occluded>
    <bndbox>
      <xmin>453.59</xmin>
      <ymin>929.26</ymin>
      <xmax>496.32</xmax>
      <ymax>957.02</ymax>
    </bndbox>
  </object>
  <object>
    <name>WHITE</name>
    <occluded>0</occluded>
    <bndbox>
      <xmin>665.0</xmin>
      <ymin>650.3</ymin>
      <xmax>704.7</xmax>
      <ymax>691.5</ymax>
    </bndbox>
  </object>
  <object>
    <name>WHITE</name>
    <occluded>0</occluded>
    <bndbox>
      <xmin>696.84</xmin>
      <ymin>573.25</ymin>
      <xmax>729.3</xmax>
      <ymax>621.0</ymax>
    </bndbox>
  </object>
  <object>
    <name>WHITE</name>
    <occluded>0</occluded>
    <bndbox>
      <xmin>708.11</xmin>
      <ymin>490.47</ymin>
      <xmax>742.7</xmax>
      <ymax>536.0</ymax>
    </bndbox>
  </object>
  <object>
    <name>WHITE</name>
    <occluded>0</occluded>
    <bndbox>
      <xmin>699.24</xmin>
      <ymin>414.2</ymin>
      <xmax>734.4</xmax>
      <ymax>455.8</ymax>
    </bndbox>
  </object>
  <object>
    <name>WHITE</name>
    <occluded>0</occluded>
    <bndbox>
      <xmin>676.54</xmin>
      <ymin>342.43</ymin>
      <xmax>716.7</xmax>
      <ymax>382.8</ymax>
    </bndbox>
  </object>
  <object>
    <name>WHITE</name>
    <occluded>0</occluded>
    <bndbox>
      <xmin>535.35</xmin>
      <ymin>904.8</ymin>
      <xmax>574.65</xmax>
      <ymax>942.2</ymax>
    </bndbox>
  </object>
  <object>
    <name>WHITE</name>
    <occluded>0</occluded>
    <bndbox>
      <xmin>675.46</xmin>
      <ymin>751.93</ymin>
      <xmax>715.66</xmax>
      <ymax>789.9</ymax>
    </bndbox>
  </object>
  <object>
    <name>BLACK</name>
    <occluded>0</occluded>
    <bndbox>
      <xmin>228.47</xmin>
      <ymin>854.58</ymin>
      <xmax>255.7</xmax>
      <ymax>895.6</ymax>
    </bndbox>
  </object>
  <object>
    <name>WHITE</name>
    <occluded>0</occluded>
    <bndbox>
      <xmin>484.63</xmin>
      <ymin>783.69</ymin>
      <xmax>531.9</xmax>
      <ymax>823.9</ymax>
    </bndbox>
  </object>
  <object>
    <name>WHITE</name>
    <occluded>0</occluded>
    <bndbox>
      <xmin>543.19</xmin>
      <ymin>733.87</ymin>
      <xmax>585.7</xmax>
      <ymax>775.02</ymax>
    </bndbox>
  </object>
  <object>
    <name>BLACK</name>
    <occluded>0</occluded>
    <bndbox>
      <xmin>448.2</xmin>
      <ymin>837.23</ymin>
      <xmax>492.7</xmax>
      <ymax>874.6</ymax>
    </bndbox>
  </object>
  <object>
    <name>WHITE</name>
    <occluded>0</occluded>
    <bndbox>
      <xmin>753.5</xmin>
      <ymin>537.0</ymin>
      <xmax>779.8</xmax>
      <ymax>579.9</ymax>
    </bndbox>
  </object>
  <object>
    <name>WHITE</name>
    <occluded>0</occluded>
    <bndbox>
      <xmin>758.93</xmin>
      <ymin>454.57</ymin>
      <xmax>785.1</xmax>
      <ymax>498.0</ymax>
    </bndbox>
  </object>
  <object>
    <name>WHITE</name>
    <occluded>0</occluded>
    <bndbox>
      <xmin>633.96</xmin>
      <ymin>452.42</ymin>
      <xmax>676.7</xmax>
      <ymax>498.9</ymax>
    </bndbox>
  </object>
  <object>
    <name>WHITE</name>
    <occluded>0</occluded>
    <bndbox>
      <xmin>577.5</xmin>
      <ymin>516.2</ymin>
      <xmax>624.2</xmax>
      <ymax>565.1</ymax>
    </bndbox>
  </object>
  <object>
    <name>WHITE</name>
    <occluded>0</occluded>
    <bndbox>
      <xmin>533.6</xmin>
      <ymin>592.99</ymin>
      <xmax>580.95</xmax>
      <ymax>640.6</ymax>
    </bndbox>
  </object>
  <object>
    <name>WHITE</name>
    <occluded>0</occluded>
    <bndbox>
      <xmin>580.32</xmin>
      <ymin>669.25</ymin>
      <xmax>625.4</xmax>
      <ymax>710.7</ymax>
    </bndbox>
  </object>
  <object>
    <name>WHITE</name>
    <occluded>0</occluded>
    <bndbox>
      <xmin>610.2</xmin>
      <ymin>597.45</ymin>
      <xmax>657.7</xmax>
      <ymax>642.0</ymax>
    </bndbox>
  </object>
  <object>
    <name>BLACK</name>
    <occluded>0</occluded>
    <bndbox>
      <xmin>644.76</xmin>
      <ymin>528.39</ymin>
      <xmax>690.5</xmax>
      <ymax>578.4</ymax>
    </bndbox>
  </object>
  <object>
    <name>WHITE</name>
    <occluded>0</occluded>
    <bndbox>
      <xmin>488.51</xmin>
      <ymin>874.77</ymin>
      <xmax>528.99</xmax>
      <ymax>914.1</ymax>
    </bndbox>
  </object>
  <object>
    <name>WHITE</name>
    <occluded>0</occluded>
    <bndbox>
      <xmin>384.0</xmin>
      <ymin>836.45</ymin>
      <xmax>429.7</xmax>
      <ymax>875.9</ymax>
    </bndbox>
  </object>
  <object>
    <name>WHITE</name>
    <occluded>0</occluded>
    <bndbox>
      <xmin>612.2</xmin>
      <ymin>372.83</ymin>
      <xmax>654.1</xmax>
      <ymax>417.0</ymax>
    </bndbox>
  </object>
  <object>
    <name>WHITE</name>
    <occluded>0</occluded>
    <bndbox>
      <xmin>175.2</xmin>
      <ymin>445.43</ymin>
      <xmax>207.64</xmax>
      <ymax>488.2</ymax>
    </bndbox>
  </object>
  <object>
    <name>WHITE</name>
    <occluded>0</occluded>
    <bndbox>
      <xmin>227.04</xmin>
      <ymin>419.38</ymin>
      <xmax>269.22</xmax>
      <ymax>460.7</ymax>
    </bndbox>
  </object>
  <object>
    <name>WHITE</name>
    <occluded>0</occluded>
    <bndbox>
      <xmin>349.76</xmin>
      <ymin>341.88</ymin>
      <xmax>395.4</xmax>
      <ymax>376.7</ymax>
    </bndbox>
  </object>
  <object>
    <name>WHITE</name>
    <occluded>0</occluded>
    <bndbox>
      <xmin>404.0</xmin>
      <ymin>299.5</ymin>
      <xmax>449.6</xmax>
      <ymax>327.3</ymax>
    </bndbox>
  </object>
  <object>
    <name>WHITE</name>
    <occluded>0</occluded>
    <bndbox>
      <xmin>496.15</xmin>
      <ymin>509.84</ymin>
      <xmax>547.1</xmax>
      <ymax>560.8</ymax>
    </bndbox>
  </object>
  <object>
    <name>WHITE</name>
    <occluded>0</occluded>
    <bndbox>
      <xmin>456.94</xmin>
      <ymin>723.95</ymin>
      <xmax>506.2</xmax>
      <ymax>768.7</ymax>
    </bndbox>
  </object>
  <object>
    <name>WHITE</name>
    <occluded>0</occluded>
    <bndbox>
      <xmin>232.19</xmin>
      <ymin>581.25</ymin>
      <xmax>272.7</xmax>
      <ymax>628.6</ymax>
    </bndbox>
  </object>
  <object>
    <name>WHITE</name>
    <occluded>0</occluded>
    <bndbox>
      <xmin>468.5</xmin>
      <ymin>429.5</ymin>
      <xmax>511.5</xmax>
      <ymax>470.5</ymax>
    </bndbox>
  </object>
  <object>
    <name>WHITE</name>
    <occluded>0</occluded>
    <bndbox>
      <xmin>286.69</xmin>
      <ymin>537.62</ymin>
      <xmax>331.6</xmax>
      <ymax>586.9</ymax>
    </bndbox>
  </object>
  <object>
    <name>WHITE</name>
    <occluded>0</occluded>
    <bndbox>
      <xmin>337.7</xmin>
      <ymin>475.6</ymin>
      <xmax>385.0</xmax>
      <ymax>522.0</ymax>
    </bndbox>
  </object>
  <object>
    <name>WHITE</name>
    <occluded>0</occluded>
    <bndbox>
      <xmin>492.0</xmin>
      <ymin>320.1</ymin>
      <xmax>535.9</xmax>
      <ymax>349.0</ymax>
    </bndbox>
  </object>
  <object>
    <name>WHITE</name>
    <occluded>0</occluded>
    <bndbox>
      <xmin>354.93</xmin>
      <ymin>704.93</ymin>
      <xmax>402.6</xmax>
      <ymax>747.7</ymax>
    </bndbox>
  </object>
  <object>
    <name>WHITE</name>
    <occluded>0</occluded>
    <bndbox>
      <xmin>497.8</xmin>
      <ymin>663.6</ymin>
      <xmax>544.9</xmax>
      <ymax>707.0</ymax>
    </bndbox>
  </object>
  <object>
    <name>WHITE</name>
    <occluded>0</occluded>
    <bndbox>
      <xmin>550.0</xmin>
      <ymin>440.2</ymin>
      <xmax>597.0</xmax>
      <ymax>487.1</ymax>
    </bndbox>
  </object>
  <object>
    <name>WHITE</name>
    <occluded>0</occluded>
    <bndbox>
      <xmin>390.5</xmin>
      <ymin>411.5</ymin>
      <xmax>433.5</xmax>
      <ymax>450.5</ymax>
    </bndbox>
  </object>
  <object>
    <name>WHITE</name>
    <occluded>0</occluded>
    <bndbox>
      <xmin>435.6</xmin>
      <ymin>362.95</ymin>
      <xmax>478.4</xmax>
      <ymax>397.05</ymax>
    </bndbox>
  </object>
  <object>
    <name>WHITE</name>
    <occluded>0</occluded>
    <bndbox>
      <xmin>406.94</xmin>
      <ymin>649.0</ymin>
      <xmax>456.2</xmax>
      <ymax>695.0</ymax>
    </bndbox>
  </object>
  <object>
    <name>WHITE</name>
    <occluded>0</occluded>
    <bndbox>
      <xmin>168.5</xmin>
      <ymin>528.0</ymin>
      <xmax>195.6</xmax>
      <ymax>575.0</ymax>
    </bndbox>
  </object>
  <object>
    <name>WHITE</name>
    <occluded>0</occluded>
    <bndbox>
      <xmin>216.88</xmin>
      <ymin>500.01</ymin>
      <xmax>253.2</xmax>
      <ymax>546.7</ymax>
    </bndbox>
  </object>
  <object>
    <name>BLACK</name>
    <occluded>0</occluded>
    <bndbox>
      <xmin>265.5</xmin>
      <ymin>462.69</ymin>
      <xmax>312.3</xmax>
      <ymax>512.4</ymax>
    </bndbox>
  </object>
  <object>
    <name>WHITE</name>
    <occluded>0</occluded>
    <bndbox>
      <xmin>543.5</xmin>
      <ymin>273.0</ymin>
      <xmax>587.8</xmax>
      <ymax>296.5</ymax>
    </bndbox>
  </object>
  <object>
    <name>WHITE</name>
    <occluded>0</occluded>
    <bndbox>
      <xmin>226.8</xmin>
      <ymin>703.14</ymin>
      <xmax>264.7</xmax>
      <ymax>750.5</ymax>
    </bndbox>
  </object>
  <object>
    <name>WHITE</name>
    <occluded>0</occluded>
    <bndbox>
      <xmin>266.92</xmin>
      <ymin>667.78</ymin>
      <xmax>308.4</xmax>
      <ymax>713.3</ymax>
    </bndbox>
  </object>
  <object>
    <name>WHITE</name>
    <occluded>0</occluded>
    <bndbox>
      <xmin>311.95</xmin>
      <ymin>620.26</ymin>
      <xmax>360.7</xmax>
      <ymax>668.8</ymax>
    </bndbox>
  </object>
  <object>
    <name>WHITE</name>
    <occluded>0</occluded>
    <bndbox>
      <xmin>366.43</xmin>
      <ymin>567.08</ymin>
      <xmax>414.9</xmax>
      <ymax>614.7</ymax>
    </bndbox>
  </object>
  <object>
    <name>WHITE</name>
    <occluded>0</occluded>
    <bndbox>
      <xmin>404.82</xmin>
      <ymin>778.69</ymin>
      <xmax>451.8</xmax>
      <ymax>818.6</ymax>
    </bndbox>
  </object>
  <object>
    <name>WHITE</name>
    <occluded>0</occluded>
    <bndbox>
      <xmin>304.0</xmin>
      <ymin>405.5</ymin>
      <xmax>344.0</xmax>
      <ymax>442.5</ymax>
    </bndbox>
  </object>
  <object>
    <name>WHITE</name>
    <occluded>0</occluded>
    <bndbox>
      <xmin>416.87</xmin>
      <ymin>497.43</ymin>
      <xmax>466.4</xmax>
      <ymax>544.3</ymax>
    </bndbox>
  </object>
  <object>
    <name>WHITE</name>
    <occluded>0</occluded>
    <bndbox>
      <xmin>522.5</xmin>
      <ymin>374.5</ymin>
      <xmax>570.2</xmax>
      <ymax>415.1</ymax>
    </bndbox>
  </object>
  <object>
    <name>WHITE</name>
    <occluded>0</occluded>
    <bndbox>
      <xmin>578.5</xmin>
      <ymin>314.1</ymin>
      <xmax>626.4</xmax>
      <ymax>348.0</ymax>
    </bndbox>
  </object>
  <object>
    <name>WHITE</name>
    <occluded>0</occluded>
    <bndbox>
      <xmin>307.92</xmin>
      <ymin>752.46</ymin>
      <xmax>359.3</xmax>
      <ymax>797.9</ymax>
    </bndbox>
  </object>
  <object>
    <name>WHITE</name>
    <occluded>0</occluded>
    <bndbox>
      <xmin>450.94</xmin>
      <ymin>585.22</ymin>
      <xmax>501.6</xmax>
      <ymax>631.0</ymax>
    </bndbox>
  </object>
</annotation>
