<annotation>
  <folder>LK</folder>
  <filename>LK_camera1.png</filename>
  <source>
    <database>Unknown</database>
    <annotation>Unknown</annotation>
    <image>Unknown</image>
  </source>
  <size>
    <width>960</width>
    <height>1280</height>
    <depth></depth>
  </size>
  <segmented>0</segmented>
  <object>
    <name>WHITE</name>
    <occluded>0</occluded>
    <bndbox>
      <xmin>420.0</xmin>
      <ymin>211.61</ymin>
      <xmax>464.24</xmax>
      <ymax>247.6</ymax>
    </bndbox>
  </object>
  <object>
    <name>WHITE</name>
    <occluded>0</occluded>
    <bndbox>
      <xmin>466.84</xmin>
      <ymin>695.84</ymin>
      <xmax>508.43</xmax>
      <ymax>732.92</ymax>
    </bndbox>
  </object>
  <object>
    <name>WHITE</name>
    <occluded>0</occluded>
    <bndbox>
      <xmin>457.83</xmin>
      <ymin>746.79</ymin>
      <xmax>499.42</xmax>
      <ymax>775.55</ymax>
    </bndbox>
  </object>
  <object>
    <name>WHITE</name>
    <occluded>0</occluded>
    <bndbox>
      <xmin>535.46</xmin>
      <ymin>729.8</ymin>
      <xmax>577.43</xmax>
      <ymax>756.84</ymax>
    </bndbox>
  </object>
  <object>
    <name>WHITE</name>
    <occluded>0</occluded>
    <bndbox>
      <xmin>590.56</xmin>
      <ymin>739.86</ymin>
      <xmax>630.79</xmax>
      <ymax>765.85</ymax>
    </bndbox>
  </object>
  <object>
    <name>WHITE</name>
    <occluded>0</occluded>
    <bndbox>
      <xmin>696.69</xmin>
      <ymin>561.25</ymin>
      <xmax>728.46</xmax>
      <ymax>600.96</ymax>
    </bndbox>
  </object>
  <object>
    <name>WHITE</name>
    <occluded>0</occluded>
    <bndbox>
      <xmin>271.28</xmin>
      <ymin>604.35</ymin>
      <xmax>303.92</xmax>
      <ymax>641.03</ymax>
    </bndbox>
  </object>
  <object>
    <name>WHITE</name>
    <occluded>0</occluded>
    <bndbox>
      <xmin>275.9</xmin>
      <ymin>660.37</ymin>
      <xmax>305.65</xmax>
      <ymax>695.61</ymax>
    </bndbox>
  </object>
  <object>
    <name>WHITE</name>
    <occluded>0</occluded>
    <bndbox>
      <xmin>240.38</xmin>
      <ymin>529.55</ymin>
      <xmax>262.62</xmax>
      <ymax>570.56</ymax>
    </bndbox>
  </object>
  <object>
    <name>WHITE</name>
    <occluded>0</occluded>
    <bndbox>
      <xmin>339.29</xmin>
      <ymin>243.5</ymin>
      <xmax>375.42</xmax>
      <ymax>281.33</ymax>
    </bndbox>
  </object>
  <object>
    <name>WHITE</name>
    <occluded>0</occluded>
    <bndbox>
      <xmin>280.96</xmin>
      <ymin>270.94</ymin>
      <xmax>310.16</xmax>
      <ymax>311.08</ymax>
    </bndbox>
  </object>
  <object>
    <name>BLACK</name>
    <occluded>0</occluded>
    <bndbox>
      <xmin>314.46</xmin>
      <ymin>212.89</ymin>
      <xmax>345.68</xmax>
      <ymax>253.03</ymax>
    </bndbox>
  </object>
  <object>
    <name>WHITE</name>
    <occluded>0</occluded>
    <bndbox>
      <xmin>375.1</xmin>
      <ymin>184.01</ymin>
      <xmax>415.56</xmax>
      <ymax>217.22</ymax>
    </bndbox>
  </object>
  <object>
    <name>WHITE</name>
    <occluded>0</occluded>
    <bndbox>
      <xmin>419.0</xmin>
      <ymin>146.76</ymin>
      <xmax>458.02</xmax>
      <ymax>168.13</ymax>
    </bndbox>
  </object>
  <object>
    <name>WHITE</name>
    <occluded>0</occluded>
    <bndbox>
      <xmin>514.04</xmin>
      <ymin>144.45</ymin>
      <xmax>558.52</xmax>
      <ymax>166.39</ymax>
    </bndbox>
  </object>
  <object>
    <name>WHITE</name>
    <occluded>0</occluded>
    <bndbox>
      <xmin>558.52</xmin>
      <ymin>179.1</ymin>
      <xmax>601.55</xmax>
      <ymax>209.14</ymax>
    </bndbox>
  </object>
  <object>
    <name>WHITE</name>
    <occluded>0</occluded>
    <bndbox>
      <xmin>601.55</xmin>
      <ymin>229.35</ymin>
      <xmax>638.22</xmax>
      <ymax>266.32</ymax>
    </bndbox>
  </object>
  <object>
    <name>WHITE</name>
    <occluded>0</occluded>
    <bndbox>
      <xmin>639.09</xmin>
      <ymin>209.14</ymin>
      <xmax>678.65</xmax>
      <ymax>242.64</ymax>
    </bndbox>
  </object>
  <object>
    <name>BLACK</name>
    <occluded>0</occluded>
    <bndbox>
      <xmin>701.47</xmin>
      <ymin>249.57</ymin>
      <xmax>728.04</xmax>
      <ymax>292.6</ymax>
    </bndbox>
  </object>
  <object>
    <name>WHITE</name>
    <occluded>0</occluded>
    <bndbox>
      <xmin>743.63</xmin>
      <ymin>494.75</ymin>
      <xmax>770.2</xmax>
      <ymax>537.49</ymax>
    </bndbox>
  </object>
  <object>
    <name>WHITE</name>
    <occluded>0</occluded>
    <bndbox>
      <xmin>603.49</xmin>
      <ymin>163.92</ymin>
      <xmax>640.08</xmax>
      <ymax>188.87</ymax>
    </bndbox>
  </object>
  <object>
    <name>WHITE</name>
    <occluded>0</occluded>
    <bndbox>
      <xmin>679.59</xmin>
      <ymin>273.52</ymin>
      <xmax>713.3</xmax>
      <ymax>312.8</ymax>
    </bndbox>
  </object>
  <object>
    <name>WHITE</name>
    <occluded>0</occluded>
    <bndbox>
      <xmin>639.84</xmin>
      <ymin>307.94</ymin>
      <xmax>677.6</xmax>
      <ymax>349.5</ymax>
    </bndbox>
  </object>
  <object>
    <name>WHITE</name>
    <occluded>0</occluded>
    <bndbox>
      <xmin>709.21</xmin>
      <ymin>346.53</ymin>
      <xmax>743.9</xmax>
      <ymax>387.8</ymax>
    </bndbox>
  </object>
  <object>
    <name>WHITE</name>
    <occluded>0</occluded>
    <bndbox>
      <xmin>592.1</xmin>
      <ymin>362.0</ymin>
      <xmax>632.8</xmax>
      <ymax>403.7</ymax>
    </bndbox>
  </object>
  <object>
    <name>WHITE</name>
    <occluded>0</occluded>
    <bndbox>
      <xmin>682.8</xmin>
      <ymin>388.8</ymin>
      <xmax>713.43</xmax>
      <ymax>430.07</ymax>
    </bndbox>
  </object>
  <object>
    <name>WHITE</name>
    <occluded>0</occluded>
    <bndbox>
      <xmin>733.7</xmin>
      <ymin>423.0</ymin>
      <xmax>763.7</xmax>
      <ymax>463.6</ymax>
    </bndbox>
  </object>
  <object>
    <name>WHITE</name>
    <occluded>0</occluded>
    <bndbox>
      <xmin>543.0</xmin>
      <ymin>418.5</ymin>
      <xmax>584.2</xmax>
      <ymax>460.4</ymax>
    </bndbox>
  </object>
  <object>
    <name>WHITE</name>
    <occluded>0</occluded>
    <bndbox>
      <xmin>634.5</xmin>
      <ymin>443.5</ymin>
      <xmax>674.4</xmax>
      <ymax>488.0</ymax>
    </bndbox>
  </object>
  <object>
    <name>WHITE</name>
    <occluded>0</occluded>
    <bndbox>
      <xmin>699.96</xmin>
      <ymin>473.29</ymin>
      <xmax>730.6</xmax>
      <ymax>514.2</ymax>
    </bndbox>
  </object>
  <object>
    <name>WHITE</name>
    <occluded>0</occluded>
    <bndbox>
      <xmin>688.1</xmin>
      <ymin>642.96</ymin>
      <xmax>721.35</xmax>
      <ymax>681.3</ymax>
    </bndbox>
  </object>
  <object>
    <name>WHITE</name>
    <occluded>0</occluded>
    <bndbox>
      <xmin>616.88</xmin>
      <ymin>695.68</ymin>
      <xmax>656.26</xmax>
      <ymax>728.45</ymax>
    </bndbox>
  </object>
  <object>
    <name>WHITE</name>
    <occluded>0</occluded>
    <bndbox>
      <xmin>634.46</xmin>
      <ymin>531.27</ymin>
      <xmax>673.3</xmax>
      <ymax>577.9</ymax>
    </bndbox>
  </object>
  <object>
    <name>WHITE</name>
    <occluded>0</occluded>
    <bndbox>
      <xmin>632.9</xmin>
      <ymin>630.94</ymin>
      <xmax>677.57</xmax>
      <ymax>675.0</ymax>
    </bndbox>
  </object>
  <object>
    <name>BLACK</name>
    <occluded>0</occluded>
    <bndbox>
      <xmin>491.83</xmin>
      <ymin>475.52</ymin>
      <xmax>541.3</xmax>
      <ymax>526.5</ymax>
    </bndbox>
  </object>
  <object>
    <name>WHITE</name>
    <occluded>0</occluded>
    <bndbox>
      <xmin>267.99</xmin>
      <ymin>382.59</ymin>
      <xmax>299.4</xmax>
      <ymax>426.6</ymax>
    </bndbox>
  </object>
  <object>
    <name>WHITE</name>
    <occluded>0</occluded>
    <bndbox>
      <xmin>248.8</xmin>
      <ymin>333.73</ymin>
      <xmax>274.09</xmax>
      <ymax>378.9</ymax>
    </bndbox>
  </object>
  <object>
    <name>WHITE</name>
    <occluded>0</occluded>
    <bndbox>
      <xmin>503.85</xmin>
      <ymin>328.49</ymin>
      <xmax>548.5</xmax>
      <ymax>369.51</ymax>
    </bndbox>
  </object>
  <object>
    <name>WHITE</name>
    <occluded>0</occluded>
    <bndbox>
      <xmin>452.05</xmin>
      <ymin>409.4</ymin>
      <xmax>500.0</xmax>
      <ymax>455.8</ymax>
    </bndbox>
  </object>
  <object>
    <name>WHITE</name>
    <occluded>0</occluded>
    <bndbox>
      <xmin>413.43</xmin>
      <ymin>343.77</ymin>
      <xmax>458.0</xmax>
      <ymax>388.9</ymax>
    </bndbox>
  </object>
  <object>
    <name>WHITE</name>
    <occluded>0</occluded>
    <bndbox>
      <xmin>463.6</xmin>
      <ymin>166.4</ymin>
      <xmax>506.6</xmax>
      <ymax>194.41</ymax>
    </bndbox>
  </object>
  <object>
    <name>WHITE</name>
    <occluded>0</occluded>
    <bndbox>
      <xmin>297.71</xmin>
      <ymin>311.22</ymin>
      <xmax>337.45</xmax>
      <ymax>355.3</ymax>
    </bndbox>
  </object>
  <object>
    <name>WHITE</name>
    <occluded>0</occluded>
    <bndbox>
      <xmin>322.07</xmin>
      <ymin>361.28</ymin>
      <xmax>363.9</xmax>
      <ymax>403.0</ymax>
    </bndbox>
  </object>
  <object>
    <name>WHITE</name>
    <occluded>0</occluded>
    <bndbox>
      <xmin>566.11</xmin>
      <ymin>604.88</ymin>
      <xmax>608.9</xmax>
      <ymax>646.7</ymax>
    </bndbox>
  </object>
  <object>
    <name>WHITE</name>
    <occluded>0</occluded>
    <bndbox>
      <xmin>558.9</xmin>
      <ymin>683.42</ymin>
      <xmax>601.8</xmax>
      <ymax>715.0</ymax>
    </bndbox>
  </object>
  <object>
    <name>WHITE</name>
    <occluded>0</occluded>
    <bndbox>
      <xmin>386.45</xmin>
      <ymin>713.07</ymin>
      <xmax>427.7</xmax>
      <ymax>740.4</ymax>
    </bndbox>
  </object>
  <object>
    <name>WHITE</name>
    <occluded>0</occluded>
    <bndbox>
      <xmin>327.09</xmin>
      <ymin>714.13</ymin>
      <xmax>364.5</xmax>
      <ymax>740.1</ymax>
    </bndbox>
  </object>
  <object>
    <name>WHITE</name>
    <occluded>0</occluded>
    <bndbox>
      <xmin>473.69</xmin>
      <ymin>628.77</ymin>
      <xmax>522.0</xmax>
      <ymax>670.3</ymax>
    </bndbox>
  </object>
  <object>
    <name>WHITE</name>
    <occluded>0</occluded>
    <bndbox>
      <xmin>383.9</xmin>
      <ymin>660.57</ymin>
      <xmax>426.4</xmax>
      <ymax>696.0</ymax>
    </bndbox>
  </object>
  <object>
    <name>WHITE</name>
    <occluded>0</occluded>
    <bndbox>
      <xmin>319.9</xmin>
      <ymin>668.8</ymin>
      <xmax>360.19</xmax>
      <ymax>699.66</ymax>
    </bndbox>
  </object>
  <object>
    <name>WHITE</name>
    <occluded>0</occluded>
    <bndbox>
      <xmin>483.5</xmin>
      <ymin>550.5</ymin>
      <xmax>532.8</xmax>
      <ymax>596.9</ymax>
    </bndbox>
  </object>
  <object>
    <name>WHITE</name>
    <occluded>0</occluded>
    <bndbox>
      <xmin>359.03</xmin>
      <ymin>420.36</ymin>
      <xmax>400.6</xmax>
      <ymax>467.1</ymax>
    </bndbox>
  </object>
  <object>
    <name>WHITE</name>
    <occluded>0</occluded>
    <bndbox>
      <xmin>416.61</xmin>
      <ymin>491.34</ymin>
      <xmax>462.3</xmax>
      <ymax>536.1</ymax>
    </bndbox>
  </object>
  <object>
    <name>WHITE</name>
    <occluded>0</occluded>
    <bndbox>
      <xmin>394.1</xmin>
      <ymin>584.49</ymin>
      <xmax>439.4</xmax>
      <ymax>627.0</ymax>
    </bndbox>
  </object>
  <object>
    <name>WHITE</name>
    <occluded>0</occluded>
    <bndbox>
      <xmin>560.26</xmin>
      <ymin>505.6</ymin>
      <xmax>608.8</xmax>
      <ymax>550.7</ymax>
    </bndbox>
  </object>
  <object>
    <name>WHITE</name>
    <occluded>0</occluded>
    <bndbox>
      <xmin>322.61</xmin>
      <ymin>602.75</ymin>
      <xmax>356.3</xmax>
      <ymax>643.25</ymax>
    </bndbox>
  </object>
  <object>
    <name>WHITE</name>
    <occluded>0</occluded>
    <bndbox>
      <xmin>284.5</xmin>
      <ymin>524.0</ymin>
      <xmax>319.3</xmax>
      <ymax>566.3</ymax>
    </bndbox>
  </object>
  <object>
    <name>WHITE</name>
    <occluded>0</occluded>
    <bndbox>
      <xmin>249.0</xmin>
      <ymin>453.5</ymin>
      <xmax>277.6</xmax>
      <ymax>494.8</ymax>
    </bndbox>
  </object>
  <object>
    <name>WHITE</name>
    <occluded>0</occluded>
    <bndbox>
      <xmin>291.86</xmin>
      <ymin>437.1</ymin>
      <xmax>332.14</xmax>
      <ymax>484.7</ymax>
    </bndbox>
  </object>
  <object>
    <name>WHITE</name>
    <occluded>0</occluded>
    <bndbox>
      <xmin>376.0</xmin>
      <ymin>290.5</ymin>
      <xmax>412.0</xmax>
      <ymax>327.5</ymax>
    </bndbox>
  </object>
  <object>
    <name>WHITE</name>
    <occluded>0</occluded>
    <bndbox>
      <xmin>460.5</xmin>
      <ymin>260.0</ymin>
      <xmax>501.5</xmax>
      <ymax>296.0</ymax>
    </bndbox>
  </object>
  <object>
    <name>WHITE</name>
    <occluded>0</occluded>
    <bndbox>
      <xmin>513.0</xmin>
      <ymin>212.5</ymin>
      <xmax>553.0</xmax>
      <ymax>241.5</ymax>
    </bndbox>
  </object>
  <object>
    <name>WHITE</name>
    <occluded>0</occluded>
    <bndbox>
      <xmin>557.32</xmin>
      <ymin>267.49</ymin>
      <xmax>592.68</xmax>
      <ymax>308.51</ymax>
    </bndbox>
  </object>
  <object>
    <name>WHITE</name>
    <occluded>0</occluded>
    <bndbox>
      <xmin>345.27</xmin>
      <ymin>508.63</ymin>
      <xmax>387.0</xmax>
      <ymax>552.8</ymax>
    </bndbox>
  </object>
  <object>
    <name>WHITE</name>
    <occluded>0</occluded>
    <bndbox>
      <xmin>227.2</xmin>
      <ymin>401.98</ymin>
      <xmax>249.67</xmax>
      <ymax>446.0</ymax>
    </bndbox>
  </object>
</annotation>
