<annotation>
  <folder>LuK</folder>
  <filename>LuK_camera10.png</filename>
  <source>
    <database>Unknown</database>
    <annotation>Unknown</annotation>
    <image>Unknown</image>
  </source>
  <size>
    <width>1280</width>
    <height>960</height>
    <depth></depth>
  </size>
  <segmented>0</segmented>
  <object>
    <name>WHITE</name>
    <occluded>0</occluded>
    <bndbox>
      <xmin>757.65</xmin>
      <ymin>298.26</ymin>
      <xmax>804.6</xmax>
      <ymax>346.56</ymax>
    </bndbox>
  </object>
  <object>
    <name>WHITE</name>
    <occluded>0</occluded>
    <bndbox>
      <xmin>506.0</xmin>
      <ymin>183.3</ymin>
      <xmax>549.5</xmax>
      <ymax>217.08</ymax>
    </bndbox>
  </object>
  <object>
    <name>BLACK</name>
    <occluded>0</occluded>
    <bndbox>
      <xmin>447.24</xmin>
      <ymin>452.62</ymin>
      <xmax>499.3</xmax>
      <ymax>505.8</ymax>
    </bndbox>
  </object>
  <object>
    <name>WHITE</name>
    <occluded>0</occluded>
    <bndbox>
      <xmin>467.17</xmin>
      <ymin>374.46</ymin>
      <xmax>510.7</xmax>
      <ymax>424.7</ymax>
    </bndbox>
  </object>
  <object>
    <name>WHITE</name>
    <occluded>0</occluded>
    <bndbox>
      <xmin>502.33</xmin>
      <ymin>301.02</ymin>
      <xmax>550.8</xmax>
      <ymax>351.0</ymax>
    </bndbox>
  </object>
  <object>
    <name>WHITE</name>
    <occluded>0</occluded>
    <bndbox>
      <xmin>536.74</xmin>
      <ymin>234.1</ymin>
      <xmax>587.2</xmax>
      <ymax>275.0</ymax>
    </bndbox>
  </object>
  <object>
    <name>WHITE</name>
    <occluded>0</occluded>
    <bndbox>
      <xmin>578.75</xmin>
      <ymin>167.3</ymin>
      <xmax>623.92</xmax>
      <ymax>204.4</ymax>
    </bndbox>
  </object>
  <object>
    <name>WHITE</name>
    <occluded>0</occluded>
    <bndbox>
      <xmin>500.0</xmin>
      <ymin>516.9</ymin>
      <xmax>549.66</xmax>
      <ymax>569.98</ymax>
    </bndbox>
  </object>
  <object>
    <name>WHITE</name>
    <occluded>0</occluded>
    <bndbox>
      <xmin>597.4</xmin>
      <ymin>275.01</ymin>
      <xmax>649.91</xmax>
      <ymax>322.9</ymax>
    </bndbox>
  </object>
  <object>
    <name>WHITE</name>
    <occluded>0</occluded>
    <bndbox>
      <xmin>627.0</xmin>
      <ymin>204.9</ymin>
      <xmax>676.98</xmax>
      <ymax>249.6</ymax>
    </bndbox>
  </object>
  <object>
    <name>WHITE</name>
    <occluded>0</occluded>
    <bndbox>
      <xmin>567.5</xmin>
      <ymin>564.8</ymin>
      <xmax>620.0</xmax>
      <ymax>615.67</ymax>
    </bndbox>
  </object>
  <object>
    <name>WHITE</name>
    <occluded>0</occluded>
    <bndbox>
      <xmin>674.0</xmin>
      <ymin>308.0</ymin>
      <xmax>724.7</xmax>
      <ymax>356.55</ymax>
    </bndbox>
  </object>
  <object>
    <name>WHITE</name>
    <occluded>0</occluded>
    <bndbox>
      <xmin>696.5</xmin>
      <ymin>253.1</ymin>
      <xmax>748.44</xmax>
      <ymax>297.65</ymax>
    </bndbox>
  </object>
  <object>
    <name>WHITE</name>
    <occluded>0</occluded>
    <bndbox>
      <xmin>721.3</xmin>
      <ymin>184.6</ymin>
      <xmax>770.54</xmax>
      <ymax>225.38</ymax>
    </bndbox>
  </object>
  <object>
    <name>WHITE</name>
    <occluded>0</occluded>
    <bndbox>
      <xmin>656.8</xmin>
      <ymin>611.9</ymin>
      <xmax>706.2</xmax>
      <ymax>663.75</ymax>
    </bndbox>
  </object>
  <object>
    <name>WHITE</name>
    <occluded>0</occluded>
    <bndbox>
      <xmin>683.94</xmin>
      <ymin>525.76</ymin>
      <xmax>741.0</xmax>
      <ymax>581.2</ymax>
    </bndbox>
  </object>
  <object>
    <name>WHITE</name>
    <occluded>0</occluded>
    <bndbox>
      <xmin>729.54</xmin>
      <ymin>432.64</ymin>
      <xmax>777.62</xmax>
      <ymax>484.8</ymax>
    </bndbox>
  </object>
  <object>
    <name>WHITE</name>
    <occluded>0</occluded>
    <bndbox>
      <xmin>726.84</xmin>
      <ymin>364.46</ymin>
      <xmax>780.3</xmax>
      <ymax>415.5</ymax>
    </bndbox>
  </object>
  <object>
    <name>WHITE</name>
    <occluded>0</occluded>
    <bndbox>
      <xmin>780.96</xmin>
      <ymin>234.28</ymin>
      <xmax>831.5</xmax>
      <ymax>281.04</ymax>
    </bndbox>
  </object>
  <object>
    <name>WHITE</name>
    <occluded>0</occluded>
    <bndbox>
      <xmin>803.81</xmin>
      <ymin>182.09</ymin>
      <xmax>850.8</xmax>
      <ymax>218.5</ymax>
    </bndbox>
  </object>
  <object>
    <name>WHITE</name>
    <occluded>0</occluded>
    <bndbox>
      <xmin>823.45</xmin>
      <ymin>135.37</ymin>
      <xmax>862.6</xmax>
      <ymax>172.8</ymax>
    </bndbox>
  </object>
  <object>
    <name>WHITE</name>
    <occluded>0</occluded>
    <bndbox>
      <xmin>755.29</xmin>
      <ymin>580.39</ymin>
      <xmax>808.9</xmax>
      <ymax>634.9</ymax>
    </bndbox>
  </object>
  <object>
    <name>WHITE</name>
    <occluded>0</occluded>
    <bndbox>
      <xmin>774.76</xmin>
      <ymin>502.34</ymin>
      <xmax>826.5</xmax>
      <ymax>554.4</ymax>
    </bndbox>
  </object>
  <object>
    <name>WHITE</name>
    <occluded>0</occluded>
    <bndbox>
      <xmin>792.9</xmin>
      <ymin>409.67</ymin>
      <xmax>842.2</xmax>
      <ymax>456.36</ymax>
    </bndbox>
  </object>
  <object>
    <name>WHITE</name>
    <occluded>0</occluded>
    <bndbox>
      <xmin>801.95</xmin>
      <ymin>350.89</ymin>
      <xmax>849.2</xmax>
      <ymax>400.9</ymax>
    </bndbox>
  </object>
  <object>
    <name>WHITE</name>
    <occluded>0</occluded>
    <bndbox>
      <xmin>826.12</xmin>
      <ymin>288.12</ymin>
      <xmax>875.4</xmax>
      <ymax>336.1</ymax>
    </bndbox>
  </object>
  <object>
    <name>WHITE</name>
    <occluded>0</occluded>
    <bndbox>
      <xmin>861.16</xmin>
      <ymin>235.38</ymin>
      <xmax>906.9</xmax>
      <ymax>276.9</ymax>
    </bndbox>
  </object>
  <object>
    <name>WHITE</name>
    <occluded>0</occluded>
    <bndbox>
      <xmin>887.98</xmin>
      <ymin>189.93</ymin>
      <xmax>921.6</xmax>
      <ymax>233.8</ymax>
    </bndbox>
  </object>
  <object>
    <name>BLACK</name>
    <occluded>0</occluded>
    <bndbox>
      <xmin>839.3</xmin>
      <ymin>560.39</ymin>
      <xmax>891.3</xmax>
      <ymax>615.0</ymax>
    </bndbox>
  </object>
  <object>
    <name>WHITE</name>
    <occluded>0</occluded>
    <bndbox>
      <xmin>868.29</xmin>
      <ymin>404.3</ymin>
      <xmax>915.4</xmax>
      <ymax>453.7</ymax>
    </bndbox>
  </object>
  <object>
    <name>BLACK</name>
    <occluded>0</occluded>
    <bndbox>
      <xmin>891.2</xmin>
      <ymin>347.79</ymin>
      <xmax>935.2</xmax>
      <ymax>398.7</ymax>
    </bndbox>
  </object>
  <object>
    <name>WHITE</name>
    <occluded>0</occluded>
    <bndbox>
      <xmin>915.19</xmin>
      <ymin>299.1</ymin>
      <xmax>953.5</xmax>
      <ymax>344.0</ymax>
    </bndbox>
  </object>
  <object>
    <name>WHITE</name>
    <occluded>0</occluded>
    <bndbox>
      <xmin>916.4</xmin>
      <ymin>486.7</ymin>
      <xmax>956.8</xmax>
      <ymax>536.1</ymax>
    </bndbox>
  </object>
  <object>
    <name>WHITE</name>
    <occluded>0</occluded>
    <bndbox>
      <xmin>937.66</xmin>
      <ymin>422.07</ymin>
      <xmax>966.66</xmax>
      <ymax>467.07</ymax>
    </bndbox>
  </object>
  <object>
    <name>WHITE</name>
    <occluded>0</occluded>
    <bndbox>
      <xmin>964.84</xmin>
      <ymin>560.06</ymin>
      <xmax>1005.0</xmax>
      <ymax>605.3</ymax>
    </bndbox>
  </object>
  <object>
    <name>BLACK</name>
    <occluded>0</occluded>
    <bndbox>
      <xmin>428.75</xmin>
      <ymin>747.52</ymin>
      <xmax>474.6</xmax>
      <ymax>799.3</ymax>
    </bndbox>
  </object>
  <object>
    <name>WHITE</name>
    <occluded>0</occluded>
    <bndbox>
      <xmin>417.96</xmin>
      <ymin>655.31</ymin>
      <xmax>459.7</xmax>
      <ymax>703.3</ymax>
    </bndbox>
  </object>
  <object>
    <name>WHITE</name>
    <occluded>0</occluded>
    <bndbox>
      <xmin>489.08</xmin>
      <ymin>701.52</ymin>
      <xmax>540.7</xmax>
      <ymax>753.4</ymax>
    </bndbox>
  </object>
  <object>
    <name>WHITE</name>
    <occluded>0</occluded>
    <bndbox>
      <xmin>423.08</xmin>
      <ymin>544.42</ymin>
      <xmax>471.5</xmax>
      <ymax>595.7</ymax>
    </bndbox>
  </object>
  <object>
    <name>WHITE</name>
    <occluded>0</occluded>
    <bndbox>
      <xmin>485.14</xmin>
      <ymin>611.75</ymin>
      <xmax>534.5</xmax>
      <ymax>664.5</ymax>
    </bndbox>
  </object>
  <object>
    <name>WHITE</name>
    <occluded>0</occluded>
    <bndbox>
      <xmin>569.3</xmin>
      <ymin>643.96</ymin>
      <xmax>620.9</xmax>
      <ymax>695.5</ymax>
    </bndbox>
  </object>
  <object>
    <name>WHITE</name>
    <occluded>0</occluded>
    <bndbox>
      <xmin>450.1</xmin>
      <ymin>193.16</ymin>
      <xmax>491.88</xmax>
      <ymax>230.6</ymax>
    </bndbox>
  </object>
  <object>
    <name>WHITE</name>
    <occluded>0</occluded>
    <bndbox>
      <xmin>449.27</xmin>
      <ymin>155.21</ymin>
      <xmax>492.69</xmax>
      <ymax>183.28</ymax>
    </bndbox>
  </object>
  <object>
    <name>WHITE</name>
    <occluded>0</occluded>
    <bndbox>
      <xmin>403.69</xmin>
      <ymin>385.57</ymin>
      <xmax>444.11</xmax>
      <ymax>432.36</ymax>
    </bndbox>
  </object>
  <object>
    <name>WHITE</name>
    <occluded>0</occluded>
    <bndbox>
      <xmin>343.06</xmin>
      <ymin>388.94</ymin>
      <xmax>375.24</xmax>
      <ymax>435.35</ymax>
    </bndbox>
  </object>
  <object>
    <name>WHITE</name>
    <occluded>0</occluded>
    <bndbox>
      <xmin>374.12</xmin>
      <ymin>318.58</ymin>
      <xmax>410.8</xmax>
      <ymax>364.61</ymax>
    </bndbox>
  </object>
  <object>
    <name>WHITE</name>
    <occluded>0</occluded>
    <bndbox>
      <xmin>323.22</xmin>
      <ymin>314.83</ymin>
      <xmax>357.28</xmax>
      <ymax>355.26</ymax>
    </bndbox>
  </object>
  <object>
    <name>WHITE</name>
    <occluded>0</occluded>
    <bndbox>
      <xmin>365.51</xmin>
      <ymin>256.45</ymin>
      <xmax>402.19</xmax>
      <ymax>298.74</ymax>
    </bndbox>
  </object>
  <object>
    <name>WHITE</name>
    <occluded>0</occluded>
    <bndbox>
      <xmin>404.44</xmin>
      <ymin>201.06</ymin>
      <xmax>445.23</xmax>
      <ymax>236.61</ymax>
    </bndbox>
  </object>
  <object>
    <name>WHITE</name>
    <occluded>0</occluded>
    <bndbox>
      <xmin>416.79</xmin>
      <ymin>250.46</ymin>
      <xmax>456.84</xmax>
      <ymax>293.88</ymax>
    </bndbox>
  </object>
  <object>
    <name>WHITE</name>
    <occluded>0</occluded>
    <bndbox>
      <xmin>502.5</xmin>
      <ymin>140.8</ymin>
      <xmax>545.16</xmax>
      <ymax>169.62</ymax>
    </bndbox>
  </object>
  <object>
    <name>WHITE</name>
    <occluded>0</occluded>
    <bndbox>
      <xmin>556.77</xmin>
      <ymin>129.2</ymin>
      <xmax>603.55</xmax>
      <ymax>154.65</ymax>
    </bndbox>
  </object>
  <object>
    <name>WHITE</name>
    <occluded>0</occluded>
    <bndbox>
      <xmin>696.0</xmin>
      <ymin>78.67</ymin>
      <xmax>743.16</xmax>
      <ymax>102.25</ymax>
    </bndbox>
  </object>
  <object>
    <name>WHITE</name>
    <occluded>0</occluded>
    <bndbox>
      <xmin>682.9</xmin>
      <ymin>106.36</ymin>
      <xmax>729.31</xmax>
      <ymax>135.56</ymax>
    </bndbox>
  </object>
  <object>
    <name>BLACK</name>
    <occluded>0</occluded>
    <bndbox>
      <xmin>615.53</xmin>
      <ymin>126.95</ymin>
      <xmax>663.06</xmax>
      <ymax>158.01</ymax>
    </bndbox>
  </object>
  <object>
    <name>WHITE</name>
    <occluded>0</occluded>
    <bndbox>
      <xmin>760.75</xmin>
      <ymin>98.5</ymin>
      <xmax>801.54</xmax>
      <ymax>127.32</ymax>
    </bndbox>
  </object>
  <object>
    <name>WHITE</name>
    <occluded>0</occluded>
    <bndbox>
      <xmin>745.03</xmin>
      <ymin>134.81</ymin>
      <xmax>791.44</xmax>
      <ymax>173.73</ymax>
    </bndbox>
  </object>
  <object>
    <name>WHITE</name>
    <occluded>0</occluded>
    <bndbox>
      <xmin>912.18</xmin>
      <ymin>559.21</ymin>
      <xmax>953.18</xmax>
      <ymax>605.21</ymax>
    </bndbox>
  </object>
  <object>
    <name>WHITE</name>
    <occluded>0</occluded>
    <bndbox>
      <xmin>853.23</xmin>
      <ymin>484.82</ymin>
      <xmax>899.74</xmax>
      <ymax>532.23</ymax>
    </bndbox>
  </object>
  <object>
    <name>WHITE</name>
    <occluded>0</occluded>
    <bndbox>
      <xmin>663.81</xmin>
      <ymin>148.28</ymin>
      <xmax>714.34</xmax>
      <ymax>183.46</ymax>
    </bndbox>
  </object>
  <object>
    <name>WHITE</name>
    <occluded>0</occluded>
    <bndbox>
      <xmin>937.78</xmin>
      <ymin>249.34</ymin>
      <xmax>967.72</xmax>
      <ymax>295.75</ymax>
    </bndbox>
  </object>
  <object>
    <name>WHITE</name>
    <occluded>0</occluded>
    <bndbox>
      <xmin>957.58</xmin>
      <ymin>369.11</ymin>
      <xmax>993.17</xmax>
      <ymax>418.88</ymax>
    </bndbox>
  </object>
  <object>
    <name>WHITE</name>
    <occluded>0</occluded>
    <bndbox>
      <xmin>973.71</xmin>
      <ymin>496.36</ymin>
      <xmax>1004.03</xmax>
      <ymax>543.89</ymax>
    </bndbox>
  </object>
  <object>
    <name>WHITE</name>
    <occluded>0</occluded>
    <bndbox>
      <xmin>390.21</xmin>
      <ymin>462.67</ymin>
      <xmax>431.38</xmax>
      <ymax>517.69</ymax>
    </bndbox>
  </object>
  <object>
    <name>WHITE</name>
    <occluded>0</occluded>
    <bndbox>
      <xmin>339.31</xmin>
      <ymin>481.01</ymin>
      <xmax>374.49</xmax>
      <ymax>529.29</ymax>
    </bndbox>
  </object>
  <object>
    <name>WHITE</name>
    <occluded>0</occluded>
    <bndbox>
      <xmin>307.87</xmin>
      <ymin>550.25</ymin>
      <xmax>349.79</xmax>
      <ymax>601.16</ymax>
    </bndbox>
  </object>
  <object>
    <name>WHITE</name>
    <occluded>0</occluded>
    <bndbox>
      <xmin>366.63</xmin>
      <ymin>588.8</ymin>
      <xmax>407.43</xmax>
      <ymax>640.83</ymax>
    </bndbox>
  </object>
  <object>
    <name>WHITE</name>
    <occluded>0</occluded>
    <bndbox>
      <xmin>329.96</xmin>
      <ymin>642.7</ymin>
      <xmax>363.27</xmax>
      <ymax>689.86</ymax>
    </bndbox>
  </object>
  <object>
    <name>WHITE</name>
    <occluded>0</occluded>
    <bndbox>
      <xmin>363.64</xmin>
      <ymin>740.01</ymin>
      <xmax>398.82</xmax>
      <ymax>789.42</ymax>
    </bndbox>
  </object>
  <object>
    <name>WHITE</name>
    <occluded>0</occluded>
    <bndbox>
      <xmin>370.0</xmin>
      <ymin>696.22</ymin>
      <xmax>402.94</xmax>
      <ymax>742.63</ymax>
    </bndbox>
  </object>
  <object>
    <name>WHITE</name>
    <occluded>0</occluded>
    <bndbox>
      <xmin>434.63</xmin>
      <ymin>309.86</ymin>
      <xmax>475.1</xmax>
      <ymax>361.5</ymax>
    </bndbox>
  </object>
  <object>
    <name>WHITE</name>
    <occluded>0</occluded>
    <bndbox>
      <xmin>470.91</xmin>
      <ymin>240.96</ymin>
      <xmax>513.7</xmax>
      <ymax>283.7</ymax>
    </bndbox>
  </object>
</annotation>
