<annotation>
  <folder>LuK</folder>
  <filename>LuK_camera8.png</filename>
  <source>
    <database>Unknown</database>
    <annotation>Unknown</annotation>
    <image>Unknown</image>
  </source>
  <size>
    <width>1280</width>
    <height>960</height>
    <depth></depth>
  </size>
  <segmented>0</segmented>
  <object>
    <name>WHITE</name>
    <occluded>0</occluded>
    <bndbox>
      <xmin>492.71</xmin>
      <ymin>388.53</ymin>
      <xmax>544.17</xmax>
      <ymax>437.29</ymax>
    </bndbox>
  </object>
  <object>
    <name>WHITE</name>
    <occluded>0</occluded>
    <bndbox>
      <xmin>594.09</xmin>
      <ymin>299.67</ymin>
      <xmax>642.5</xmax>
      <ymax>343.4</ymax>
    </bndbox>
  </object>
  <object>
    <name>WHITE</name>
    <occluded>0</occluded>
    <bndbox>
      <xmin>655.14</xmin>
      <ymin>264.4</ymin>
      <xmax>695.14</xmax>
      <ymax>300.04</ymax>
    </bndbox>
  </object>
  <object>
    <name>BLACK</name>
    <occluded>0</occluded>
    <bndbox>
      <xmin>416.19</xmin>
      <ymin>589.62</ymin>
      <xmax>464.6</xmax>
      <ymax>640.5</ymax>
    </bndbox>
  </object>
  <object>
    <name>WHITE</name>
    <occluded>0</occluded>
    <bndbox>
      <xmin>368.21</xmin>
      <ymin>451.89</ymin>
      <xmax>413.38</xmax>
      <ymax>497.5</ymax>
    </bndbox>
  </object>
  <object>
    <name>WHITE</name>
    <occluded>0</occluded>
    <bndbox>
      <xmin>475.37</xmin>
      <ymin>525.4</ymin>
      <xmax>523.1</xmax>
      <ymax>575.5</ymax>
    </bndbox>
  </object>
  <object>
    <name>WHITE</name>
    <occluded>0</occluded>
    <bndbox>
      <xmin>508.52</xmin>
      <ymin>446.24</ymin>
      <xmax>558.0</xmax>
      <ymax>494.9</ymax>
    </bndbox>
  </object>
  <object>
    <name>WHITE</name>
    <occluded>0</occluded>
    <bndbox>
      <xmin>529.52</xmin>
      <ymin>332.25</ymin>
      <xmax>577.1</xmax>
      <ymax>377.18</ymax>
    </bndbox>
  </object>
  <object>
    <name>WHITE</name>
    <occluded>0</occluded>
    <bndbox>
      <xmin>699.6</xmin>
      <ymin>321.41</ymin>
      <xmax>748.2</xmax>
      <ymax>360.4</ymax>
    </bndbox>
  </object>
  <object>
    <name>WHITE</name>
    <occluded>0</occluded>
    <bndbox>
      <xmin>723.74</xmin>
      <ymin>266.45</ymin>
      <xmax>761.1</xmax>
      <ymax>308.1</ymax>
    </bndbox>
  </object>
  <object>
    <name>WHITE</name>
    <occluded>0</occluded>
    <bndbox>
      <xmin>473.24</xmin>
      <ymin>227.78</ymin>
      <xmax>520.1</xmax>
      <ymax>260.0</ymax>
    </bndbox>
  </object>
  <object>
    <name>WHITE</name>
    <occluded>0</occluded>
    <bndbox>
      <xmin>420.35</xmin>
      <ymin>276.32</ymin>
      <xmax>465.3</xmax>
      <ymax>310.32</ymax>
    </bndbox>
  </object>
  <object>
    <name>WHITE</name>
    <occluded>0</occluded>
    <bndbox>
      <xmin>369.77</xmin>
      <ymin>334.06</ymin>
      <xmax>409.77</xmax>
      <ymax>375.06</ymax>
    </bndbox>
  </object>
  <object>
    <name>WHITE</name>
    <occluded>0</occluded>
    <bndbox>
      <xmin>399.64</xmin>
      <ymin>233.5</ymin>
      <xmax>440.63</xmax>
      <ymax>262.7</ymax>
    </bndbox>
  </object>
  <object>
    <name>WHITE</name>
    <occluded>0</occluded>
    <bndbox>
      <xmin>418.02</xmin>
      <ymin>380.52</ymin>
      <xmax>463.28</xmax>
      <ymax>422.7</ymax>
    </bndbox>
  </object>
  <object>
    <name>WHITE</name>
    <occluded>0</occluded>
    <bndbox>
      <xmin>432.53</xmin>
      <ymin>442.8</ymin>
      <xmax>478.7</xmax>
      <ymax>488.05</ymax>
    </bndbox>
  </object>
  <object>
    <name>WHITE</name>
    <occluded>0</occluded>
    <bndbox>
      <xmin>910.73</xmin>
      <ymin>577.84</ymin>
      <xmax>944.87</xmax>
      <ymax>620.51</ymax>
    </bndbox>
  </object>
  <object>
    <name>WHITE</name>
    <occluded>0</occluded>
    <bndbox>
      <xmin>861.33</xmin>
      <ymin>601.19</ymin>
      <xmax>898.61</xmax>
      <ymax>647.45</ymax>
    </bndbox>
  </object>
  <object>
    <name>WHITE</name>
    <occluded>0</occluded>
    <bndbox>
      <xmin>803.39</xmin>
      <ymin>560.77</ymin>
      <xmax>841.12</xmax>
      <ymax>608.38</ymax>
    </bndbox>
  </object>
  <object>
    <name>BLACK</name>
    <occluded>0</occluded>
    <bndbox>
      <xmin>812.37</xmin>
      <ymin>749.86</ymin>
      <xmax>859.53</xmax>
      <ymax>801.51</ymax>
    </bndbox>
  </object>
  <object>
    <name>WHITE</name>
    <occluded>0</occluded>
    <bndbox>
      <xmin>817.76</xmin>
      <ymin>660.48</ymin>
      <xmax>865.37</xmax>
      <ymax>708.98</ymax>
    </bndbox>
  </object>
  <object>
    <name>WHITE</name>
    <occluded>0</occluded>
    <bndbox>
      <xmin>756.23</xmin>
      <ymin>698.21</ymin>
      <xmax>800.25</xmax>
      <ymax>749.86</ymax>
    </bndbox>
  </object>
  <object>
    <name>WHITE</name>
    <occluded>0</occluded>
    <bndbox>
      <xmin>867.12</xmin>
      <ymin>704.49</ymin>
      <xmax>905.34</xmax>
      <ymax>751.2</ymax>
    </bndbox>
  </object>
  <object>
    <name>WHITE</name>
    <occluded>0</occluded>
    <bndbox>
      <xmin>874.35</xmin>
      <ymin>515.41</ymin>
      <xmax>911.18</xmax>
      <ymax>557.63</ymax>
    </bndbox>
  </object>
  <object>
    <name>WHITE</name>
    <occluded>0</occluded>
    <bndbox>
      <xmin>891.82</xmin>
      <ymin>748.51</ymin>
      <xmax>920.16</xmax>
      <ymax>794.77</ymax>
    </bndbox>
  </object>
  <object>
    <name>WHITE</name>
    <occluded>0</occluded>
    <bndbox>
      <xmin>454.16</xmin>
      <ymin>332.21</ymin>
      <xmax>501.4</xmax>
      <ymax>372.5</ymax>
    </bndbox>
  </object>
  <object>
    <name>WHITE</name>
    <occluded>0</occluded>
    <bndbox>
      <xmin>860.43</xmin>
      <ymin>422.44</ymin>
      <xmax>891.87</xmax>
      <ymax>461.51</ymax>
    </bndbox>
  </object>
  <object>
    <name>WHITE</name>
    <occluded>0</occluded>
    <bndbox>
      <xmin>825.4</xmin>
      <ymin>346.99</ymin>
      <xmax>855.94</xmax>
      <ymax>386.06</ymax>
    </bndbox>
  </object>
  <object>
    <name>WHITE</name>
    <occluded>0</occluded>
    <bndbox>
      <xmin>867.62</xmin>
      <ymin>352.82</ymin>
      <xmax>896.36</xmax>
      <ymax>391.45</ymax>
    </bndbox>
  </object>
  <object>
    <name>WHITE</name>
    <occluded>0</occluded>
    <bndbox>
      <xmin>301.26</xmin>
      <ymin>611.07</ymin>
      <xmax>342.14</xmax>
      <ymax>655.99</ymax>
    </bndbox>
  </object>
  <object>
    <name>WHITE</name>
    <occluded>0</occluded>
    <bndbox>
      <xmin>337.15</xmin>
      <ymin>535.17</ymin>
      <xmax>374.02</xmax>
      <ymax>585.92</ymax>
    </bndbox>
  </object>
  <object>
    <name>BLACK</name>
    <occluded>0</occluded>
    <bndbox>
      <xmin>334.95</xmin>
      <ymin>403.13</ymin>
      <xmax>375.82</xmax>
      <ymax>451.63</ymax>
    </bndbox>
  </object>
  <object>
    <name>WHITE</name>
    <occluded>0</occluded>
    <bndbox>
      <xmin>285.95</xmin>
      <ymin>433.67</ymin>
      <xmax>315.19</xmax>
      <ymax>475.89</ymax>
    </bndbox>
  </object>
  <object>
    <name>WHITE</name>
    <occluded>0</occluded>
    <bndbox>
      <xmin>562.21</xmin>
      <ymin>239.19</ymin>
      <xmax>609.82</xmax>
      <ymax>272.43</ymax>
    </bndbox>
  </object>
  <object>
    <name>WHITE</name>
    <occluded>0</occluded>
    <bndbox>
      <xmin>609.37</xmin>
      <ymin>201.47</ymin>
      <xmax>656.08</xmax>
      <ymax>232.01</ymax>
    </bndbox>
  </object>
  <object>
    <name>WHITE</name>
    <occluded>0</occluded>
    <bndbox>
      <xmin>450.38</xmin>
      <ymin>187.1</ymin>
      <xmax>492.14</xmax>
      <ymax>216.74</ymax>
    </bndbox>
  </object>
  <object>
    <name>WHITE</name>
    <occluded>0</occluded>
    <bndbox>
      <xmin>529.87</xmin>
      <ymin>189.34</ymin>
      <xmax>574.78</xmax>
      <ymax>219.43</ymax>
    </bndbox>
  </object>
  <object>
    <name>BLACK</name>
    <occluded>0</occluded>
    <bndbox>
      <xmin>573.89</xmin>
      <ymin>167.78</ymin>
      <xmax>618.8</xmax>
      <ymax>196.98</ymax>
    </bndbox>
  </object>
  <object>
    <name>WHITE</name>
    <occluded>0</occluded>
    <bndbox>
      <xmin>681.68</xmin>
      <ymin>213.15</ymin>
      <xmax>724.34</xmax>
      <ymax>244.14</ymax>
    </bndbox>
  </object>
  <object>
    <name>WHITE</name>
    <occluded>0</occluded>
    <bndbox>
      <xmin>739.17</xmin>
      <ymin>224.37</ymin>
      <xmax>775.99</xmax>
      <ymax>256.71</ymax>
    </bndbox>
  </object>
  <object>
    <name>WHITE</name>
    <occluded>0</occluded>
    <bndbox>
      <xmin>822.31</xmin>
      <ymin>290.81</ymin>
      <xmax>856.94</xmax>
      <ymax>326.37</ymax>
    </bndbox>
  </object>
  <object>
    <name>WHITE</name>
    <occluded>0</occluded>
    <bndbox>
      <xmin>510.57</xmin>
      <ymin>163.12</ymin>
      <xmax>550.53</xmax>
      <ymax>184.96</ymax>
    </bndbox>
  </object>
  <object>
    <name>WHITE</name>
    <occluded>0</occluded>
    <bndbox>
      <xmin>302.04</xmin>
      <ymin>356.97</ymin>
      <xmax>334.17</xmax>
      <ymax>403.44</ymax>
    </bndbox>
  </object>
  <object>
    <name>WHITE</name>
    <occluded>0</occluded>
    <bndbox>
      <xmin>808.78</xmin>
      <ymin>411.21</ymin>
      <xmax>845.61</xmax>
      <ymax>454.33</ymax>
    </bndbox>
  </object>
  <object>
    <name>WHITE</name>
    <occluded>0</occluded>
    <bndbox>
      <xmin>498.83</xmin>
      <ymin>595.08</ymin>
      <xmax>551.8</xmax>
      <ymax>645.9</ymax>
    </bndbox>
  </object>
  <object>
    <name>WHITE</name>
    <occluded>0</occluded>
    <bndbox>
      <xmin>550.9</xmin>
      <ymin>535.05</ymin>
      <xmax>602.1</xmax>
      <ymax>582.6</ymax>
    </bndbox>
  </object>
  <object>
    <name>WHITE</name>
    <occluded>0</occluded>
    <bndbox>
      <xmin>747.38</xmin>
      <ymin>394.51</ymin>
      <xmax>785.9</xmax>
      <ymax>441.0</ymax>
    </bndbox>
  </object>
  <object>
    <name>WHITE</name>
    <occluded>0</occluded>
    <bndbox>
      <xmin>767.96</xmin>
      <ymin>331.28</ymin>
      <xmax>808.4</xmax>
      <ymax>372.4</ymax>
    </bndbox>
  </object>
  <object>
    <name>WHITE</name>
    <occluded>0</occluded>
    <bndbox>
      <xmin>780.56</xmin>
      <ymin>278.57</ymin>
      <xmax>814.6</xmax>
      <ymax>317.3</ymax>
    </bndbox>
  </object>
  <object>
    <name>WHITE</name>
    <occluded>0</occluded>
    <bndbox>
      <xmin>595.27</xmin>
      <ymin>618.65</ymin>
      <xmax>641.9</xmax>
      <ymax>667.9</ymax>
    </bndbox>
  </object>
  <object>
    <name>WHITE</name>
    <occluded>0</occluded>
    <bndbox>
      <xmin>672.13</xmin>
      <ymin>579.87</ymin>
      <xmax>721.0</xmax>
      <ymax>626.7</ymax>
    </bndbox>
  </object>
  <object>
    <name>WHITE</name>
    <occluded>0</occluded>
    <bndbox>
      <xmin>730.76</xmin>
      <ymin>529.36</ymin>
      <xmax>776.4</xmax>
      <ymax>574.59</ymax>
    </bndbox>
  </object>
  <object>
    <name>BLACK</name>
    <occluded>0</occluded>
    <bndbox>
      <xmin>766.88</xmin>
      <ymin>469.22</ymin>
      <xmax>812.6</xmax>
      <ymax>518.0</ymax>
    </bndbox>
  </object>
  <object>
    <name>WHITE</name>
    <occluded>0</occluded>
    <bndbox>
      <xmin>821.39</xmin>
      <ymin>490.61</ymin>
      <xmax>862.3</xmax>
      <ymax>533.74</ymax>
    </bndbox>
  </object>
  <object>
    <name>WHITE</name>
    <occluded>0</occluded>
    <bndbox>
      <xmin>753.18</xmin>
      <ymin>622.5</ymin>
      <xmax>795.0</xmax>
      <ymax>669.7</ymax>
    </bndbox>
  </object>
  <object>
    <name>WHITE</name>
    <occluded>0</occluded>
    <bndbox>
      <xmin>679.58</xmin>
      <ymin>655.08</ymin>
      <xmax>720.3</xmax>
      <ymax>702.9</ymax>
    </bndbox>
  </object>
  <object>
    <name>WHITE</name>
    <occluded>0</occluded>
    <bndbox>
      <xmin>906.61</xmin>
      <ymin>651.63</ymin>
      <xmax>938.8</xmax>
      <ymax>698.8</ymax>
    </bndbox>
  </object>
  <object>
    <name>WHITE</name>
    <occluded>0</occluded>
    <bndbox>
      <xmin>398.98</xmin>
      <ymin>522.46</ymin>
      <xmax>443.8</xmax>
      <ymax>572.5</ymax>
    </bndbox>
  </object>
  <object>
    <name>WHITE</name>
    <occluded>0</occluded>
    <bndbox>
      <xmin>353.8</xmin>
      <ymin>602.03</ymin>
      <xmax>397.58</xmax>
      <ymax>647.2</ymax>
    </bndbox>
  </object>
  <object>
    <name>WHITE</name>
    <occluded>0</occluded>
    <bndbox>
      <xmin>504.65</xmin>
      <ymin>285.6</ymin>
      <xmax>548.7</xmax>
      <ymax>325.82</ymax>
    </bndbox>
  </object>
</annotation>
