<annotation>
  <folder>LuK</folder>
  <filename>LuK_camera6.png</filename>
  <source>
    <database>Unknown</database>
    <annotation>Unknown</annotation>
    <image>Unknown</image>
  </source>
  <size>
    <width>1280</width>
    <height>960</height>
    <depth></depth>
  </size>
  <segmented>0</segmented>
  <object>
    <name>WHITE</name>
    <occluded>0</occluded>
    <bndbox>
      <xmin>728.5</xmin>
      <ymin>686.44</ymin>
      <xmax>770.49</xmax>
      <ymax>725.4</ymax>
    </bndbox>
  </object>
  <object>
    <name>WHITE</name>
    <occluded>0</occluded>
    <bndbox>
      <xmin>270.87</xmin>
      <ymin>341.26</ymin>
      <xmax>299.05</xmax>
      <ymax>383.72</ymax>
    </bndbox>
  </object>
  <object>
    <name>WHITE</name>
    <occluded>0</occluded>
    <bndbox>
      <xmin>537.68</xmin>
      <ymin>188.46</ymin>
      <xmax>583.94</xmax>
      <ymax>207.69</ymax>
    </bndbox>
  </object>
  <object>
    <name>WHITE</name>
    <occluded>0</occluded>
    <bndbox>
      <xmin>821.32</xmin>
      <ymin>714.24</ymin>
      <xmax>848.45</xmax>
      <ymax>751.98</ymax>
    </bndbox>
  </object>
  <object>
    <name>WHITE</name>
    <occluded>0</occluded>
    <bndbox>
      <xmin>244.85</xmin>
      <ymin>418.81</ymin>
      <xmax>272.17</xmax>
      <ymax>463.72</ymax>
    </bndbox>
  </object>
  <object>
    <name>WHITE</name>
    <occluded>0</occluded>
    <bndbox>
      <xmin>318.54</xmin>
      <ymin>319.25</ymin>
      <xmax>361.62</xmax>
      <ymax>358.18</ymax>
    </bndbox>
  </object>
  <object>
    <name>WHITE</name>
    <occluded>0</occluded>
    <bndbox>
      <xmin>353.72</xmin>
      <ymin>267.6</ymin>
      <xmax>396.43</xmax>
      <ymax>297.92</ymax>
    </bndbox>
  </object>
  <object>
    <name>WHITE</name>
    <occluded>0</occluded>
    <bndbox>
      <xmin>473.86</xmin>
      <ymin>219.69</ymin>
      <xmax>516.94</xmax>
      <ymax>243.65</ymax>
    </bndbox>
  </object>
  <object>
    <name>WHITE</name>
    <occluded>0</occluded>
    <bndbox>
      <xmin>668.15</xmin>
      <ymin>189.38</ymin>
      <xmax>713.8</xmax>
      <ymax>217.1</ymax>
    </bndbox>
  </object>
  <object>
    <name>WHITE</name>
    <occluded>0</occluded>
    <bndbox>
      <xmin>281.15</xmin>
      <ymin>477.95</ymin>
      <xmax>314.1</xmax>
      <ymax>527.35</ymax>
    </bndbox>
  </object>
  <object>
    <name>WHITE</name>
    <occluded>0</occluded>
    <bndbox>
      <xmin>237.73</xmin>
      <ymin>514.25</ymin>
      <xmax>266.93</xmax>
      <ymax>561.03</ymax>
    </bndbox>
  </object>
  <object>
    <name>WHITE</name>
    <occluded>0</occluded>
    <bndbox>
      <xmin>254.95</xmin>
      <ymin>592.85</ymin>
      <xmax>283.77</xmax>
      <ymax>637.76</ymax>
    </bndbox>
  </object>
  <object>
    <name>WHITE</name>
    <occluded>0</occluded>
    <bndbox>
      <xmin>299.12</xmin>
      <ymin>581.99</ymin>
      <xmax>339.91</xmax>
      <ymax>629.15</ymax>
    </bndbox>
  </object>
  <object>
    <name>WHITE</name>
    <occluded>0</occluded>
    <bndbox>
      <xmin>861.24</xmin>
      <ymin>514.25</ymin>
      <xmax>888.97</xmax>
      <ymax>561.41</ymax>
    </bndbox>
  </object>
  <object>
    <name>WHITE</name>
    <occluded>0</occluded>
    <bndbox>
      <xmin>858.99</xmin>
      <ymin>614.55</ymin>
      <xmax>886.73</xmax>
      <ymax>653.85</ymax>
    </bndbox>
  </object>
  <object>
    <name>WHITE</name>
    <occluded>0</occluded>
    <bndbox>
      <xmin>822.69</xmin>
      <ymin>561.03</ymin>
      <xmax>850.8</xmax>
      <ymax>607.82</ymax>
    </bndbox>
  </object>
  <object>
    <name>WHITE</name>
    <occluded>0</occluded>
    <bndbox>
      <xmin>827.18</xmin>
      <ymin>660.96</ymin>
      <xmax>855.66</xmax>
      <ymax>700.26</ymax>
    </bndbox>
  </object>
  <object>
    <name>BLACK</name>
    <occluded>0</occluded>
    <bndbox>
      <xmin>739.11</xmin>
      <ymin>502.93</ymin>
      <xmax>779.5</xmax>
      <ymax>553.4</ymax>
    </bndbox>
  </object>
  <object>
    <name>WHITE</name>
    <occluded>0</occluded>
    <bndbox>
      <xmin>756.7</xmin>
      <ymin>612.44</ymin>
      <xmax>794.38</xmax>
      <ymax>656.5</ymax>
    </bndbox>
  </object>
  <object>
    <name>WHITE</name>
    <occluded>0</occluded>
    <bndbox>
      <xmin>784.54</xmin>
      <ymin>535.66</ymin>
      <xmax>820.7</xmax>
      <ymax>584.5</ymax>
    </bndbox>
  </object>
  <object>
    <name>WHITE</name>
    <occluded>0</occluded>
    <bndbox>
      <xmin>786.99</xmin>
      <ymin>458.0</ymin>
      <xmax>820.7</xmax>
      <ymax>504.5</ymax>
    </bndbox>
  </object>
  <object>
    <name>WHITE</name>
    <occluded>0</occluded>
    <bndbox>
      <xmin>780.83</xmin>
      <ymin>380.7</ymin>
      <xmax>814.03</xmax>
      <ymax>425.23</ymax>
    </bndbox>
  </object>
  <object>
    <name>WHITE</name>
    <occluded>0</occluded>
    <bndbox>
      <xmin>767.69</xmin>
      <ymin>308.46</ymin>
      <xmax>801.1</xmax>
      <ymax>350.2</ymax>
    </bndbox>
  </object>
  <object>
    <name>WHITE</name>
    <occluded>0</occluded>
    <bndbox>
      <xmin>729.02</xmin>
      <ymin>243.82</ymin>
      <xmax>766.8</xmax>
      <ymax>280.7</ymax>
    </bndbox>
  </object>
  <object>
    <name>WHITE</name>
    <occluded>0</occluded>
    <bndbox>
      <xmin>780.9</xmin>
      <ymin>700.71</ymin>
      <xmax>814.38</xmax>
      <ymax>735.4</ymax>
    </bndbox>
  </object>
  <object>
    <name>WHITE</name>
    <occluded>0</occluded>
    <bndbox>
      <xmin>801.4</xmin>
      <ymin>642.49</ymin>
      <xmax>833.44</xmax>
      <ymax>684.5</ymax>
    </bndbox>
  </object>
  <object>
    <name>WHITE</name>
    <occluded>0</occluded>
    <bndbox>
      <xmin>835.41</xmin>
      <ymin>487.89</ymin>
      <xmax>860.7</xmax>
      <ymax>535.0</ymax>
    </bndbox>
  </object>
  <object>
    <name>WHITE</name>
    <occluded>0</occluded>
    <bndbox>
      <xmin>832.31</xmin>
      <ymin>409.6</ymin>
      <xmax>856.8</xmax>
      <ymax>451.02</ymax>
    </bndbox>
  </object>
  <object>
    <name>WHITE</name>
    <occluded>0</occluded>
    <bndbox>
      <xmin>818.82</xmin>
      <ymin>332.59</ymin>
      <xmax>846.5</xmax>
      <ymax>373.8</ymax>
    </bndbox>
  </object>
  <object>
    <name>WHITE</name>
    <occluded>0</occluded>
    <bndbox>
      <xmin>429.76</xmin>
      <ymin>809.36</ymin>
      <xmax>477.1</xmax>
      <ymax>844.6</ymax>
    </bndbox>
  </object>
  <object>
    <name>WHITE</name>
    <occluded>0</occluded>
    <bndbox>
      <xmin>494.12</xmin>
      <ymin>812.78</ymin>
      <xmax>541.5</xmax>
      <ymax>841.8</ymax>
    </bndbox>
  </object>
  <object>
    <name>BLACK</name>
    <occluded>0</occluded>
    <bndbox>
      <xmin>605.74</xmin>
      <ymin>192.43</ymin>
      <xmax>650.2</xmax>
      <ymax>215.7</ymax>
    </bndbox>
  </object>
  <object>
    <name>WHITE</name>
    <occluded>0</occluded>
    <bndbox>
      <xmin>387.87</xmin>
      <ymin>650.1</ymin>
      <xmax>438.7</xmax>
      <ymax>692.8</ymax>
    </bndbox>
  </object>
  <object>
    <name>WHITE</name>
    <occluded>0</occluded>
    <bndbox>
      <xmin>337.49</xmin>
      <ymin>675.66</ymin>
      <xmax>383.4</xmax>
      <ymax>722.1</ymax>
    </bndbox>
  </object>
  <object>
    <name>WHITE</name>
    <occluded>0</occluded>
    <bndbox>
      <xmin>645.93</xmin>
      <ymin>227.9</ymin>
      <xmax>689.3</xmax>
      <ymax>258.5</ymax>
    </bndbox>
  </object>
  <object>
    <name>WHITE</name>
    <occluded>0</occluded>
    <bndbox>
      <xmin>597.55</xmin>
      <ymin>281.46</ymin>
      <xmax>644.3</xmax>
      <ymax>323.4</ymax>
    </bndbox>
  </object>
  <object>
    <name>WHITE</name>
    <occluded>0</occluded>
    <bndbox>
      <xmin>554.3</xmin>
      <ymin>330.7</ymin>
      <xmax>600.2</xmax>
      <ymax>375.4</ymax>
    </bndbox>
  </object>
  <object>
    <name>WHITE</name>
    <occluded>0</occluded>
    <bndbox>
      <xmin>510.8</xmin>
      <ymin>386.7</ymin>
      <xmax>560.7</xmax>
      <ymax>433.71</ymax>
    </bndbox>
  </object>
  <object>
    <name>WHITE</name>
    <occluded>0</occluded>
    <bndbox>
      <xmin>464.44</xmin>
      <ymin>459.73</ymin>
      <xmax>514.7</xmax>
      <ymax>508.5</ymax>
    </bndbox>
  </object>
  <object>
    <name>WHITE</name>
    <occluded>0</occluded>
    <bndbox>
      <xmin>419.33</xmin>
      <ymin>522.16</ymin>
      <xmax>468.9</xmax>
      <ymax>570.9</ymax>
    </bndbox>
  </object>
  <object>
    <name>WHITE</name>
    <occluded>0</occluded>
    <bndbox>
      <xmin>354.1</xmin>
      <ymin>554.69</ymin>
      <xmax>401.8</xmax>
      <ymax>603.2</ymax>
    </bndbox>
  </object>
  <object>
    <name>BLACK</name>
    <occluded>0</occluded>
    <bndbox>
      <xmin>398.1</xmin>
      <ymin>445.94</ymin>
      <xmax>448.5</xmax>
      <ymax>496.4</ymax>
    </bndbox>
  </object>
  <object>
    <name>WHITE</name>
    <occluded>0</occluded>
    <bndbox>
      <xmin>342.24</xmin>
      <ymin>460.8</ymin>
      <xmax>387.15</xmax>
      <ymax>509.24</ymax>
    </bndbox>
  </object>
  <object>
    <name>WHITE</name>
    <occluded>0</occluded>
    <bndbox>
      <xmin>432.93</xmin>
      <ymin>378.12</ymin>
      <xmax>481.2</xmax>
      <ymax>424.7</ymax>
    </bndbox>
  </object>
  <object>
    <name>WHITE</name>
    <occluded>0</occluded>
    <bndbox>
      <xmin>352.29</xmin>
      <ymin>383.19</ymin>
      <xmax>399.8</xmax>
      <ymax>427.0</ymax>
    </bndbox>
  </object>
  <object>
    <name>WHITE</name>
    <occluded>0</occluded>
    <bndbox>
      <xmin>289.5</xmin>
      <ymin>391.56</ymin>
      <xmax>331.18</xmax>
      <ymax>436.7</ymax>
    </bndbox>
  </object>
  <object>
    <name>WHITE</name>
    <occluded>0</occluded>
    <bndbox>
      <xmin>471.51</xmin>
      <ymin>313.88</ymin>
      <xmax>517.8</xmax>
      <ymax>354.7</ymax>
    </bndbox>
  </object>
  <object>
    <name>WHITE</name>
    <occluded>0</occluded>
    <bndbox>
      <xmin>375.8</xmin>
      <ymin>315.26</ymin>
      <xmax>420.08</xmax>
      <ymax>354.5</ymax>
    </bndbox>
  </object>
  <object>
    <name>WHITE</name>
    <occluded>0</occluded>
    <bndbox>
      <xmin>517.2</xmin>
      <ymin>260.4</ymin>
      <xmax>564.73</xmax>
      <ymax>297.9</ymax>
    </bndbox>
  </object>
  <object>
    <name>WHITE</name>
    <occluded>0</occluded>
    <bndbox>
      <xmin>563.26</xmin>
      <ymin>219.68</ymin>
      <xmax>609.0</xmax>
      <ymax>247.6</ymax>
    </bndbox>
  </object>
  <object>
    <name>WHITE</name>
    <occluded>0</occluded>
    <bndbox>
      <xmin>450.67</xmin>
      <ymin>612.62</ymin>
      <xmax>500.6</xmax>
      <ymax>656.9</ymax>
    </bndbox>
  </object>
  <object>
    <name>WHITE</name>
    <occluded>0</occluded>
    <bndbox>
      <xmin>497.8</xmin>
      <ymin>551.2</ymin>
      <xmax>544.68</xmax>
      <ymax>597.96</ymax>
    </bndbox>
  </object>
  <object>
    <name>WHITE</name>
    <occluded>0</occluded>
    <bndbox>
      <xmin>538.9</xmin>
      <ymin>483.6</ymin>
      <xmax>586.1</xmax>
      <ymax>532.87</ymax>
    </bndbox>
  </object>
  <object>
    <name>WHITE</name>
    <occluded>0</occluded>
    <bndbox>
      <xmin>582.69</xmin>
      <ymin>408.1</ymin>
      <xmax>626.94</xmax>
      <ymax>455.83</ymax>
    </bndbox>
  </object>
  <object>
    <name>WHITE</name>
    <occluded>0</occluded>
    <bndbox>
      <xmin>626.26</xmin>
      <ymin>347.81</ymin>
      <xmax>674.6</xmax>
      <ymax>392.3</ymax>
    </bndbox>
  </object>
  <object>
    <name>WHITE</name>
    <occluded>0</occluded>
    <bndbox>
      <xmin>679.29</xmin>
      <ymin>282.44</ymin>
      <xmax>723.3</xmax>
      <ymax>321.1</ymax>
    </bndbox>
  </object>
  <object>
    <name>WHITE</name>
    <occluded>0</occluded>
    <bndbox>
      <xmin>424.41</xmin>
      <ymin>731.88</ymin>
      <xmax>475.9</xmax>
      <ymax>771.4</ymax>
    </bndbox>
  </object>
  <object>
    <name>WHITE</name>
    <occluded>0</occluded>
    <bndbox>
      <xmin>472.81</xmin>
      <ymin>686.21</ymin>
      <xmax>522.62</xmax>
      <ymax>723.8</ymax>
    </bndbox>
  </object>
  <object>
    <name>WHITE</name>
    <occluded>0</occluded>
    <bndbox>
      <xmin>391.71</xmin>
      <ymin>892.87</ymin>
      <xmax>434.75</xmax>
      <ymax>912.2</ymax>
    </bndbox>
  </object>
  <object>
    <name>WHITE</name>
    <occluded>0</occluded>
    <bndbox>
      <xmin>733.21</xmin>
      <ymin>816.45</ymin>
      <xmax>767.23</xmax>
      <ymax>840.46</ymax>
    </bndbox>
  </object>
  <object>
    <name>WHITE</name>
    <occluded>0</occluded>
    <bndbox>
      <xmin>488.71</xmin>
      <ymin>903.78</ymin>
      <xmax>531.13</xmax>
      <ymax>921.25</ymax>
    </bndbox>
  </object>
  <object>
    <name>WHITE</name>
    <occluded>0</occluded>
    <bndbox>
      <xmin>712.2</xmin>
      <ymin>572.5</ymin>
      <xmax>757.73</xmax>
      <ymax>618.95</ymax>
    </bndbox>
  </object>
  <object>
    <name>WHITE</name>
    <occluded>0</occluded>
    <bndbox>
      <xmin>681.29</xmin>
      <ymin>648.44</ymin>
      <xmax>724.86</xmax>
      <ymax>687.1</ymax>
    </bndbox>
  </object>
  <object>
    <name>WHITE</name>
    <occluded>0</occluded>
    <bndbox>
      <xmin>634.46</xmin>
      <ymin>707.5</ymin>
      <xmax>681.4</xmax>
      <ymax>743.4</ymax>
    </bndbox>
  </object>
  <object>
    <name>WHITE</name>
    <occluded>0</occluded>
    <bndbox>
      <xmin>586.8</xmin>
      <ymin>755.0</ymin>
      <xmax>630.27</xmax>
      <ymax>789.97</ymax>
    </bndbox>
  </object>
  <object>
    <name>WHITE</name>
    <occluded>0</occluded>
    <bndbox>
      <xmin>722.34</xmin>
      <ymin>430.55</ymin>
      <xmax>764.9</xmax>
      <ymax>479.2</ymax>
    </bndbox>
  </object>
  <object>
    <name>WHITE</name>
    <occluded>0</occluded>
    <bndbox>
      <xmin>682.0</xmin>
      <ymin>499.8</ymin>
      <xmax>725.1</xmax>
      <ymax>548.64</ymax>
    </bndbox>
  </object>
  <object>
    <name>WHITE</name>
    <occluded>0</occluded>
    <bndbox>
      <xmin>634.0</xmin>
      <ymin>572.9</ymin>
      <xmax>681.49</xmax>
      <ymax>618.77</ymax>
    </bndbox>
  </object>
  <object>
    <name>WHITE</name>
    <occluded>0</occluded>
    <bndbox>
      <xmin>603.44</xmin>
      <ymin>646.81</ymin>
      <xmax>652.0</xmax>
      <ymax>688.9</ymax>
    </bndbox>
  </object>
  <object>
    <name>WHITE</name>
    <occluded>0</occluded>
    <bndbox>
      <xmin>556.18</xmin>
      <ymin>702.8</ymin>
      <xmax>602.3</xmax>
      <ymax>738.8</ymax>
    </bndbox>
  </object>
  <object>
    <name>WHITE</name>
    <occluded>0</occluded>
    <bndbox>
      <xmin>513.44</xmin>
      <ymin>750.09</ymin>
      <xmax>561.0</xmax>
      <ymax>786.1</ymax>
    </bndbox>
  </object>
  <object>
    <name>WHITE</name>
    <occluded>0</occluded>
    <bndbox>
      <xmin>707.16</xmin>
      <ymin>346.83</ymin>
      <xmax>749.0</xmax>
      <ymax>392.4</ymax>
    </bndbox>
  </object>
  <object>
    <name>WHITE</name>
    <occluded>0</occluded>
    <bndbox>
      <xmin>393.89</xmin>
      <ymin>916.57</ymin>
      <xmax>432.26</xmax>
      <ymax>935.28</ymax>
    </bndbox>
  </object>
  <object>
    <name>WHITE</name>
    <occluded>0</occluded>
    <bndbox>
      <xmin>651.13</xmin>
      <ymin>419.15</ymin>
      <xmax>696.2</xmax>
      <ymax>467.0</ymax>
    </bndbox>
  </object>
  <object>
    <name>WHITE</name>
    <occluded>0</occluded>
    <bndbox>
      <xmin>610.78</xmin>
      <ymin>493.7</ymin>
      <xmax>657.3</xmax>
      <ymax>542.05</ymax>
    </bndbox>
  </object>
  <object>
    <name>WHITE</name>
    <occluded>0</occluded>
    <bndbox>
      <xmin>563.86</xmin>
      <ymin>565.5</ymin>
      <xmax>613.3</xmax>
      <ymax>612.07</ymax>
    </bndbox>
  </object>
  <object>
    <name>BLACK</name>
    <occluded>0</occluded>
    <bndbox>
      <xmin>561.97</xmin>
      <ymin>804.6</ymin>
      <xmax>604.74</xmax>
      <ymax>834.54</ymax>
    </bndbox>
  </object>
  <object>
    <name>WHITE</name>
    <occluded>0</occluded>
    <bndbox>
      <xmin>594.41</xmin>
      <ymin>830.17</ymin>
      <xmax>632.49</xmax>
      <ymax>860.74</ymax>
    </bndbox>
  </object>
  <object>
    <name>WHITE</name>
    <occluded>0</occluded>
    <bndbox>
      <xmin>635.27</xmin>
      <ymin>838.28</ymin>
      <xmax>672.42</xmax>
      <ymax>873.21</ymax>
    </bndbox>
  </object>
  <object>
    <name>WHITE</name>
    <occluded>0</occluded>
    <bndbox>
      <xmin>685.49</xmin>
      <ymin>846.08</ymin>
      <xmax>724.19</xmax>
      <ymax>872.9</ymax>
    </bndbox>
  </object>
  <object>
    <name>WHITE</name>
    <occluded>0</occluded>
    <bndbox>
      <xmin>518.31</xmin>
      <ymin>848.58</ymin>
      <xmax>560.76</xmax>
      <ymax>880.08</ymax>
    </bndbox>
  </object>
  <object>
    <name>WHITE</name>
    <occluded>0</occluded>
    <bndbox>
      <xmin>560.42</xmin>
      <ymin>877.27</ymin>
      <xmax>601.62</xmax>
      <ymax>901.29</ymax>
    </bndbox>
  </object>
  <object>
    <name>WHITE</name>
    <occluded>0</occluded>
    <bndbox>
      <xmin>382.04</xmin>
      <ymin>852.94</ymin>
      <xmax>432.26</xmax>
      <ymax>874.15</ymax>
    </bndbox>
  </object>
  <object>
    <name>WHITE</name>
    <occluded>0</occluded>
    <bndbox>
      <xmin>449.1</xmin>
      <ymin>878.21</ymin>
      <xmax>495.57</xmax>
      <ymax>900.04</ymax>
    </bndbox>
  </object>
  <object>
    <name>BLACK</name>
    <occluded>0</occluded>
    <bndbox>
      <xmin>476.2</xmin>
      <ymin>927.8</ymin>
      <xmax>514.91</xmax>
      <ymax>948.69</ymax>
    </bndbox>
  </object>
  <object>
    <name>WHITE</name>
    <occluded>0</occluded>
    <bndbox>
      <xmin>539.52</xmin>
      <ymin>905.65</ymin>
      <xmax>582.28</xmax>
      <ymax>931.54</ymax>
    </bndbox>
  </object>
  <object>
    <name>WHITE</name>
    <occluded>0</occluded>
    <bndbox>
      <xmin>425.71</xmin>
      <ymin>914.7</ymin>
      <xmax>465.94</xmax>
      <ymax>934.97</ymax>
    </bndbox>
  </object>
  <object>
    <name>WHITE</name>
    <occluded>0</occluded>
    <bndbox>
      <xmin>533.7</xmin>
      <ymin>633.8</ymin>
      <xmax>578.2</xmax>
      <ymax>677.36</ymax>
    </bndbox>
  </object>
  <object>
    <name>WHITE</name>
    <occluded>0</occluded>
    <bndbox>
      <xmin>424.77</xmin>
      <ymin>266.76</ymin>
      <xmax>464.77</xmax>
      <ymax>296.76</ymax>
    </bndbox>
  </object>
</annotation>
