<annotation>
  <folder>LuK</folder>
  <filename>LuK_camera1.png</filename>
  <source>
    <database>Unknown</database>
    <annotation>Unknown</annotation>
    <image>Unknown</image>
  </source>
  <size>
    <width>960</width>
    <height>1280</height>
    <depth></depth>
  </size>
  <segmented>0</segmented>
  <object>
    <name>WHITE</name>
    <occluded>0</occluded>
    <bndbox>
      <xmin>269.09</xmin>
      <ymin>730.55</ymin>
      <xmax>308.94</xmax>
      <ymax>765.21</ymax>
    </bndbox>
  </object>
  <object>
    <name>WHITE</name>
    <occluded>0</occluded>
    <bndbox>
      <xmin>720.03</xmin>
      <ymin>554.42</ymin>
      <xmax>743.6</xmax>
      <ymax>599.47</ymax>
    </bndbox>
  </object>
  <object>
    <name>WHITE</name>
    <occluded>0</occluded>
    <bndbox>
      <xmin>682.92</xmin>
      <ymin>610.9</ymin>
      <xmax>713.1</xmax>
      <ymax>655.5</ymax>
    </bndbox>
  </object>
  <object>
    <name>WHITE</name>
    <occluded>0</occluded>
    <bndbox>
      <xmin>220.47</xmin>
      <ymin>667.91</ymin>
      <xmax>249.59</xmax>
      <ymax>705.45</ymax>
    </bndbox>
  </object>
  <object>
    <name>WHITE</name>
    <occluded>0</occluded>
    <bndbox>
      <xmin>206.57</xmin>
      <ymin>469.28</ymin>
      <xmax>229.12</xmax>
      <ymax>514.04</ymax>
    </bndbox>
  </object>
  <object>
    <name>WHITE</name>
    <occluded>0</occluded>
    <bndbox>
      <xmin>195.57</xmin>
      <ymin>531.21</ymin>
      <xmax>217.61</xmax>
      <ymax>574.46</ymax>
    </bndbox>
  </object>
  <object>
    <name>WHITE</name>
    <occluded>0</occluded>
    <bndbox>
      <xmin>223.02</xmin>
      <ymin>598.17</ymin>
      <xmax>249.63</xmax>
      <ymax>639.75</ymax>
    </bndbox>
  </object>
  <object>
    <name>WHITE</name>
    <occluded>0</occluded>
    <bndbox>
      <xmin>258.37</xmin>
      <ymin>670.94</ymin>
      <xmax>293.71</xmax>
      <ymax>711.28</ymax>
    </bndbox>
  </object>
  <object>
    <name>WHITE</name>
    <occluded>0</occluded>
    <bndbox>
      <xmin>532.4</xmin>
      <ymin>501.6</ymin>
      <xmax>574.75</xmax>
      <ymax>548.47</ymax>
    </bndbox>
  </object>
  <object>
    <name>WHITE</name>
    <occluded>0</occluded>
    <bndbox>
      <xmin>481.8</xmin>
      <ymin>739.0</ymin>
      <xmax>527.56</xmax>
      <ymax>775.8</ymax>
    </bndbox>
  </object>
  <object>
    <name>WHITE</name>
    <occluded>0</occluded>
    <bndbox>
      <xmin>329.52</xmin>
      <ymin>776.48</ymin>
      <xmax>371.9</xmax>
      <ymax>804.3</ymax>
    </bndbox>
  </object>
  <object>
    <name>WHITE</name>
    <occluded>0</occluded>
    <bndbox>
      <xmin>390.7</xmin>
      <ymin>695.56</ymin>
      <xmax>437.9</xmax>
      <ymax>735.9</ymax>
    </bndbox>
  </object>
  <object>
    <name>WHITE</name>
    <occluded>0</occluded>
    <bndbox>
      <xmin>312.28</xmin>
      <ymin>726.75</ymin>
      <xmax>357.6</xmax>
      <ymax>763.0</ymax>
    </bndbox>
  </object>
  <object>
    <name>WHITE</name>
    <occluded>0</occluded>
    <bndbox>
      <xmin>388.8</xmin>
      <ymin>619.0</ymin>
      <xmax>434.53</xmax>
      <ymax>666.15</ymax>
    </bndbox>
  </object>
  <object>
    <name>WHITE</name>
    <occluded>0</occluded>
    <bndbox>
      <xmin>311.34</xmin>
      <ymin>653.27</ymin>
      <xmax>353.2</xmax>
      <ymax>698.3</ymax>
    </bndbox>
  </object>
  <object>
    <name>WHITE</name>
    <occluded>0</occluded>
    <bndbox>
      <xmin>264.17</xmin>
      <ymin>584.35</ymin>
      <xmax>302.1</xmax>
      <ymax>630.8</ymax>
    </bndbox>
  </object>
  <object>
    <name>WHITE</name>
    <occluded>0</occluded>
    <bndbox>
      <xmin>433.6</xmin>
      <ymin>484.5</ymin>
      <xmax>482.8</xmax>
      <ymax>533.7</ymax>
    </bndbox>
  </object>
  <object>
    <name>WHITE</name>
    <occluded>0</occluded>
    <bndbox>
      <xmin>228.2</xmin>
      <ymin>517.1</ymin>
      <xmax>255.53</xmax>
      <ymax>565.59</ymax>
    </bndbox>
  </object>
  <object>
    <name>WHITE</name>
    <occluded>0</occluded>
    <bndbox>
      <xmin>322.7</xmin>
      <ymin>569.43</ymin>
      <xmax>366.8</xmax>
      <ymax>614.5</ymax>
    </bndbox>
  </object>
  <object>
    <name>WHITE</name>
    <occluded>0</occluded>
    <bndbox>
      <xmin>274.8</xmin>
      <ymin>507.2</ymin>
      <xmax>308.56</xmax>
      <ymax>553.0</ymax>
    </bndbox>
  </object>
  <object>
    <name>WHITE</name>
    <occluded>0</occluded>
    <bndbox>
      <xmin>245.4</xmin>
      <ymin>450.6</ymin>
      <xmax>277.28</xmax>
      <ymax>497.8</ymax>
    </bndbox>
  </object>
  <object>
    <name>WHITE</name>
    <occluded>0</occluded>
    <bndbox>
      <xmin>224.3</xmin>
      <ymin>407.62</ymin>
      <xmax>251.59</xmax>
      <ymax>452.4</ymax>
    </bndbox>
  </object>
  <object>
    <name>WHITE</name>
    <occluded>0</occluded>
    <bndbox>
      <xmin>249.6</xmin>
      <ymin>341.61</ymin>
      <xmax>278.8</xmax>
      <ymax>385.5</ymax>
    </bndbox>
  </object>
  <object>
    <name>WHITE</name>
    <occluded>0</occluded>
    <bndbox>
      <xmin>277.7</xmin>
      <ymin>381.6</ymin>
      <xmax>314.0</xmax>
      <ymax>425.6</ymax>
    </bndbox>
  </object>
  <object>
    <name>WHITE</name>
    <occluded>0</occluded>
    <bndbox>
      <xmin>320.78</xmin>
      <ymin>298.7</ymin>
      <xmax>361.0</xmax>
      <ymax>338.08</ymax>
    </bndbox>
  </object>
  <object>
    <name>WHITE</name>
    <occluded>0</occluded>
    <bndbox>
      <xmin>403.89</xmin>
      <ymin>288.7</ymin>
      <xmax>449.7</xmax>
      <ymax>325.62</ymax>
    </bndbox>
  </object>
  <object>
    <name>WHITE</name>
    <occluded>0</occluded>
    <bndbox>
      <xmin>459.6</xmin>
      <ymin>254.5</ymin>
      <xmax>501.99</xmax>
      <ymax>288.6</ymax>
    </bndbox>
  </object>
  <object>
    <name>WHITE</name>
    <occluded>0</occluded>
    <bndbox>
      <xmin>393.1</xmin>
      <ymin>402.9</ymin>
      <xmax>441.26</xmax>
      <ymax>448.41</ymax>
    </bndbox>
  </object>
  <object>
    <name>WHITE</name>
    <occluded>0</occluded>
    <bndbox>
      <xmin>446.9</xmin>
      <ymin>347.7</ymin>
      <xmax>494.4</xmax>
      <ymax>391.9</ymax>
    </bndbox>
  </object>
  <object>
    <name>WHITE</name>
    <occluded>0</occluded>
    <bndbox>
      <xmin>362.67</xmin>
      <ymin>252.5</ymin>
      <xmax>406.9</xmax>
      <ymax>289.24</ymax>
    </bndbox>
  </object>
  <object>
    <name>WHITE</name>
    <occluded>0</occluded>
    <bndbox>
      <xmin>311.15</xmin>
      <ymin>430.61</ymin>
      <xmax>354.1</xmax>
      <ymax>481.6</ymax>
    </bndbox>
  </object>
  <object>
    <name>WHITE</name>
    <occluded>0</occluded>
    <bndbox>
      <xmin>353.8</xmin>
      <ymin>346.1</ymin>
      <xmax>399.85</xmax>
      <ymax>390.9</ymax>
    </bndbox>
  </object>
  <object>
    <name>WHITE</name>
    <occluded>0</occluded>
    <bndbox>
      <xmin>351.14</xmin>
      <ymin>490.4</ymin>
      <xmax>396.6</xmax>
      <ymax>536.81</ymax>
    </bndbox>
  </object>
  <object>
    <name>WHITE</name>
    <occluded>0</occluded>
    <bndbox>
      <xmin>191.54</xmin>
      <ymin>595.31</ymin>
      <xmax>213.72</xmax>
      <ymax>640.71</ymax>
    </bndbox>
  </object>
  <object>
    <name>WHITE</name>
    <occluded>0</occluded>
    <bndbox>
      <xmin>205.72</xmin>
      <ymin>366.58</ymin>
      <xmax>231.05</xmax>
      <ymax>407.13</ymax>
    </bndbox>
  </object>
  <object>
    <name>BLACK</name>
    <occluded>0</occluded>
    <bndbox>
      <xmin>233.79</xmin>
      <ymin>313.56</ymin>
      <xmax>260.51</xmax>
      <ymax>353.42</ymax>
    </bndbox>
  </object>
  <object>
    <name>WHITE</name>
    <occluded>0</occluded>
    <bndbox>
      <xmin>709.82</xmin>
      <ymin>489.49</ymin>
      <xmax>735.7</xmax>
      <ymax>534.7</ymax>
    </bndbox>
  </object>
  <object>
    <name>WHITE</name>
    <occluded>0</occluded>
    <bndbox>
      <xmin>650.77</xmin>
      <ymin>471.72</ymin>
      <xmax>683.8</xmax>
      <ymax>517.1</ymax>
    </bndbox>
  </object>
  <object>
    <name>WHITE</name>
    <occluded>0</occluded>
    <bndbox>
      <xmin>578.97</xmin>
      <ymin>449.44</ymin>
      <xmax>618.9</xmax>
      <ymax>497.0</ymax>
    </bndbox>
  </object>
  <object>
    <name>WHITE</name>
    <occluded>0</occluded>
    <bndbox>
      <xmin>325.62</xmin>
      <ymin>228.31</ymin>
      <xmax>364.82</xmax>
      <ymax>259.5</ymax>
    </bndbox>
  </object>
  <object>
    <name>WHITE</name>
    <occluded>0</occluded>
    <bndbox>
      <xmin>415.4</xmin>
      <ymin>217.57</ymin>
      <xmax>461.9</xmax>
      <ymax>241.48</ymax>
    </bndbox>
  </object>
  <object>
    <name>WHITE</name>
    <occluded>0</occluded>
    <bndbox>
      <xmin>515.57</xmin>
      <ymin>236.28</ymin>
      <xmax>556.46</xmax>
      <ymax>261.58</ymax>
    </bndbox>
  </object>
  <object>
    <name>WHITE</name>
    <occluded>0</occluded>
    <bndbox>
      <xmin>282.65</xmin>
      <ymin>276.48</ymin>
      <xmax>319.42</xmax>
      <ymax>315.3</ymax>
    </bndbox>
  </object>
  <object>
    <name>WHITE</name>
    <occluded>0</occluded>
    <bndbox>
      <xmin>558.54</xmin>
      <ymin>277.52</ymin>
      <xmax>597.35</xmax>
      <ymax>317.03</ymax>
    </bndbox>
  </object>
  <object>
    <name>WHITE</name>
    <occluded>0</occluded>
    <bndbox>
      <xmin>612.25</xmin>
      <ymin>269.55</ymin>
      <xmax>647.6</xmax>
      <ymax>304.21</ymax>
    </bndbox>
  </object>
  <object>
    <name>WHITE</name>
    <occluded>0</occluded>
    <bndbox>
      <xmin>485.48</xmin>
      <ymin>429.38</ymin>
      <xmax>530.6</xmax>
      <ymax>472.94</ymax>
    </bndbox>
  </object>
  <object>
    <name>BLACK</name>
    <occluded>0</occluded>
    <bndbox>
      <xmin>627.16</xmin>
      <ymin>319.8</ymin>
      <xmax>663.89</xmax>
      <ymax>362.43</ymax>
    </bndbox>
  </object>
  <object>
    <name>WHITE</name>
    <occluded>0</occluded>
    <bndbox>
      <xmin>689.86</xmin>
      <ymin>431.65</ymin>
      <xmax>720.1</xmax>
      <ymax>475.4</ymax>
    </bndbox>
  </object>
  <object>
    <name>WHITE</name>
    <occluded>0</occluded>
    <bndbox>
      <xmin>617.04</xmin>
      <ymin>408.69</ymin>
      <xmax>653.6</xmax>
      <ymax>454.3</ymax>
    </bndbox>
  </object>
  <object>
    <name>WHITE</name>
    <occluded>0</occluded>
    <bndbox>
      <xmin>537.1</xmin>
      <ymin>382.17</ymin>
      <xmax>577.8</xmax>
      <ymax>423.6</ymax>
    </bndbox>
  </object>
  <object>
    <name>WHITE</name>
    <occluded>0</occluded>
    <bndbox>
      <xmin>657.86</xmin>
      <ymin>367.94</ymin>
      <xmax>693.5</xmax>
      <ymax>412.3</ymax>
    </bndbox>
  </object>
  <object>
    <name>WHITE</name>
    <occluded>0</occluded>
    <bndbox>
      <xmin>588.02</xmin>
      <ymin>340.97</ymin>
      <xmax>625.7</xmax>
      <ymax>383.0</ymax>
    </bndbox>
  </object>
  <object>
    <name>BLACK</name>
    <occluded>0</occluded>
    <bndbox>
      <xmin>389.61</xmin>
      <ymin>545.74</ymin>
      <xmax>441.7</xmax>
      <ymax>598.3</ymax>
    </bndbox>
  </object>
  <object>
    <name>WHITE</name>
    <occluded>0</occluded>
    <bndbox>
      <xmin>391.59</xmin>
      <ymin>760.8</ymin>
      <xmax>441.1</xmax>
      <ymax>793.8</ymax>
    </bndbox>
  </object>
  <object>
    <name>WHITE</name>
    <occluded>0</occluded>
    <bndbox>
      <xmin>494.46</xmin>
      <ymin>297.23</ymin>
      <xmax>540.7</xmax>
      <ymax>339.5</ymax>
    </bndbox>
  </object>
  <object>
    <name>WHITE</name>
    <occluded>0</occluded>
    <bndbox>
      <xmin>681.63</xmin>
      <ymin>675.35</ymin>
      <xmax>714.11</xmax>
      <ymax>715.69</ymax>
    </bndbox>
  </object>
  <object>
    <name>WHITE</name>
    <occluded>0</occluded>
    <bndbox>
      <xmin>284.07</xmin>
      <ymin>777.66</ymin>
      <xmax>322.54</xmax>
      <ymax>804.0</ymax>
    </bndbox>
  </object>
  <object>
    <name>WHITE</name>
    <occluded>0</occluded>
    <bndbox>
      <xmin>189.08</xmin>
      <ymin>426.54</ymin>
      <xmax>207.83</xmax>
      <ymax>469.86</ymax>
    </bndbox>
  </object>
  <object>
    <name>WHITE</name>
    <occluded>0</occluded>
    <bndbox>
      <xmin>606.23</xmin>
      <ymin>520.71</ymin>
      <xmax>646.0</xmax>
      <ymax>566.7</ymax>
    </bndbox>
  </object>
  <object>
    <name>WHITE</name>
    <occluded>0</occluded>
    <bndbox>
      <xmin>667.33</xmin>
      <ymin>536.46</ymin>
      <xmax>699.9</xmax>
      <ymax>583.3</ymax>
    </bndbox>
  </object>
  <object>
    <name>WHITE</name>
    <occluded>0</occluded>
    <bndbox>
      <xmin>613.1</xmin>
      <ymin>605.95</ymin>
      <xmax>650.78</xmax>
      <ymax>652.8</ymax>
    </bndbox>
  </object>
  <object>
    <name>WHITE</name>
    <occluded>0</occluded>
    <bndbox>
      <xmin>629.1</xmin>
      <ymin>689.99</ymin>
      <xmax>666.88</xmax>
      <ymax>726.6</ymax>
    </bndbox>
  </object>
  <object>
    <name>WHITE</name>
    <occluded>0</occluded>
    <bndbox>
      <xmin>619.21</xmin>
      <ymin>745.67</ymin>
      <xmax>659.66</xmax>
      <ymax>775.4</ymax>
    </bndbox>
  </object>
  <object>
    <name>WHITE</name>
    <occluded>0</occluded>
    <bndbox>
      <xmin>540.52</xmin>
      <ymin>587.56</ymin>
      <xmax>584.08</xmax>
      <ymax>634.4</ymax>
    </bndbox>
  </object>
  <object>
    <name>WHITE</name>
    <occluded>0</occluded>
    <bndbox>
      <xmin>555.09</xmin>
      <ymin>686.85</ymin>
      <xmax>600.9</xmax>
      <ymax>726.1</ymax>
    </bndbox>
  </object>
  <object>
    <name>WHITE</name>
    <occluded>0</occluded>
    <bndbox>
      <xmin>549.14</xmin>
      <ymin>753.2</ymin>
      <xmax>594.8</xmax>
      <ymax>782.6</ymax>
    </bndbox>
  </object>
  <object>
    <name>WHITE</name>
    <occluded>0</occluded>
    <bndbox>
      <xmin>462.88</xmin>
      <ymin>570.0</ymin>
      <xmax>511.4</xmax>
      <ymax>617.8</ymax>
    </bndbox>
  </object>
  <object>
    <name>WHITE</name>
    <occluded>0</occluded>
    <bndbox>
      <xmin>481.2</xmin>
      <ymin>662.7</ymin>
      <xmax>527.5</xmax>
      <ymax>705.5</ymax>
    </bndbox>
  </object>
</annotation>
