<annotation>
  <folder>LuK</folder>
  <filename>LuK_camera4.png</filename>
  <source>
    <database>Unknown</database>
    <annotation>Unknown</annotation>
    <image>Unknown</image>
  </source>
  <size>
    <width>1280</width>
    <height>960</height>
    <depth></depth>
  </size>
  <segmented>0</segmented>
  <object>
    <name>WHITE</name>
    <occluded>0</occluded>
    <bndbox>
      <xmin>529.2</xmin>
      <ymin>527.1</ymin>
      <xmax>565.46</xmax>
      <ymax>576.15</ymax>
    </bndbox>
  </object>
  <object>
    <name>WHITE</name>
    <occluded>0</occluded>
    <bndbox>
      <xmin>971.1</xmin>
      <ymin>497.17</ymin>
      <xmax>988.16</xmax>
      <ymax>538.5</ymax>
    </bndbox>
  </object>
  <object>
    <name>WHITE</name>
    <occluded>0</occluded>
    <bndbox>
      <xmin>986.82</xmin>
      <ymin>459.0</ymin>
      <xmax>1002.54</xmax>
      <ymax>500.77</ymax>
    </bndbox>
  </object>
  <object>
    <name>WHITE</name>
    <occluded>0</occluded>
    <bndbox>
      <xmin>544.38</xmin>
      <ymin>806.49</ymin>
      <xmax>576.0</xmax>
      <ymax>844.5</ymax>
    </bndbox>
  </object>
  <object>
    <name>WHITE</name>
    <occluded>0</occluded>
    <bndbox>
      <xmin>735.68</xmin>
      <ymin>338.86</ymin>
      <xmax>783.9</xmax>
      <ymax>385.0</ymax>
    </bndbox>
  </object>
  <object>
    <name>WHITE</name>
    <occluded>0</occluded>
    <bndbox>
      <xmin>769.94</xmin>
      <ymin>284.72</ymin>
      <xmax>811.4</xmax>
      <ymax>324.7</ymax>
    </bndbox>
  </object>
  <object>
    <name>WHITE</name>
    <occluded>0</occluded>
    <bndbox>
      <xmin>579.7</xmin>
      <ymin>465.6</ymin>
      <xmax>623.4</xmax>
      <ymax>511.07</ymax>
    </bndbox>
  </object>
  <object>
    <name>WHITE</name>
    <occluded>0</occluded>
    <bndbox>
      <xmin>611.01</xmin>
      <ymin>398.0</ymin>
      <xmax>656.4</xmax>
      <ymax>446.2</ymax>
    </bndbox>
  </object>
  <object>
    <name>WHITE</name>
    <occluded>0</occluded>
    <bndbox>
      <xmin>639.7</xmin>
      <ymin>328.6</ymin>
      <xmax>686.7</xmax>
      <ymax>376.87</ymax>
    </bndbox>
  </object>
  <object>
    <name>WHITE</name>
    <occluded>0</occluded>
    <bndbox>
      <xmin>681.3</xmin>
      <ymin>282.27</ymin>
      <xmax>730.1</xmax>
      <ymax>321.3</ymax>
    </bndbox>
  </object>
  <object>
    <name>WHITE</name>
    <occluded>0</occluded>
    <bndbox>
      <xmin>721.46</xmin>
      <ymin>238.15</ymin>
      <xmax>766.3</xmax>
      <ymax>266.6</ymax>
    </bndbox>
  </object>
  <object>
    <name>WHITE</name>
    <occluded>0</occluded>
    <bndbox>
      <xmin>525.22</xmin>
      <ymin>710.53</ymin>
      <xmax>554.4</xmax>
      <ymax>755.2</ymax>
    </bndbox>
  </object>
  <object>
    <name>WHITE</name>
    <occluded>0</occluded>
    <bndbox>
      <xmin>537.48</xmin>
      <ymin>660.06</ymin>
      <xmax>578.8</xmax>
      <ymax>701.78</ymax>
    </bndbox>
  </object>
  <object>
    <name>WHITE</name>
    <occluded>0</occluded>
    <bndbox>
      <xmin>575.75</xmin>
      <ymin>603.9</ymin>
      <xmax>617.9</xmax>
      <ymax>649.93</ymax>
    </bndbox>
  </object>
  <object>
    <name>WHITE</name>
    <occluded>0</occluded>
    <bndbox>
      <xmin>790.86</xmin>
      <ymin>405.12</ymin>
      <xmax>834.2</xmax>
      <ymax>450.3</ymax>
    </bndbox>
  </object>
  <object>
    <name>WHITE</name>
    <occluded>0</occluded>
    <bndbox>
      <xmin>749.33</xmin>
      <ymin>467.69</ymin>
      <xmax>796.2</xmax>
      <ymax>513.9</ymax>
    </bndbox>
  </object>
  <object>
    <name>WHITE</name>
    <occluded>0</occluded>
    <bndbox>
      <xmin>710.0</xmin>
      <ymin>539.13</ymin>
      <xmax>756.3</xmax>
      <ymax>587.3</ymax>
    </bndbox>
  </object>
  <object>
    <name>WHITE</name>
    <occluded>0</occluded>
    <bndbox>
      <xmin>612.8</xmin>
      <ymin>533.07</ymin>
      <xmax>657.3</xmax>
      <ymax>580.7</ymax>
    </bndbox>
  </object>
  <object>
    <name>WHITE</name>
    <occluded>0</occluded>
    <bndbox>
      <xmin>659.0</xmin>
      <ymin>466.3</ymin>
      <xmax>705.1</xmax>
      <ymax>513.4</ymax>
    </bndbox>
  </object>
  <object>
    <name>WHITE</name>
    <occluded>0</occluded>
    <bndbox>
      <xmin>698.9</xmin>
      <ymin>396.8</ymin>
      <xmax>742.51</xmax>
      <ymax>441.67</ymax>
    </bndbox>
  </object>
  <object>
    <name>WHITE</name>
    <occluded>0</occluded>
    <bndbox>
      <xmin>628.56</xmin>
      <ymin>872.4</ymin>
      <xmax>669.3</xmax>
      <ymax>910.7</ymax>
    </bndbox>
  </object>
  <object>
    <name>WHITE</name>
    <occluded>0</occluded>
    <bndbox>
      <xmin>656.65</xmin>
      <ymin>610.5</ymin>
      <xmax>704.6</xmax>
      <ymax>653.2</ymax>
    </bndbox>
  </object>
  <object>
    <name>WHITE</name>
    <occluded>0</occluded>
    <bndbox>
      <xmin>613.77</xmin>
      <ymin>681.85</ymin>
      <xmax>660.2</xmax>
      <ymax>720.0</ymax>
    </bndbox>
  </object>
  <object>
    <name>WHITE</name>
    <occluded>0</occluded>
    <bndbox>
      <xmin>588.56</xmin>
      <ymin>734.83</ymin>
      <xmax>630.5</xmax>
      <ymax>770.5</ymax>
    </bndbox>
  </object>
  <object>
    <name>WHITE</name>
    <occluded>0</occluded>
    <bndbox>
      <xmin>562.02</xmin>
      <ymin>770.23</ymin>
      <xmax>600.4</xmax>
      <ymax>808.0</ymax>
    </bndbox>
  </object>
  <object>
    <name>WHITE</name>
    <occluded>0</occluded>
    <bndbox>
      <xmin>794.39</xmin>
      <ymin>541.98</ymin>
      <xmax>836.11</xmax>
      <ymax>588.2</ymax>
    </bndbox>
  </object>
  <object>
    <name>WHITE</name>
    <occluded>0</occluded>
    <bndbox>
      <xmin>837.18</xmin>
      <ymin>475.72</ymin>
      <xmax>877.5</xmax>
      <ymax>521.1</ymax>
    </bndbox>
  </object>
  <object>
    <name>WHITE</name>
    <occluded>0</occluded>
    <bndbox>
      <xmin>706.83</xmin>
      <ymin>680.87</ymin>
      <xmax>753.8</xmax>
      <ymax>721.8</ymax>
    </bndbox>
  </object>
  <object>
    <name>BLACK</name>
    <occluded>0</occluded>
    <bndbox>
      <xmin>964.9</xmin>
      <ymin>651.55</ymin>
      <xmax>988.49</xmax>
      <ymax>689.0</ymax>
    </bndbox>
  </object>
  <object>
    <name>WHITE</name>
    <occluded>0</occluded>
    <bndbox>
      <xmin>803.5</xmin>
      <ymin>844.49</ymin>
      <xmax>839.5</xmax>
      <ymax>879.2</ymax>
    </bndbox>
  </object>
  <object>
    <name>WHITE</name>
    <occluded>0</occluded>
    <bndbox>
      <xmin>833.4</xmin>
      <ymin>757.79</ymin>
      <xmax>867.86</xmax>
      <ymax>794.6</ymax>
    </bndbox>
  </object>
  <object>
    <name>WHITE</name>
    <occluded>0</occluded>
    <bndbox>
      <xmin>795.9</xmin>
      <ymin>814.19</ymin>
      <xmax>831.37</xmax>
      <ymax>846.2</ymax>
    </bndbox>
  </object>
  <object>
    <name>BLACK</name>
    <occluded>0</occluded>
    <bndbox>
      <xmin>741.3</xmin>
      <ymin>860.39</ymin>
      <xmax>785.25</xmax>
      <ymax>897.7</ymax>
    </bndbox>
  </object>
  <object>
    <name>WHITE</name>
    <occluded>0</occluded>
    <bndbox>
      <xmin>942.33</xmin>
      <ymin>438.64</ymin>
      <xmax>967.9</xmax>
      <ymax>483.0</ymax>
    </bndbox>
  </object>
  <object>
    <name>WHITE</name>
    <occluded>0</occluded>
    <bndbox>
      <xmin>854.4</xmin>
      <ymin>661.05</ymin>
      <xmax>890.69</xmax>
      <ymax>703.6</ymax>
    </bndbox>
  </object>
  <object>
    <name>WHITE</name>
    <occluded>0</occluded>
    <bndbox>
      <xmin>829.7</xmin>
      <ymin>719.17</ymin>
      <xmax>864.18</xmax>
      <ymax>759.2</ymax>
    </bndbox>
  </object>
  <object>
    <name>WHITE</name>
    <occluded>0</occluded>
    <bndbox>
      <xmin>769.72</xmin>
      <ymin>770.14</ymin>
      <xmax>810.42</xmax>
      <ymax>804.8</ymax>
    </bndbox>
  </object>
  <object>
    <name>WHITE</name>
    <occluded>0</occluded>
    <bndbox>
      <xmin>733.17</xmin>
      <ymin>827.1</ymin>
      <xmax>774.6</xmax>
      <ymax>858.76</ymax>
    </bndbox>
  </object>
  <object>
    <name>WHITE</name>
    <occluded>0</occluded>
    <bndbox>
      <xmin>682.58</xmin>
      <ymin>871.6</ymin>
      <xmax>723.37</xmax>
      <ymax>905.4</ymax>
    </bndbox>
  </object>
  <object>
    <name>WHITE</name>
    <occluded>0</occluded>
    <bndbox>
      <xmin>892.31</xmin>
      <ymin>385.94</ymin>
      <xmax>926.2</xmax>
      <ymax>430.1</ymax>
    </bndbox>
  </object>
  <object>
    <name>WHITE</name>
    <occluded>0</occluded>
    <bndbox>
      <xmin>901.1</xmin>
      <ymin>467.63</ymin>
      <xmax>934.6</xmax>
      <ymax>513.0</ymax>
    </bndbox>
  </object>
  <object>
    <name>WHITE</name>
    <occluded>0</occluded>
    <bndbox>
      <xmin>872.9</xmin>
      <ymin>538.39</ymin>
      <xmax>908.5</xmax>
      <ymax>583.1</ymax>
    </bndbox>
  </object>
  <object>
    <name>WHITE</name>
    <occluded>0</occluded>
    <bndbox>
      <xmin>831.1</xmin>
      <ymin>613.2</ymin>
      <xmax>867.9</xmax>
      <ymax>655.45</ymax>
    </bndbox>
  </object>
  <object>
    <name>WHITE</name>
    <occluded>0</occluded>
    <bndbox>
      <xmin>791.56</xmin>
      <ymin>672.5</ymin>
      <xmax>830.8</xmax>
      <ymax>712.94</ymax>
    </bndbox>
  </object>
  <object>
    <name>WHITE</name>
    <occluded>0</occluded>
    <bndbox>
      <xmin>705.16</xmin>
      <ymin>779.01</ymin>
      <xmax>748.9</xmax>
      <ymax>814.7</ymax>
    </bndbox>
  </object>
  <object>
    <name>BLACK</name>
    <occluded>0</occluded>
    <bndbox>
      <xmin>860.14</xmin>
      <ymin>414.72</ymin>
      <xmax>896.5</xmax>
      <ymax>462.2</ymax>
    </bndbox>
  </object>
  <object>
    <name>WHITE</name>
    <occluded>0</occluded>
    <bndbox>
      <xmin>666.74</xmin>
      <ymin>832.39</ymin>
      <xmax>706.2</xmax>
      <ymax>862.2</ymax>
    </bndbox>
  </object>
  <object>
    <name>WHITE</name>
    <occluded>0</occluded>
    <bndbox>
      <xmin>846.92</xmin>
      <ymin>794.43</ymin>
      <xmax>881.23</xmax>
      <ymax>829.36</ymax>
    </bndbox>
  </object>
  <object>
    <name>WHITE</name>
    <occluded>0</occluded>
    <bndbox>
      <xmin>985.72</xmin>
      <ymin>536.09</ymin>
      <xmax>1004.12</xmax>
      <ymax>578.5</ymax>
    </bndbox>
  </object>
  <object>
    <name>WHITE</name>
    <occluded>0</occluded>
    <bndbox>
      <xmin>966.38</xmin>
      <ymin>408.52</ymin>
      <xmax>984.47</xmax>
      <ymax>450.32</ymax>
    </bndbox>
  </object>
  <object>
    <name>WHITE</name>
    <occluded>0</occluded>
    <bndbox>
      <xmin>486.96</xmin>
      <ymin>282.05</ymin>
      <xmax>517.69</xmax>
      <ymax>319.85</ymax>
    </bndbox>
  </object>
  <object>
    <name>WHITE</name>
    <occluded>0</occluded>
    <bndbox>
      <xmin>429.81</xmin>
      <ymin>382.85</ymin>
      <xmax>452.17</xmax>
      <ymax>424.69</ymax>
    </bndbox>
  </object>
  <object>
    <name>WHITE</name>
    <occluded>0</occluded>
    <bndbox>
      <xmin>423.94</xmin>
      <ymin>446.99</ymin>
      <xmax>446.29</xmax>
      <ymax>491.18</ymax>
    </bndbox>
  </object>
  <object>
    <name>WHITE</name>
    <occluded>0</occluded>
    <bndbox>
      <xmin>453.8</xmin>
      <ymin>459.47</ymin>
      <xmax>476.7</xmax>
      <ymax>504.69</ymax>
    </bndbox>
  </object>
  <object>
    <name>WHITE</name>
    <occluded>0</occluded>
    <bndbox>
      <xmin>429.4</xmin>
      <ymin>519.51</ymin>
      <xmax>453.31</xmax>
      <ymax>560.32</ymax>
    </bndbox>
  </object>
  <object>
    <name>WHITE</name>
    <occluded>0</occluded>
    <bndbox>
      <xmin>445.25</xmin>
      <ymin>574.09</ymin>
      <xmax>481.64</xmax>
      <ymax>617.5</ymax>
    </bndbox>
  </object>
  <object>
    <name>WHITE</name>
    <occluded>0</occluded>
    <bndbox>
      <xmin>470.72</xmin>
      <ymin>527.31</ymin>
      <xmax>507.63</xmax>
      <ymax>570.71</ymax>
    </bndbox>
  </object>
  <object>
    <name>WHITE</name>
    <occluded>0</occluded>
    <bndbox>
      <xmin>464.57</xmin>
      <ymin>336.57</ymin>
      <xmax>492.98</xmax>
      <ymax>377.74</ymax>
    </bndbox>
  </object>
  <object>
    <name>WHITE</name>
    <occluded>0</occluded>
    <bndbox>
      <xmin>520.71</xmin>
      <ymin>293.21</ymin>
      <xmax>555.99</xmax>
      <ymax>334.07</ymax>
    </bndbox>
  </object>
  <object>
    <name>WHITE</name>
    <occluded>0</occluded>
    <bndbox>
      <xmin>556.27</xmin>
      <ymin>247.05</ymin>
      <xmax>596.22</xmax>
      <ymax>277.0</ymax>
    </bndbox>
  </object>
  <object>
    <name>WHITE</name>
    <occluded>0</occluded>
    <bndbox>
      <xmin>762.32</xmin>
      <ymin>222.81</ymin>
      <xmax>803.26</xmax>
      <ymax>250.1</ymax>
    </bndbox>
  </object>
  <object>
    <name>WHITE</name>
    <occluded>0</occluded>
    <bndbox>
      <xmin>873.88</xmin>
      <ymin>294.84</ymin>
      <xmax>905.58</xmax>
      <ymax>329.41</ymax>
    </bndbox>
  </object>
  <object>
    <name>WHITE</name>
    <occluded>0</occluded>
    <bndbox>
      <xmin>809.68</xmin>
      <ymin>262.61</ymin>
      <xmax>848.4</xmax>
      <ymax>294.84</ymax>
    </bndbox>
  </object>
  <object>
    <name>WHITE</name>
    <occluded>0</occluded>
    <bndbox>
      <xmin>851.26</xmin>
      <ymin>314.59</ymin>
      <xmax>889.99</xmax>
      <ymax>352.8</ymax>
    </bndbox>
  </object>
  <object>
    <name>WHITE</name>
    <occluded>0</occluded>
    <bndbox>
      <xmin>918.84</xmin>
      <ymin>361.38</ymin>
      <xmax>947.43</xmax>
      <ymax>399.07</ymax>
    </bndbox>
  </object>
  <object>
    <name>WHITE</name>
    <occluded>0</occluded>
    <bndbox>
      <xmin>934.34</xmin>
      <ymin>529.86</ymin>
      <xmax>960.91</xmax>
      <ymax>575.14</ymax>
    </bndbox>
  </object>
  <object>
    <name>WHITE</name>
    <occluded>0</occluded>
    <bndbox>
      <xmin>962.78</xmin>
      <ymin>576.64</ymin>
      <xmax>988.23</xmax>
      <ymax>618.19</ymax>
    </bndbox>
  </object>
  <object>
    <name>WHITE</name>
    <occluded>0</occluded>
    <bndbox>
      <xmin>897.71</xmin>
      <ymin>603.57</ymin>
      <xmax>931.24</xmax>
      <ymax>646.97</ymax>
    </bndbox>
  </object>
  <object>
    <name>WHITE</name>
    <occluded>0</occluded>
    <bndbox>
      <xmin>474.74</xmin>
      <ymin>646.09</ymin>
      <xmax>507.8</xmax>
      <ymax>688.2</ymax>
    </bndbox>
  </object>
  <object>
    <name>WHITE</name>
    <occluded>0</occluded>
    <bndbox>
      <xmin>470.06</xmin>
      <ymin>694.44</ymin>
      <xmax>497.19</xmax>
      <ymax>732.8</ymax>
    </bndbox>
  </object>
  <object>
    <name>WHITE</name>
    <occluded>0</occluded>
    <bndbox>
      <xmin>486.84</xmin>
      <ymin>824.68</ymin>
      <xmax>517.39</xmax>
      <ymax>864.2</ymax>
    </bndbox>
  </object>
  <object>
    <name>WHITE</name>
    <occluded>0</occluded>
    <bndbox>
      <xmin>497.17</xmin>
      <ymin>790.1</ymin>
      <xmax>529.51</xmax>
      <ymax>829.17</ymax>
    </bndbox>
  </object>
  <object>
    <name>WHITE</name>
    <occluded>0</occluded>
    <bndbox>
      <xmin>506.33</xmin>
      <ymin>753.88</ymin>
      <xmax>539.39</xmax>
      <ymax>791.94</ymax>
    </bndbox>
  </object>
  <object>
    <name>WHITE</name>
    <occluded>0</occluded>
    <bndbox>
      <xmin>860.33</xmin>
      <ymin>823.12</ymin>
      <xmax>886.53</xmax>
      <ymax>859.93</ymax>
    </bndbox>
  </object>
  <object>
    <name>WHITE</name>
    <occluded>0</occluded>
    <bndbox>
      <xmin>759.53</xmin>
      <ymin>722.35</ymin>
      <xmax>800.14</xmax>
      <ymax>763.62</ymax>
    </bndbox>
  </object>
  <object>
    <name>WHITE</name>
    <occluded>0</occluded>
    <bndbox>
      <xmin>450.0</xmin>
      <ymin>398.95</ymin>
      <xmax>475.58</xmax>
      <ymax>442.3</ymax>
    </bndbox>
  </object>
  <object>
    <name>BLACK</name>
    <occluded>0</occluded>
    <bndbox>
      <xmin>483.5</xmin>
      <ymin>416.46</ymin>
      <xmax>511.91</xmax>
      <ymax>463.6</ymax>
    </bndbox>
  </object>
  <object>
    <name>WHITE</name>
    <occluded>0</occluded>
    <bndbox>
      <xmin>508.74</xmin>
      <ymin>463.9</ymin>
      <xmax>545.7</xmax>
      <ymax>510.89</ymax>
    </bndbox>
  </object>
  <object>
    <name>WHITE</name>
    <occluded>0</occluded>
    <bndbox>
      <xmin>533.97</xmin>
      <ymin>402.61</ymin>
      <xmax>575.6</xmax>
      <ymax>448.7</ymax>
    </bndbox>
  </object>
  <object>
    <name>WHITE</name>
    <occluded>0</occluded>
    <bndbox>
      <xmin>559.6</xmin>
      <ymin>335.5</ymin>
      <xmax>603.27</xmax>
      <ymax>382.1</ymax>
    </bndbox>
  </object>
  <object>
    <name>WHITE</name>
    <occluded>0</occluded>
    <bndbox>
      <xmin>593.1</xmin>
      <ymin>283.1</ymin>
      <xmax>636.0</xmax>
      <ymax>324.73</ymax>
    </bndbox>
  </object>
  <object>
    <name>WHITE</name>
    <occluded>0</occluded>
    <bndbox>
      <xmin>502.51</xmin>
      <ymin>591.64</ymin>
      <xmax>536.8</xmax>
      <ymax>632.63</ymax>
    </bndbox>
  </object>
  <object>
    <name>WHITE</name>
    <occluded>0</occluded>
    <bndbox>
      <xmin>636.45</xmin>
      <ymin>237.97</ymin>
      <xmax>683.3</xmax>
      <ymax>272.8</ymax>
    </bndbox>
  </object>
  <object>
    <name>WHITE</name>
    <occluded>0</occluded>
    <bndbox>
      <xmin>677.19</xmin>
      <ymin>210.48</ymin>
      <xmax>721.0</xmax>
      <ymax>233.9</ymax>
    </bndbox>
  </object>
  <object>
    <name>WHITE</name>
    <occluded>0</occluded>
    <bndbox>
      <xmin>491.4</xmin>
      <ymin>356.18</ymin>
      <xmax>527.05</xmax>
      <ymax>400.4</ymax>
    </bndbox>
  </object>
  <object>
    <name>WHITE</name>
    <occluded>0</occluded>
    <bndbox>
      <xmin>755.88</xmin>
      <ymin>609.71</ymin>
      <xmax>798.87</xmax>
      <ymax>655.9</ymax>
    </bndbox>
  </object>
  <object>
    <name>BLACK</name>
    <occluded>0</occluded>
    <bndbox>
      <xmin>670.95</xmin>
      <ymin>742.87</ymin>
      <xmax>710.6</xmax>
      <ymax>778.22</ymax>
    </bndbox>
  </object>
  <object>
    <name>WHITE</name>
    <occluded>0</occluded>
    <bndbox>
      <xmin>629.9</xmin>
      <ymin>780.9</ymin>
      <xmax>668.5</xmax>
      <ymax>817.0</ymax>
    </bndbox>
  </object>
  <object>
    <name>WHITE</name>
    <occluded>0</occluded>
    <bndbox>
      <xmin>607.0</xmin>
      <ymin>822.8</ymin>
      <xmax>644.2</xmax>
      <ymax>861.61</ymax>
    </bndbox>
  </object>
  <object>
    <name>WHITE</name>
    <occluded>0</occluded>
    <bndbox>
      <xmin>567.86</xmin>
      <ymin>862.02</ymin>
      <xmax>611.0</xmax>
      <ymax>902.1</ymax>
    </bndbox>
  </object>
  <object>
    <name>WHITE</name>
    <occluded>0</occluded>
    <bndbox>
      <xmin>825.55</xmin>
      <ymin>351.22</ymin>
      <xmax>867.1</xmax>
      <ymax>395.3</ymax>
    </bndbox>
  </object>
</annotation>
