<annotation>
  <folder>LuK</folder>
  <filename>LuK_camera5.png</filename>
  <source>
    <database>Unknown</database>
    <annotation>Unknown</annotation>
    <image>Unknown</image>
  </source>
  <size>
    <width>1280</width>
    <height>960</height>
    <depth></depth>
  </size>
  <segmented>0</segmented>
  <object>
    <name>WHITE</name>
    <occluded>0</occluded>
    <bndbox>
      <xmin>718.58</xmin>
      <ymin>763.3</ymin>
      <xmax>752.26</xmax>
      <ymax>801.67</ymax>
    </bndbox>
  </object>
  <object>
    <name>BLACK</name>
    <occluded>0</occluded>
    <bndbox>
      <xmin>341.81</xmin>
      <ymin>441.69</ymin>
      <xmax>374.2</xmax>
      <ymax>490.2</ymax>
    </bndbox>
  </object>
  <object>
    <name>WHITE</name>
    <occluded>0</occluded>
    <bndbox>
      <xmin>359.82</xmin>
      <ymin>375.54</ymin>
      <xmax>393.5</xmax>
      <ymax>419.9</ymax>
    </bndbox>
  </object>
  <object>
    <name>WHITE</name>
    <occluded>0</occluded>
    <bndbox>
      <xmin>311.48</xmin>
      <ymin>410.36</ymin>
      <xmax>342.8</xmax>
      <ymax>455.0</ymax>
    </bndbox>
  </object>
  <object>
    <name>WHITE</name>
    <occluded>0</occluded>
    <bndbox>
      <xmin>463.3</xmin>
      <ymin>421.83</ymin>
      <xmax>507.78</xmax>
      <ymax>468.0</ymax>
    </bndbox>
  </object>
  <object>
    <name>WHITE</name>
    <occluded>0</occluded>
    <bndbox>
      <xmin>567.1</xmin>
      <ymin>551.06</ymin>
      <xmax>615.74</xmax>
      <ymax>595.13</ymax>
    </bndbox>
  </object>
  <object>
    <name>WHITE</name>
    <occluded>0</occluded>
    <bndbox>
      <xmin>505.4</xmin>
      <ymin>347.82</ymin>
      <xmax>554.3</xmax>
      <ymax>393.8</ymax>
    </bndbox>
  </object>
  <object>
    <name>WHITE</name>
    <occluded>0</occluded>
    <bndbox>
      <xmin>636.0</xmin>
      <ymin>261.7</ymin>
      <xmax>682.95</xmax>
      <ymax>305.96</ymax>
    </bndbox>
  </object>
  <object>
    <name>WHITE</name>
    <occluded>0</occluded>
    <bndbox>
      <xmin>789.15</xmin>
      <ymin>308.02</ymin>
      <xmax>817.5</xmax>
      <ymax>353.3</ymax>
    </bndbox>
  </object>
  <object>
    <name>WHITE</name>
    <occluded>0</occluded>
    <bndbox>
      <xmin>801.08</xmin>
      <ymin>377.52</ymin>
      <xmax>827.1</xmax>
      <ymax>422.4</ymax>
    </bndbox>
  </object>
  <object>
    <name>WHITE</name>
    <occluded>0</occluded>
    <bndbox>
      <xmin>748.5</xmin>
      <ymin>612.27</ymin>
      <xmax>786.32</xmax>
      <ymax>654.2</ymax>
    </bndbox>
  </object>
  <object>
    <name>WHITE</name>
    <occluded>0</occluded>
    <bndbox>
      <xmin>715.7</xmin>
      <ymin>680.11</ymin>
      <xmax>754.62</xmax>
      <ymax>717.6</ymax>
    </bndbox>
  </object>
  <object>
    <name>WHITE</name>
    <occluded>0</occluded>
    <bndbox>
      <xmin>700.7</xmin>
      <ymin>567.1</ymin>
      <xmax>736.02</xmax>
      <ymax>614.1</ymax>
    </bndbox>
  </object>
  <object>
    <name>WHITE</name>
    <occluded>0</occluded>
    <bndbox>
      <xmin>679.09</xmin>
      <ymin>734.31</ymin>
      <xmax>719.11</xmax>
      <ymax>769.4</ymax>
    </bndbox>
  </object>
  <object>
    <name>WHITE</name>
    <occluded>0</occluded>
    <bndbox>
      <xmin>651.52</xmin>
      <ymin>783.9</ymin>
      <xmax>690.88</xmax>
      <ymax>819.3</ymax>
    </bndbox>
  </object>
  <object>
    <name>WHITE</name>
    <occluded>0</occluded>
    <bndbox>
      <xmin>730.15</xmin>
      <ymin>277.0</ymin>
      <xmax>760.12</xmax>
      <ymax>322.89</ymax>
    </bndbox>
  </object>
  <object>
    <name>WHITE</name>
    <occluded>0</occluded>
    <bndbox>
      <xmin>745.67</xmin>
      <ymin>345.3</ymin>
      <xmax>781.0</xmax>
      <ymax>390.18</ymax>
    </bndbox>
  </object>
  <object>
    <name>WHITE</name>
    <occluded>0</occluded>
    <bndbox>
      <xmin>745.86</xmin>
      <ymin>414.3</ymin>
      <xmax>780.8</xmax>
      <ymax>461.8</ymax>
    </bndbox>
  </object>
  <object>
    <name>WHITE</name>
    <occluded>0</occluded>
    <bndbox>
      <xmin>731.79</xmin>
      <ymin>496.63</ymin>
      <xmax>765.7</xmax>
      <ymax>543.8</ymax>
    </bndbox>
  </object>
  <object>
    <name>WHITE</name>
    <occluded>0</occluded>
    <bndbox>
      <xmin>369.18</xmin>
      <ymin>665.79</ymin>
      <xmax>405.04</xmax>
      <ymax>700.1</ymax>
    </bndbox>
  </object>
  <object>
    <name>WHITE</name>
    <occluded>0</occluded>
    <bndbox>
      <xmin>383.21</xmin>
      <ymin>624.2</ymin>
      <xmax>421.94</xmax>
      <ymax>663.71</ymax>
    </bndbox>
  </object>
  <object>
    <name>WHITE</name>
    <occluded>0</occluded>
    <bndbox>
      <xmin>768.54</xmin>
      <ymin>534.29</ymin>
      <xmax>801.9</xmax>
      <ymax>580.0</ymax>
    </bndbox>
  </object>
  <object>
    <name>WHITE</name>
    <occluded>0</occluded>
    <bndbox>
      <xmin>809.67</xmin>
      <ymin>578.05</ymin>
      <xmax>838.28</xmax>
      <ymax>619.63</ymax>
    </bndbox>
  </object>
  <object>
    <name>WHITE</name>
    <occluded>0</occluded>
    <bndbox>
      <xmin>775.94</xmin>
      <ymin>647.9</ymin>
      <xmax>810.9</xmax>
      <ymax>685.64</ymax>
    </bndbox>
  </object>
  <object>
    <name>WHITE</name>
    <occluded>0</occluded>
    <bndbox>
      <xmin>467.14</xmin>
      <ymin>167.22</ymin>
      <xmax>510.28</xmax>
      <ymax>192.7</ymax>
    </bndbox>
  </object>
  <object>
    <name>BLACK</name>
    <occluded>0</occluded>
    <bndbox>
      <xmin>526.63</xmin>
      <ymin>163.58</ymin>
      <xmax>570.32</xmax>
      <ymax>184.12</ymax>
    </bndbox>
  </object>
  <object>
    <name>BLACK</name>
    <occluded>0</occluded>
    <bndbox>
      <xmin>523.2</xmin>
      <ymin>834.21</ymin>
      <xmax>562.3</xmax>
      <ymax>862.6</ymax>
    </bndbox>
  </object>
  <object>
    <name>WHITE</name>
    <occluded>0</occluded>
    <bndbox>
      <xmin>698.46</xmin>
      <ymin>223.1</ymin>
      <xmax>736.15</xmax>
      <ymax>262.87</ymax>
    </bndbox>
  </object>
  <object>
    <name>WHITE</name>
    <occluded>0</occluded>
    <bndbox>
      <xmin>654.53</xmin>
      <ymin>178.4</ymin>
      <xmax>695.08</xmax>
      <ymax>209.33</ymax>
    </bndbox>
  </object>
  <object>
    <name>WHITE</name>
    <occluded>0</occluded>
    <bndbox>
      <xmin>296.4</xmin>
      <ymin>538.95</ymin>
      <xmax>322.39</xmax>
      <ymax>578.2</ymax>
    </bndbox>
  </object>
  <object>
    <name>WHITE</name>
    <occluded>0</occluded>
    <bndbox>
      <xmin>326.55</xmin>
      <ymin>609.13</ymin>
      <xmax>355.14</xmax>
      <ymax>649.41</ymax>
    </bndbox>
  </object>
  <object>
    <name>WHITE</name>
    <occluded>0</occluded>
    <bndbox>
      <xmin>340.85</xmin>
      <ymin>554.29</ymin>
      <xmax>371.52</xmax>
      <ymax>596.39</ymax>
    </bndbox>
  </object>
  <object>
    <name>WHITE</name>
    <occluded>0</occluded>
    <bndbox>
      <xmin>490.82</xmin>
      <ymin>667.09</ymin>
      <xmax>531.36</xmax>
      <ymax>705.56</ymax>
    </bndbox>
  </object>
  <object>
    <name>WHITE</name>
    <occluded>0</occluded>
    <bndbox>
      <xmin>744.1</xmin>
      <ymin>709.75</ymin>
      <xmax>782.28</xmax>
      <ymax>747.6</ymax>
    </bndbox>
  </object>
  <object>
    <name>WHITE</name>
    <occluded>0</occluded>
    <bndbox>
      <xmin>509.7</xmin>
      <ymin>487.2</ymin>
      <xmax>556.4</xmax>
      <ymax>535.56</ymax>
    </bndbox>
  </object>
  <object>
    <name>WHITE</name>
    <occluded>0</occluded>
    <bndbox>
      <xmin>543.91</xmin>
      <ymin>413.48</ymin>
      <xmax>590.6</xmax>
      <ymax>461.5</ymax>
    </bndbox>
  </object>
  <object>
    <name>WHITE</name>
    <occluded>0</occluded>
    <bndbox>
      <xmin>588.0</xmin>
      <ymin>336.0</ymin>
      <xmax>633.37</xmax>
      <ymax>384.18</ymax>
    </bndbox>
  </object>
  <object>
    <name>WHITE</name>
    <occluded>0</occluded>
    <bndbox>
      <xmin>673.99</xmin>
      <ymin>329.0</ymin>
      <xmax>714.99</xmax>
      <ymax>376.76</ymax>
    </bndbox>
  </object>
  <object>
    <name>WHITE</name>
    <occluded>0</occluded>
    <bndbox>
      <xmin>466.29</xmin>
      <ymin>794.21</ymin>
      <xmax>505.0</xmax>
      <ymax>823.5</ymax>
    </bndbox>
  </object>
  <object>
    <name>WHITE</name>
    <occluded>0</occluded>
    <bndbox>
      <xmin>525.71</xmin>
      <ymin>613.2</ymin>
      <xmax>573.1</xmax>
      <ymax>655.75</ymax>
    </bndbox>
  </object>
  <object>
    <name>WHITE</name>
    <occluded>0</occluded>
    <bndbox>
      <xmin>725.75</xmin>
      <ymin>197.11</ymin>
      <xmax>760.84</xmax>
      <ymax>233.76</ymax>
    </bndbox>
  </object>
  <object>
    <name>WHITE</name>
    <occluded>0</occluded>
    <bndbox>
      <xmin>614.73</xmin>
      <ymin>608.95</ymin>
      <xmax>660.6</xmax>
      <ymax>647.1</ymax>
    </bndbox>
  </object>
  <object>
    <name>WHITE</name>
    <occluded>0</occluded>
    <bndbox>
      <xmin>652.97</xmin>
      <ymin>529.97</ymin>
      <xmax>698.5</xmax>
      <ymax>576.5</ymax>
    </bndbox>
  </object>
  <object>
    <name>WHITE</name>
    <occluded>0</occluded>
    <bndbox>
      <xmin>633.61</xmin>
      <ymin>714.95</ymin>
      <xmax>675.21</xmax>
      <ymax>738.21</ymax>
    </bndbox>
  </object>
  <object>
    <name>WHITE</name>
    <occluded>0</occluded>
    <bndbox>
      <xmin>665.04</xmin>
      <ymin>454.6</ymin>
      <xmax>712.8</xmax>
      <ymax>500.1</ymax>
    </bndbox>
  </object>
  <object>
    <name>BLACK</name>
    <occluded>0</occluded>
    <bndbox>
      <xmin>693.77</xmin>
      <ymin>389.9</ymin>
      <xmax>739.8</xmax>
      <ymax>439.4</ymax>
    </bndbox>
  </object>
  <object>
    <name>WHITE</name>
    <occluded>0</occluded>
    <bndbox>
      <xmin>676.33</xmin>
      <ymin>639.72</ymin>
      <xmax>718.37</xmax>
      <ymax>683.4</ymax>
    </bndbox>
  </object>
  <object>
    <name>WHITE</name>
    <occluded>0</occluded>
    <bndbox>
      <xmin>593.2</xmin>
      <ymin>477.1</ymin>
      <xmax>638.89</xmax>
      <ymax>525.45</ymax>
    </bndbox>
  </object>
  <object>
    <name>WHITE</name>
    <occluded>0</occluded>
    <bndbox>
      <xmin>446.82</xmin>
      <ymin>618.64</ymin>
      <xmax>488.82</xmax>
      <ymax>658.64</ymax>
    </bndbox>
  </object>
  <object>
    <name>WHITE</name>
    <occluded>0</occluded>
    <bndbox>
      <xmin>427.81</xmin>
      <ymin>672.65</ymin>
      <xmax>467.5</xmax>
      <ymax>710.4</ymax>
    </bndbox>
  </object>
  <object>
    <name>WHITE</name>
    <occluded>0</occluded>
    <bndbox>
      <xmin>548.2</xmin>
      <ymin>279.7</ymin>
      <xmax>595.33</xmax>
      <ymax>324.4</ymax>
    </bndbox>
  </object>
  <object>
    <name>WHITE</name>
    <occluded>0</occluded>
    <bndbox>
      <xmin>390.5</xmin>
      <ymin>434.05</ymin>
      <xmax>430.9</xmax>
      <ymax>477.0</ymax>
    </bndbox>
  </object>
  <object>
    <name>WHITE</name>
    <occluded>0</occluded>
    <bndbox>
      <xmin>424.26</xmin>
      <ymin>363.07</ymin>
      <xmax>467.53</xmax>
      <ymax>409.8</ymax>
    </bndbox>
  </object>
  <object>
    <name>WHITE</name>
    <occluded>0</occluded>
    <bndbox>
      <xmin>467.7</xmin>
      <ymin>297.8</ymin>
      <xmax>514.45</xmax>
      <ymax>340.98</ymax>
    </bndbox>
  </object>
  <object>
    <name>WHITE</name>
    <occluded>0</occluded>
    <bndbox>
      <xmin>559.28</xmin>
      <ymin>180.5</ymin>
      <xmax>604.9</xmax>
      <ymax>205.9</ymax>
    </bndbox>
  </object>
  <object>
    <name>WHITE</name>
    <occluded>0</occluded>
    <bndbox>
      <xmin>790.94</xmin>
      <ymin>763.3</ymin>
      <xmax>815.89</xmax>
      <ymax>805.72</ymax>
    </bndbox>
  </object>
  <object>
    <name>WHITE</name>
    <occluded>0</occluded>
    <bndbox>
      <xmin>600.71</xmin>
      <ymin>212.61</ymin>
      <xmax>644.8</xmax>
      <ymax>247.8</ymax>
    </bndbox>
  </object>
  <object>
    <name>WHITE</name>
    <occluded>0</occluded>
    <bndbox>
      <xmin>606.61</xmin>
      <ymin>746.46</ymin>
      <xmax>650.58</xmax>
      <ymax>781.39</ymax>
    </bndbox>
  </object>
  <object>
    <name>BLACK</name>
    <occluded>0</occluded>
    <bndbox>
      <xmin>548.59</xmin>
      <ymin>714.02</ymin>
      <xmax>594.75</xmax>
      <ymax>748.96</ymax>
    </bndbox>
  </object>
  <object>
    <name>WHITE</name>
    <occluded>0</occluded>
    <bndbox>
      <xmin>528.63</xmin>
      <ymin>753.32</ymin>
      <xmax>570.74</xmax>
      <ymax>786.07</ymax>
    </bndbox>
  </object>
  <object>
    <name>WHITE</name>
    <occluded>0</occluded>
    <bndbox>
      <xmin>466.25</xmin>
      <ymin>718.08</ymin>
      <xmax>506.18</xmax>
      <ymax>748.96</ymax>
    </bndbox>
  </object>
  <object>
    <name>WHITE</name>
    <occluded>0</occluded>
    <bndbox>
      <xmin>468.44</xmin>
      <ymin>745.53</ymin>
      <xmax>505.24</xmax>
      <ymax>781.08</ymax>
    </bndbox>
  </object>
  <object>
    <name>WHITE</name>
    <occluded>0</occluded>
    <bndbox>
      <xmin>407.62</xmin>
      <ymin>722.76</ymin>
      <xmax>446.6</xmax>
      <ymax>753.32</ymax>
    </bndbox>
  </object>
  <object>
    <name>WHITE</name>
    <occluded>0</occluded>
    <bndbox>
      <xmin>415.73</xmin>
      <ymin>758.62</ymin>
      <xmax>460.02</xmax>
      <ymax>786.38</ymax>
    </bndbox>
  </object>
  <object>
    <name>WHITE</name>
    <occluded>0</occluded>
    <bndbox>
      <xmin>694.84</xmin>
      <ymin>812.27</ymin>
      <xmax>736.36</xmax>
      <ymax>854.38</ymax>
    </bndbox>
  </object>
  <object>
    <name>WHITE</name>
    <occluded>0</occluded>
    <bndbox>
      <xmin>760.58</xmin>
      <ymin>243.9</ymin>
      <xmax>790.99</xmax>
      <ymax>285.74</ymax>
    </bndbox>
  </object>
  <object>
    <name>WHITE</name>
    <occluded>0</occluded>
    <bndbox>
      <xmin>832.31</xmin>
      <ymin>348.12</ymin>
      <xmax>858.04</xmax>
      <ymax>391.79</ymax>
    </bndbox>
  </object>
  <object>
    <name>WHITE</name>
    <occluded>0</occluded>
    <bndbox>
      <xmin>781.89</xmin>
      <ymin>459.63</ymin>
      <xmax>819.32</xmax>
      <ymax>505.37</ymax>
    </bndbox>
  </object>
  <object>
    <name>WHITE</name>
    <occluded>0</occluded>
    <bndbox>
      <xmin>837.51</xmin>
      <ymin>421.16</ymin>
      <xmax>860.65</xmax>
      <ymax>466.38</ymax>
    </bndbox>
  </object>
  <object>
    <name>WHITE</name>
    <occluded>0</occluded>
    <bndbox>
      <xmin>829.17</xmin>
      <ymin>498.87</ymin>
      <xmax>857.01</xmax>
      <ymax>544.36</ymax>
    </bndbox>
  </object>
  <object>
    <name>WHITE</name>
    <occluded>0</occluded>
    <bndbox>
      <xmin>628.72</xmin>
      <ymin>398.97</ymin>
      <xmax>673.7</xmax>
      <ymax>446.56</ymax>
    </bndbox>
  </object>
  <object>
    <name>WHITE</name>
    <occluded>0</occluded>
    <bndbox>
      <xmin>634.68</xmin>
      <ymin>829.11</ymin>
      <xmax>675.85</xmax>
      <ymax>868.1</ymax>
    </bndbox>
  </object>
  <object>
    <name>WHITE</name>
    <occluded>0</occluded>
    <bndbox>
      <xmin>314.07</xmin>
      <ymin>489.05</ymin>
      <xmax>342.4</xmax>
      <ymax>536.35</ymax>
    </bndbox>
  </object>
  <object>
    <name>WHITE</name>
    <occluded>0</occluded>
    <bndbox>
      <xmin>286.0</xmin>
      <ymin>451.1</ymin>
      <xmax>308.62</xmax>
      <ymax>493.73</ymax>
    </bndbox>
  </object>
  <object>
    <name>WHITE</name>
    <occluded>0</occluded>
    <bndbox>
      <xmin>280.81</xmin>
      <ymin>344.54</ymin>
      <xmax>305.5</xmax>
      <ymax>382.74</ymax>
    </bndbox>
  </object>
  <object>
    <name>WHITE</name>
    <occluded>0</occluded>
    <bndbox>
      <xmin>366.79</xmin>
      <ymin>274.31</ymin>
      <xmax>401.64</xmax>
      <ymax>312.25</ymax>
    </bndbox>
  </object>
  <object>
    <name>WHITE</name>
    <occluded>0</occluded>
    <bndbox>
      <xmin>355.35</xmin>
      <ymin>237.66</ymin>
      <xmax>390.2</xmax>
      <ymax>274.31</ymax>
    </bndbox>
  </object>
  <object>
    <name>WHITE</name>
    <occluded>0</occluded>
    <bndbox>
      <xmin>408.6</xmin>
      <ymin>216.87</ymin>
      <xmax>445.04</xmax>
      <ymax>254.55</ymax>
    </bndbox>
  </object>
  <object>
    <name>WHITE</name>
    <occluded>0</occluded>
    <bndbox>
      <xmin>434.62</xmin>
      <ymin>241.04</ymin>
      <xmax>478.83</xmax>
      <ymax>279.77</ymax>
    </bndbox>
  </object>
  <object>
    <name>WHITE</name>
    <occluded>0</occluded>
    <bndbox>
      <xmin>510.54</xmin>
      <ymin>234.02</ymin>
      <xmax>556.03</xmax>
      <ymax>273.01</ymax>
    </bndbox>
  </object>
  <object>
    <name>WHITE</name>
    <occluded>0</occluded>
    <bndbox>
      <xmin>480.39</xmin>
      <ymin>193.21</ymin>
      <xmax>522.5</xmax>
      <ymax>223.37</ymax>
    </bndbox>
  </object>
  <object>
    <name>WHITE</name>
    <occluded>0</occluded>
    <bndbox>
      <xmin>522.86</xmin>
      <ymin>796.07</ymin>
      <xmax>565.7</xmax>
      <ymax>827.26</ymax>
    </bndbox>
  </object>
  <object>
    <name>WHITE</name>
    <occluded>0</occluded>
    <bndbox>
      <xmin>577.6</xmin>
      <ymin>833.79</ymin>
      <xmax>621.58</xmax>
      <ymax>868.41</ymax>
    </bndbox>
  </object>
  <object>
    <name>WHITE</name>
    <occluded>0</occluded>
    <bndbox>
      <xmin>583.84</xmin>
      <ymin>791.37</ymin>
      <xmax>627.5</xmax>
      <ymax>825.06</ymax>
    </bndbox>
  </object>
  <object>
    <name>WHITE</name>
    <occluded>0</occluded>
    <bndbox>
      <xmin>478.67</xmin>
      <ymin>554.68</ymin>
      <xmax>520.67</xmax>
      <ymax>597.68</ymax>
    </bndbox>
  </object>
  <object>
    <name>WHITE</name>
    <occluded>0</occluded>
    <bndbox>
      <xmin>394.9</xmin>
      <ymin>301.03</ymin>
      <xmax>435.4</xmax>
      <ymax>346.5</ymax>
    </bndbox>
  </object>
  <object>
    <name>WHITE</name>
    <occluded>0</occluded>
    <bndbox>
      <xmin>335.0</xmin>
      <ymin>333.86</ymin>
      <xmax>368.75</xmax>
      <ymax>377.7</ymax>
    </bndbox>
  </object>
  <object>
    <name>WHITE</name>
    <occluded>0</occluded>
    <bndbox>
      <xmin>368.08</xmin>
      <ymin>498.41</ymin>
      <xmax>397.5</xmax>
      <ymax>540.97</ymax>
    </bndbox>
  </object>
  <object>
    <name>WHITE</name>
    <occluded>0</occluded>
    <bndbox>
      <xmin>431.92</xmin>
      <ymin>498.57</ymin>
      <xmax>470.92</xmax>
      <ymax>541.57</ymax>
    </bndbox>
  </object>
  <object>
    <name>WHITE</name>
    <occluded>0</occluded>
    <bndbox>
      <xmin>295.3</xmin>
      <ymin>376.23</ymin>
      <xmax>319.82</xmax>
      <ymax>419.4</ymax>
    </bndbox>
  </object>
  <object>
    <name>WHITE</name>
    <occluded>0</occluded>
    <bndbox>
      <xmin>320.3</xmin>
      <ymin>301.73</ymin>
      <xmax>350.7</xmax>
      <ymax>343.5</ymax>
    </bndbox>
  </object>
  <object>
    <name>WHITE</name>
    <occluded>0</occluded>
    <bndbox>
      <xmin>404.84</xmin>
      <ymin>556.15</ymin>
      <xmax>444.3</xmax>
      <ymax>601.6</ymax>
    </bndbox>
  </object>
</annotation>
