<annotation>
  <folder>LuK</folder>
  <filename>LuK_camera2.png</filename>
  <source>
    <database>Unknown</database>
    <annotation>Unknown</annotation>
    <image>Unknown</image>
  </source>
  <size>
    <width>960</width>
    <height>1280</height>
    <depth></depth>
  </size>
  <segmented>0</segmented>
  <object>
    <name>WHITE</name>
    <occluded>0</occluded>
    <bndbox>
      <xmin>363.02</xmin>
      <ymin>391.61</ymin>
      <xmax>406.33</xmax>
      <ymax>427.65</ymax>
    </bndbox>
  </object>
  <object>
    <name>WHITE</name>
    <occluded>0</occluded>
    <bndbox>
      <xmin>641.33</xmin>
      <ymin>522.98</ymin>
      <xmax>682.33</xmax>
      <ymax>567.98</ymax>
    </bndbox>
  </object>
  <object>
    <name>WHITE</name>
    <occluded>0</occluded>
    <bndbox>
      <xmin>587.2</xmin>
      <ymin>589.41</ymin>
      <xmax>630.76</xmax>
      <ymax>632.81</ymax>
    </bndbox>
  </object>
  <object>
    <name>WHITE</name>
    <occluded>0</occluded>
    <bndbox>
      <xmin>639.45</xmin>
      <ymin>674.36</ymin>
      <xmax>684.45</xmax>
      <ymax>720.36</ymax>
    </bndbox>
  </object>
  <object>
    <name>WHITE</name>
    <occluded>0</occluded>
    <bndbox>
      <xmin>556.8</xmin>
      <ymin>747.04</ymin>
      <xmax>600.8</xmax>
      <ymax>791.04</ymax>
    </bndbox>
  </object>
  <object>
    <name>WHITE</name>
    <occluded>0</occluded>
    <bndbox>
      <xmin>685.12</xmin>
      <ymin>600.57</ymin>
      <xmax>730.1</xmax>
      <ymax>651.6</ymax>
    </bndbox>
  </object>
  <object>
    <name>WHITE</name>
    <occluded>0</occluded>
    <bndbox>
      <xmin>731.48</xmin>
      <ymin>545.14</ymin>
      <xmax>764.0</xmax>
      <ymax>592.6</ymax>
    </bndbox>
  </object>
  <object>
    <name>BLACK</name>
    <occluded>0</occluded>
    <bndbox>
      <xmin>747.14</xmin>
      <ymin>509.05</ymin>
      <xmax>773.6</xmax>
      <ymax>554.3</ymax>
    </bndbox>
  </object>
  <object>
    <name>WHITE</name>
    <occluded>0</occluded>
    <bndbox>
      <xmin>276.36</xmin>
      <ymin>556.86</ymin>
      <xmax>311.5</xmax>
      <ymax>602.6</ymax>
    </bndbox>
  </object>
  <object>
    <name>WHITE</name>
    <occluded>0</occluded>
    <bndbox>
      <xmin>388.98</xmin>
      <ymin>655.4</ymin>
      <xmax>431.38</xmax>
      <ymax>699.8</ymax>
    </bndbox>
  </object>
  <object>
    <name>WHITE</name>
    <occluded>0</occluded>
    <bndbox>
      <xmin>463.51</xmin>
      <ymin>583.66</ymin>
      <xmax>508.39</xmax>
      <ymax>629.53</ymax>
    </bndbox>
  </object>
  <object>
    <name>WHITE</name>
    <occluded>0</occluded>
    <bndbox>
      <xmin>337.18</xmin>
      <ymin>700.92</ymin>
      <xmax>370.18</xmax>
      <ymax>743.92</ymax>
    </bndbox>
  </object>
  <object>
    <name>WHITE</name>
    <occluded>0</occluded>
    <bndbox>
      <xmin>451.6</xmin>
      <ymin>392.29</ymin>
      <xmax>493.6</xmax>
      <ymax>425.29</ymax>
    </bndbox>
  </object>
  <object>
    <name>WHITE</name>
    <occluded>0</occluded>
    <bndbox>
      <xmin>517.93</xmin>
      <ymin>275.26</ymin>
      <xmax>557.93</xmax>
      <ymax>293.26</ymax>
    </bndbox>
  </object>
  <object>
    <name>WHITE</name>
    <occluded>0</occluded>
    <bndbox>
      <xmin>621.8</xmin>
      <ymin>951.21</ymin>
      <xmax>668.26</xmax>
      <ymax>975.17</ymax>
    </bndbox>
  </object>
  <object>
    <name>BLACK</name>
    <occluded>0</occluded>
    <bndbox>
      <xmin>280.51</xmin>
      <ymin>897.32</ymin>
      <xmax>310.96</xmax>
      <ymax>935.74</ymax>
    </bndbox>
  </object>
  <object>
    <name>WHITE</name>
    <occluded>0</occluded>
    <bndbox>
      <xmin>769.96</xmin>
      <ymin>615.46</ymin>
      <xmax>794.08</xmax>
      <ymax>662.46</ymax>
    </bndbox>
  </object>
  <object>
    <name>WHITE</name>
    <occluded>0</occluded>
    <bndbox>
      <xmin>782.02</xmin>
      <ymin>559.74</ymin>
      <xmax>803.64</xmax>
      <ymax>604.65</ymax>
    </bndbox>
  </object>
  <object>
    <name>WHITE</name>
    <occluded>0</occluded>
    <bndbox>
      <xmin>720.05</xmin>
      <ymin>442.47</ymin>
      <xmax>750.83</xmax>
      <ymax>484.88</ymax>
    </bndbox>
  </object>
  <object>
    <name>WHITE</name>
    <occluded>0</occluded>
    <bndbox>
      <xmin>636.05</xmin>
      <ymin>417.51</ymin>
      <xmax>678.47</xmax>
      <ymax>458.68</ymax>
    </bndbox>
  </object>
  <object>
    <name>WHITE</name>
    <occluded>0</occluded>
    <bndbox>
      <xmin>274.3</xmin>
      <ymin>483.79</ymin>
      <xmax>297.86</xmax>
      <ymax>528.15</ymax>
    </bndbox>
  </object>
  <object>
    <name>WHITE</name>
    <occluded>0</occluded>
    <bndbox>
      <xmin>296.48</xmin>
      <ymin>416.21</ymin>
      <xmax>331.83</xmax>
      <ymax>456.06</ymax>
    </bndbox>
  </object>
  <object>
    <name>WHITE</name>
    <occluded>0</occluded>
    <bndbox>
      <xmin>773.4</xmin>
      <ymin>492.58</ymin>
      <xmax>796.9</xmax>
      <ymax>535.8</ymax>
    </bndbox>
  </object>
  <object>
    <name>WHITE</name>
    <occluded>0</occluded>
    <bndbox>
      <xmin>637.88</xmin>
      <ymin>327.56</ymin>
      <xmax>679.88</xmax>
      <ymax>361.25</ymax>
    </bndbox>
  </object>
  <object>
    <name>WHITE</name>
    <occluded>0</occluded>
    <bndbox>
      <xmin>384.2</xmin>
      <ymin>314.26</ymin>
      <xmax>426.62</xmax>
      <ymax>347.53</ymax>
    </bndbox>
  </object>
  <object>
    <name>WHITE</name>
    <occluded>0</occluded>
    <bndbox>
      <xmin>271.51</xmin>
      <ymin>682.29</ymin>
      <xmax>300.62</xmax>
      <ymax>733.86</ymax>
    </bndbox>
  </object>
  <object>
    <name>WHITE</name>
    <occluded>0</occluded>
    <bndbox>
      <xmin>760.14</xmin>
      <ymin>733.03</ymin>
      <xmax>787.59</xmax>
      <ymax>787.92</ymax>
    </bndbox>
  </object>
  <object>
    <name>WHITE</name>
    <occluded>0</occluded>
    <bndbox>
      <xmin>344.23</xmin>
      <ymin>359.13</ymin>
      <xmax>384.12</xmax>
      <ymax>394.83</ymax>
    </bndbox>
  </object>
  <object>
    <name>WHITE</name>
    <occluded>0</occluded>
    <bndbox>
      <xmin>276.0</xmin>
      <ymin>404.53</ymin>
      <xmax>308.57</xmax>
      <ymax>439.53</ymax>
    </bndbox>
  </object>
  <object>
    <name>WHITE</name>
    <occluded>0</occluded>
    <bndbox>
      <xmin>679.03</xmin>
      <ymin>379.5</ymin>
      <xmax>715.37</xmax>
      <ymax>416.56</ymax>
    </bndbox>
  </object>
  <object>
    <name>WHITE</name>
    <occluded>0</occluded>
    <bndbox>
      <xmin>419.5</xmin>
      <ymin>342.4</ymin>
      <xmax>459.36</xmax>
      <ymax>377.05</ymax>
    </bndbox>
  </object>
  <object>
    <name>WHITE</name>
    <occluded>0</occluded>
    <bndbox>
      <xmin>596.94</xmin>
      <ymin>361.46</ymin>
      <xmax>641.64</xmax>
      <ymax>391.61</ymax>
    </bndbox>
  </object>
  <object>
    <name>WHITE</name>
    <occluded>0</occluded>
    <bndbox>
      <xmin>469.41</xmin>
      <ymin>301.85</ymin>
      <xmax>514.11</xmax>
      <ymax>327.49</ymax>
    </bndbox>
  </object>
  <object>
    <name>BLACK</name>
    <occluded>0</occluded>
    <bndbox>
      <xmin>491.41</xmin>
      <ymin>809.72</ymin>
      <xmax>542.0</xmax>
      <ymax>853.7</ymax>
    </bndbox>
  </object>
  <object>
    <name>WHITE</name>
    <occluded>0</occluded>
    <bndbox>
      <xmin>423.6</xmin>
      <ymin>498.79</ymin>
      <xmax>470.4</xmax>
      <ymax>548.3</ymax>
    </bndbox>
  </object>
  <object>
    <name>WHITE</name>
    <occluded>0</occluded>
    <bndbox>
      <xmin>687.06</xmin>
      <ymin>480.3</ymin>
      <xmax>723.8</xmax>
      <ymax>524.5</ymax>
    </bndbox>
  </object>
  <object>
    <name>WHITE</name>
    <occluded>0</occluded>
    <bndbox>
      <xmin>503.08</xmin>
      <ymin>680.18</ymin>
      <xmax>557.5</xmax>
      <ymax>729.7</ymax>
    </bndbox>
  </object>
  <object>
    <name>WHITE</name>
    <occluded>0</occluded>
    <bndbox>
      <xmin>444.95</xmin>
      <ymin>741.69</ymin>
      <xmax>495.6</xmax>
      <ymax>786.7</ymax>
    </bndbox>
  </object>
  <object>
    <name>WHITE</name>
    <occluded>0</occluded>
    <bndbox>
      <xmin>586.87</xmin>
      <ymin>450.77</ymin>
      <xmax>638.2</xmax>
      <ymax>495.3</ymax>
    </bndbox>
  </object>
  <object>
    <name>WHITE</name>
    <occluded>0</occluded>
    <bndbox>
      <xmin>531.7</xmin>
      <ymin>507.4</ymin>
      <xmax>579.77</xmax>
      <ymax>560.05</ymax>
    </bndbox>
  </object>
  <object>
    <name>BLACK</name>
    <occluded>0</occluded>
    <bndbox>
      <xmin>317.0</xmin>
      <ymin>436.86</ymin>
      <xmax>360.28</xmax>
      <ymax>480.1</ymax>
    </bndbox>
  </object>
  <object>
    <name>WHITE</name>
    <occluded>0</occluded>
    <bndbox>
      <xmin>729.2</xmin>
      <ymin>678.61</ymin>
      <xmax>762.28</xmax>
      <ymax>727.4</ymax>
    </bndbox>
  </object>
  <object>
    <name>WHITE</name>
    <occluded>0</occluded>
    <bndbox>
      <xmin>675.95</xmin>
      <ymin>731.11</ymin>
      <xmax>719.79</xmax>
      <ymax>774.6</ymax>
    </bndbox>
  </object>
  <object>
    <name>WHITE</name>
    <occluded>0</occluded>
    <bndbox>
      <xmin>544.68</xmin>
      <ymin>395.06</ymin>
      <xmax>594.1</xmax>
      <ymax>432.5</ymax>
    </bndbox>
  </object>
  <object>
    <name>WHITE</name>
    <occluded>0</occluded>
    <bndbox>
      <xmin>484.17</xmin>
      <ymin>433.62</ymin>
      <xmax>534.0</xmax>
      <ymax>478.8</ymax>
    </bndbox>
  </object>
  <object>
    <name>WHITE</name>
    <occluded>0</occluded>
    <bndbox>
      <xmin>355.7</xmin>
      <ymin>567.0</ymin>
      <xmax>396.9</xmax>
      <ymax>617.2</ymax>
    </bndbox>
  </object>
  <object>
    <name>WHITE</name>
    <occluded>0</occluded>
    <bndbox>
      <xmin>299.44</xmin>
      <ymin>629.3</ymin>
      <xmax>332.3</xmax>
      <ymax>678.5</ymax>
    </bndbox>
  </object>
  <object>
    <name>WHITE</name>
    <occluded>0</occluded>
    <bndbox>
      <xmin>554.77</xmin>
      <ymin>311.2</ymin>
      <xmax>603.2</xmax>
      <ymax>342.2</ymax>
    </bndbox>
  </object>
  <object>
    <name>WHITE</name>
    <occluded>0</occluded>
    <bndbox>
      <xmin>502.5</xmin>
      <ymin>346.0</ymin>
      <xmax>550.68</xmax>
      <ymax>374.33</ymax>
    </bndbox>
  </object>
  <object>
    <name>WHITE</name>
    <occluded>0</occluded>
    <bndbox>
      <xmin>385.36</xmin>
      <ymin>435.58</ymin>
      <xmax>429.91</xmax>
      <ymax>473.3</ymax>
    </bndbox>
  </object>
  <object>
    <name>WHITE</name>
    <occluded>0</occluded>
    <bndbox>
      <xmin>328.7</xmin>
      <ymin>494.09</ymin>
      <xmax>366.27</xmax>
      <ymax>538.4</ymax>
    </bndbox>
  </object>
</annotation>
