<annotation>
  <folder>LuK</folder>
  <filename>LuK_camera3.png</filename>
  <source>
    <database>Unknown</database>
    <annotation>Unknown</annotation>
    <image>Unknown</image>
  </source>
  <size>
    <width>1280</width>
    <height>960</height>
    <depth></depth>
  </size>
  <segmented>0</segmented>
  <object>
    <name>WHITE</name>
    <occluded>0</occluded>
    <bndbox>
      <xmin>703.45</xmin>
      <ymin>809.5</ymin>
      <xmax>746.8</xmax>
      <ymax>842.5</ymax>
    </bndbox>
  </object>
  <object>
    <name>BLACK</name>
    <occluded>0</occluded>
    <bndbox>
      <xmin>735.93</xmin>
      <ymin>914.61</ymin>
      <xmax>778.6</xmax>
      <ymax>938.19</ymax>
    </bndbox>
  </object>
  <object>
    <name>WHITE</name>
    <occluded>0</occluded>
    <bndbox>
      <xmin>493.25</xmin>
      <ymin>762.69</ymin>
      <xmax>526.56</xmax>
      <ymax>795.26</ymax>
    </bndbox>
  </object>
  <object>
    <name>WHITE</name>
    <occluded>0</occluded>
    <bndbox>
      <xmin>926.66</xmin>
      <ymin>534.76</ymin>
      <xmax>965.96</xmax>
      <ymax>582.29</ymax>
    </bndbox>
  </object>
  <object>
    <name>WHITE</name>
    <occluded>0</occluded>
    <bndbox>
      <xmin>975.69</xmin>
      <ymin>565.08</ymin>
      <xmax>1009.38</xmax>
      <ymax>610.36</ymax>
    </bndbox>
  </object>
  <object>
    <name>WHITE</name>
    <occluded>0</occluded>
    <bndbox>
      <xmin>787.43</xmin>
      <ymin>766.13</ymin>
      <xmax>832.5</xmax>
      <ymax>807.0</ymax>
    </bndbox>
  </object>
  <object>
    <name>WHITE</name>
    <occluded>0</occluded>
    <bndbox>
      <xmin>806.5</xmin>
      <ymin>437.66</ymin>
      <xmax>855.63</xmax>
      <ymax>485.1</ymax>
    </bndbox>
  </object>
  <object>
    <name>WHITE</name>
    <occluded>0</occluded>
    <bndbox>
      <xmin>723.0</xmin>
      <ymin>757.69</ymin>
      <xmax>766.9</xmax>
      <ymax>795.2</ymax>
    </bndbox>
  </object>
  <object>
    <name>BLACK</name>
    <occluded>0</occluded>
    <bndbox>
      <xmin>829.21</xmin>
      <ymin>365.95</ymin>
      <xmax>876.9</xmax>
      <ymax>409.9</ymax>
    </bndbox>
  </object>
  <object>
    <name>WHITE</name>
    <occluded>0</occluded>
    <bndbox>
      <xmin>760.84</xmin>
      <ymin>529.9</ymin>
      <xmax>809.9</xmax>
      <ymax>573.52</ymax>
    </bndbox>
  </object>
  <object>
    <name>WHITE</name>
    <occluded>0</occluded>
    <bndbox>
      <xmin>446.32</xmin>
      <ymin>730.88</ymin>
      <xmax>477.42</xmax>
      <ymax>766.44</ymax>
    </bndbox>
  </object>
  <object>
    <name>WHITE</name>
    <occluded>0</occluded>
    <bndbox>
      <xmin>419.03</xmin>
      <ymin>460.28</ymin>
      <xmax>452.34</xmax>
      <ymax>507.06</ymax>
    </bndbox>
  </object>
  <object>
    <name>WHITE</name>
    <occluded>0</occluded>
    <bndbox>
      <xmin>386.85</xmin>
      <ymin>498.08</ymin>
      <xmax>418.29</xmax>
      <ymax>542.99</ymax>
    </bndbox>
  </object>
  <object>
    <name>WHITE</name>
    <occluded>0</occluded>
    <bndbox>
      <xmin>436.25</xmin>
      <ymin>547.11</ymin>
      <xmax>467.31</xmax>
      <ymax>590.53</ymax>
    </bndbox>
  </object>
  <object>
    <name>WHITE</name>
    <occluded>0</occluded>
    <bndbox>
      <xmin>410.8</xmin>
      <ymin>576.3</ymin>
      <xmax>437.75</xmax>
      <ymax>620.09</ymax>
    </bndbox>
  </object>
  <object>
    <name>WHITE</name>
    <occluded>0</occluded>
    <bndbox>
      <xmin>386.47</xmin>
      <ymin>415.74</ymin>
      <xmax>413.79</xmax>
      <ymax>461.78</ymax>
    </bndbox>
  </object>
  <object>
    <name>WHITE</name>
    <occluded>0</occluded>
    <bndbox>
      <xmin>483.37</xmin>
      <ymin>272.39</ymin>
      <xmax>514.85</xmax>
      <ymax>313.19</ymax>
    </bndbox>
  </object>
  <object>
    <name>WHITE</name>
    <occluded>0</occluded>
    <bndbox>
      <xmin>594.53</xmin>
      <ymin>201.65</ymin>
      <xmax>640.98</xmax>
      <ymax>226.36</ymax>
    </bndbox>
  </object>
  <object>
    <name>WHITE</name>
    <occluded>0</occluded>
    <bndbox>
      <xmin>553.77</xmin>
      <ymin>246.57</ymin>
      <xmax>597.19</xmax>
      <ymax>283.2</ymax>
    </bndbox>
  </object>
  <object>
    <name>WHITE</name>
    <occluded>0</occluded>
    <bndbox>
      <xmin>837.63</xmin>
      <ymin>226.41</ymin>
      <xmax>880.09</xmax>
      <ymax>250.45</ymax>
    </bndbox>
  </object>
  <object>
    <name>WHITE</name>
    <occluded>0</occluded>
    <bndbox>
      <xmin>936.18</xmin>
      <ymin>290.95</ymin>
      <xmax>971.71</xmax>
      <ymax>324.96</ymax>
    </bndbox>
  </object>
  <object>
    <name>WHITE</name>
    <occluded>0</occluded>
    <bndbox>
      <xmin>877.7</xmin>
      <ymin>270.16</ymin>
      <xmax>921.02</xmax>
      <ymax>303.51</ymax>
    </bndbox>
  </object>
  <object>
    <name>WHITE</name>
    <occluded>0</occluded>
    <bndbox>
      <xmin>1010.14</xmin>
      <ymin>399.51</ymin>
      <xmax>1033.56</xmax>
      <ymax>440.37</ymax>
    </bndbox>
  </object>
  <object>
    <name>WHITE</name>
    <occluded>0</occluded>
    <bndbox>
      <xmin>1007.5</xmin>
      <ymin>491.7</ymin>
      <xmax>1035.6</xmax>
      <ymax>536.6</ymax>
    </bndbox>
  </object>
  <object>
    <name>WHITE</name>
    <occluded>0</occluded>
    <bndbox>
      <xmin>450.1</xmin>
      <ymin>609.99</ymin>
      <xmax>481.16</xmax>
      <ymax>653.4</ymax>
    </bndbox>
  </object>
  <object>
    <name>WHITE</name>
    <occluded>0</occluded>
    <bndbox>
      <xmin>432.13</xmin>
      <ymin>651.91</ymin>
      <xmax>466.19</xmax>
      <ymax>687.09</ymax>
    </bndbox>
  </object>
  <object>
    <name>WHITE</name>
    <occluded>0</occluded>
    <bndbox>
      <xmin>450.47</xmin>
      <ymin>697.57</ymin>
      <xmax>485.65</xmax>
      <ymax>733.5</ymax>
    </bndbox>
  </object>
  <object>
    <name>BLACK</name>
    <occluded>0</occluded>
    <bndbox>
      <xmin>432.13</xmin>
      <ymin>743.98</ymin>
      <xmax>456.09</xmax>
      <ymax>781.03</ymax>
    </bndbox>
  </object>
  <object>
    <name>WHITE</name>
    <occluded>0</occluded>
    <bndbox>
      <xmin>395.45</xmin>
      <ymin>606.62</ymin>
      <xmax>419.78</xmax>
      <ymax>649.66</ymax>
    </bndbox>
  </object>
  <object>
    <name>WHITE</name>
    <occluded>0</occluded>
    <bndbox>
      <xmin>707.91</xmin>
      <ymin>690.86</ymin>
      <xmax>755.0</xmax>
      <ymax>730.9</ymax>
    </bndbox>
  </object>
  <object>
    <name>WHITE</name>
    <occluded>0</occluded>
    <bndbox>
      <xmin>496.41</xmin>
      <ymin>593.36</ymin>
      <xmax>530.41</xmax>
      <ymax>633.36</ymax>
    </bndbox>
  </object>
  <object>
    <name>WHITE</name>
    <occluded>0</occluded>
    <bndbox>
      <xmin>744.66</xmin>
      <ymin>608.6</ymin>
      <xmax>792.1</xmax>
      <ymax>653.02</ymax>
    </bndbox>
  </object>
  <object>
    <name>WHITE</name>
    <occluded>0</occluded>
    <bndbox>
      <xmin>726.33</xmin>
      <ymin>872.86</ymin>
      <xmax>765.3</xmax>
      <ymax>904.1</ymax>
    </bndbox>
  </object>
  <object>
    <name>WHITE</name>
    <occluded>0</occluded>
    <bndbox>
      <xmin>672.6</xmin>
      <ymin>883.06</ymin>
      <xmax>713.7</xmax>
      <ymax>913.9</ymax>
    </bndbox>
  </object>
  <object>
    <name>WHITE</name>
    <occluded>0</occluded>
    <bndbox>
      <xmin>765.78</xmin>
      <ymin>834.66</ymin>
      <xmax>810.8</xmax>
      <ymax>870.6</ymax>
    </bndbox>
  </object>
  <object>
    <name>WHITE</name>
    <occluded>0</occluded>
    <bndbox>
      <xmin>831.2</xmin>
      <ymin>811.4</ymin>
      <xmax>874.11</xmax>
      <ymax>845.76</ymax>
    </bndbox>
  </object>
  <object>
    <name>WHITE</name>
    <occluded>0</occluded>
    <bndbox>
      <xmin>600.2</xmin>
      <ymin>849.93</ymin>
      <xmax>642.6</xmax>
      <ymax>882.7</ymax>
    </bndbox>
  </object>
  <object>
    <name>BLACK</name>
    <occluded>0</occluded>
    <bndbox>
      <xmin>886.2</xmin>
      <ymin>828.4</ymin>
      <xmax>922.1</xmax>
      <ymax>868.49</ymax>
    </bndbox>
  </object>
  <object>
    <name>WHITE</name>
    <occluded>0</occluded>
    <bndbox>
      <xmin>821.66</xmin>
      <ymin>858.17</ymin>
      <xmax>868.6</xmax>
      <ymax>890.5</ymax>
    </bndbox>
  </object>
  <object>
    <name>WHITE</name>
    <occluded>0</occluded>
    <bndbox>
      <xmin>781.95</xmin>
      <ymin>893.57</ymin>
      <xmax>826.0</xmax>
      <ymax>919.9</ymax>
    </bndbox>
  </object>
  <object>
    <name>WHITE</name>
    <occluded>0</occluded>
    <bndbox>
      <xmin>823.9</xmin>
      <ymin>902.55</ymin>
      <xmax>864.3</xmax>
      <ymax>928.5</ymax>
    </bndbox>
  </object>
  <object>
    <name>WHITE</name>
    <occluded>0</occluded>
    <bndbox>
      <xmin>658.6</xmin>
      <ymin>843.6</ymin>
      <xmax>699.7</xmax>
      <ymax>876.4</ymax>
    </bndbox>
  </object>
  <object>
    <name>WHITE</name>
    <occluded>0</occluded>
    <bndbox>
      <xmin>789.1</xmin>
      <ymin>672.3</ymin>
      <xmax>834.07</xmax>
      <ymax>712.69</ymax>
    </bndbox>
  </object>
  <object>
    <name>WHITE</name>
    <occluded>0</occluded>
    <bndbox>
      <xmin>823.27</xmin>
      <ymin>582.28</ymin>
      <xmax>869.0</xmax>
      <ymax>624.4</ymax>
    </bndbox>
  </object>
  <object>
    <name>WHITE</name>
    <occluded>0</occluded>
    <bndbox>
      <xmin>866.94</xmin>
      <ymin>486.55</ymin>
      <xmax>912.7</xmax>
      <ymax>536.3</ymax>
    </bndbox>
  </object>
  <object>
    <name>WHITE</name>
    <occluded>0</occluded>
    <bndbox>
      <xmin>894.05</xmin>
      <ymin>401.71</ymin>
      <xmax>936.8</xmax>
      <ymax>449.7</ymax>
    </bndbox>
  </object>
  <object>
    <name>WHITE</name>
    <occluded>0</occluded>
    <bndbox>
      <xmin>888.66</xmin>
      <ymin>326.56</ymin>
      <xmax>933.1</xmax>
      <ymax>366.4</ymax>
    </bndbox>
  </object>
  <object>
    <name>WHITE</name>
    <occluded>0</occluded>
    <bndbox>
      <xmin>870.79</xmin>
      <ymin>621.67</ymin>
      <xmax>919.6</xmax>
      <ymax>667.7</ymax>
    </bndbox>
  </object>
  <object>
    <name>WHITE</name>
    <occluded>0</occluded>
    <bndbox>
      <xmin>954.81</xmin>
      <ymin>440.29</ymin>
      <xmax>992.9</xmax>
      <ymax>487.5</ymax>
    </bndbox>
  </object>
  <object>
    <name>WHITE</name>
    <occluded>0</occluded>
    <bndbox>
      <xmin>955.94</xmin>
      <ymin>358.12</ymin>
      <xmax>987.3</xmax>
      <ymax>401.3</ymax>
    </bndbox>
  </object>
  <object>
    <name>WHITE</name>
    <occluded>0</occluded>
    <bndbox>
      <xmin>423.0</xmin>
      <ymin>376.43</ymin>
      <xmax>449.35</xmax>
      <ymax>420.8</ymax>
    </bndbox>
  </object>
  <object>
    <name>WHITE</name>
    <occluded>0</occluded>
    <bndbox>
      <xmin>466.9</xmin>
      <ymin>345.42</ymin>
      <xmax>500.54</xmax>
      <ymax>387.7</ymax>
    </bndbox>
  </object>
  <object>
    <name>WHITE</name>
    <occluded>0</occluded>
    <bndbox>
      <xmin>521.72</xmin>
      <ymin>319.8</ymin>
      <xmax>564.04</xmax>
      <ymax>361.5</ymax>
    </bndbox>
  </object>
  <object>
    <name>WHITE</name>
    <occluded>0</occluded>
    <bndbox>
      <xmin>461.7</xmin>
      <ymin>423.33</ymin>
      <xmax>495.66</xmax>
      <ymax>471.2</ymax>
    </bndbox>
  </object>
  <object>
    <name>BLACK</name>
    <occluded>0</occluded>
    <bndbox>
      <xmin>505.29</xmin>
      <ymin>385.96</ymin>
      <xmax>545.6</xmax>
      <ymax>436.3</ymax>
    </bndbox>
  </object>
  <object>
    <name>WHITE</name>
    <occluded>0</occluded>
    <bndbox>
      <xmin>478.63</xmin>
      <ymin>507.0</ymin>
      <xmax>512.7</xmax>
      <ymax>549.6</ymax>
    </bndbox>
  </object>
  <object>
    <name>WHITE</name>
    <occluded>0</occluded>
    <bndbox>
      <xmin>519.75</xmin>
      <ymin>459.1</ymin>
      <xmax>561.53</xmax>
      <ymax>507.49</ymax>
    </bndbox>
  </object>
  <object>
    <name>WHITE</name>
    <occluded>0</occluded>
    <bndbox>
      <xmin>559.11</xmin>
      <ymin>385.75</ymin>
      <xmax>604.69</xmax>
      <ymax>429.35</ymax>
    </bndbox>
  </object>
  <object>
    <name>WHITE</name>
    <occluded>0</occluded>
    <bndbox>
      <xmin>596.88</xmin>
      <ymin>308.6</ymin>
      <xmax>641.6</xmax>
      <ymax>351.07</ymax>
    </bndbox>
  </object>
  <object>
    <name>WHITE</name>
    <occluded>0</occluded>
    <bndbox>
      <xmin>634.8</xmin>
      <ymin>251.02</ymin>
      <xmax>679.13</xmax>
      <ymax>287.3</ymax>
    </bndbox>
  </object>
  <object>
    <name>WHITE</name>
    <occluded>0</occluded>
    <bndbox>
      <xmin>674.3</xmin>
      <ymin>206.4</ymin>
      <xmax>716.41</xmax>
      <ymax>238.73</ymax>
    </bndbox>
  </object>
  <object>
    <name>WHITE</name>
    <occluded>0</occluded>
    <bndbox>
      <xmin>548.14</xmin>
      <ymin>550.22</ymin>
      <xmax>587.2</xmax>
      <ymax>593.4</ymax>
    </bndbox>
  </object>
  <object>
    <name>WHITE</name>
    <occluded>0</occluded>
    <bndbox>
      <xmin>590.58</xmin>
      <ymin>468.8</ymin>
      <xmax>636.8</xmax>
      <ymax>516.5</ymax>
    </bndbox>
  </object>
  <object>
    <name>WHITE</name>
    <occluded>0</occluded>
    <bndbox>
      <xmin>630.2</xmin>
      <ymin>386.5</ymin>
      <xmax>675.4</xmax>
      <ymax>432.5</ymax>
    </bndbox>
  </object>
  <object>
    <name>WHITE</name>
    <occluded>0</occluded>
    <bndbox>
      <xmin>666.18</xmin>
      <ymin>309.56</ymin>
      <xmax>713.0</xmax>
      <ymax>349.9</ymax>
    </bndbox>
  </object>
  <object>
    <name>WHITE</name>
    <occluded>0</occluded>
    <bndbox>
      <xmin>707.66</xmin>
      <ymin>252.38</ymin>
      <xmax>754.3</xmax>
      <ymax>287.6</ymax>
    </bndbox>
  </object>
  <object>
    <name>WHITE</name>
    <occluded>0</occluded>
    <bndbox>
      <xmin>754.88</xmin>
      <ymin>206.67</ymin>
      <xmax>799.1</xmax>
      <ymax>235.3</ymax>
    </bndbox>
  </object>
  <object>
    <name>WHITE</name>
    <occluded>0</occluded>
    <bndbox>
      <xmin>582.55</xmin>
      <ymin>625.3</ymin>
      <xmax>627.8</xmax>
      <ymax>672.33</ymax>
    </bndbox>
  </object>
  <object>
    <name>WHITE</name>
    <occluded>0</occluded>
    <bndbox>
      <xmin>614.82</xmin>
      <ymin>553.94</ymin>
      <xmax>662.6</xmax>
      <ymax>598.1</ymax>
    </bndbox>
  </object>
  <object>
    <name>WHITE</name>
    <occluded>0</occluded>
    <bndbox>
      <xmin>660.49</xmin>
      <ymin>467.12</ymin>
      <xmax>710.2</xmax>
      <ymax>516.0</ymax>
    </bndbox>
  </object>
  <object>
    <name>WHITE</name>
    <occluded>0</occluded>
    <bndbox>
      <xmin>694.53</xmin>
      <ymin>382.0</ymin>
      <xmax>742.6</xmax>
      <ymax>427.5</ymax>
    </bndbox>
  </object>
  <object>
    <name>WHITE</name>
    <occluded>0</occluded>
    <bndbox>
      <xmin>737.59</xmin>
      <ymin>303.77</ymin>
      <xmax>783.5</xmax>
      <ymax>342.3</ymax>
    </bndbox>
  </object>
  <object>
    <name>WHITE</name>
    <occluded>0</occluded>
    <bndbox>
      <xmin>783.96</xmin>
      <ymin>253.0</ymin>
      <xmax>831.3</xmax>
      <ymax>289.6</ymax>
    </bndbox>
  </object>
  <object>
    <name>WHITE</name>
    <occluded>0</occluded>
    <bndbox>
      <xmin>474.38</xmin>
      <ymin>778.13</ymin>
      <xmax>504.5</xmax>
      <ymax>815.0</ymax>
    </bndbox>
  </object>
  <object>
    <name>WHITE</name>
    <occluded>0</occluded>
    <bndbox>
      <xmin>631.67</xmin>
      <ymin>694.8</ymin>
      <xmax>676.8</xmax>
      <ymax>729.0</ymax>
    </bndbox>
  </object>
  <object>
    <name>WHITE</name>
    <occluded>0</occluded>
    <bndbox>
      <xmin>658.1</xmin>
      <ymin>621.14</ymin>
      <xmax>706.3</xmax>
      <ymax>665.4</ymax>
    </bndbox>
  </object>
  <object>
    <name>WHITE</name>
    <occluded>0</occluded>
    <bndbox>
      <xmin>691.7</xmin>
      <ymin>546.2</ymin>
      <xmax>737.35</xmax>
      <ymax>591.35</ymax>
    </bndbox>
  </object>
  <object>
    <name>WHITE</name>
    <occluded>0</occluded>
    <bndbox>
      <xmin>728.5</xmin>
      <ymin>456.0</ymin>
      <xmax>777.53</xmax>
      <ymax>503.35</ymax>
    </bndbox>
  </object>
  <object>
    <name>WHITE</name>
    <occluded>0</occluded>
    <bndbox>
      <xmin>768.1</xmin>
      <ymin>370.18</ymin>
      <xmax>816.0</xmax>
      <ymax>413.9</ymax>
    </bndbox>
  </object>
  <object>
    <name>WHITE</name>
    <occluded>0</occluded>
    <bndbox>
      <xmin>815.2</xmin>
      <ymin>308.5</ymin>
      <xmax>858.4</xmax>
      <ymax>350.22</ymax>
    </bndbox>
  </object>
  <object>
    <name>WHITE</name>
    <occluded>0</occluded>
    <bndbox>
      <xmin>533.17</xmin>
      <ymin>817.39</ymin>
      <xmax>570.17</xmax>
      <ymax>852.39</ymax>
    </bndbox>
  </object>
  <object>
    <name>WHITE</name>
    <occluded>0</occluded>
    <bndbox>
      <xmin>589.9</xmin>
      <ymin>804.8</ymin>
      <xmax>629.5</xmax>
      <ymax>840.0</ymax>
    </bndbox>
  </object>
  <object>
    <name>WHITE</name>
    <occluded>0</occluded>
    <bndbox>
      <xmin>631.76</xmin>
      <ymin>786.34</ymin>
      <xmax>671.2</xmax>
      <ymax>824.8</ymax>
    </bndbox>
  </object>
  <object>
    <name>BLACK</name>
    <occluded>0</occluded>
    <bndbox>
      <xmin>659.74</xmin>
      <ymin>748.25</ymin>
      <xmax>705.9</xmax>
      <ymax>785.1</ymax>
    </bndbox>
  </object>
</annotation>
