<annotation>
  <folder>LuK</folder>
  <filename>LuK_camera7.png</filename>
  <source>
    <database>Unknown</database>
    <annotation>Unknown</annotation>
    <image>Unknown</image>
  </source>
  <size>
    <width>1280</width>
    <height>960</height>
    <depth></depth>
  </size>
  <segmented>0</segmented>
  <object>
    <name>WHITE</name>
    <occluded>0</occluded>
    <bndbox>
      <xmin>490.33</xmin>
      <ymin>92.48</ymin>
      <xmax>532.44</xmax>
      <ymax>118.68</ymax>
    </bndbox>
  </object>
  <object>
    <name>BLACK</name>
    <occluded>0</occluded>
    <bndbox>
      <xmin>429.82</xmin>
      <ymin>643.6</ymin>
      <xmax>467.88</xmax>
      <ymax>698.49</ymax>
    </bndbox>
  </object>
  <object>
    <name>WHITE</name>
    <occluded>0</occluded>
    <bndbox>
      <xmin>459.77</xmin>
      <ymin>574.67</ymin>
      <xmax>497.51</xmax>
      <ymax>626.44</ymax>
    </bndbox>
  </object>
  <object>
    <name>WHITE</name>
    <occluded>0</occluded>
    <bndbox>
      <xmin>477.86</xmin>
      <ymin>409.36</ymin>
      <xmax>519.03</xmax>
      <ymax>461.45</ymax>
    </bndbox>
  </object>
  <object>
    <name>WHITE</name>
    <occluded>0</occluded>
    <bndbox>
      <xmin>357.15</xmin>
      <ymin>546.29</ymin>
      <xmax>385.85</xmax>
      <ymax>595.25</ymax>
    </bndbox>
  </object>
  <object>
    <name>BLACK</name>
    <occluded>0</occluded>
    <bndbox>
      <xmin>346.86</xmin>
      <ymin>390.03</ymin>
      <xmax>374.93</xmax>
      <ymax>443.05</ymax>
    </bndbox>
  </object>
  <object>
    <name>WHITE</name>
    <occluded>0</occluded>
    <bndbox>
      <xmin>390.53</xmin>
      <ymin>378.17</ymin>
      <xmax>424.83</xmax>
      <ymax>427.77</ymax>
    </bndbox>
  </object>
  <object>
    <name>WHITE</name>
    <occluded>0</occluded>
    <bndbox>
      <xmin>324.09</xmin>
      <ymin>334.2</ymin>
      <xmax>355.59</xmax>
      <ymax>381.61</ymax>
    </bndbox>
  </object>
  <object>
    <name>WHITE</name>
    <occluded>0</occluded>
    <bndbox>
      <xmin>346.86</xmin>
      <ymin>254.04</ymin>
      <xmax>381.79</xmax>
      <ymax>295.21</ymax>
    </bndbox>
  </object>
  <object>
    <name>WHITE</name>
    <occluded>0</occluded>
    <bndbox>
      <xmin>436.69</xmin>
      <ymin>150.8</ymin>
      <xmax>475.98</xmax>
      <ymax>189.79</ymax>
    </bndbox>
  </object>
  <object>
    <name>WHITE</name>
    <occluded>0</occluded>
    <bndbox>
      <xmin>382.1</xmin>
      <ymin>182.3</ymin>
      <xmax>415.48</xmax>
      <ymax>220.98</ymax>
    </bndbox>
  </object>
  <object>
    <name>WHITE</name>
    <occluded>0</occluded>
    <bndbox>
      <xmin>531.19</xmin>
      <ymin>112.44</ymin>
      <xmax>576.73</xmax>
      <ymax>136.46</ymax>
    </bndbox>
  </object>
  <object>
    <name>WHITE</name>
    <occluded>0</occluded>
    <bndbox>
      <xmin>807.76</xmin>
      <ymin>171.0</ymin>
      <xmax>845.18</xmax>
      <ymax>209.55</ymax>
    </bndbox>
  </object>
  <object>
    <name>WHITE</name>
    <occluded>0</occluded>
    <bndbox>
      <xmin>885.64</xmin>
      <ymin>549.66</ymin>
      <xmax>915.96</xmax>
      <ymax>598.69</ymax>
    </bndbox>
  </object>
  <object>
    <name>WHITE</name>
    <occluded>0</occluded>
    <bndbox>
      <xmin>868.8</xmin>
      <ymin>654.45</ymin>
      <xmax>899.12</xmax>
      <ymax>698.24</ymax>
    </bndbox>
  </object>
  <object>
    <name>BLACK</name>
    <occluded>0</occluded>
    <bndbox>
      <xmin>901.32</xmin>
      <ymin>582.97</ymin>
      <xmax>942.16</xmax>
      <ymax>619.64</ymax>
    </bndbox>
  </object>
  <object>
    <name>WHITE</name>
    <occluded>0</occluded>
    <bndbox>
      <xmin>318.51</xmin>
      <ymin>538.89</ymin>
      <xmax>342.56</xmax>
      <ymax>586.61</ymax>
    </bndbox>
  </object>
  <object>
    <name>WHITE</name>
    <occluded>0</occluded>
    <bndbox>
      <xmin>288.88</xmin>
      <ymin>604.08</ymin>
      <xmax>311.37</xmax>
      <ymax>649.93</ymax>
    </bndbox>
  </object>
  <object>
    <name>WHITE</name>
    <occluded>0</occluded>
    <bndbox>
      <xmin>331.55</xmin>
      <ymin>216.08</ymin>
      <xmax>366.51</xmax>
      <ymax>252.89</ymax>
    </bndbox>
  </object>
  <object>
    <name>WHITE</name>
    <occluded>0</occluded>
    <bndbox>
      <xmin>644.5</xmin>
      <ymin>169.57</ymin>
      <xmax>694.0</xmax>
      <ymax>207.57</ymax>
    </bndbox>
  </object>
  <object>
    <name>WHITE</name>
    <occluded>0</occluded>
    <bndbox>
      <xmin>603.36</xmin>
      <ymin>502.33</ymin>
      <xmax>650.8</xmax>
      <ymax>550.27</ymax>
    </bndbox>
  </object>
  <object>
    <name>WHITE</name>
    <occluded>0</occluded>
    <bndbox>
      <xmin>547.1</xmin>
      <ymin>544.92</ymin>
      <xmax>602.3</xmax>
      <ymax>599.3</ymax>
    </bndbox>
  </object>
  <object>
    <name>WHITE</name>
    <occluded>0</occluded>
    <bndbox>
      <xmin>378.6</xmin>
      <ymin>463.26</ymin>
      <xmax>412.35</xmax>
      <ymax>511.8</ymax>
    </bndbox>
  </object>
  <object>
    <name>WHITE</name>
    <occluded>0</occluded>
    <bndbox>
      <xmin>440.7</xmin>
      <ymin>368.1</ymin>
      <xmax>475.51</xmax>
      <ymax>416.9</ymax>
    </bndbox>
  </object>
  <object>
    <name>WHITE</name>
    <occluded>0</occluded>
    <bndbox>
      <xmin>446.9</xmin>
      <ymin>272.57</ymin>
      <xmax>487.78</xmax>
      <ymax>313.0</ymax>
    </bndbox>
  </object>
  <object>
    <name>WHITE</name>
    <occluded>0</occluded>
    <bndbox>
      <xmin>481.96</xmin>
      <ymin>178.95</ymin>
      <xmax>526.33</xmax>
      <ymax>221.3</ymax>
    </bndbox>
  </object>
  <object>
    <name>WHITE</name>
    <occluded>0</occluded>
    <bndbox>
      <xmin>525.3</xmin>
      <ymin>210.8</ymin>
      <xmax>571.72</xmax>
      <ymax>257.8</ymax>
    </bndbox>
  </object>
  <object>
    <name>WHITE</name>
    <occluded>0</occluded>
    <bndbox>
      <xmin>509.73</xmin>
      <ymin>603.65</ymin>
      <xmax>558.6</xmax>
      <ymax>659.4</ymax>
    </bndbox>
  </object>
  <object>
    <name>WHITE</name>
    <occluded>0</occluded>
    <bndbox>
      <xmin>378.1</xmin>
      <ymin>308.25</ymin>
      <xmax>417.49</xmax>
      <ymax>351.9</ymax>
    </bndbox>
  </object>
  <object>
    <name>BLACK</name>
    <occluded>0</occluded>
    <bndbox>
      <xmin>818.15</xmin>
      <ymin>282.51</ymin>
      <xmax>854.48</xmax>
      <ymax>328.5</ymax>
    </bndbox>
  </object>
  <object>
    <name>WHITE</name>
    <occluded>0</occluded>
    <bndbox>
      <xmin>406.06</xmin>
      <ymin>554.44</ymin>
      <xmax>432.9</xmax>
      <ymax>606.8</ymax>
    </bndbox>
  </object>
  <object>
    <name>WHITE</name>
    <occluded>0</occluded>
    <bndbox>
      <xmin>426.6</xmin>
      <ymin>471.76</ymin>
      <xmax>464.7</xmax>
      <ymax>521.3</ymax>
    </bndbox>
  </object>
  <object>
    <name>WHITE</name>
    <occluded>0</occluded>
    <bndbox>
      <xmin>375.6</xmin>
      <ymin>618.95</ymin>
      <xmax>409.8</xmax>
      <ymax>670.1</ymax>
    </bndbox>
  </object>
  <object>
    <name>BLACK</name>
    <occluded>0</occluded>
    <bndbox>
      <xmin>535.22</xmin>
      <ymin>442.67</ymin>
      <xmax>588.9</xmax>
      <ymax>492.4</ymax>
    </bndbox>
  </object>
  <object>
    <name>WHITE</name>
    <occluded>0</occluded>
    <bndbox>
      <xmin>485.63</xmin>
      <ymin>498.9</ymin>
      <xmax>530.5</xmax>
      <ymax>550.1</ymax>
    </bndbox>
  </object>
  <object>
    <name>WHITE</name>
    <occluded>0</occluded>
    <bndbox>
      <xmin>775.37</xmin>
      <ymin>197.82</ymin>
      <xmax>818.1</xmax>
      <ymax>241.5</ymax>
    </bndbox>
  </object>
  <object>
    <name>WHITE</name>
    <occluded>0</occluded>
    <bndbox>
      <xmin>642.58</xmin>
      <ymin>95.54</ymin>
      <xmax>690.7</xmax>
      <ymax>120.9</ymax>
    </bndbox>
  </object>
  <object>
    <name>WHITE</name>
    <occluded>0</occluded>
    <bndbox>
      <xmin>698.79</xmin>
      <ymin>132.37</ymin>
      <xmax>746.2</xmax>
      <ymax>165.3</ymax>
    </bndbox>
  </object>
  <object>
    <name>WHITE</name>
    <occluded>0</occluded>
    <bndbox>
      <xmin>582.73</xmin>
      <ymin>140.92</ymin>
      <xmax>633.6</xmax>
      <ymax>167.7</ymax>
    </bndbox>
  </object>
  <object>
    <name>WHITE</name>
    <occluded>0</occluded>
    <bndbox>
      <xmin>414.0</xmin>
      <ymin>218.69</ymin>
      <xmax>452.73</xmax>
      <ymax>262.8</ymax>
    </bndbox>
  </object>
</annotation>
