<annotation>
  <folder>LuK</folder>
  <filename>LuK_camera11.png</filename>
  <source>
    <database>Unknown</database>
    <annotation>Unknown</annotation>
    <image>Unknown</image>
  </source>
  <size>
    <width>1280</width>
    <height>960</height>
    <depth></depth>
  </size>
  <segmented>0</segmented>
  <object>
    <name>WHITE</name>
    <occluded>0</occluded>
    <bndbox>
      <xmin>815.6</xmin>
      <ymin>475.39</ymin>
      <xmax>845.62</xmax>
      <ymax>523.7</ymax>
    </bndbox>
  </object>
  <object>
    <name>WHITE</name>
    <occluded>0</occluded>
    <bndbox>
      <xmin>652.66</xmin>
      <ymin>608.36</ymin>
      <xmax>702.2</xmax>
      <ymax>657.5</ymax>
    </bndbox>
  </object>
  <object>
    <name>BLACK</name>
    <occluded>0</occluded>
    <bndbox>
      <xmin>632.2</xmin>
      <ymin>446.15</ymin>
      <xmax>686.8</xmax>
      <ymax>491.2</ymax>
    </bndbox>
  </object>
  <object>
    <name>WHITE</name>
    <occluded>0</occluded>
    <bndbox>
      <xmin>863.07</xmin>
      <ymin>484.82</ymin>
      <xmax>884.27</xmax>
      <ymax>532.49</ymax>
    </bndbox>
  </object>
  <object>
    <name>BLACK</name>
    <occluded>0</occluded>
    <bndbox>
      <xmin>855.6</xmin>
      <ymin>411.2</ymin>
      <xmax>879.4</xmax>
      <ymax>457.61</ymax>
    </bndbox>
  </object>
  <object>
    <name>WHITE</name>
    <occluded>0</occluded>
    <bndbox>
      <xmin>678.62</xmin>
      <ymin>203.1</ymin>
      <xmax>723.9</xmax>
      <ymax>243.8</ymax>
    </bndbox>
  </object>
  <object>
    <name>WHITE</name>
    <occluded>0</occluded>
    <bndbox>
      <xmin>734.44</xmin>
      <ymin>94.96</ymin>
      <xmax>775.3</xmax>
      <ymax>129.2</ymax>
    </bndbox>
  </object>
  <object>
    <name>WHITE</name>
    <occluded>0</occluded>
    <bndbox>
      <xmin>688.26</xmin>
      <ymin>102.3</ymin>
      <xmax>731.1</xmax>
      <ymax>140.0</ymax>
    </bndbox>
  </object>
  <object>
    <name>WHITE</name>
    <occluded>0</occluded>
    <bndbox>
      <xmin>625.58</xmin>
      <ymin>130.86</ymin>
      <xmax>670.9</xmax>
      <ymax>165.1</ymax>
    </bndbox>
  </object>
  <object>
    <name>WHITE</name>
    <occluded>0</occluded>
    <bndbox>
      <xmin>557.51</xmin>
      <ymin>151.61</ymin>
      <xmax>607.4</xmax>
      <ymax>194.1</ymax>
    </bndbox>
  </object>
  <object>
    <name>WHITE</name>
    <occluded>0</occluded>
    <bndbox>
      <xmin>579.5</xmin>
      <ymin>71.0</ymin>
      <xmax>628.9</xmax>
      <ymax>101.91</ymax>
    </bndbox>
  </object>
  <object>
    <name>WHITE</name>
    <occluded>0</occluded>
    <bndbox>
      <xmin>521.12</xmin>
      <ymin>112.07</ymin>
      <xmax>567.2</xmax>
      <ymax>145.8</ymax>
    </bndbox>
  </object>
  <object>
    <name>WHITE</name>
    <occluded>0</occluded>
    <bndbox>
      <xmin>731.3</xmin>
      <ymin>180.6</ymin>
      <xmax>769.3</xmax>
      <ymax>222.6</ymax>
    </bndbox>
  </object>
  <object>
    <name>WHITE</name>
    <occluded>0</occluded>
    <bndbox>
      <xmin>777.4</xmin>
      <ymin>157.76</ymin>
      <xmax>812.5</xmax>
      <ymax>202.0</ymax>
    </bndbox>
  </object>
  <object>
    <name>WHITE</name>
    <occluded>0</occluded>
    <bndbox>
      <xmin>797.9</xmin>
      <ymin>130.09</ymin>
      <xmax>831.4</xmax>
      <ymax>167.4</ymax>
    </bndbox>
  </object>
  <object>
    <name>WHITE</name>
    <occluded>0</occluded>
    <bndbox>
      <xmin>446.78</xmin>
      <ymin>175.58</ymin>
      <xmax>489.18</xmax>
      <ymax>218.5</ymax>
    </bndbox>
  </object>
  <object>
    <name>WHITE</name>
    <occluded>0</occluded>
    <bndbox>
      <xmin>493.8</xmin>
      <ymin>76.48</ymin>
      <xmax>534.84</xmax>
      <ymax>106.5</ymax>
    </bndbox>
  </object>
  <object>
    <name>WHITE</name>
    <occluded>0</occluded>
    <bndbox>
      <xmin>424.6</xmin>
      <ymin>145.6</ymin>
      <xmax>458.83</xmax>
      <ymax>184.1</ymax>
    </bndbox>
  </object>
  <object>
    <name>WHITE</name>
    <occluded>0</occluded>
    <bndbox>
      <xmin>872.77</xmin>
      <ymin>546.99</ymin>
      <xmax>893.9</xmax>
      <ymax>594.3</ymax>
    </bndbox>
  </object>
  <object>
    <name>WHITE</name>
    <occluded>0</occluded>
    <bndbox>
      <xmin>885.5</xmin>
      <ymin>610.37</ymin>
      <xmax>909.16</xmax>
      <ymax>653.7</ymax>
    </bndbox>
  </object>
  <object>
    <name>WHITE</name>
    <occluded>0</occluded>
    <bndbox>
      <xmin>913.76</xmin>
      <ymin>612.7</ymin>
      <xmax>935.9</xmax>
      <ymax>654.1</ymax>
    </bndbox>
  </object>
  <object>
    <name>WHITE</name>
    <occluded>0</occluded>
    <bndbox>
      <xmin>558.1</xmin>
      <ymin>445.5</ymin>
      <xmax>605.3</xmax>
      <ymax>496.3</ymax>
    </bndbox>
  </object>
  <object>
    <name>WHITE</name>
    <occluded>0</occluded>
    <bndbox>
      <xmin>758.12</xmin>
      <ymin>275.93</ymin>
      <xmax>797.6</xmax>
      <ymax>321.7</ymax>
    </bndbox>
  </object>
  <object>
    <name>WHITE</name>
    <occluded>0</occluded>
    <bndbox>
      <xmin>796.13</xmin>
      <ymin>233.84</ymin>
      <xmax>830.9</xmax>
      <ymax>277.9</ymax>
    </bndbox>
  </object>
  <object>
    <name>WHITE</name>
    <occluded>0</occluded>
    <bndbox>
      <xmin>826.49</xmin>
      <ymin>320.64</ymin>
      <xmax>856.2</xmax>
      <ymax>368.3</ymax>
    </bndbox>
  </object>
  <object>
    <name>WHITE</name>
    <occluded>0</occluded>
    <bndbox>
      <xmin>620.5</xmin>
      <ymin>542.2</ymin>
      <xmax>668.17</xmax>
      <ymax>591.84</ymax>
    </bndbox>
  </object>
  <object>
    <name>WHITE</name>
    <occluded>0</occluded>
    <bndbox>
      <xmin>692.2</xmin>
      <ymin>510.44</ymin>
      <xmax>739.8</xmax>
      <ymax>561.4</ymax>
    </bndbox>
  </object>
  <object>
    <name>WHITE</name>
    <occluded>0</occluded>
    <bndbox>
      <xmin>707.4</xmin>
      <ymin>578.1</ymin>
      <xmax>752.8</xmax>
      <ymax>627.3</ymax>
    </bndbox>
  </object>
  <object>
    <name>BLACK</name>
    <occluded>0</occluded>
    <bndbox>
      <xmin>731.61</xmin>
      <ymin>646.29</ymin>
      <xmax>769.18</xmax>
      <ymax>699.7</ymax>
    </bndbox>
  </object>
  <object>
    <name>WHITE</name>
    <occluded>0</occluded>
    <bndbox>
      <xmin>709.97</xmin>
      <ymin>413.98</ymin>
      <xmax>756.9</xmax>
      <ymax>466.9</ymax>
    </bndbox>
  </object>
  <object>
    <name>WHITE</name>
    <occluded>0</occluded>
    <bndbox>
      <xmin>759.79</xmin>
      <ymin>486.1</ymin>
      <xmax>803.77</xmax>
      <ymax>539.1</ymax>
    </bndbox>
  </object>
  <object>
    <name>WHITE</name>
    <occluded>0</occluded>
    <bndbox>
      <xmin>770.0</xmin>
      <ymin>566.1</ymin>
      <xmax>810.5</xmax>
      <ymax>610.5</ymax>
    </bndbox>
  </object>
  <object>
    <name>WHITE</name>
    <occluded>0</occluded>
    <bndbox>
      <xmin>793.3</xmin>
      <ymin>630.97</ymin>
      <xmax>826.01</xmax>
      <ymax>677.2</ymax>
    </bndbox>
  </object>
  <object>
    <name>WHITE</name>
    <occluded>0</occluded>
    <bndbox>
      <xmin>828.47</xmin>
      <ymin>558.5</ymin>
      <xmax>855.4</xmax>
      <ymax>604.6</ymax>
    </bndbox>
  </object>
  <object>
    <name>WHITE</name>
    <occluded>0</occluded>
    <bndbox>
      <xmin>758.9</xmin>
      <ymin>368.51</ymin>
      <xmax>798.3</xmax>
      <ymax>419.3</ymax>
    </bndbox>
  </object>
  <object>
    <name>WHITE</name>
    <occluded>0</occluded>
    <bndbox>
      <xmin>812.9</xmin>
      <ymin>388.93</ymin>
      <xmax>844.8</xmax>
      <ymax>438.6</ymax>
    </bndbox>
  </object>
  <object>
    <name>BLACK</name>
    <occluded>0</occluded>
    <bndbox>
      <xmin>402.68</xmin>
      <ymin>260.08</ymin>
      <xmax>446.24</xmax>
      <ymax>304.99</ymax>
    </bndbox>
  </object>
  <object>
    <name>WHITE</name>
    <occluded>0</occluded>
    <bndbox>
      <xmin>380.27</xmin>
      <ymin>209.32</ymin>
      <xmax>409.95</xmax>
      <ymax>250.68</ymax>
    </bndbox>
  </object>
  <object>
    <name>WHITE</name>
    <occluded>0</occluded>
    <bndbox>
      <xmin>345.21</xmin>
      <ymin>555.17</ymin>
      <xmax>386.02</xmax>
      <ymax>594.42</ymax>
    </bndbox>
  </object>
  <object>
    <name>WHITE</name>
    <occluded>0</occluded>
    <bndbox>
      <xmin>356.91</xmin>
      <ymin>602.21</ymin>
      <xmax>381.34</xmax>
      <ymax>644.06</ymax>
    </bndbox>
  </object>
  <object>
    <name>WHITE</name>
    <occluded>0</occluded>
    <bndbox>
      <xmin>925.18</xmin>
      <ymin>557.76</ymin>
      <xmax>946.98</xmax>
      <ymax>600.49</ymax>
    </bndbox>
  </object>
  <object>
    <name>WHITE</name>
    <occluded>0</occluded>
    <bndbox>
      <xmin>839.97</xmin>
      <ymin>610.48</ymin>
      <xmax>867.94</xmax>
      <ymax>656.66</ymax>
    </bndbox>
  </object>
  <object>
    <name>WHITE</name>
    <occluded>0</occluded>
    <bndbox>
      <xmin>871.15</xmin>
      <ymin>351.24</ymin>
      <xmax>902.34</xmax>
      <ymax>399.59</ymax>
    </bndbox>
  </object>
  <object>
    <name>WHITE</name>
    <occluded>0</occluded>
    <bndbox>
      <xmin>854.05</xmin>
      <ymin>272.88</ymin>
      <xmax>885.87</xmax>
      <ymax>318.54</ymax>
    </bndbox>
  </object>
  <object>
    <name>WHITE</name>
    <occluded>0</occluded>
    <bndbox>
      <xmin>907.2</xmin>
      <ymin>310.31</ymin>
      <xmax>929.28</xmax>
      <ymax>353.72</ymax>
    </bndbox>
  </object>
  <object>
    <name>WHITE</name>
    <occluded>0</occluded>
    <bndbox>
      <xmin>883.25</xmin>
      <ymin>235.83</ymin>
      <xmax>911.69</xmax>
      <ymax>274.75</ymax>
    </bndbox>
  </object>
  <object>
    <name>WHITE</name>
    <occluded>0</occluded>
    <bndbox>
      <xmin>840.17</xmin>
      <ymin>201.85</ymin>
      <xmax>863.75</xmax>
      <ymax>243.4</ymax>
    </bndbox>
  </object>
  <object>
    <name>WHITE</name>
    <occluded>0</occluded>
    <bndbox>
      <xmin>842.08</xmin>
      <ymin>165.46</ymin>
      <xmax>875.01</xmax>
      <ymax>199.9</ymax>
    </bndbox>
  </object>
</annotation>
