<annotation>
  <folder>LuK</folder>
  <filename>LuK_camera9.png</filename>
  <source>
    <database>Unknown</database>
    <annotation>Unknown</annotation>
    <image>Unknown</image>
  </source>
  <size>
    <width>960</width>
    <height>1280</height>
    <depth></depth>
  </size>
  <segmented>0</segmented>
  <object>
    <name>WHITE</name>
    <occluded>0</occluded>
    <bndbox>
      <xmin>333.95</xmin>
      <ymin>330.11</ymin>
      <xmax>374.12</xmax>
      <ymax>355.53</ymax>
    </bndbox>
  </object>
  <object>
    <name>WHITE</name>
    <occluded>0</occluded>
    <bndbox>
      <xmin>587.94</xmin>
      <ymin>601.69</ymin>
      <xmax>623.35</xmax>
      <ymax>643.44</ymax>
    </bndbox>
  </object>
  <object>
    <name>WHITE</name>
    <occluded>0</occluded>
    <bndbox>
      <xmin>286.24</xmin>
      <ymin>623.37</ymin>
      <xmax>325.24</xmax>
      <ymax>666.37</ymax>
    </bndbox>
  </object>
  <object>
    <name>WHITE</name>
    <occluded>0</occluded>
    <bndbox>
      <xmin>302.81</xmin>
      <ymin>564.2</ymin>
      <xmax>343.58</xmax>
      <ymax>608.78</ymax>
    </bndbox>
  </object>
  <object>
    <name>WHITE</name>
    <occluded>0</occluded>
    <bndbox>
      <xmin>360.55</xmin>
      <ymin>427.2</ymin>
      <xmax>408.5</xmax>
      <ymax>461.96</ymax>
    </bndbox>
  </object>
  <object>
    <name>WHITE</name>
    <occluded>0</occluded>
    <bndbox>
      <xmin>317.99</xmin>
      <ymin>740.07</ymin>
      <xmax>354.2</xmax>
      <ymax>783.07</ymax>
    </bndbox>
  </object>
  <object>
    <name>WHITE</name>
    <occluded>0</occluded>
    <bndbox>
      <xmin>331.28</xmin>
      <ymin>673.9</ymin>
      <xmax>369.28</xmax>
      <ymax>718.34</ymax>
    </bndbox>
  </object>
  <object>
    <name>WHITE</name>
    <occluded>0</occluded>
    <bndbox>
      <xmin>354.04</xmin>
      <ymin>607.3</ymin>
      <xmax>397.2</xmax>
      <ymax>652.38</ymax>
    </bndbox>
  </object>
  <object>
    <name>WHITE</name>
    <occluded>0</occluded>
    <bndbox>
      <xmin>382.52</xmin>
      <ymin>536.83</ymin>
      <xmax>427.5</xmax>
      <ymax>578.83</ymax>
    </bndbox>
  </object>
  <object>
    <name>WHITE</name>
    <occluded>0</occluded>
    <bndbox>
      <xmin>411.37</xmin>
      <ymin>468.1</ymin>
      <xmax>458.6</xmax>
      <ymax>507.4</ymax>
    </bndbox>
  </object>
  <object>
    <name>WHITE</name>
    <occluded>0</occluded>
    <bndbox>
      <xmin>472.65</xmin>
      <ymin>369.12</ymin>
      <xmax>517.7</xmax>
      <ymax>401.12</ymax>
    </bndbox>
  </object>
  <object>
    <name>WHITE</name>
    <occluded>0</occluded>
    <bndbox>
      <xmin>399.92</xmin>
      <ymin>660.89</ymin>
      <xmax>447.5</xmax>
      <ymax>702.8</ymax>
    </bndbox>
  </object>
  <object>
    <name>WHITE</name>
    <occluded>0</occluded>
    <bndbox>
      <xmin>430.15</xmin>
      <ymin>595.6</ymin>
      <xmax>475.6</xmax>
      <ymax>637.6</ymax>
    </bndbox>
  </object>
  <object>
    <name>WHITE</name>
    <occluded>0</occluded>
    <bndbox>
      <xmin>464.1</xmin>
      <ymin>528.6</ymin>
      <xmax>508.9</xmax>
      <ymax>570.73</ymax>
    </bndbox>
  </object>
  <object>
    <name>WHITE</name>
    <occluded>0</occluded>
    <bndbox>
      <xmin>496.8</xmin>
      <ymin>467.16</ymin>
      <xmax>540.5</xmax>
      <ymax>504.1</ymax>
    </bndbox>
  </object>
  <object>
    <name>WHITE</name>
    <occluded>0</occluded>
    <bndbox>
      <xmin>535.6</xmin>
      <ymin>415.93</ymin>
      <xmax>575.6</xmax>
      <ymax>451.0</ymax>
    </bndbox>
  </object>
  <object>
    <name>WHITE</name>
    <occluded>0</occluded>
    <bndbox>
      <xmin>559.04</xmin>
      <ymin>377.39</ymin>
      <xmax>598.9</xmax>
      <ymax>408.7</ymax>
    </bndbox>
  </object>
  <object>
    <name>WHITE</name>
    <occluded>0</occluded>
    <bndbox>
      <xmin>580.3</xmin>
      <ymin>349.5</ymin>
      <xmax>617.26</xmax>
      <ymax>378.03</ymax>
    </bndbox>
  </object>
  <object>
    <name>WHITE</name>
    <occluded>0</occluded>
    <bndbox>
      <xmin>472.41</xmin>
      <ymin>653.46</ymin>
      <xmax>517.4</xmax>
      <ymax>696.84</ymax>
    </bndbox>
  </object>
  <object>
    <name>WHITE</name>
    <occluded>0</occluded>
    <bndbox>
      <xmin>355.8</xmin>
      <ymin>352.63</ymin>
      <xmax>393.4</xmax>
      <ymax>382.3</ymax>
    </bndbox>
  </object>
  <object>
    <name>WHITE</name>
    <occluded>0</occluded>
    <bndbox>
      <xmin>327.62</xmin>
      <ymin>396.71</ymin>
      <xmax>367.55</xmax>
      <ymax>431.2</ymax>
    </bndbox>
  </object>
  <object>
    <name>WHITE</name>
    <occluded>0</occluded>
    <bndbox>
      <xmin>282.76</xmin>
      <ymin>454.24</ymin>
      <xmax>324.3</xmax>
      <ymax>499.9</ymax>
    </bndbox>
  </object>
  <object>
    <name>WHITE</name>
    <occluded>0</occluded>
    <bndbox>
      <xmin>259.9</xmin>
      <ymin>521.83</ymin>
      <xmax>291.9</xmax>
      <ymax>562.83</ymax>
    </bndbox>
  </object>
  <object>
    <name>BLACK</name>
    <occluded>0</occluded>
    <bndbox>
      <xmin>236.7</xmin>
      <ymin>583.33</ymin>
      <xmax>270.05</xmax>
      <ymax>629.5</ymax>
    </bndbox>
  </object>
  <object>
    <name>WHITE</name>
    <occluded>0</occluded>
    <bndbox>
      <xmin>229.1</xmin>
      <ymin>645.3</ymin>
      <xmax>256.65</xmax>
      <ymax>690.29</ymax>
    </bndbox>
  </object>
  <object>
    <name>WHITE</name>
    <occluded>0</occluded>
    <bndbox>
      <xmin>231.52</xmin>
      <ymin>721.92</ymin>
      <xmax>261.4</xmax>
      <ymax>763.95</ymax>
    </bndbox>
  </object>
  <object>
    <name>WHITE</name>
    <occluded>0</occluded>
    <bndbox>
      <xmin>289.76</xmin>
      <ymin>374.9</ymin>
      <xmax>329.36</xmax>
      <ymax>408.0</ymax>
    </bndbox>
  </object>
  <object>
    <name>WHITE</name>
    <occluded>0</occluded>
    <bndbox>
      <xmin>207.7</xmin>
      <ymin>561.72</ymin>
      <xmax>229.48</xmax>
      <ymax>604.7</ymax>
    </bndbox>
  </object>
  <object>
    <name>WHITE</name>
    <occluded>0</occluded>
    <bndbox>
      <xmin>193.3</xmin>
      <ymin>631.1</ymin>
      <xmax>215.54</xmax>
      <ymax>671.71</ymax>
    </bndbox>
  </object>
  <object>
    <name>WHITE</name>
    <occluded>0</occluded>
    <bndbox>
      <xmin>203.84</xmin>
      <ymin>677.71</ymin>
      <xmax>217.75</xmax>
      <ymax>717.87</ymax>
    </bndbox>
  </object>
  <object>
    <name>WHITE</name>
    <occluded>0</occluded>
    <bndbox>
      <xmin>172.47</xmin>
      <ymin>720.23</ymin>
      <xmax>199.2</xmax>
      <ymax>764.7</ymax>
    </bndbox>
  </object>
  <object>
    <name>WHITE</name>
    <occluded>0</occluded>
    <bndbox>
      <xmin>273.18</xmin>
      <ymin>762.93</ymin>
      <xmax>310.35</xmax>
      <ymax>806.2</ymax>
    </bndbox>
  </object>
  <object>
    <name>WHITE</name>
    <occluded>0</occluded>
    <bndbox>
      <xmin>187.5</xmin>
      <ymin>529.96</ymin>
      <xmax>210.0</xmax>
      <ymax>575.71</ymax>
    </bndbox>
  </object>
  <object>
    <name>WHITE</name>
    <occluded>0</occluded>
    <bndbox>
      <xmin>274.17</xmin>
      <ymin>355.52</ymin>
      <xmax>310.3</xmax>
      <ymax>382.09</ymax>
    </bndbox>
  </object>
  <object>
    <name>WHITE</name>
    <occluded>0</occluded>
    <bndbox>
      <xmin>237.78</xmin>
      <ymin>404.91</ymin>
      <xmax>268.71</xmax>
      <ymax>439.56</ymax>
    </bndbox>
  </object>
  <object>
    <name>WHITE</name>
    <occluded>0</occluded>
    <bndbox>
      <xmin>260.6</xmin>
      <ymin>426.86</ymin>
      <xmax>296.44</xmax>
      <ymax>464.11</ymax>
    </bndbox>
  </object>
  <object>
    <name>WHITE</name>
    <occluded>0</occluded>
    <bndbox>
      <xmin>388.25</xmin>
      <ymin>293.43</ymin>
      <xmax>431.02</xmax>
      <ymax>317.98</ymax>
    </bndbox>
  </object>
  <object>
    <name>WHITE</name>
    <occluded>0</occluded>
    <bndbox>
      <xmin>437.63</xmin>
      <ymin>340.22</ymin>
      <xmax>480.66</xmax>
      <ymax>363.9</ymax>
    </bndbox>
  </object>
  <object>
    <name>BLACK</name>
    <occluded>0</occluded>
    <bndbox>
      <xmin>391.74</xmin>
      <ymin>319.14</ymin>
      <xmax>434.19</xmax>
      <ymax>347.44</ymax>
    </bndbox>
  </object>
  <object>
    <name>WHITE</name>
    <occluded>0</occluded>
    <bndbox>
      <xmin>459.61</xmin>
      <ymin>283.04</ymin>
      <xmax>498.59</xmax>
      <ymax>309.9</ymax>
    </bndbox>
  </object>
  <object>
    <name>WHITE</name>
    <occluded>0</occluded>
    <bndbox>
      <xmin>523.72</xmin>
      <ymin>312.5</ymin>
      <xmax>562.71</xmax>
      <ymax>337.62</ymax>
    </bndbox>
  </object>
  <object>
    <name>WHITE</name>
    <occluded>0</occluded>
    <bndbox>
      <xmin>516.21</xmin>
      <ymin>337.91</ymin>
      <xmax>553.46</xmax>
      <ymax>364.48</ymax>
    </bndbox>
  </object>
  <object>
    <name>WHITE</name>
    <occluded>0</occluded>
    <bndbox>
      <xmin>686.73</xmin>
      <ymin>574.24</ymin>
      <xmax>710.99</xmax>
      <ymax>619.29</ymax>
    </bndbox>
  </object>
  <object>
    <name>WHITE</name>
    <occluded>0</occluded>
    <bndbox>
      <xmin>687.77</xmin>
      <ymin>635.58</ymin>
      <xmax>712.37</xmax>
      <ymax>677.16</ymax>
    </bndbox>
  </object>
  <object>
    <name>WHITE</name>
    <occluded>0</occluded>
    <bndbox>
      <xmin>649.99</xmin>
      <ymin>613.4</ymin>
      <xmax>679.8</xmax>
      <ymax>657.76</ymax>
    </bndbox>
  </object>
  <object>
    <name>WHITE</name>
    <occluded>0</occluded>
    <bndbox>
      <xmin>663.16</xmin>
      <ymin>692.41</ymin>
      <xmax>689.5</xmax>
      <ymax>737.12</ymax>
    </bndbox>
  </object>
  <object>
    <name>BLACK</name>
    <occluded>0</occluded>
    <bndbox>
      <xmin>661.78</xmin>
      <ymin>757.56</ymin>
      <xmax>688.12</xmax>
      <ymax>803.31</ymax>
    </bndbox>
  </object>
  <object>
    <name>WHITE</name>
    <occluded>0</occluded>
    <bndbox>
      <xmin>619.15</xmin>
      <ymin>739.54</ymin>
      <xmax>654.15</xmax>
      <ymax>785.98</ymax>
    </bndbox>
  </object>
  <object>
    <name>WHITE</name>
    <occluded>0</occluded>
    <bndbox>
      <xmin>229.63</xmin>
      <ymin>489.3</ymin>
      <xmax>258.39</xmax>
      <ymax>531.61</ymax>
    </bndbox>
  </object>
  <object>
    <name>WHITE</name>
    <occluded>0</occluded>
    <bndbox>
      <xmin>374.49</xmin>
      <ymin>723.6</ymin>
      <xmax>420.92</xmax>
      <ymax>759.64</ymax>
    </bndbox>
  </object>
  <object>
    <name>WHITE</name>
    <occluded>0</occluded>
    <bndbox>
      <xmin>175.19</xmin>
      <ymin>602.66</ymin>
      <xmax>194.97</xmax>
      <ymax>642.51</ymax>
    </bndbox>
  </object>
  <object>
    <name>WHITE</name>
    <occluded>0</occluded>
    <bndbox>
      <xmin>163.44</xmin>
      <ymin>670.23</ymin>
      <xmax>183.88</xmax>
      <ymax>712.51</ymax>
    </bndbox>
  </object>
  <object>
    <name>WHITE</name>
    <occluded>0</occluded>
    <bndbox>
      <xmin>207.45</xmin>
      <ymin>759.64</ymin>
      <xmax>231.71</xmax>
      <ymax>805.39</ymax>
    </bndbox>
  </object>
  <object>
    <name>BLACK</name>
    <occluded>0</occluded>
    <bndbox>
      <xmin>241.41</xmin>
      <ymin>789.79</ymin>
      <xmax>269.13</xmax>
      <ymax>834.15</ymax>
    </bndbox>
  </object>
  <object>
    <name>WHITE</name>
    <occluded>0</occluded>
    <bndbox>
      <xmin>581.93</xmin>
      <ymin>473.68</ymin>
      <xmax>622.7</xmax>
      <ymax>515.3</ymax>
    </bndbox>
  </object>
  <object>
    <name>WHITE</name>
    <occluded>0</occluded>
    <bndbox>
      <xmin>508.6</xmin>
      <ymin>590.62</ymin>
      <xmax>553.13</xmax>
      <ymax>637.6</ymax>
    </bndbox>
  </object>
  <object>
    <name>WHITE</name>
    <occluded>0</occluded>
    <bndbox>
      <xmin>553.76</xmin>
      <ymin>530.1</ymin>
      <xmax>591.76</xmax>
      <ymax>576.65</ymax>
    </bndbox>
  </object>
  <object>
    <name>WHITE</name>
    <occluded>0</occluded>
    <bndbox>
      <xmin>577.44</xmin>
      <ymin>724.66</ymin>
      <xmax>612.86</xmax>
      <ymax>768.3</ymax>
    </bndbox>
  </object>
  <object>
    <name>BLACK</name>
    <occluded>0</occluded>
    <bndbox>
      <xmin>627.76</xmin>
      <ymin>549.8</ymin>
      <xmax>661.1</xmax>
      <ymax>597.9</ymax>
    </bndbox>
  </object>
  <object>
    <name>WHITE</name>
    <occluded>0</occluded>
    <bndbox>
      <xmin>513.97</xmin>
      <ymin>715.6</ymin>
      <xmax>557.3</xmax>
      <ymax>752.2</ymax>
    </bndbox>
  </object>
  <object>
    <name>WHITE</name>
    <occluded>0</occluded>
    <bndbox>
      <xmin>449.94</xmin>
      <ymin>417.99</ymin>
      <xmax>490.94</xmax>
      <ymax>448.99</ymax>
    </bndbox>
  </object>
  <object>
    <name>WHITE</name>
    <occluded>0</occluded>
    <bndbox>
      <xmin>408.51</xmin>
      <ymin>381.46</ymin>
      <xmax>448.51</xmax>
      <ymax>409.46</ymax>
    </bndbox>
  </object>
  <object>
    <name>WHITE</name>
    <occluded>0</occluded>
    <bndbox>
      <xmin>336.61</xmin>
      <ymin>488.5</ymin>
      <xmax>376.61</xmax>
      <ymax>528.5</ymax>
    </bndbox>
  </object>
  <object>
    <name>WHITE</name>
    <occluded>0</occluded>
    <bndbox>
      <xmin>553.26</xmin>
      <ymin>656.99</ymin>
      <xmax>594.26</xmax>
      <ymax>699.99</ymax>
    </bndbox>
  </object>
  <object>
    <name>WHITE</name>
    <occluded>0</occluded>
    <bndbox>
      <xmin>275.24</xmin>
      <ymin>693.56</ymin>
      <xmax>310.3</xmax>
      <ymax>737.3</ymax>
    </bndbox>
  </object>
  <object>
    <name>WHITE</name>
    <occluded>0</occluded>
    <bndbox>
      <xmin>609.92</xmin>
      <ymin>427.92</ymin>
      <xmax>648.8</xmax>
      <ymax>467.3</ymax>
    </bndbox>
  </object>
  <object>
    <name>WHITE</name>
    <occluded>0</occluded>
    <bndbox>
      <xmin>615.5</xmin>
      <ymin>674.2</ymin>
      <xmax>649.53</xmax>
      <ymax>716.86</ymax>
    </bndbox>
  </object>
</annotation>
