<annotation>
  <folder>MB</folder>
  <filename>MB_camera10.png</filename>
  <source>
    <database>Unknown</database>
    <annotation>Unknown</annotation>
    <image>Unknown</image>
  </source>
  <size>
    <width>1280</width>
    <height>960</height>
    <depth></depth>
  </size>
  <segmented>0</segmented>
  <object>
    <name>WHITE</name>
    <occluded>0</occluded>
    <bndbox>
      <xmin>592.47</xmin>
      <ymin>191.58</ymin>
      <xmax>639.84</xmax>
      <ymax>223.4</ymax>
    </bndbox>
  </object>
  <object>
    <name>WHITE</name>
    <occluded>0</occluded>
    <bndbox>
      <xmin>479.25</xmin>
      <ymin>671.37</ymin>
      <xmax>529.4</xmax>
      <ymax>724.5</ymax>
    </bndbox>
  </object>
  <object>
    <name>WHITE</name>
    <occluded>0</occluded>
    <bndbox>
      <xmin>425.5</xmin>
      <ymin>619.18</ymin>
      <xmax>468.46</xmax>
      <ymax>674.6</ymax>
    </bndbox>
  </object>
  <object>
    <name>WHITE</name>
    <occluded>0</occluded>
    <bndbox>
      <xmin>410.0</xmin>
      <ymin>711.1</ymin>
      <xmax>440.02</xmax>
      <ymax>765.3</ymax>
    </bndbox>
  </object>
  <object>
    <name>WHITE</name>
    <occluded>0</occluded>
    <bndbox>
      <xmin>364.39</xmin>
      <ymin>654.17</ymin>
      <xmax>397.2</xmax>
      <ymax>705.5</ymax>
    </bndbox>
  </object>
  <object>
    <name>BLACK</name>
    <occluded>0</occluded>
    <bndbox>
      <xmin>374.01</xmin>
      <ymin>745.86</ymin>
      <xmax>401.6</xmax>
      <ymax>796.5</ymax>
    </bndbox>
  </object>
  <object>
    <name>WHITE</name>
    <occluded>0</occluded>
    <bndbox>
      <xmin>1065.4</xmin>
      <ymin>399.58</ymin>
      <xmax>1106.6</xmax>
      <ymax>448.4</ymax>
    </bndbox>
  </object>
  <object>
    <name>WHITE</name>
    <occluded>0</occluded>
    <bndbox>
      <xmin>1042.88</xmin>
      <ymin>470.24</ymin>
      <xmax>1096.4</xmax>
      <ymax>503.3</ymax>
    </bndbox>
  </object>
  <object>
    <name>WHITE</name>
    <occluded>0</occluded>
    <bndbox>
      <xmin>1021.52</xmin>
      <ymin>536.58</ymin>
      <xmax>1075.7</xmax>
      <ymax>579.0</ymax>
    </bndbox>
  </object>
  <object>
    <name>WHITE</name>
    <occluded>0</occluded>
    <bndbox>
      <xmin>1059.2</xmin>
      <ymin>186.74</ymin>
      <xmax>1092.1</xmax>
      <ymax>230.8</ymax>
    </bndbox>
  </object>
  <object>
    <name>WHITE</name>
    <occluded>0</occluded>
    <bndbox>
      <xmin>985.7</xmin>
      <ymin>383.43</ymin>
      <xmax>1033.2</xmax>
      <ymax>431.9</ymax>
    </bndbox>
  </object>
  <object>
    <name>WHITE</name>
    <occluded>0</occluded>
    <bndbox>
      <xmin>466.05</xmin>
      <ymin>188.22</ymin>
      <xmax>499.78</xmax>
      <ymax>223.25</ymax>
    </bndbox>
  </object>
  <object>
    <name>WHITE</name>
    <occluded>0</occluded>
    <bndbox>
      <xmin>455.1</xmin>
      <ymin>519.44</ymin>
      <xmax>502.55</xmax>
      <ymax>567.44</ymax>
    </bndbox>
  </object>
  <object>
    <name>WHITE</name>
    <occluded>0</occluded>
    <bndbox>
      <xmin>654.96</xmin>
      <ymin>233.41</ymin>
      <xmax>710.4</xmax>
      <ymax>282.91</ymax>
    </bndbox>
  </object>
  <object>
    <name>WHITE</name>
    <occluded>0</occluded>
    <bndbox>
      <xmin>698.39</xmin>
      <ymin>147.6</ymin>
      <xmax>747.5</xmax>
      <ymax>191.0</ymax>
    </bndbox>
  </object>
  <object>
    <name>WHITE</name>
    <occluded>0</occluded>
    <bndbox>
      <xmin>558.72</xmin>
      <ymin>269.69</ymin>
      <xmax>607.9</xmax>
      <ymax>317.3</ymax>
    </bndbox>
  </object>
  <object>
    <name>WHITE</name>
    <occluded>0</occluded>
    <bndbox>
      <xmin>836.39</xmin>
      <ymin>476.19</ymin>
      <xmax>887.73</xmax>
      <ymax>525.54</ymax>
    </bndbox>
  </object>
  <object>
    <name>WHITE</name>
    <occluded>0</occluded>
    <bndbox>
      <xmin>786.01</xmin>
      <ymin>553.68</ymin>
      <xmax>842.9</xmax>
      <ymax>609.1</ymax>
    </bndbox>
  </object>
  <object>
    <name>WHITE</name>
    <occluded>0</occluded>
    <bndbox>
      <xmin>927.96</xmin>
      <ymin>59.86</ymin>
      <xmax>974.8</xmax>
      <ymax>96.2</ymax>
    </bndbox>
  </object>
  <object>
    <name>WHITE</name>
    <occluded>0</occluded>
    <bndbox>
      <xmin>895.57</xmin>
      <ymin>104.67</ymin>
      <xmax>945.0</xmax>
      <ymax>141.7</ymax>
    </bndbox>
  </object>
  <object>
    <name>WHITE</name>
    <occluded>0</occluded>
    <bndbox>
      <xmin>851.39</xmin>
      <ymin>168.87</ymin>
      <xmax>902.9</xmax>
      <ymax>212.2</ymax>
    </bndbox>
  </object>
  <object>
    <name>WHITE</name>
    <occluded>0</occluded>
    <bndbox>
      <xmin>813.18</xmin>
      <ymin>248.18</ymin>
      <xmax>865.1</xmax>
      <ymax>296.0</ymax>
    </bndbox>
  </object>
  <object>
    <name>WHITE</name>
    <occluded>0</occluded>
    <bndbox>
      <xmin>791.6</xmin>
      <ymin>321.16</ymin>
      <xmax>845.4</xmax>
      <ymax>372.07</ymax>
    </bndbox>
  </object>
  <object>
    <name>WHITE</name>
    <occluded>0</occluded>
    <bndbox>
      <xmin>779.66</xmin>
      <ymin>396.48</ymin>
      <xmax>836.1</xmax>
      <ymax>447.46</ymax>
    </bndbox>
  </object>
  <object>
    <name>WHITE</name>
    <occluded>0</occluded>
    <bndbox>
      <xmin>859.53</xmin>
      <ymin>33.27</ymin>
      <xmax>904.45</xmax>
      <ymax>57.52</ymax>
    </bndbox>
  </object>
  <object>
    <name>WHITE</name>
    <occluded>0</occluded>
    <bndbox>
      <xmin>831.69</xmin>
      <ymin>61.56</ymin>
      <xmax>878.4</xmax>
      <ymax>97.04</ymax>
    </bndbox>
  </object>
  <object>
    <name>BLACK</name>
    <occluded>0</occluded>
    <bndbox>
      <xmin>685.23</xmin>
      <ymin>58.87</ymin>
      <xmax>735.12</xmax>
      <ymax>90.31</ymax>
    </bndbox>
  </object>
  <object>
    <name>WHITE</name>
    <occluded>0</occluded>
    <bndbox>
      <xmin>570.97</xmin>
      <ymin>132.05</ymin>
      <xmax>611.99</xmax>
      <ymax>173.01</ymax>
    </bndbox>
  </object>
  <object>
    <name>WHITE</name>
    <occluded>0</occluded>
    <bndbox>
      <xmin>451.86</xmin>
      <ymin>234.99</ymin>
      <xmax>489.11</xmax>
      <ymax>273.25</ymax>
    </bndbox>
  </object>
  <object>
    <name>WHITE</name>
    <occluded>0</occluded>
    <bndbox>
      <xmin>513.31</xmin>
      <ymin>209.12</ymin>
      <xmax>557.55</xmax>
      <ymax>249.54</ymax>
    </bndbox>
  </object>
  <object>
    <name>WHITE</name>
    <occluded>0</occluded>
    <bndbox>
      <xmin>471.27</xmin>
      <ymin>293.2</ymin>
      <xmax>509.05</xmax>
      <ymax>333.62</ymax>
    </bndbox>
  </object>
  <object>
    <name>BLACK</name>
    <occluded>0</occluded>
    <bndbox>
      <xmin>1002.73</xmin>
      <ymin>308.83</ymin>
      <xmax>1046.39</xmax>
      <ymax>358.41</ymax>
    </bndbox>
  </object>
  <object>
    <name>WHITE</name>
    <occluded>0</occluded>
    <bndbox>
      <xmin>1101.9</xmin>
      <ymin>544.89</ymin>
      <xmax>1150.4</xmax>
      <ymax>580.46</ymax>
    </bndbox>
  </object>
  <object>
    <name>WHITE</name>
    <occluded>0</occluded>
    <bndbox>
      <xmin>403.36</xmin>
      <ymin>469.43</ymin>
      <xmax>435.21</xmax>
      <ymax>516.86</ymax>
    </bndbox>
  </object>
  <object>
    <name>WHITE</name>
    <occluded>0</occluded>
    <bndbox>
      <xmin>355.39</xmin>
      <ymin>588.54</ymin>
      <xmax>379.7</xmax>
      <ymax>639.21</ymax>
    </bndbox>
  </object>
  <object>
    <name>WHITE</name>
    <occluded>0</occluded>
    <bndbox>
      <xmin>394.74</xmin>
      <ymin>550.28</ymin>
      <xmax>429.28</xmax>
      <ymax>599.32</ymax>
    </bndbox>
  </object>
  <object>
    <name>WHITE</name>
    <occluded>0</occluded>
    <bndbox>
      <xmin>882.15</xmin>
      <ymin>313.55</ymin>
      <xmax>933.6</xmax>
      <ymax>367.6</ymax>
    </bndbox>
  </object>
  <object>
    <name>WHITE</name>
    <occluded>0</occluded>
    <bndbox>
      <xmin>882.96</xmin>
      <ymin>386.52</ymin>
      <xmax>936.2</xmax>
      <ymax>436.1</ymax>
    </bndbox>
  </object>
  <object>
    <name>WHITE</name>
    <occluded>0</occluded>
    <bndbox>
      <xmin>1119.18</xmin>
      <ymin>485.49</ymin>
      <xmax>1161.4</xmax>
      <ymax>534.3</ymax>
    </bndbox>
  </object>
  <object>
    <name>BLACK</name>
    <occluded>0</occluded>
    <bndbox>
      <xmin>442.13</xmin>
      <ymin>437.79</ymin>
      <xmax>481.98</xmax>
      <ymax>490.2</ymax>
    </bndbox>
  </object>
  <object>
    <name>WHITE</name>
    <occluded>0</occluded>
    <bndbox>
      <xmin>473.4</xmin>
      <ymin>360.95</ymin>
      <xmax>518.67</xmax>
      <ymax>408.2</ymax>
    </bndbox>
  </object>
  <object>
    <name>WHITE</name>
    <occluded>0</occluded>
    <bndbox>
      <xmin>419.79</xmin>
      <ymin>386.28</ymin>
      <xmax>453.97</xmax>
      <ymax>432.1</ymax>
    </bndbox>
  </object>
  <object>
    <name>WHITE</name>
    <occluded>0</occluded>
    <bndbox>
      <xmin>510.51</xmin>
      <ymin>159.92</ymin>
      <xmax>547.39</xmax>
      <ymax>195.4</ymax>
    </bndbox>
  </object>
  <object>
    <name>WHITE</name>
    <occluded>0</occluded>
    <bndbox>
      <xmin>637.0</xmin>
      <ymin>107.74</ymin>
      <xmax>682.3</xmax>
      <ymax>149.8</ymax>
    </bndbox>
  </object>
  <object>
    <name>WHITE</name>
    <occluded>0</occluded>
    <bndbox>
      <xmin>1031.54</xmin>
      <ymin>235.66</ymin>
      <xmax>1064.18</xmax>
      <ymax>283.96</ymax>
    </bndbox>
  </object>
  <object>
    <name>WHITE</name>
    <occluded>0</occluded>
    <bndbox>
      <xmin>1089.35</xmin>
      <ymin>328.13</ymin>
      <xmax>1121.35</xmax>
      <ymax>376.13</ymax>
    </bndbox>
  </object>
  <object>
    <name>WHITE</name>
    <occluded>0</occluded>
    <bndbox>
      <xmin>532.8</xmin>
      <ymin>576.0</ymin>
      <xmax>588.2</xmax>
      <ymax>630.4</ymax>
    </bndbox>
  </object>
  <object>
    <name>WHITE</name>
    <occluded>0</occluded>
    <bndbox>
      <xmin>736.37</xmin>
      <ymin>279.4</ymin>
      <xmax>785.36</xmax>
      <ymax>328.05</ymax>
    </bndbox>
  </object>
  <object>
    <name>WHITE</name>
    <occluded>0</occluded>
    <bndbox>
      <xmin>754.87</xmin>
      <ymin>196.44</ymin>
      <xmax>808.1</xmax>
      <ymax>245.18</ymax>
    </bndbox>
  </object>
  <object>
    <name>WHITE</name>
    <occluded>0</occluded>
    <bndbox>
      <xmin>791.37</xmin>
      <ymin>117.26</ymin>
      <xmax>844.3</xmax>
      <ymax>157.4</ymax>
    </bndbox>
  </object>
  <object>
    <name>WHITE</name>
    <occluded>0</occluded>
    <bndbox>
      <xmin>628.5</xmin>
      <ymin>600.91</ymin>
      <xmax>687.9</xmax>
      <ymax>655.0</ymax>
    </bndbox>
  </object>
  <object>
    <name>WHITE</name>
    <occluded>0</occluded>
    <bndbox>
      <xmin>720.08</xmin>
      <ymin>494.42</ymin>
      <xmax>775.4</xmax>
      <ymax>544.62</ymax>
    </bndbox>
  </object>
  <object>
    <name>WHITE</name>
    <occluded>0</occluded>
    <bndbox>
      <xmin>732.99</xmin>
      <ymin>76.56</ymin>
      <xmax>781.3</xmax>
      <ymax>116.9</ymax>
    </bndbox>
  </object>
  <object>
    <name>WHITE</name>
    <occluded>0</occluded>
    <bndbox>
      <xmin>951.35</xmin>
      <ymin>468.51</ymin>
      <xmax>1008.6</xmax>
      <ymax>501.2</ymax>
    </bndbox>
  </object>
  <object>
    <name>BLACK</name>
    <occluded>0</occluded>
    <bndbox>
      <xmin>921.07</xmin>
      <ymin>532.06</ymin>
      <xmax>981.7</xmax>
      <ymax>586.7</ymax>
    </bndbox>
  </object>
  <object>
    <name>WHITE</name>
    <occluded>0</occluded>
    <bndbox>
      <xmin>998.16</xmin>
      <ymin>114.85</ymin>
      <xmax>1038.1</xmax>
      <ymax>155.2</ymax>
    </bndbox>
  </object>
  <object>
    <name>WHITE</name>
    <occluded>0</occluded>
    <bndbox>
      <xmin>964.57</xmin>
      <ymin>164.54</ymin>
      <xmax>1009.3</xmax>
      <ymax>207.2</ymax>
    </bndbox>
  </object>
  <object>
    <name>WHITE</name>
    <occluded>0</occluded>
    <bndbox>
      <xmin>915.77</xmin>
      <ymin>231.26</ymin>
      <xmax>966.6</xmax>
      <ymax>280.2</ymax>
    </bndbox>
  </object>
  <object>
    <name>WHITE</name>
    <occluded>0</occluded>
    <bndbox>
      <xmin>416.2</xmin>
      <ymin>314.42</ymin>
      <xmax>444.54</xmax>
      <ymax>351.7</ymax>
    </bndbox>
  </object>
</annotation>
