<annotation>
  <folder>MB</folder>
  <filename>MB_camera11.png</filename>
  <source>
    <database>Unknown</database>
    <annotation>Unknown</annotation>
    <image>Unknown</image>
  </source>
  <size>
    <width>1280</width>
    <height>960</height>
    <depth></depth>
  </size>
  <segmented>0</segmented>
  <object>
    <name>WHITE</name>
    <occluded>0</occluded>
    <bndbox>
      <xmin>814.15</xmin>
      <ymin>322.88</ymin>
      <xmax>847.69</xmax>
      <ymax>364.48</ymax>
    </bndbox>
  </object>
  <object>
    <name>WHITE</name>
    <occluded>0</occluded>
    <bndbox>
      <xmin>915.56</xmin>
      <ymin>238.29</ymin>
      <xmax>943.5</xmax>
      <ymax>274.5</ymax>
    </bndbox>
  </object>
  <object>
    <name>WHITE</name>
    <occluded>0</occluded>
    <bndbox>
      <xmin>745.85</xmin>
      <ymin>171.19</ymin>
      <xmax>787.3</xmax>
      <ymax>206.6</ymax>
    </bndbox>
  </object>
  <object>
    <name>WHITE</name>
    <occluded>0</occluded>
    <bndbox>
      <xmin>726.49</xmin>
      <ymin>289.87</ymin>
      <xmax>772.3</xmax>
      <ymax>332.7</ymax>
    </bndbox>
  </object>
  <object>
    <name>WHITE</name>
    <occluded>0</occluded>
    <bndbox>
      <xmin>783.23</xmin>
      <ymin>238.56</ymin>
      <xmax>823.8</xmax>
      <ymax>276.2</ymax>
    </bndbox>
  </object>
  <object>
    <name>WHITE</name>
    <occluded>0</occluded>
    <bndbox>
      <xmin>828.96</xmin>
      <ymin>199.71</ymin>
      <xmax>865.5</xmax>
      <ymax>235.9</ymax>
    </bndbox>
  </object>
  <object>
    <name>WHITE</name>
    <occluded>0</occluded>
    <bndbox>
      <xmin>893.31</xmin>
      <ymin>626.12</ymin>
      <xmax>923.85</xmax>
      <ymax>672.83</ymax>
    </bndbox>
  </object>
  <object>
    <name>WHITE</name>
    <occluded>0</occluded>
    <bndbox>
      <xmin>891.96</xmin>
      <ymin>483.75</ymin>
      <xmax>922.95</xmax>
      <ymax>531.8</ymax>
    </bndbox>
  </object>
  <object>
    <name>BLACK</name>
    <occluded>0</occluded>
    <bndbox>
      <xmin>861.87</xmin>
      <ymin>397.96</ymin>
      <xmax>899.59</xmax>
      <ymax>446.47</ymax>
    </bndbox>
  </object>
  <object>
    <name>WHITE</name>
    <occluded>0</occluded>
    <bndbox>
      <xmin>889.27</xmin>
      <ymin>350.35</ymin>
      <xmax>922.95</xmax>
      <ymax>391.67</ymax>
    </bndbox>
  </object>
  <object>
    <name>WHITE</name>
    <occluded>0</occluded>
    <bndbox>
      <xmin>786.01</xmin>
      <ymin>143.32</ymin>
      <xmax>825.0</xmax>
      <ymax>174.19</ymax>
    </bndbox>
  </object>
  <object>
    <name>WHITE</name>
    <occluded>0</occluded>
    <bndbox>
      <xmin>861.85</xmin>
      <ymin>168.54</ymin>
      <xmax>896.8</xmax>
      <ymax>200.9</ymax>
    </bndbox>
  </object>
  <object>
    <name>WHITE</name>
    <occluded>0</occluded>
    <bndbox>
      <xmin>860.07</xmin>
      <ymin>556.93</ymin>
      <xmax>897.0</xmax>
      <ymax>609.0</ymax>
    </bndbox>
  </object>
  <object>
    <name>WHITE</name>
    <occluded>0</occluded>
    <bndbox>
      <xmin>981.0</xmin>
      <ymin>619.58</ymin>
      <xmax>1003.4</xmax>
      <ymax>666.9</ymax>
    </bndbox>
  </object>
  <object>
    <name>WHITE</name>
    <occluded>0</occluded>
    <bndbox>
      <xmin>944.65</xmin>
      <ymin>568.52</ymin>
      <xmax>968.8</xmax>
      <ymax>613.95</ymax>
    </bndbox>
  </object>
  <object>
    <name>WHITE</name>
    <occluded>0</occluded>
    <bndbox>
      <xmin>959.54</xmin>
      <ymin>323.65</ymin>
      <xmax>986.8</xmax>
      <ymax>370.2</ymax>
    </bndbox>
  </object>
  <object>
    <name>WHITE</name>
    <occluded>0</occluded>
    <bndbox>
      <xmin>929.18</xmin>
      <ymin>198.29</ymin>
      <xmax>958.0</xmax>
      <ymax>235.5</ymax>
    </bndbox>
  </object>
  <object>
    <name>WHITE</name>
    <occluded>0</occluded>
    <bndbox>
      <xmin>548.43</xmin>
      <ymin>216.67</ymin>
      <xmax>589.12</xmax>
      <ymax>255.1</ymax>
    </bndbox>
  </object>
  <object>
    <name>WHITE</name>
    <occluded>0</occluded>
    <bndbox>
      <xmin>598.0</xmin>
      <ymin>168.18</ymin>
      <xmax>643.9</xmax>
      <ymax>200.9</ymax>
    </bndbox>
  </object>
  <object>
    <name>WHITE</name>
    <occluded>0</occluded>
    <bndbox>
      <xmin>632.81</xmin>
      <ymin>233.83</ymin>
      <xmax>678.8</xmax>
      <ymax>272.8</ymax>
    </bndbox>
  </object>
  <object>
    <name>WHITE</name>
    <occluded>0</occluded>
    <bndbox>
      <xmin>689.45</xmin>
      <ymin>196.77</ymin>
      <xmax>736.0</xmax>
      <ymax>231.9</ymax>
    </bndbox>
  </object>
  <object>
    <name>WHITE</name>
    <occluded>0</occluded>
    <bndbox>
      <xmin>809.83</xmin>
      <ymin>469.86</ymin>
      <xmax>851.9</xmax>
      <ymax>517.7</ymax>
    </bndbox>
  </object>
  <object>
    <name>WHITE</name>
    <occluded>0</occluded>
    <bndbox>
      <xmin>798.18</xmin>
      <ymin>390.38</ymin>
      <xmax>840.4</xmax>
      <ymax>438.3</ymax>
    </bndbox>
  </object>
  <object>
    <name>WHITE</name>
    <occluded>0</occluded>
    <bndbox>
      <xmin>728.5</xmin>
      <ymin>376.4</ymin>
      <xmax>771.9</xmax>
      <ymax>422.5</ymax>
    </bndbox>
  </object>
  <object>
    <name>WHITE</name>
    <occluded>0</occluded>
    <bndbox>
      <xmin>771.5</xmin>
      <ymin>552.3</ymin>
      <xmax>816.2</xmax>
      <ymax>600.83</ymax>
    </bndbox>
  </object>
  <object>
    <name>WHITE</name>
    <occluded>0</occluded>
    <bndbox>
      <xmin>724.5</xmin>
      <ymin>471.6</ymin>
      <xmax>771.2</xmax>
      <ymax>518.5</ymax>
    </bndbox>
  </object>
  <object>
    <name>WHITE</name>
    <occluded>0</occluded>
    <bndbox>
      <xmin>657.15</xmin>
      <ymin>408.27</ymin>
      <xmax>707.4</xmax>
      <ymax>456.6</ymax>
    </bndbox>
  </object>
  <object>
    <name>BLACK</name>
    <occluded>0</occluded>
    <bndbox>
      <xmin>722.76</xmin>
      <ymin>631.57</ymin>
      <xmax>772.6</xmax>
      <ymax>685.7</ymax>
    </bndbox>
  </object>
  <object>
    <name>WHITE</name>
    <occluded>0</occluded>
    <bndbox>
      <xmin>675.9</xmin>
      <ymin>556.7</ymin>
      <xmax>727.9</xmax>
      <ymax>607.29</ymax>
    </bndbox>
  </object>
  <object>
    <name>WHITE</name>
    <occluded>0</occluded>
    <bndbox>
      <xmin>647.8</xmin>
      <ymin>487.26</ymin>
      <xmax>701.5</xmax>
      <ymax>536.9</ymax>
    </bndbox>
  </object>
  <object>
    <name>BLACK</name>
    <occluded>0</occluded>
    <bndbox>
      <xmin>586.59</xmin>
      <ymin>429.77</ymin>
      <xmax>634.6</xmax>
      <ymax>479.6</ymax>
    </bndbox>
  </object>
  <object>
    <name>WHITE</name>
    <occluded>0</occluded>
    <bndbox>
      <xmin>617.06</xmin>
      <ymin>589.25</ymin>
      <xmax>666.0</xmax>
      <ymax>637.0</ymax>
    </bndbox>
  </object>
  <object>
    <name>WHITE</name>
    <occluded>0</occluded>
    <bndbox>
      <xmin>586.46</xmin>
      <ymin>534.73</ymin>
      <xmax>629.4</xmax>
      <ymax>586.8</ymax>
    </bndbox>
  </object>
  <object>
    <name>WHITE</name>
    <occluded>0</occluded>
    <bndbox>
      <xmin>530.59</xmin>
      <ymin>464.22</ymin>
      <xmax>570.9</xmax>
      <ymax>514.7</ymax>
    </bndbox>
  </object>
  <object>
    <name>WHITE</name>
    <occluded>0</occluded>
    <bndbox>
      <xmin>804.25</xmin>
      <ymin>624.41</ymin>
      <xmax>852.8</xmax>
      <ymax>674.2</ymax>
    </bndbox>
  </object>
  <object>
    <name>WHITE</name>
    <occluded>0</occluded>
    <bndbox>
      <xmin>874.68</xmin>
      <ymin>277.65</ymin>
      <xmax>911.7</xmax>
      <ymax>318.4</ymax>
    </bndbox>
  </object>
  <object>
    <name>WHITE</name>
    <occluded>0</occluded>
    <bndbox>
      <xmin>654.08</xmin>
      <ymin>131.46</ymin>
      <xmax>697.12</xmax>
      <ymax>162.65</ymax>
    </bndbox>
  </object>
  <object>
    <name>WHITE</name>
    <occluded>0</occluded>
    <bndbox>
      <xmin>705.85</xmin>
      <ymin>111.82</ymin>
      <xmax>748.58</xmax>
      <ymax>147.68</ymax>
    </bndbox>
  </object>
  <object>
    <name>WHITE</name>
    <occluded>0</occluded>
    <bndbox>
      <xmin>743.9</xmin>
      <ymin>94.35</ymin>
      <xmax>780.39</xmax>
      <ymax>120.55</ymax>
    </bndbox>
  </object>
  <object>
    <name>BLACK</name>
    <occluded>0</occluded>
    <bndbox>
      <xmin>672.48</xmin>
      <ymin>82.81</ymin>
      <xmax>715.21</xmax>
      <ymax>109.01</ymax>
    </bndbox>
  </object>
  <object>
    <name>WHITE</name>
    <occluded>0</occluded>
    <bndbox>
      <xmin>563.0</xmin>
      <ymin>118.99</ymin>
      <xmax>606.36</xmax>
      <ymax>149.24</ymax>
    </bndbox>
  </object>
  <object>
    <name>WHITE</name>
    <occluded>0</occluded>
    <bndbox>
      <xmin>623.2</xmin>
      <ymin>96.22</ymin>
      <xmax>667.8</xmax>
      <ymax>121.17</ymax>
    </bndbox>
  </object>
  <object>
    <name>WHITE</name>
    <occluded>0</occluded>
    <bndbox>
      <xmin>806.22</xmin>
      <ymin>119.95</ymin>
      <xmax>848.14</xmax>
      <ymax>146.52</ymax>
    </bndbox>
  </object>
  <object>
    <name>WHITE</name>
    <occluded>0</occluded>
    <bndbox>
      <xmin>408.52</xmin>
      <ymin>276.73</ymin>
      <xmax>433.97</xmax>
      <ymax>312.67</ymax>
    </bndbox>
  </object>
  <object>
    <name>WHITE</name>
    <occluded>0</occluded>
    <bndbox>
      <xmin>510.0</xmin>
      <ymin>172.92</ymin>
      <xmax>547.77</xmax>
      <ymax>208.5</ymax>
    </bndbox>
  </object>
</annotation>
