<annotation>
  <folder>MB</folder>
  <filename>MB_camera8.png</filename>
  <source>
    <database>Unknown</database>
    <annotation>Unknown</annotation>
    <image>Unknown</image>
  </source>
  <size>
    <width>1280</width>
    <height>960</height>
    <depth></depth>
  </size>
  <segmented>0</segmented>
  <object>
    <name>WHITE</name>
    <occluded>0</occluded>
    <bndbox>
      <xmin>724.75</xmin>
      <ymin>542.58</ymin>
      <xmax>770.2</xmax>
      <ymax>589.2</ymax>
    </bndbox>
  </object>
  <object>
    <name>WHITE</name>
    <occluded>0</occluded>
    <bndbox>
      <xmin>670.7</xmin>
      <ymin>607.51</ymin>
      <xmax>714.48</xmax>
      <ymax>656.7</ymax>
    </bndbox>
  </object>
  <object>
    <name>WHITE</name>
    <occluded>0</occluded>
    <bndbox>
      <xmin>785.34</xmin>
      <ymin>489.81</ymin>
      <xmax>826.0</xmax>
      <ymax>531.1</ymax>
    </bndbox>
  </object>
  <object>
    <name>WHITE</name>
    <occluded>0</occluded>
    <bndbox>
      <xmin>733.4</xmin>
      <ymin>468.88</ymin>
      <xmax>776.0</xmax>
      <ymax>520.8</ymax>
    </bndbox>
  </object>
  <object>
    <name>WHITE</name>
    <occluded>0</occluded>
    <bndbox>
      <xmin>727.01</xmin>
      <ymin>339.5</ymin>
      <xmax>764.7</xmax>
      <ymax>381.2</ymax>
    </bndbox>
  </object>
  <object>
    <name>WHITE</name>
    <occluded>0</occluded>
    <bndbox>
      <xmin>706.19</xmin>
      <ymin>402.98</ymin>
      <xmax>749.2</xmax>
      <ymax>441.4</ymax>
    </bndbox>
  </object>
  <object>
    <name>BLACK</name>
    <occluded>0</occluded>
    <bndbox>
      <xmin>660.42</xmin>
      <ymin>450.57</ymin>
      <xmax>712.8</xmax>
      <ymax>494.9</ymax>
    </bndbox>
  </object>
  <object>
    <name>WHITE</name>
    <occluded>0</occluded>
    <bndbox>
      <xmin>547.1</xmin>
      <ymin>591.99</ymin>
      <xmax>602.1</xmax>
      <ymax>640.99</ymax>
    </bndbox>
  </object>
  <object>
    <name>WHITE</name>
    <occluded>0</occluded>
    <bndbox>
      <xmin>468.58</xmin>
      <ymin>635.73</ymin>
      <xmax>525.3</xmax>
      <ymax>691.9</ymax>
    </bndbox>
  </object>
  <object>
    <name>WHITE</name>
    <occluded>0</occluded>
    <bndbox>
      <xmin>671.52</xmin>
      <ymin>274.8</ymin>
      <xmax>712.2</xmax>
      <ymax>313.7</ymax>
    </bndbox>
  </object>
  <object>
    <name>WHITE</name>
    <occluded>0</occluded>
    <bndbox>
      <xmin>642.21</xmin>
      <ymin>329.96</ymin>
      <xmax>686.9</xmax>
      <ymax>374.5</ymax>
    </bndbox>
  </object>
  <object>
    <name>WHITE</name>
    <occluded>0</occluded>
    <bndbox>
      <xmin>622.51</xmin>
      <ymin>390.12</ymin>
      <xmax>670.4</xmax>
      <ymax>430.7</ymax>
    </bndbox>
  </object>
  <object>
    <name>WHITE</name>
    <occluded>0</occluded>
    <bndbox>
      <xmin>399.39</xmin>
      <ymin>556.92</ymin>
      <xmax>453.7</xmax>
      <ymax>604.32</ymax>
    </bndbox>
  </object>
  <object>
    <name>WHITE</name>
    <occluded>0</occluded>
    <bndbox>
      <xmin>630.9</xmin>
      <ymin>526.25</ymin>
      <xmax>687.8</xmax>
      <ymax>571.0</ymax>
    </bndbox>
  </object>
  <object>
    <name>WHITE</name>
    <occluded>0</occluded>
    <bndbox>
      <xmin>327.54</xmin>
      <ymin>620.21</ymin>
      <xmax>383.7</xmax>
      <ymax>660.8</ymax>
    </bndbox>
  </object>
  <object>
    <name>WHITE</name>
    <occluded>0</occluded>
    <bndbox>
      <xmin>584.8</xmin>
      <ymin>266.74</ymin>
      <xmax>635.7</xmax>
      <ymax>298.9</ymax>
    </bndbox>
  </object>
  <object>
    <name>WHITE</name>
    <occluded>0</occluded>
    <bndbox>
      <xmin>525.7</xmin>
      <ymin>324.9</ymin>
      <xmax>576.31</xmax>
      <ymax>365.35</ymax>
    </bndbox>
  </object>
  <object>
    <name>WHITE</name>
    <occluded>0</occluded>
    <bndbox>
      <xmin>339.0</xmin>
      <ymin>479.0</ymin>
      <xmax>390.6</xmax>
      <ymax>524.17</ymax>
    </bndbox>
  </object>
  <object>
    <name>WHITE</name>
    <occluded>0</occluded>
    <bndbox>
      <xmin>286.76</xmin>
      <ymin>550.88</ymin>
      <xmax>339.0</xmax>
      <ymax>600.4</ymax>
    </bndbox>
  </object>
  <object>
    <name>BLACK</name>
    <occluded>0</occluded>
    <bndbox>
      <xmin>210.55</xmin>
      <ymin>612.27</ymin>
      <xmax>262.2</xmax>
      <ymax>668.0</ymax>
    </bndbox>
  </object>
  <object>
    <name>WHITE</name>
    <occluded>0</occluded>
    <bndbox>
      <xmin>500.64</xmin>
      <ymin>261.47</ymin>
      <xmax>552.4</xmax>
      <ymax>296.8</ymax>
    </bndbox>
  </object>
  <object>
    <name>WHITE</name>
    <occluded>0</occluded>
    <bndbox>
      <xmin>432.0</xmin>
      <ymin>315.62</ymin>
      <xmax>479.83</xmax>
      <ymax>353.11</ymax>
    </bndbox>
  </object>
  <object>
    <name>WHITE</name>
    <occluded>0</occluded>
    <bndbox>
      <xmin>364.91</xmin>
      <ymin>367.41</ymin>
      <xmax>416.5</xmax>
      <ymax>409.2</ymax>
    </bndbox>
  </object>
  <object>
    <name>WHITE</name>
    <occluded>0</occluded>
    <bndbox>
      <xmin>394.0</xmin>
      <ymin>247.5</ymin>
      <xmax>440.3</xmax>
      <ymax>284.63</ymax>
    </bndbox>
  </object>
  <object>
    <name>WHITE</name>
    <occluded>0</occluded>
    <bndbox>
      <xmin>343.5</xmin>
      <ymin>301.86</ymin>
      <xmax>390.43</xmax>
      <ymax>339.86</ymax>
    </bndbox>
  </object>
  <object>
    <name>WHITE</name>
    <occluded>0</occluded>
    <bndbox>
      <xmin>304.12</xmin>
      <ymin>356.6</ymin>
      <xmax>350.08</xmax>
      <ymax>398.9</ymax>
    </bndbox>
  </object>
  <object>
    <name>WHITE</name>
    <occluded>0</occluded>
    <bndbox>
      <xmin>254.98</xmin>
      <ymin>422.64</ymin>
      <xmax>301.04</xmax>
      <ymax>464.1</ymax>
    </bndbox>
  </object>
  <object>
    <name>WHITE</name>
    <occluded>0</occluded>
    <bndbox>
      <xmin>181.3</xmin>
      <ymin>488.87</ymin>
      <xmax>220.82</xmax>
      <ymax>535.5</ymax>
    </bndbox>
  </object>
  <object>
    <name>WHITE</name>
    <occluded>0</occluded>
    <bndbox>
      <xmin>321.7</xmin>
      <ymin>234.6</ymin>
      <xmax>365.97</xmax>
      <ymax>269.15</ymax>
    </bndbox>
  </object>
  <object>
    <name>WHITE</name>
    <occluded>0</occluded>
    <bndbox>
      <xmin>270.8</xmin>
      <ymin>293.0</ymin>
      <xmax>311.6</xmax>
      <ymax>337.4</ymax>
    </bndbox>
  </object>
  <object>
    <name>WHITE</name>
    <occluded>0</occluded>
    <bndbox>
      <xmin>295.7</xmin>
      <ymin>186.2</ymin>
      <xmax>335.63</xmax>
      <ymax>220.2</ymax>
    </bndbox>
  </object>
  <object>
    <name>WHITE</name>
    <occluded>0</occluded>
    <bndbox>
      <xmin>241.2</xmin>
      <ymin>237.54</ymin>
      <xmax>281.03</xmax>
      <ymax>278.9</ymax>
    </bndbox>
  </object>
  <object>
    <name>WHITE</name>
    <occluded>0</occluded>
    <bndbox>
      <xmin>820.71</xmin>
      <ymin>387.17</ymin>
      <xmax>854.0</xmax>
      <ymax>427.7</ymax>
    </bndbox>
  </object>
  <object>
    <name>WHITE</name>
    <occluded>0</occluded>
    <bndbox>
      <xmin>773.29</xmin>
      <ymin>422.6</ymin>
      <xmax>810.4</xmax>
      <ymax>469.9</ymax>
    </bndbox>
  </object>
  <object>
    <name>BLACK</name>
    <occluded>0</occluded>
    <bndbox>
      <xmin>768.96</xmin>
      <ymin>714.43</ymin>
      <xmax>817.6</xmax>
      <ymax>770.1</ymax>
    </bndbox>
  </object>
  <object>
    <name>WHITE</name>
    <occluded>0</occluded>
    <bndbox>
      <xmin>683.9</xmin>
      <ymin>690.0</ymin>
      <xmax>730.8</xmax>
      <ymax>741.43</ymax>
    </bndbox>
  </object>
  <object>
    <name>BLACK</name>
    <occluded>0</occluded>
    <bndbox>
      <xmin>425.02</xmin>
      <ymin>166.97</ymin>
      <xmax>473.39</xmax>
      <ymax>185.78</ymax>
    </bndbox>
  </object>
  <object>
    <name>WHITE</name>
    <occluded>0</occluded>
    <bndbox>
      <xmin>355.37</xmin>
      <ymin>149.77</ymin>
      <xmax>399.33</xmax>
      <ymax>173.2</ymax>
    </bndbox>
  </object>
  <object>
    <name>WHITE</name>
    <occluded>0</occluded>
    <bndbox>
      <xmin>630.54</xmin>
      <ymin>185.27</ymin>
      <xmax>670.85</xmax>
      <ymax>213.64</ymax>
    </bndbox>
  </object>
  <object>
    <name>BLACK</name>
    <occluded>0</occluded>
    <bndbox>
      <xmin>730.87</xmin>
      <ymin>219.61</ymin>
      <xmax>767.3</xmax>
      <ymax>249.17</ymax>
    </bndbox>
  </object>
  <object>
    <name>WHITE</name>
    <occluded>0</occluded>
    <bndbox>
      <xmin>687.58</xmin>
      <ymin>198.11</ymin>
      <xmax>721.32</xmax>
      <ymax>232.45</ymax>
    </bndbox>
  </object>
  <object>
    <name>WHITE</name>
    <occluded>0</occluded>
    <bndbox>
      <xmin>564.25</xmin>
      <ymin>170.34</ymin>
      <xmax>603.37</xmax>
      <ymax>198.71</ymax>
    </bndbox>
  </object>
  <object>
    <name>WHITE</name>
    <occluded>0</occluded>
    <bndbox>
      <xmin>500.65</xmin>
      <ymin>159.0</ymin>
      <xmax>544.25</xmax>
      <ymax>184.98</ymax>
    </bndbox>
  </object>
  <object>
    <name>WHITE</name>
    <occluded>0</occluded>
    <bndbox>
      <xmin>459.75</xmin>
      <ymin>200.5</ymin>
      <xmax>509.01</xmax>
      <ymax>234.84</ymax>
    </bndbox>
  </object>
  <object>
    <name>WHITE</name>
    <occluded>0</occluded>
    <bndbox>
      <xmin>535.59</xmin>
      <ymin>205.88</ymin>
      <xmax>580.68</xmax>
      <ymax>239.92</ymax>
    </bndbox>
  </object>
  <object>
    <name>WHITE</name>
    <occluded>0</occluded>
    <bndbox>
      <xmin>615.02</xmin>
      <ymin>215.13</ymin>
      <xmax>656.82</xmax>
      <ymax>249.47</ymax>
    </bndbox>
  </object>
  <object>
    <name>WHITE</name>
    <occluded>0</occluded>
    <bndbox>
      <xmin>686.68</xmin>
      <ymin>231.26</ymin>
      <xmax>718.03</xmax>
      <ymax>267.69</ymax>
    </bndbox>
  </object>
  <object>
    <name>WHITE</name>
    <occluded>0</occluded>
    <bndbox>
      <xmin>735.35</xmin>
      <ymin>246.19</ymin>
      <xmax>771.48</xmax>
      <ymax>279.33</ymax>
    </bndbox>
  </object>
  <object>
    <name>WHITE</name>
    <occluded>0</occluded>
    <bndbox>
      <xmin>779.25</xmin>
      <ymin>282.92</ymin>
      <xmax>813.58</xmax>
      <ymax>317.25</ymax>
    </bndbox>
  </object>
  <object>
    <name>WHITE</name>
    <occluded>0</occluded>
    <bndbox>
      <xmin>730.57</xmin>
      <ymin>287.1</ymin>
      <xmax>768.79</xmax>
      <ymax>319.64</ymax>
    </bndbox>
  </object>
  <object>
    <name>WHITE</name>
    <occluded>0</occluded>
    <bndbox>
      <xmin>776.56</xmin>
      <ymin>329.5</ymin>
      <xmax>812.09</xmax>
      <ymax>366.22</ymax>
    </bndbox>
  </object>
  <object>
    <name>WHITE</name>
    <occluded>0</occluded>
    <bndbox>
      <xmin>838.07</xmin>
      <ymin>540.01</ymin>
      <xmax>875.1</xmax>
      <ymax>575.84</ymax>
    </bndbox>
  </object>
  <object>
    <name>WHITE</name>
    <occluded>0</occluded>
    <bndbox>
      <xmin>794.96</xmin>
      <ymin>571.81</ymin>
      <xmax>840.5</xmax>
      <ymax>611.87</ymax>
    </bndbox>
  </object>
  <object>
    <name>WHITE</name>
    <occluded>0</occluded>
    <bndbox>
      <xmin>860.9</xmin>
      <ymin>608.39</ymin>
      <xmax>887.53</xmax>
      <ymax>655.17</ymax>
    </bndbox>
  </object>
  <object>
    <name>WHITE</name>
    <occluded>0</occluded>
    <bndbox>
      <xmin>888.27</xmin>
      <ymin>658.4</ymin>
      <xmax>908.18</xmax>
      <ymax>705.43</ymax>
    </bndbox>
  </object>
  <object>
    <name>WHITE</name>
    <occluded>0</occluded>
    <bndbox>
      <xmin>837.76</xmin>
      <ymin>661.89</ymin>
      <xmax>865.13</xmax>
      <ymax>713.39</ymax>
    </bndbox>
  </object>
  <object>
    <name>WHITE</name>
    <occluded>0</occluded>
    <bndbox>
      <xmin>852.19</xmin>
      <ymin>710.41</ymin>
      <xmax>886.78</xmax>
      <ymax>759.68</ymax>
    </bndbox>
  </object>
  <object>
    <name>WHITE</name>
    <occluded>0</occluded>
    <bndbox>
      <xmin>750.42</xmin>
      <ymin>631.28</ymin>
      <xmax>800.44</xmax>
      <ymax>677.56</ymax>
    </bndbox>
  </object>
  <object>
    <name>WHITE</name>
    <occluded>0</occluded>
    <bndbox>
      <xmin>368.3</xmin>
      <ymin>195.19</ymin>
      <xmax>411.86</xmax>
      <ymax>221.82</ymax>
    </bndbox>
  </object>
  <object>
    <name>WHITE</name>
    <occluded>0</occluded>
    <bndbox>
      <xmin>252.28</xmin>
      <ymin>471.94</ymin>
      <xmax>298.28</xmax>
      <ymax>518.94</ymax>
    </bndbox>
  </object>
  <object>
    <name>WHITE</name>
    <occluded>0</occluded>
    <bndbox>
      <xmin>335.89</xmin>
      <ymin>422.98</ymin>
      <xmax>380.89</xmax>
      <ymax>464.98</ymax>
    </bndbox>
  </object>
  <object>
    <name>WHITE</name>
    <occluded>0</occluded>
    <bndbox>
      <xmin>608.02</xmin>
      <ymin>653.86</ymin>
      <xmax>657.22</xmax>
      <ymax>703.05</ymax>
    </bndbox>
  </object>
</annotation>
