<annotation>
  <folder>MB</folder>
  <filename>MB_camera4.png</filename>
  <source>
    <database>Unknown</database>
    <annotation>Unknown</annotation>
    <image>Unknown</image>
  </source>
  <size>
    <width>1280</width>
    <height>960</height>
    <depth></depth>
  </size>
  <segmented>0</segmented>
  <object>
    <name>WHITE</name>
    <occluded>0</occluded>
    <bndbox>
      <xmin>891.57</xmin>
      <ymin>702.32</ymin>
      <xmax>920.29</xmax>
      <ymax>744.02</ymax>
    </bndbox>
  </object>
  <object>
    <name>WHITE</name>
    <occluded>0</occluded>
    <bndbox>
      <xmin>429.67</xmin>
      <ymin>479.29</ymin>
      <xmax>474.93</xmax>
      <ymax>513.94</ymax>
    </bndbox>
  </object>
  <object>
    <name>WHITE</name>
    <occluded>0</occluded>
    <bndbox>
      <xmin>636.86</xmin>
      <ymin>975.25</ymin>
      <xmax>676.86</xmax>
      <ymax>994.47</ymax>
    </bndbox>
  </object>
  <object>
    <name>BLACK</name>
    <occluded>0</occluded>
    <bndbox>
      <xmin>675.17</xmin>
      <ymin>1014.97</ymin>
      <xmax>702.17</xmax>
      <ymax>1051.97</ymax>
    </bndbox>
  </object>
  <object>
    <name>WHITE</name>
    <occluded>0</occluded>
    <bndbox>
      <xmin>439.4</xmin>
      <ymin>859.02</ymin>
      <xmax>476.51</xmax>
      <ymax>902.38</ymax>
    </bndbox>
  </object>
  <object>
    <name>WHITE</name>
    <occluded>0</occluded>
    <bndbox>
      <xmin>593.48</xmin>
      <ymin>901.75</ymin>
      <xmax>640.88</xmax>
      <ymax>939.8</ymax>
    </bndbox>
  </object>
  <object>
    <name>WHITE</name>
    <occluded>0</occluded>
    <bndbox>
      <xmin>804.01</xmin>
      <ymin>921.71</ymin>
      <xmax>842.68</xmax>
      <ymax>960.0</ymax>
    </bndbox>
  </object>
  <object>
    <name>WHITE</name>
    <occluded>0</occluded>
    <bndbox>
      <xmin>937.7</xmin>
      <ymin>814.87</ymin>
      <xmax>968.24</xmax>
      <ymax>856.24</ymax>
    </bndbox>
  </object>
  <object>
    <name>BLACK</name>
    <occluded>0</occluded>
    <bndbox>
      <xmin>952.86</xmin>
      <ymin>739.28</ymin>
      <xmax>981.23</xmax>
      <ymax>782.16</ymax>
    </bndbox>
  </object>
  <object>
    <name>WHITE</name>
    <occluded>0</occluded>
    <bndbox>
      <xmin>588.61</xmin>
      <ymin>1025.42</ymin>
      <xmax>629.01</xmax>
      <ymax>1037.19</ymax>
    </bndbox>
  </object>
  <object>
    <name>WHITE</name>
    <occluded>0</occluded>
    <bndbox>
      <xmin>874.17</xmin>
      <ymin>649.6</ymin>
      <xmax>910.73</xmax>
      <ymax>693.53</ymax>
    </bndbox>
  </object>
  <object>
    <name>WHITE</name>
    <occluded>0</occluded>
    <bndbox>
      <xmin>367.45</xmin>
      <ymin>663.17</ymin>
      <xmax>405.35</xmax>
      <ymax>706.69</ymax>
    </bndbox>
  </object>
  <object>
    <name>WHITE</name>
    <occluded>0</occluded>
    <bndbox>
      <xmin>351.75</xmin>
      <ymin>715.35</ymin>
      <xmax>379.9</xmax>
      <ymax>756.14</ymax>
    </bndbox>
  </object>
  <object>
    <name>WHITE</name>
    <occluded>0</occluded>
    <bndbox>
      <xmin>890.74</xmin>
      <ymin>557.2</ymin>
      <xmax>914.3</xmax>
      <ymax>604.0</ymax>
    </bndbox>
  </object>
  <object>
    <name>WHITE</name>
    <occluded>0</occluded>
    <bndbox>
      <xmin>822.5</xmin>
      <ymin>726.1</ymin>
      <xmax>865.63</xmax>
      <ymax>771.1</ymax>
    </bndbox>
  </object>
  <object>
    <name>WHITE</name>
    <occluded>0</occluded>
    <bndbox>
      <xmin>776.7</xmin>
      <ymin>794.5</ymin>
      <xmax>816.0</xmax>
      <ymax>836.8</ymax>
    </bndbox>
  </object>
  <object>
    <name>WHITE</name>
    <occluded>0</occluded>
    <bndbox>
      <xmin>820.5</xmin>
      <ymin>421.54</ymin>
      <xmax>855.4</xmax>
      <ymax>465.44</ymax>
    </bndbox>
  </object>
  <object>
    <name>WHITE</name>
    <occluded>0</occluded>
    <bndbox>
      <xmin>847.02</xmin>
      <ymin>492.5</ymin>
      <xmax>877.02</xmax>
      <ymax>539.63</ymax>
    </bndbox>
  </object>
  <object>
    <name>BLACK</name>
    <occluded>0</occluded>
    <bndbox>
      <xmin>603.7</xmin>
      <ymin>240.66</ymin>
      <xmax>650.2</xmax>
      <ymax>271.0</ymax>
    </bndbox>
  </object>
  <object>
    <name>WHITE</name>
    <occluded>0</occluded>
    <bndbox>
      <xmin>925.39</xmin>
      <ymin>511.73</ymin>
      <xmax>946.5</xmax>
      <ymax>555.0</ymax>
    </bndbox>
  </object>
  <object>
    <name>WHITE</name>
    <occluded>0</occluded>
    <bndbox>
      <xmin>858.49</xmin>
      <ymin>382.49</ymin>
      <xmax>884.6</xmax>
      <ymax>424.0</ymax>
    </bndbox>
  </object>
  <object>
    <name>WHITE</name>
    <occluded>0</occluded>
    <bndbox>
      <xmin>765.3</xmin>
      <ymin>891.4</ymin>
      <xmax>801.83</xmax>
      <ymax>932.1</ymax>
    </bndbox>
  </object>
  <object>
    <name>WHITE</name>
    <occluded>0</occluded>
    <bndbox>
      <xmin>552.2</xmin>
      <ymin>264.24</ymin>
      <xmax>595.8</xmax>
      <ymax>292.4</ymax>
    </bndbox>
  </object>
  <object>
    <name>WHITE</name>
    <occluded>0</occluded>
    <bndbox>
      <xmin>627.68</xmin>
      <ymin>785.3</ymin>
      <xmax>669.68</xmax>
      <ymax>826.12</ymax>
    </bndbox>
  </object>
  <object>
    <name>BLACK</name>
    <occluded>0</occluded>
    <bndbox>
      <xmin>560.52</xmin>
      <ymin>840.45</ymin>
      <xmax>604.5</xmax>
      <ymax>888.0</ymax>
    </bndbox>
  </object>
  <object>
    <name>WHITE</name>
    <occluded>0</occluded>
    <bndbox>
      <xmin>509.2</xmin>
      <ymin>887.26</ymin>
      <xmax>550.0</xmax>
      <ymax>930.0</ymax>
    </bndbox>
  </object>
  <object>
    <name>WHITE</name>
    <occluded>0</occluded>
    <bndbox>
      <xmin>768.1</xmin>
      <ymin>450.66</ymin>
      <xmax>810.42</xmax>
      <ymax>495.25</ymax>
    </bndbox>
  </object>
  <object>
    <name>WHITE</name>
    <occluded>0</occluded>
    <bndbox>
      <xmin>712.2</xmin>
      <ymin>516.9</ymin>
      <xmax>759.5</xmax>
      <ymax>565.3</ymax>
    </bndbox>
  </object>
  <object>
    <name>WHITE</name>
    <occluded>0</occluded>
    <bndbox>
      <xmin>662.28</xmin>
      <ymin>587.34</ymin>
      <xmax>712.5</xmax>
      <ymax>634.8</ymax>
    </bndbox>
  </object>
  <object>
    <name>WHITE</name>
    <occluded>0</occluded>
    <bndbox>
      <xmin>612.7</xmin>
      <ymin>657.16</ymin>
      <xmax>662.2</xmax>
      <ymax>704.4</ymax>
    </bndbox>
  </object>
  <object>
    <name>WHITE</name>
    <occluded>0</occluded>
    <bndbox>
      <xmin>554.47</xmin>
      <ymin>718.11</ymin>
      <xmax>603.7</xmax>
      <ymax>760.7</ymax>
    </bndbox>
  </object>
  <object>
    <name>WHITE</name>
    <occluded>0</occluded>
    <bndbox>
      <xmin>515.8</xmin>
      <ymin>485.2</ymin>
      <xmax>562.41</xmax>
      <ymax>532.9</ymax>
    </bndbox>
  </object>
  <object>
    <name>WHITE</name>
    <occluded>0</occluded>
    <bndbox>
      <xmin>575.01</xmin>
      <ymin>414.93</ymin>
      <xmax>626.3</xmax>
      <ymax>461.9</ymax>
    </bndbox>
  </object>
  <object>
    <name>WHITE</name>
    <occluded>0</occluded>
    <bndbox>
      <xmin>629.85</xmin>
      <ymin>363.82</ymin>
      <xmax>677.7</xmax>
      <ymax>407.8</ymax>
    </bndbox>
  </object>
  <object>
    <name>WHITE</name>
    <occluded>0</occluded>
    <bndbox>
      <xmin>411.8</xmin>
      <ymin>744.6</ymin>
      <xmax>451.5</xmax>
      <ymax>786.1</ymax>
    </bndbox>
  </object>
  <object>
    <name>WHITE</name>
    <occluded>0</occluded>
    <bndbox>
      <xmin>453.8</xmin>
      <ymin>699.71</ymin>
      <xmax>498.6</xmax>
      <ymax>739.2</ymax>
    </bndbox>
  </object>
  <object>
    <name>WHITE</name>
    <occluded>0</occluded>
    <bndbox>
      <xmin>501.4</xmin>
      <ymin>640.66</ymin>
      <xmax>547.3</xmax>
      <ymax>688.7</ymax>
    </bndbox>
  </object>
  <object>
    <name>WHITE</name>
    <occluded>0</occluded>
    <bndbox>
      <xmin>555.7</xmin>
      <ymin>572.01</ymin>
      <xmax>610.7</xmax>
      <ymax>625.0</ymax>
    </bndbox>
  </object>
  <object>
    <name>WHITE</name>
    <occluded>0</occluded>
    <bndbox>
      <xmin>613.7</xmin>
      <ymin>498.51</ymin>
      <xmax>666.9</xmax>
      <ymax>549.7</ymax>
    </bndbox>
  </object>
  <object>
    <name>WHITE</name>
    <occluded>0</occluded>
    <bndbox>
      <xmin>681.5</xmin>
      <ymin>434.84</ymin>
      <xmax>729.9</xmax>
      <ymax>481.4</ymax>
    </bndbox>
  </object>
  <object>
    <name>WHITE</name>
    <occluded>0</occluded>
    <bndbox>
      <xmin>463.4</xmin>
      <ymin>554.33</ymin>
      <xmax>507.15</xmax>
      <ymax>600.33</ymax>
    </bndbox>
  </object>
  <object>
    <name>WHITE</name>
    <occluded>0</occluded>
    <bndbox>
      <xmin>733.07</xmin>
      <ymin>372.53</ymin>
      <xmax>772.9</xmax>
      <ymax>411.7</ymax>
    </bndbox>
  </object>
  <object>
    <name>WHITE</name>
    <occluded>0</occluded>
    <bndbox>
      <xmin>508.28</xmin>
      <ymin>769.3</ymin>
      <xmax>551.9</xmax>
      <ymax>814.3</ymax>
    </bndbox>
  </object>
  <object>
    <name>WHITE</name>
    <occluded>0</occluded>
    <bndbox>
      <xmin>406.2</xmin>
      <ymin>404.2</ymin>
      <xmax>441.13</xmax>
      <ymax>446.2</ymax>
    </bndbox>
  </object>
  <object>
    <name>BLACK</name>
    <occluded>0</occluded>
    <bndbox>
      <xmin>375.1</xmin>
      <ymin>459.02</ymin>
      <xmax>407.47</xmax>
      <ymax>506.8</ymax>
    </bndbox>
  </object>
  <object>
    <name>WHITE</name>
    <occluded>0</occluded>
    <bndbox>
      <xmin>385.9</xmin>
      <ymin>529.17</ymin>
      <xmax>420.19</xmax>
      <ymax>575.7</ymax>
    </bndbox>
  </object>
  <object>
    <name>WHITE</name>
    <occluded>0</occluded>
    <bndbox>
      <xmin>479.54</xmin>
      <ymin>405.5</ymin>
      <xmax>524.09</xmax>
      <ymax>450.5</ymax>
    </bndbox>
  </object>
  <object>
    <name>WHITE</name>
    <occluded>0</occluded>
    <bndbox>
      <xmin>528.42</xmin>
      <ymin>357.72</ymin>
      <xmax>572.5</xmax>
      <ymax>404.6</ymax>
    </bndbox>
  </object>
  <object>
    <name>WHITE</name>
    <occluded>0</occluded>
    <bndbox>
      <xmin>586.9</xmin>
      <ymin>310.66</ymin>
      <xmax>630.97</xmax>
      <ymax>348.2</ymax>
    </bndbox>
  </object>
  <object>
    <name>WHITE</name>
    <occluded>0</occluded>
    <bndbox>
      <xmin>643.17</xmin>
      <ymin>275.97</ymin>
      <xmax>689.0</xmax>
      <ymax>297.97</ymax>
    </bndbox>
  </object>
  <object>
    <name>WHITE</name>
    <occluded>0</occluded>
    <bndbox>
      <xmin>404.5</xmin>
      <ymin>608.5</ymin>
      <xmax>445.0</xmax>
      <ymax>653.96</ymax>
    </bndbox>
  </object>
  <object>
    <name>WHITE</name>
    <occluded>0</occluded>
    <bndbox>
      <xmin>920.05</xmin>
      <ymin>604.82</ymin>
      <xmax>951.24</xmax>
      <ymax>648.13</ymax>
    </bndbox>
  </object>
  <object>
    <name>WHITE</name>
    <occluded>0</occluded>
    <bndbox>
      <xmin>444.97</xmin>
      <ymin>350.28</ymin>
      <xmax>484.86</xmax>
      <ymax>391.98</ymax>
    </bndbox>
  </object>
  <object>
    <name>WHITE</name>
    <occluded>0</occluded>
    <bndbox>
      <xmin>497.31</xmin>
      <ymin>300.11</ymin>
      <xmax>538.83</xmax>
      <ymax>333.5</ymax>
    </bndbox>
  </object>
  <object>
    <name>WHITE</name>
    <occluded>0</occluded>
    <bndbox>
      <xmin>681.6</xmin>
      <ymin>316.71</ymin>
      <xmax>725.28</xmax>
      <ymax>351.73</ymax>
    </bndbox>
  </object>
  <object>
    <name>WHITE</name>
    <occluded>0</occluded>
    <bndbox>
      <xmin>740.26</xmin>
      <ymin>291.62</ymin>
      <xmax>783.6</xmax>
      <ymax>322.67</ymax>
    </bndbox>
  </object>
  <object>
    <name>WHITE</name>
    <occluded>0</occluded>
    <bndbox>
      <xmin>788.81</xmin>
      <ymin>348.66</ymin>
      <xmax>827.8</xmax>
      <ymax>387.28</ymax>
    </bndbox>
  </object>
  <object>
    <name>WHITE</name>
    <occluded>0</occluded>
    <bndbox>
      <xmin>812.64</xmin>
      <ymin>318.88</ymin>
      <xmax>854.69</xmax>
      <ymax>356.24</ymax>
    </bndbox>
  </object>
  <object>
    <name>WHITE</name>
    <occluded>0</occluded>
    <bndbox>
      <xmin>413.69</xmin>
      <ymin>315.23</ymin>
      <xmax>448.57</xmax>
      <ymax>351.62</ymax>
    </bndbox>
  </object>
  <object>
    <name>WHITE</name>
    <occluded>0</occluded>
    <bndbox>
      <xmin>378.17</xmin>
      <ymin>365.26</ymin>
      <xmax>408.71</xmax>
      <ymax>405.33</ymax>
    </bndbox>
  </object>
  <object>
    <name>WHITE</name>
    <occluded>0</occluded>
    <bndbox>
      <xmin>342.87</xmin>
      <ymin>427.21</ymin>
      <xmax>370.81</xmax>
      <ymax>470.75</ymax>
    </bndbox>
  </object>
  <object>
    <name>WHITE</name>
    <occluded>0</occluded>
    <bndbox>
      <xmin>348.72</xmin>
      <ymin>582.51</ymin>
      <xmax>379.91</xmax>
      <ymax>628.64</ymax>
    </bndbox>
  </object>
  <object>
    <name>WHITE</name>
    <occluded>0</occluded>
    <bndbox>
      <xmin>882.92</xmin>
      <ymin>345.76</ymin>
      <xmax>908.91</xmax>
      <ymax>386.3</ymax>
    </bndbox>
  </object>
  <object>
    <name>WHITE</name>
    <occluded>0</occluded>
    <bndbox>
      <xmin>752.96</xmin>
      <ymin>256.87</ymin>
      <xmax>794.03</xmax>
      <ymax>281.82</ymax>
    </bndbox>
  </object>
  <object>
    <name>WHITE</name>
    <occluded>0</occluded>
    <bndbox>
      <xmin>312.93</xmin>
      <ymin>548.91</ymin>
      <xmax>334.01</xmax>
      <ymax>592.05</ymax>
    </bndbox>
  </object>
  <object>
    <name>WHITE</name>
    <occluded>0</occluded>
    <bndbox>
      <xmin>838.45</xmin>
      <ymin>588.26</ymin>
      <xmax>874.3</xmax>
      <ymax>636.6</ymax>
    </bndbox>
  </object>
  <object>
    <name>WHITE</name>
    <occluded>0</occluded>
    <bndbox>
      <xmin>749.4</xmin>
      <ymin>732.4</ymin>
      <xmax>791.8</xmax>
      <ymax>776.3</ymax>
    </bndbox>
  </object>
  <object>
    <name>WHITE</name>
    <occluded>0</occluded>
    <bndbox>
      <xmin>789.2</xmin>
      <ymin>668.56</ymin>
      <xmax>832.1</xmax>
      <ymax>712.2</ymax>
    </bndbox>
  </object>
  <object>
    <name>WHITE</name>
    <occluded>0</occluded>
    <bndbox>
      <xmin>714.19</xmin>
      <ymin>791.96</ymin>
      <xmax>758.9</xmax>
      <ymax>829.1</ymax>
    </bndbox>
  </object>
  <object>
    <name>WHITE</name>
    <occluded>0</occluded>
    <bndbox>
      <xmin>670.72</xmin>
      <ymin>846.5</ymin>
      <xmax>716.3</xmax>
      <ymax>889.7</ymax>
    </bndbox>
  </object>
  <object>
    <name>BLACK</name>
    <occluded>0</occluded>
    <bndbox>
      <xmin>786.6</xmin>
      <ymin>528.3</ymin>
      <xmax>831.5</xmax>
      <ymax>575.6</ymax>
    </bndbox>
  </object>
  <object>
    <name>WHITE</name>
    <occluded>0</occluded>
    <bndbox>
      <xmin>756.31</xmin>
      <ymin>604.7</ymin>
      <xmax>799.7</xmax>
      <ymax>650.4</ymax>
    </bndbox>
  </object>
  <object>
    <name>WHITE</name>
    <occluded>0</occluded>
    <bndbox>
      <xmin>716.5</xmin>
      <ymin>662.5</ymin>
      <xmax>760.4</xmax>
      <ymax>707.8</ymax>
    </bndbox>
  </object>
  <object>
    <name>WHITE</name>
    <occluded>0</occluded>
    <bndbox>
      <xmin>670.0</xmin>
      <ymin>733.2</ymin>
      <xmax>714.46</xmax>
      <ymax>770.8</ymax>
    </bndbox>
  </object>
  <object>
    <name>WHITE</name>
    <occluded>0</occluded>
    <bndbox>
      <xmin>469.75</xmin>
      <ymin>821.2</ymin>
      <xmax>505.2</xmax>
      <ymax>859.1</ymax>
    </bndbox>
  </object>
  <object>
    <name>WHITE</name>
    <occluded>0</occluded>
    <bndbox>
      <xmin>680.06</xmin>
      <ymin>897.46</ymin>
      <xmax>725.9</xmax>
      <ymax>942.9</ymax>
    </bndbox>
  </object>
  <object>
    <name>WHITE</name>
    <occluded>0</occluded>
    <bndbox>
      <xmin>881.25</xmin>
      <ymin>461.22</ymin>
      <xmax>904.4</xmax>
      <ymax>504.4</ymax>
    </bndbox>
  </object>
</annotation>
