<annotation>
  <folder>MB</folder>
  <filename>MB_camera9.png</filename>
  <source>
    <database>Unknown</database>
    <annotation>Unknown</annotation>
    <image>Unknown</image>
  </source>
  <size>
    <width>960</width>
    <height>1280</height>
    <depth></depth>
  </size>
  <segmented>0</segmented>
  <object>
    <name>WHITE</name>
    <occluded>0</occluded>
    <bndbox>
      <xmin>274.68</xmin>
      <ymin>713.93</ymin>
      <xmax>320.68</xmax>
      <ymax>750.93</ymax>
    </bndbox>
  </object>
  <object>
    <name>WHITE</name>
    <occluded>0</occluded>
    <bndbox>
      <xmin>271.98</xmin>
      <ymin>580.24</ymin>
      <xmax>315.71</xmax>
      <ymax>624.96</ymax>
    </bndbox>
  </object>
  <object>
    <name>WHITE</name>
    <occluded>0</occluded>
    <bndbox>
      <xmin>220.57</xmin>
      <ymin>516.25</ymin>
      <xmax>260.57</xmax>
      <ymax>560.25</ymax>
    </bndbox>
  </object>
  <object>
    <name>WHITE</name>
    <occluded>0</occluded>
    <bndbox>
      <xmin>421.03</xmin>
      <ymin>631.55</ymin>
      <xmax>467.03</xmax>
      <ymax>677.55</ymax>
    </bndbox>
  </object>
  <object>
    <name>WHITE</name>
    <occluded>0</occluded>
    <bndbox>
      <xmin>194.94</xmin>
      <ymin>346.45</ymin>
      <xmax>227.55</xmax>
      <ymax>385.96</ymax>
    </bndbox>
  </object>
  <object>
    <name>WHITE</name>
    <occluded>0</occluded>
    <bndbox>
      <xmin>220.58</xmin>
      <ymin>384.92</ymin>
      <xmax>260.82</xmax>
      <ymax>426.16</ymax>
    </bndbox>
  </object>
  <object>
    <name>WHITE</name>
    <occluded>0</occluded>
    <bndbox>
      <xmin>718.61</xmin>
      <ymin>529.78</ymin>
      <xmax>750.15</xmax>
      <ymax>576.91</ymax>
    </bndbox>
  </object>
  <object>
    <name>BLACK</name>
    <occluded>0</occluded>
    <bndbox>
      <xmin>715.84</xmin>
      <ymin>747.06</ymin>
      <xmax>744.6</xmax>
      <ymax>799.74</ymax>
    </bndbox>
  </object>
  <object>
    <name>WHITE</name>
    <occluded>0</occluded>
    <bndbox>
      <xmin>515.33</xmin>
      <ymin>358.51</ymin>
      <xmax>565.3</xmax>
      <ymax>406.3</ymax>
    </bndbox>
  </object>
  <object>
    <name>WHITE</name>
    <occluded>0</occluded>
    <bndbox>
      <xmin>514.63</xmin>
      <ymin>635.58</ymin>
      <xmax>564.6</xmax>
      <ymax>679.1</ymax>
    </bndbox>
  </object>
  <object>
    <name>WHITE</name>
    <occluded>0</occluded>
    <bndbox>
      <xmin>457.51</xmin>
      <ymin>692.45</ymin>
      <xmax>512.2</xmax>
      <ymax>723.9</ymax>
    </bndbox>
  </object>
  <object>
    <name>WHITE</name>
    <occluded>0</occluded>
    <bndbox>
      <xmin>656.22</xmin>
      <ymin>360.4</ymin>
      <xmax>686.5</xmax>
      <ymax>404.95</ymax>
    </bndbox>
  </object>
  <object>
    <name>WHITE</name>
    <occluded>0</occluded>
    <bndbox>
      <xmin>569.48</xmin>
      <ymin>435.6</ymin>
      <xmax>615.9</xmax>
      <ymax>476.4</ymax>
    </bndbox>
  </object>
  <object>
    <name>WHITE</name>
    <occluded>0</occluded>
    <bndbox>
      <xmin>515.12</xmin>
      <ymin>494.31</ymin>
      <xmax>560.12</xmax>
      <ymax>539.4</ymax>
    </bndbox>
  </object>
  <object>
    <name>WHITE</name>
    <occluded>0</occluded>
    <bndbox>
      <xmin>461.8</xmin>
      <ymin>567.51</ymin>
      <xmax>513.4</xmax>
      <ymax>608.7</ymax>
    </bndbox>
  </object>
  <object>
    <name>WHITE</name>
    <occluded>0</occluded>
    <bndbox>
      <xmin>602.54</xmin>
      <ymin>291.06</ymin>
      <xmax>640.7</xmax>
      <ymax>326.3</ymax>
    </bndbox>
  </object>
  <object>
    <name>WHITE</name>
    <occluded>0</occluded>
    <bndbox>
      <xmin>195.46</xmin>
      <ymin>733.51</ymin>
      <xmax>239.47</xmax>
      <ymax>766.44</ymax>
    </bndbox>
  </object>
  <object>
    <name>WHITE</name>
    <occluded>0</occluded>
    <bndbox>
      <xmin>692.97</xmin>
      <ymin>445.56</ymin>
      <xmax>723.46</xmax>
      <ymax>489.58</ymax>
    </bndbox>
  </object>
  <object>
    <name>WHITE</name>
    <occluded>0</occluded>
    <bndbox>
      <xmin>671.13</xmin>
      <ymin>336.05</ymin>
      <xmax>703.02</xmax>
      <ymax>373.13</ymax>
    </bndbox>
  </object>
  <object>
    <name>WHITE</name>
    <occluded>0</occluded>
    <bndbox>
      <xmin>512.07</xmin>
      <ymin>265.36</ymin>
      <xmax>557.81</xmax>
      <ymax>295.16</ymax>
    </bndbox>
  </object>
  <object>
    <name>WHITE</name>
    <occluded>0</occluded>
    <bndbox>
      <xmin>563.16</xmin>
      <ymin>319.11</ymin>
      <xmax>607.5</xmax>
      <ymax>358.0</ymax>
    </bndbox>
  </object>
  <object>
    <name>WHITE</name>
    <occluded>0</occluded>
    <bndbox>
      <xmin>456.9</xmin>
      <ymin>413.8</ymin>
      <xmax>507.4</xmax>
      <ymax>458.9</ymax>
    </bndbox>
  </object>
  <object>
    <name>WHITE</name>
    <occluded>0</occluded>
    <bndbox>
      <xmin>316.22</xmin>
      <ymin>638.56</ymin>
      <xmax>361.4</xmax>
      <ymax>684.46</ymax>
    </bndbox>
  </object>
  <object>
    <name>WHITE</name>
    <occluded>0</occluded>
    <bndbox>
      <xmin>363.21</xmin>
      <ymin>569.11</ymin>
      <xmax>413.2</xmax>
      <ymax>614.79</ymax>
    </bndbox>
  </object>
  <object>
    <name>WHITE</name>
    <occluded>0</occluded>
    <bndbox>
      <xmin>406.46</xmin>
      <ymin>485.7</ymin>
      <xmax>456.6</xmax>
      <ymax>533.63</ymax>
    </bndbox>
  </object>
  <object>
    <name>BLACK</name>
    <occluded>0</occluded>
    <bndbox>
      <xmin>146.7</xmin>
      <ymin>555.5</ymin>
      <xmax>185.75</xmax>
      <ymax>599.5</ymax>
    </bndbox>
  </object>
  <object>
    <name>WHITE</name>
    <occluded>0</occluded>
    <bndbox>
      <xmin>281.23</xmin>
      <ymin>308.84</ymin>
      <xmax>324.5</xmax>
      <ymax>346.2</ymax>
    </bndbox>
  </object>
  <object>
    <name>BLACK</name>
    <occluded>0</occluded>
    <bndbox>
      <xmin>378.61</xmin>
      <ymin>233.22</ymin>
      <xmax>421.29</xmax>
      <ymax>261.1</ymax>
    </bndbox>
  </object>
  <object>
    <name>WHITE</name>
    <occluded>0</occluded>
    <bndbox>
      <xmin>195.5</xmin>
      <ymin>605.13</ymin>
      <xmax>232.12</xmax>
      <ymax>652.2</ymax>
    </bndbox>
  </object>
  <object>
    <name>WHITE</name>
    <occluded>0</occluded>
    <bndbox>
      <xmin>262.85</xmin>
      <ymin>430.0</ymin>
      <xmax>303.9</xmax>
      <ymax>472.4</ymax>
    </bndbox>
  </object>
  <object>
    <name>WHITE</name>
    <occluded>0</occluded>
    <bndbox>
      <xmin>312.0</xmin>
      <ymin>356.26</ymin>
      <xmax>362.72</xmax>
      <ymax>395.7</ymax>
    </bndbox>
  </object>
  <object>
    <name>WHITE</name>
    <occluded>0</occluded>
    <bndbox>
      <xmin>363.4</xmin>
      <ymin>299.53</ymin>
      <xmax>410.89</xmax>
      <ymax>332.0</ymax>
    </bndbox>
  </object>
  <object>
    <name>WHITE</name>
    <occluded>0</occluded>
    <bndbox>
      <xmin>227.68</xmin>
      <ymin>659.3</ymin>
      <xmax>272.8</xmax>
      <ymax>700.0</ymax>
    </bndbox>
  </object>
  <object>
    <name>WHITE</name>
    <occluded>0</occluded>
    <bndbox>
      <xmin>311.85</xmin>
      <ymin>492.65</ymin>
      <xmax>357.85</xmax>
      <ymax>538.65</ymax>
    </bndbox>
  </object>
  <object>
    <name>WHITE</name>
    <occluded>0</occluded>
    <bndbox>
      <xmin>613.18</xmin>
      <ymin>397.01</ymin>
      <xmax>653.93</xmax>
      <ymax>436.94</ymax>
    </bndbox>
  </object>
  <object>
    <name>WHITE</name>
    <occluded>0</occluded>
    <bndbox>
      <xmin>415.72</xmin>
      <ymin>257.05</ymin>
      <xmax>464.33</xmax>
      <ymax>279.19</ymax>
    </bndbox>
  </object>
  <object>
    <name>WHITE</name>
    <occluded>0</occluded>
    <bndbox>
      <xmin>173.94</xmin>
      <ymin>467.4</ymin>
      <xmax>219.34</xmax>
      <ymax>512.45</ymax>
    </bndbox>
  </object>
  <object>
    <name>WHITE</name>
    <occluded>0</occluded>
    <bndbox>
      <xmin>246.57</xmin>
      <ymin>286.84</ymin>
      <xmax>281.96</xmax>
      <ymax>320.46</ymax>
    </bndbox>
  </object>
  <object>
    <name>WHITE</name>
    <occluded>0</occluded>
    <bndbox>
      <xmin>560.68</xmin>
      <ymin>576.41</ymin>
      <xmax>605.68</xmax>
      <ymax>620.41</ymax>
    </bndbox>
  </object>
  <object>
    <name>WHITE</name>
    <occluded>0</occluded>
    <bndbox>
      <xmin>410.36</xmin>
      <ymin>348.2</ymin>
      <xmax>451.0</xmax>
      <ymax>389.8</ymax>
    </bndbox>
  </object>
  <object>
    <name>WHITE</name>
    <occluded>0</occluded>
    <bndbox>
      <xmin>452.55</xmin>
      <ymin>298.2</ymin>
      <xmax>501.8</xmax>
      <ymax>332.65</ymax>
    </bndbox>
  </object>
  <object>
    <name>WHITE</name>
    <occluded>0</occluded>
    <bndbox>
      <xmin>682.82</xmin>
      <ymin>678.7</ymin>
      <xmax>725.2</xmax>
      <ymax>719.8</ymax>
    </bndbox>
  </object>
  <object>
    <name>WHITE</name>
    <occluded>0</occluded>
    <bndbox>
      <xmin>356.0</xmin>
      <ymin>413.1</ymin>
      <xmax>406.94</xmax>
      <ymax>460.0</ymax>
    </bndbox>
  </object>
  <object>
    <name>WHITE</name>
    <occluded>0</occluded>
    <bndbox>
      <xmin>650.9</xmin>
      <ymin>596.09</ymin>
      <xmax>686.85</xmax>
      <ymax>639.63</ymax>
    </bndbox>
  </object>
  <object>
    <name>WHITE</name>
    <occluded>0</occluded>
    <bndbox>
      <xmin>606.78</xmin>
      <ymin>651.74</ymin>
      <xmax>651.54</xmax>
      <ymax>698.0</ymax>
    </bndbox>
  </object>
  <object>
    <name>WHITE</name>
    <occluded>0</occluded>
    <bndbox>
      <xmin>560.72</xmin>
      <ymin>705.19</ymin>
      <xmax>608.4</xmax>
      <ymax>744.7</ymax>
    </bndbox>
  </object>
  <object>
    <name>BLACK</name>
    <occluded>0</occluded>
    <bndbox>
      <xmin>618.94</xmin>
      <ymin>522.02</ymin>
      <xmax>663.4</xmax>
      <ymax>565.3</ymax>
    </bndbox>
  </object>
</annotation>
