<annotation>
  <folder>MB</folder>
  <filename>MB_camera5.png</filename>
  <source>
    <database>Unknown</database>
    <annotation>Unknown</annotation>
    <image>Unknown</image>
  </source>
  <size>
    <width>1280</width>
    <height>960</height>
    <depth></depth>
  </size>
  <segmented>0</segmented>
  <object>
    <name>WHITE</name>
    <occluded>0</occluded>
    <bndbox>
      <xmin>372.7</xmin>
      <ymin>343.84</ymin>
      <xmax>404.51</xmax>
      <ymax>384.64</ymax>
    </bndbox>
  </object>
  <object>
    <name>WHITE</name>
    <occluded>0</occluded>
    <bndbox>
      <xmin>737.4</xmin>
      <ymin>316.78</ymin>
      <xmax>781.0</xmax>
      <ymax>362.04</ymax>
    </bndbox>
  </object>
  <object>
    <name>WHITE</name>
    <occluded>0</occluded>
    <bndbox>
      <xmin>566.6</xmin>
      <ymin>214.8</ymin>
      <xmax>613.73</xmax>
      <ymax>245.6</ymax>
    </bndbox>
  </object>
  <object>
    <name>WHITE</name>
    <occluded>0</occluded>
    <bndbox>
      <xmin>593.4</xmin>
      <ymin>607.59</ymin>
      <xmax>647.5</xmax>
      <ymax>658.2</ymax>
    </bndbox>
  </object>
  <object>
    <name>WHITE</name>
    <occluded>0</occluded>
    <bndbox>
      <xmin>644.5</xmin>
      <ymin>521.7</ymin>
      <xmax>695.2</xmax>
      <ymax>572.4</ymax>
    </bndbox>
  </object>
  <object>
    <name>WHITE</name>
    <occluded>0</occluded>
    <bndbox>
      <xmin>701.93</xmin>
      <ymin>443.6</ymin>
      <xmax>750.3</xmax>
      <ymax>495.8</ymax>
    </bndbox>
  </object>
  <object>
    <name>BLACK</name>
    <occluded>0</occluded>
    <bndbox>
      <xmin>487.94</xmin>
      <ymin>937.83</ymin>
      <xmax>523.6</xmax>
      <ymax>960.0</ymax>
    </bndbox>
  </object>
  <object>
    <name>BLACK</name>
    <occluded>0</occluded>
    <bndbox>
      <xmin>551.88</xmin>
      <ymin>808.84</ymin>
      <xmax>604.8</xmax>
      <ymax>853.7</ymax>
    </bndbox>
  </object>
  <object>
    <name>WHITE</name>
    <occluded>0</occluded>
    <bndbox>
      <xmin>590.5</xmin>
      <ymin>747.24</ymin>
      <xmax>638.1</xmax>
      <ymax>793.04</ymax>
    </bndbox>
  </object>
  <object>
    <name>WHITE</name>
    <occluded>0</occluded>
    <bndbox>
      <xmin>647.43</xmin>
      <ymin>678.43</ymin>
      <xmax>701.8</xmax>
      <ymax>724.43</ymax>
    </bndbox>
  </object>
  <object>
    <name>WHITE</name>
    <occluded>0</occluded>
    <bndbox>
      <xmin>872.1</xmin>
      <ymin>311.46</ymin>
      <xmax>904.2</xmax>
      <ymax>353.33</ymax>
    </bndbox>
  </object>
  <object>
    <name>WHITE</name>
    <occluded>0</occluded>
    <bndbox>
      <xmin>898.6</xmin>
      <ymin>383.56</ymin>
      <xmax>929.0</xmax>
      <ymax>430.4</ymax>
    </bndbox>
  </object>
  <object>
    <name>WHITE</name>
    <occluded>0</occluded>
    <bndbox>
      <xmin>628.6</xmin>
      <ymin>865.9</ymin>
      <xmax>668.39</xmax>
      <ymax>906.34</ymax>
    </bndbox>
  </object>
  <object>
    <name>BLACK</name>
    <occluded>0</occluded>
    <bndbox>
      <xmin>784.84</xmin>
      <ymin>440.6</ymin>
      <xmax>830.8</xmax>
      <ymax>492.2</ymax>
    </bndbox>
  </object>
  <object>
    <name>WHITE</name>
    <occluded>0</occluded>
    <bndbox>
      <xmin>749.82</xmin>
      <ymin>513.5</ymin>
      <xmax>796.6</xmax>
      <ymax>565.4</ymax>
    </bndbox>
  </object>
  <object>
    <name>WHITE</name>
    <occluded>0</occluded>
    <bndbox>
      <xmin>716.35</xmin>
      <ymin>590.1</ymin>
      <xmax>765.3</xmax>
      <ymax>640.7</ymax>
    </bndbox>
  </object>
  <object>
    <name>WHITE</name>
    <occluded>0</occluded>
    <bndbox>
      <xmin>707.44</xmin>
      <ymin>734.15</ymin>
      <xmax>759.3</xmax>
      <ymax>781.3</ymax>
    </bndbox>
  </object>
  <object>
    <name>WHITE</name>
    <occluded>0</occluded>
    <bndbox>
      <xmin>435.4</xmin>
      <ymin>673.26</ymin>
      <xmax>474.4</xmax>
      <ymax>718.51</ymax>
    </bndbox>
  </object>
  <object>
    <name>WHITE</name>
    <occluded>0</occluded>
    <bndbox>
      <xmin>510.88</xmin>
      <ymin>895.07</ymin>
      <xmax>550.55</xmax>
      <ymax>944.85</ymax>
    </bndbox>
  </object>
  <object>
    <name>WHITE</name>
    <occluded>0</occluded>
    <bndbox>
      <xmin>585.74</xmin>
      <ymin>908.92</ymin>
      <xmax>634.0</xmax>
      <ymax>960.0</ymax>
    </bndbox>
  </object>
  <object>
    <name>WHITE</name>
    <occluded>0</occluded>
    <bndbox>
      <xmin>464.1</xmin>
      <ymin>839.31</ymin>
      <xmax>506.01</xmax>
      <ymax>874.49</ymax>
    </bndbox>
  </object>
  <object>
    <name>WHITE</name>
    <occluded>0</occluded>
    <bndbox>
      <xmin>539.33</xmin>
      <ymin>858.8</ymin>
      <xmax>581.99</xmax>
      <ymax>893.58</ymax>
    </bndbox>
  </object>
  <object>
    <name>WHITE</name>
    <occluded>0</occluded>
    <bndbox>
      <xmin>657.22</xmin>
      <ymin>808.99</ymin>
      <xmax>705.5</xmax>
      <ymax>846.42</ymax>
    </bndbox>
  </object>
  <object>
    <name>WHITE</name>
    <occluded>0</occluded>
    <bndbox>
      <xmin>410.58</xmin>
      <ymin>728.15</ymin>
      <xmax>449.13</xmax>
      <ymax>766.7</ymax>
    </bndbox>
  </object>
  <object>
    <name>WHITE</name>
    <occluded>0</occluded>
    <bndbox>
      <xmin>382.5</xmin>
      <ymin>839.31</ymin>
      <xmax>409.83</xmax>
      <ymax>881.22</ymax>
    </bndbox>
  </object>
  <object>
    <name>WHITE</name>
    <occluded>0</occluded>
    <bndbox>
      <xmin>403.09</xmin>
      <ymin>809.74</ymin>
      <xmax>441.64</xmax>
      <ymax>847.17</ymax>
    </bndbox>
  </object>
  <object>
    <name>WHITE</name>
    <occluded>0</occluded>
    <bndbox>
      <xmin>402.34</xmin>
      <ymin>771.19</ymin>
      <xmax>445.38</xmax>
      <ymax>807.87</ymax>
    </bndbox>
  </object>
  <object>
    <name>WHITE</name>
    <occluded>0</occluded>
    <bndbox>
      <xmin>463.72</xmin>
      <ymin>797.76</ymin>
      <xmax>509.38</xmax>
      <ymax>829.57</ymax>
    </bndbox>
  </object>
  <object>
    <name>WHITE</name>
    <occluded>0</occluded>
    <bndbox>
      <xmin>704.38</xmin>
      <ymin>849.41</ymin>
      <xmax>755.66</xmax>
      <ymax>894.7</ymax>
    </bndbox>
  </object>
  <object>
    <name>WHITE</name>
    <occluded>0</occluded>
    <bndbox>
      <xmin>752.29</xmin>
      <ymin>893.95</ymin>
      <xmax>797.2</xmax>
      <ymax>935.87</ymax>
    </bndbox>
  </object>
  <object>
    <name>WHITE</name>
    <occluded>0</occluded>
    <bndbox>
      <xmin>789.34</xmin>
      <ymin>828.45</ymin>
      <xmax>830.14</xmax>
      <ymax>869.62</ymax>
    </bndbox>
  </object>
  <object>
    <name>WHITE</name>
    <occluded>0</occluded>
    <bndbox>
      <xmin>756.4</xmin>
      <ymin>786.91</ymin>
      <xmax>800.2</xmax>
      <ymax>829.58</ymax>
    </bndbox>
  </object>
  <object>
    <name>WHITE</name>
    <occluded>0</occluded>
    <bndbox>
      <xmin>829.01</xmin>
      <ymin>865.13</ymin>
      <xmax>864.57</xmax>
      <ymax>901.06</ymax>
    </bndbox>
  </object>
  <object>
    <name>WHITE</name>
    <occluded>0</occluded>
    <bndbox>
      <xmin>855.21</xmin>
      <ymin>887.96</ymin>
      <xmax>891.52</xmax>
      <ymax>938.12</ymax>
    </bndbox>
  </object>
  <object>
    <name>WHITE</name>
    <occluded>0</occluded>
    <bndbox>
      <xmin>859.71</xmin>
      <ymin>794.39</ymin>
      <xmax>891.52</xmax>
      <ymax>832.57</ymax>
    </bndbox>
  </object>
  <object>
    <name>WHITE</name>
    <occluded>0</occluded>
    <bndbox>
      <xmin>878.42</xmin>
      <ymin>682.49</ymin>
      <xmax>910.61</xmax>
      <ymax>726.65</ymax>
    </bndbox>
  </object>
  <object>
    <name>WHITE</name>
    <occluded>0</occluded>
    <bndbox>
      <xmin>880.29</xmin>
      <ymin>549.62</ymin>
      <xmax>912.1</xmax>
      <ymax>597.15</ymax>
    </bndbox>
  </object>
  <object>
    <name>WHITE</name>
    <occluded>0</occluded>
    <bndbox>
      <xmin>941.67</xmin>
      <ymin>519.68</ymin>
      <xmax>966.75</xmax>
      <ymax>564.21</ymax>
    </bndbox>
  </object>
  <object>
    <name>WHITE</name>
    <occluded>0</occluded>
    <bndbox>
      <xmin>824.9</xmin>
      <ymin>340.02</ymin>
      <xmax>862.7</xmax>
      <ymax>383.44</ymax>
    </bndbox>
  </object>
  <object>
    <name>WHITE</name>
    <occluded>0</occluded>
    <bndbox>
      <xmin>376.44</xmin>
      <ymin>664.59</ymin>
      <xmax>408.25</xmax>
      <ymax>704.64</ymax>
    </bndbox>
  </object>
  <object>
    <name>WHITE</name>
    <occluded>0</occluded>
    <bndbox>
      <xmin>398.15</xmin>
      <ymin>600.59</ymin>
      <xmax>433.33</xmax>
      <ymax>643.64</ymax>
    </bndbox>
  </object>
  <object>
    <name>WHITE</name>
    <occluded>0</occluded>
    <bndbox>
      <xmin>444.93</xmin>
      <ymin>310.53</ymin>
      <xmax>487.6</xmax>
      <ymax>350.58</ymax>
    </bndbox>
  </object>
  <object>
    <name>WHITE</name>
    <occluded>0</occluded>
    <bndbox>
      <xmin>505.94</xmin>
      <ymin>260.0</ymin>
      <xmax>551.6</xmax>
      <ymax>292.9</ymax>
    </bndbox>
  </object>
  <object>
    <name>BLACK</name>
    <occluded>0</occluded>
    <bndbox>
      <xmin>627.95</xmin>
      <ymin>190.39</ymin>
      <xmax>673.99</xmax>
      <ymax>220.71</ymax>
    </bndbox>
  </object>
  <object>
    <name>WHITE</name>
    <occluded>0</occluded>
    <bndbox>
      <xmin>659.77</xmin>
      <ymin>219.58</ymin>
      <xmax>706.18</xmax>
      <ymax>247.65</ymax>
    </bndbox>
  </object>
  <object>
    <name>WHITE</name>
    <occluded>0</occluded>
    <bndbox>
      <xmin>478.24</xmin>
      <ymin>227.07</ymin>
      <xmax>521.66</xmax>
      <ymax>258.51</ymax>
    </bndbox>
  </object>
  <object>
    <name>WHITE</name>
    <occluded>0</occluded>
    <bndbox>
      <xmin>414.24</xmin>
      <ymin>278.34</ymin>
      <xmax>453.54</xmax>
      <ymax>312.78</ymax>
    </bndbox>
  </object>
  <object>
    <name>WHITE</name>
    <occluded>0</occluded>
    <bndbox>
      <xmin>558.71</xmin>
      <ymin>184.03</ymin>
      <xmax>606.25</xmax>
      <ymax>205.73</ymax>
    </bndbox>
  </object>
  <object>
    <name>WHITE</name>
    <occluded>0</occluded>
    <bndbox>
      <xmin>764.94</xmin>
      <ymin>236.8</ymin>
      <xmax>801.24</xmax>
      <ymax>270.48</ymax>
    </bndbox>
  </object>
  <object>
    <name>WHITE</name>
    <occluded>0</occluded>
    <bndbox>
      <xmin>809.89</xmin>
      <ymin>286.58</ymin>
      <xmax>842.82</xmax>
      <ymax>329.62</ymax>
    </bndbox>
  </object>
  <object>
    <name>WHITE</name>
    <occluded>0</occluded>
    <bndbox>
      <xmin>764.98</xmin>
      <ymin>659.76</ymin>
      <xmax>810.94</xmax>
      <ymax>700.9</ymax>
    </bndbox>
  </object>
  <object>
    <name>WHITE</name>
    <occluded>0</occluded>
    <bndbox>
      <xmin>669.53</xmin>
      <ymin>910.59</ymin>
      <xmax>719.0</xmax>
      <ymax>956.9</ymax>
    </bndbox>
  </object>
  <object>
    <name>WHITE</name>
    <occluded>0</occluded>
    <bndbox>
      <xmin>803.4</xmin>
      <ymin>574.54</ymin>
      <xmax>845.53</xmax>
      <ymax>624.2</ymax>
    </bndbox>
  </object>
  <object>
    <name>WHITE</name>
    <occluded>0</occluded>
    <bndbox>
      <xmin>840.9</xmin>
      <ymin>490.04</ymin>
      <xmax>884.1</xmax>
      <ymax>537.9</ymax>
    </bndbox>
  </object>
  <object>
    <name>WHITE</name>
    <occluded>0</occluded>
    <bndbox>
      <xmin>853.9</xmin>
      <ymin>413.8</ymin>
      <xmax>887.5</xmax>
      <ymax>460.09</ymax>
    </bndbox>
  </object>
  <object>
    <name>WHITE</name>
    <occluded>0</occluded>
    <bndbox>
      <xmin>804.6</xmin>
      <ymin>715.48</ymin>
      <xmax>845.04</xmax>
      <ymax>760.0</ymax>
    </bndbox>
  </object>
  <object>
    <name>WHITE</name>
    <occluded>0</occluded>
    <bndbox>
      <xmin>844.3</xmin>
      <ymin>633.89</ymin>
      <xmax>881.31</xmax>
      <ymax>680.5</ymax>
    </bndbox>
  </object>
  <object>
    <name>WHITE</name>
    <occluded>0</occluded>
    <bndbox>
      <xmin>910.0</xmin>
      <ymin>462.44</ymin>
      <xmax>936.7</xmax>
      <ymax>513.5</ymax>
    </bndbox>
  </object>
  <object>
    <name>WHITE</name>
    <occluded>0</occluded>
    <bndbox>
      <xmin>389.1</xmin>
      <ymin>381.25</ymin>
      <xmax>426.35</xmax>
      <ymax>426.3</ymax>
    </bndbox>
  </object>
  <object>
    <name>BLACK</name>
    <occluded>0</occluded>
    <bndbox>
      <xmin>352.2</xmin>
      <ymin>452.94</ymin>
      <xmax>387.11</xmax>
      <ymax>501.9</ymax>
    </bndbox>
  </object>
  <object>
    <name>WHITE</name>
    <occluded>0</occluded>
    <bndbox>
      <xmin>341.88</xmin>
      <ymin>590.71</ymin>
      <xmax>373.3</xmax>
      <ymax>633.1</ymax>
    </bndbox>
  </object>
  <object>
    <name>WHITE</name>
    <occluded>0</occluded>
    <bndbox>
      <xmin>362.28</xmin>
      <ymin>530.33</ymin>
      <xmax>396.9</xmax>
      <ymax>575.24</ymax>
    </bndbox>
  </object>
  <object>
    <name>WHITE</name>
    <occluded>0</occluded>
    <bndbox>
      <xmin>404.1</xmin>
      <ymin>449.7</ymin>
      <xmax>449.63</xmax>
      <ymax>499.5</ymax>
    </bndbox>
  </object>
  <object>
    <name>WHITE</name>
    <occluded>0</occluded>
    <bndbox>
      <xmin>460.66</xmin>
      <ymin>377.55</ymin>
      <xmax>506.46</xmax>
      <ymax>421.0</ymax>
    </bndbox>
  </object>
  <object>
    <name>WHITE</name>
    <occluded>0</occluded>
    <bndbox>
      <xmin>528.2</xmin>
      <ymin>313.6</ymin>
      <xmax>573.85</xmax>
      <ymax>353.47</ymax>
    </bndbox>
  </object>
  <object>
    <name>WHITE</name>
    <occluded>0</occluded>
    <bndbox>
      <xmin>594.69</xmin>
      <ymin>262.93</ymin>
      <xmax>644.3</xmax>
      <ymax>296.5</ymax>
    </bndbox>
  </object>
  <object>
    <name>WHITE</name>
    <occluded>0</occluded>
    <bndbox>
      <xmin>438.56</xmin>
      <ymin>531.69</ymin>
      <xmax>482.9</xmax>
      <ymax>580.9</ymax>
    </bndbox>
  </object>
  <object>
    <name>WHITE</name>
    <occluded>0</occluded>
    <bndbox>
      <xmin>494.85</xmin>
      <ymin>448.52</ymin>
      <xmax>544.1</xmax>
      <ymax>501.5</ymax>
    </bndbox>
  </object>
  <object>
    <name>WHITE</name>
    <occluded>0</occluded>
    <bndbox>
      <xmin>556.67</xmin>
      <ymin>366.14</ymin>
      <xmax>606.8</xmax>
      <ymax>415.9</ymax>
    </bndbox>
  </object>
  <object>
    <name>WHITE</name>
    <occluded>0</occluded>
    <bndbox>
      <xmin>627.1</xmin>
      <ymin>314.6</ymin>
      <xmax>679.96</xmax>
      <ymax>361.1</ymax>
    </bndbox>
  </object>
  <object>
    <name>WHITE</name>
    <occluded>0</occluded>
    <bndbox>
      <xmin>698.19</xmin>
      <ymin>258.98</ymin>
      <xmax>743.6</xmax>
      <ymax>297.2</ymax>
    </bndbox>
  </object>
  <object>
    <name>WHITE</name>
    <occluded>0</occluded>
    <bndbox>
      <xmin>480.3</xmin>
      <ymin>605.7</ymin>
      <xmax>528.3</xmax>
      <ymax>653.4</ymax>
    </bndbox>
  </object>
  <object>
    <name>WHITE</name>
    <occluded>0</occluded>
    <bndbox>
      <xmin>532.8</xmin>
      <ymin>681.6</ymin>
      <xmax>581.57</xmax>
      <ymax>728.2</ymax>
    </bndbox>
  </object>
  <object>
    <name>WHITE</name>
    <occluded>0</occluded>
    <bndbox>
      <xmin>536.78</xmin>
      <ymin>529.1</ymin>
      <xmax>588.4</xmax>
      <ymax>580.5</ymax>
    </bndbox>
  </object>
  <object>
    <name>WHITE</name>
    <occluded>0</occluded>
    <bndbox>
      <xmin>598.58</xmin>
      <ymin>442.57</ymin>
      <xmax>654.6</xmax>
      <ymax>497.8</ymax>
    </bndbox>
  </object>
  <object>
    <name>WHITE</name>
    <occluded>0</occluded>
    <bndbox>
      <xmin>666.79</xmin>
      <ymin>373.63</ymin>
      <xmax>714.3</xmax>
      <ymax>422.0</ymax>
    </bndbox>
  </object>
  <object>
    <name>WHITE</name>
    <occluded>0</occluded>
    <bndbox>
      <xmin>764.76</xmin>
      <ymin>377.66</ymin>
      <xmax>810.9</xmax>
      <ymax>425.9</ymax>
    </bndbox>
  </object>
  <object>
    <name>WHITE</name>
    <occluded>0</occluded>
    <bndbox>
      <xmin>437.56</xmin>
      <ymin>876.44</ymin>
      <xmax>471.4</xmax>
      <ymax>917.45</ymax>
    </bndbox>
  </object>
  <object>
    <name>WHITE</name>
    <occluded>0</occluded>
    <bndbox>
      <xmin>414.47</xmin>
      <ymin>900.08</ymin>
      <xmax>445.1</xmax>
      <ymax>940.9</ymax>
    </bndbox>
  </object>
  <object>
    <name>WHITE</name>
    <occluded>0</occluded>
    <bndbox>
      <xmin>482.2</xmin>
      <ymin>742.24</ymin>
      <xmax>529.0</xmax>
      <ymax>785.38</ymax>
    </bndbox>
  </object>
</annotation>
