<annotation>
  <folder>MB</folder>
  <filename>MB_camera2.png</filename>
  <source>
    <database>Unknown</database>
    <annotation>Unknown</annotation>
    <image>Unknown</image>
  </source>
  <size>
    <width>960</width>
    <height>1280</height>
    <depth></depth>
  </size>
  <segmented>0</segmented>
  <object>
    <name>WHITE</name>
    <occluded>0</occluded>
    <bndbox>
      <xmin>621.15</xmin>
      <ymin>330.55</ymin>
      <xmax>659.17</xmax>
      <ymax>362.56</ymax>
    </bndbox>
  </object>
  <object>
    <name>WHITE</name>
    <occluded>0</occluded>
    <bndbox>
      <xmin>380.8</xmin>
      <ymin>525.48</ymin>
      <xmax>423.2</xmax>
      <ymax>564.52</ymax>
    </bndbox>
  </object>
  <object>
    <name>WHITE</name>
    <occluded>0</occluded>
    <bndbox>
      <xmin>666.62</xmin>
      <ymin>927.49</ymin>
      <xmax>703.39</xmax>
      <ymax>961.2</ymax>
    </bndbox>
  </object>
  <object>
    <name>WHITE</name>
    <occluded>0</occluded>
    <bndbox>
      <xmin>677.02</xmin>
      <ymin>860.76</ymin>
      <xmax>713.14</xmax>
      <ymax>900.87</ymax>
    </bndbox>
  </object>
  <object>
    <name>WHITE</name>
    <occluded>0</occluded>
    <bndbox>
      <xmin>297.15</xmin>
      <ymin>844.57</ymin>
      <xmax>328.77</xmax>
      <ymax>885.24</ymax>
    </bndbox>
  </object>
  <object>
    <name>BLACK</name>
    <occluded>0</occluded>
    <bndbox>
      <xmin>252.03</xmin>
      <ymin>814.21</ymin>
      <xmax>284.34</xmax>
      <ymax>854.32</ymax>
    </bndbox>
  </object>
  <object>
    <name>WHITE</name>
    <occluded>0</occluded>
    <bndbox>
      <xmin>251.17</xmin>
      <ymin>880.38</ymin>
      <xmax>276.04</xmax>
      <ymax>918.48</ymax>
    </bndbox>
  </object>
  <object>
    <name>WHITE</name>
    <occluded>0</occluded>
    <bndbox>
      <xmin>671.79</xmin>
      <ymin>704.17</ymin>
      <xmax>708.08</xmax>
      <ymax>746.09</ymax>
    </bndbox>
  </object>
  <object>
    <name>WHITE</name>
    <occluded>0</occluded>
    <bndbox>
      <xmin>225.89</xmin>
      <ymin>776.79</ymin>
      <xmax>246.97</xmax>
      <ymax>815.48</ymax>
    </bndbox>
  </object>
  <object>
    <name>WHITE</name>
    <occluded>0</occluded>
    <bndbox>
      <xmin>220.98</xmin>
      <ymin>834.83</ymin>
      <xmax>241.19</xmax>
      <ymax>872.67</ymax>
    </bndbox>
  </object>
  <object>
    <name>WHITE</name>
    <occluded>0</occluded>
    <bndbox>
      <xmin>215.5</xmin>
      <ymin>859.38</ymin>
      <xmax>235.13</xmax>
      <ymax>896.63</ymax>
    </bndbox>
  </object>
  <object>
    <name>WHITE</name>
    <occluded>0</occluded>
    <bndbox>
      <xmin>715.89</xmin>
      <ymin>641.87</ymin>
      <xmax>742.87</xmax>
      <ymax>686.15</ymax>
    </bndbox>
  </object>
  <object>
    <name>WHITE</name>
    <occluded>0</occluded>
    <bndbox>
      <xmin>747.04</xmin>
      <ymin>586.13</ymin>
      <xmax>770.88</xmax>
      <ymax>628.49</ymax>
    </bndbox>
  </object>
  <object>
    <name>WHITE</name>
    <occluded>0</occluded>
    <bndbox>
      <xmin>704.9</xmin>
      <ymin>381.33</ymin>
      <xmax>734.5</xmax>
      <ymax>414.3</ymax>
    </bndbox>
  </object>
  <object>
    <name>WHITE</name>
    <occluded>0</occluded>
    <bndbox>
      <xmin>316.23</xmin>
      <ymin>361.11</ymin>
      <xmax>346.55</xmax>
      <ymax>402.75</ymax>
    </bndbox>
  </object>
  <object>
    <name>WHITE</name>
    <occluded>0</occluded>
    <bndbox>
      <xmin>385.76</xmin>
      <ymin>342.34</ymin>
      <xmax>421.4</xmax>
      <ymax>376.27</ymax>
    </bndbox>
  </object>
  <object>
    <name>WHITE</name>
    <occluded>0</occluded>
    <bndbox>
      <xmin>436.54</xmin>
      <ymin>305.28</ymin>
      <xmax>479.88</xmax>
      <ymax>327.18</ymax>
    </bndbox>
  </object>
  <object>
    <name>WHITE</name>
    <occluded>0</occluded>
    <bndbox>
      <xmin>679.87</xmin>
      <ymin>325.5</ymin>
      <xmax>714.52</xmax>
      <ymax>359.91</ymax>
    </bndbox>
  </object>
  <object>
    <name>WHITE</name>
    <occluded>0</occluded>
    <bndbox>
      <xmin>240.01</xmin>
      <ymin>460.27</ymin>
      <xmax>257.33</xmax>
      <ymax>501.28</ymax>
    </bndbox>
  </object>
  <object>
    <name>WHITE</name>
    <occluded>0</occluded>
    <bndbox>
      <xmin>588.62</xmin>
      <ymin>284.94</ymin>
      <xmax>628.47</xmax>
      <ymax>308.85</ymax>
    </bndbox>
  </object>
  <object>
    <name>WHITE</name>
    <occluded>0</occluded>
    <bndbox>
      <xmin>467.33</xmin>
      <ymin>249.59</ymin>
      <xmax>510.3</xmax>
      <ymax>271.42</ymax>
    </bndbox>
  </object>
  <object>
    <name>WHITE</name>
    <occluded>0</occluded>
    <bndbox>
      <xmin>738.59</xmin>
      <ymin>373.51</ymin>
      <xmax>765.3</xmax>
      <ymax>411.05</ymax>
    </bndbox>
  </object>
  <object>
    <name>WHITE</name>
    <occluded>0</occluded>
    <bndbox>
      <xmin>412.83</xmin>
      <ymin>278.35</ymin>
      <xmax>452.54</xmax>
      <ymax>301.69</ymax>
    </bndbox>
  </object>
  <object>
    <name>WHITE</name>
    <occluded>0</occluded>
    <bndbox>
      <xmin>723.19</xmin>
      <ymin>805.41</ymin>
      <xmax>749.47</xmax>
      <ymax>846.7</ymax>
    </bndbox>
  </object>
  <object>
    <name>WHITE</name>
    <occluded>0</occluded>
    <bndbox>
      <xmin>763.07</xmin>
      <ymin>509.19</ymin>
      <xmax>781.6</xmax>
      <ymax>550.6</ymax>
    </bndbox>
  </object>
  <object>
    <name>WHITE</name>
    <occluded>0</occluded>
    <bndbox>
      <xmin>757.2</xmin>
      <ymin>433.78</ymin>
      <xmax>780.2</xmax>
      <ymax>473.8</ymax>
    </bndbox>
  </object>
  <object>
    <name>WHITE</name>
    <occluded>0</occluded>
    <bndbox>
      <xmin>653.21</xmin>
      <ymin>384.49</ymin>
      <xmax>689.8</xmax>
      <ymax>424.2</ymax>
    </bndbox>
  </object>
  <object>
    <name>WHITE</name>
    <occluded>0</occluded>
    <bndbox>
      <xmin>374.0</xmin>
      <ymin>674.14</ymin>
      <xmax>417.0</xmax>
      <ymax>717.9</ymax>
    </bndbox>
  </object>
  <object>
    <name>BLACK</name>
    <occluded>0</occluded>
    <bndbox>
      <xmin>672.61</xmin>
      <ymin>450.35</ymin>
      <xmax>709.3</xmax>
      <ymax>495.7</ymax>
    </bndbox>
  </object>
  <object>
    <name>WHITE</name>
    <occluded>0</occluded>
    <bndbox>
      <xmin>591.2</xmin>
      <ymin>692.4</ymin>
      <xmax>635.0</xmax>
      <ymax>736.0</ymax>
    </bndbox>
  </object>
  <object>
    <name>WHITE</name>
    <occluded>0</occluded>
    <bndbox>
      <xmin>642.44</xmin>
      <ymin>630.48</ymin>
      <xmax>680.6</xmax>
      <ymax>676.7</ymax>
    </bndbox>
  </object>
  <object>
    <name>WHITE</name>
    <occluded>0</occluded>
    <bndbox>
      <xmin>686.06</xmin>
      <ymin>566.29</ymin>
      <xmax>720.5</xmax>
      <ymax>611.2</ymax>
    </bndbox>
  </object>
  <object>
    <name>WHITE</name>
    <occluded>0</occluded>
    <bndbox>
      <xmin>716.4</xmin>
      <ymin>516.0</ymin>
      <xmax>744.91</xmax>
      <ymax>557.46</ymax>
    </bndbox>
  </object>
  <object>
    <name>WHITE</name>
    <occluded>0</occluded>
    <bndbox>
      <xmin>723.26</xmin>
      <ymin>440.4</ymin>
      <xmax>749.2</xmax>
      <ymax>481.2</ymax>
    </bndbox>
  </object>
  <object>
    <name>WHITE</name>
    <occluded>0</occluded>
    <bndbox>
      <xmin>644.1</xmin>
      <ymin>500.1</ymin>
      <xmax>682.5</xmax>
      <ymax>543.5</ymax>
    </bndbox>
  </object>
  <object>
    <name>WHITE</name>
    <occluded>0</occluded>
    <bndbox>
      <xmin>591.96</xmin>
      <ymin>548.43</ymin>
      <xmax>638.3</xmax>
      <ymax>598.1</ymax>
    </bndbox>
  </object>
  <object>
    <name>WHITE</name>
    <occluded>0</occluded>
    <bndbox>
      <xmin>535.69</xmin>
      <ymin>620.49</ymin>
      <xmax>581.3</xmax>
      <ymax>665.9</ymax>
    </bndbox>
  </object>
  <object>
    <name>WHITE</name>
    <occluded>0</occluded>
    <bndbox>
      <xmin>472.1</xmin>
      <ymin>686.5</ymin>
      <xmax>516.7</xmax>
      <ymax>733.7</ymax>
    </bndbox>
  </object>
  <object>
    <name>BLACK</name>
    <occluded>0</occluded>
    <bndbox>
      <xmin>416.8</xmin>
      <ymin>753.1</ymin>
      <xmax>462.1</xmax>
      <ymax>795.0</ymax>
    </bndbox>
  </object>
  <object>
    <name>WHITE</name>
    <occluded>0</occluded>
    <bndbox>
      <xmin>601.55</xmin>
      <ymin>420.7</ymin>
      <xmax>643.2</xmax>
      <ymax>464.1</ymax>
    </bndbox>
  </object>
  <object>
    <name>WHITE</name>
    <occluded>0</occluded>
    <bndbox>
      <xmin>549.3</xmin>
      <ymin>471.55</ymin>
      <xmax>592.52</xmax>
      <ymax>516.1</ymax>
    </bndbox>
  </object>
  <object>
    <name>WHITE</name>
    <occluded>0</occluded>
    <bndbox>
      <xmin>486.3</xmin>
      <ymin>536.55</ymin>
      <xmax>537.1</xmax>
      <ymax>588.4</ymax>
    </bndbox>
  </object>
  <object>
    <name>WHITE</name>
    <occluded>0</occluded>
    <bndbox>
      <xmin>424.16</xmin>
      <ymin>620.83</ymin>
      <xmax>467.7</xmax>
      <ymax>665.5</ymax>
    </bndbox>
  </object>
  <object>
    <name>WHITE</name>
    <occluded>0</occluded>
    <bndbox>
      <xmin>568.83</xmin>
      <ymin>354.83</ymin>
      <xmax>611.7</xmax>
      <ymax>390.9</ymax>
    </bndbox>
  </object>
  <object>
    <name>WHITE</name>
    <occluded>0</occluded>
    <bndbox>
      <xmin>506.63</xmin>
      <ymin>397.39</ymin>
      <xmax>556.1</xmax>
      <ymax>441.1</ymax>
    </bndbox>
  </object>
  <object>
    <name>WHITE</name>
    <occluded>0</occluded>
    <bndbox>
      <xmin>556.9</xmin>
      <ymin>914.1</ymin>
      <xmax>601.71</xmax>
      <ymax>942.94</ymax>
    </bndbox>
  </object>
  <object>
    <name>WHITE</name>
    <occluded>0</occluded>
    <bndbox>
      <xmin>602.3</xmin>
      <ymin>960.03</ymin>
      <xmax>646.78</xmax>
      <ymax>992.2</ymax>
    </bndbox>
  </object>
  <object>
    <name>BLACK</name>
    <occluded>0</occluded>
    <bndbox>
      <xmin>620.7</xmin>
      <ymin>890.85</ymin>
      <xmax>662.42</xmax>
      <ymax>928.9</ymax>
    </bndbox>
  </object>
  <object>
    <name>WHITE</name>
    <occluded>0</occluded>
    <bndbox>
      <xmin>445.9</xmin>
      <ymin>454.8</ymin>
      <xmax>494.89</xmax>
      <ymax>504.4</ymax>
    </bndbox>
  </object>
  <object>
    <name>WHITE</name>
    <occluded>0</occluded>
    <bndbox>
      <xmin>324.4</xmin>
      <ymin>583.92</ymin>
      <xmax>361.38</xmax>
      <ymax>628.9</ymax>
    </bndbox>
  </object>
  <object>
    <name>WHITE</name>
    <occluded>0</occluded>
    <bndbox>
      <xmin>294.79</xmin>
      <ymin>648.78</ymin>
      <xmax>325.0</xmax>
      <ymax>692.8</ymax>
    </bndbox>
  </object>
  <object>
    <name>WHITE</name>
    <occluded>0</occluded>
    <bndbox>
      <xmin>530.41</xmin>
      <ymin>310.04</ymin>
      <xmax>573.8</xmax>
      <ymax>337.7</ymax>
    </bndbox>
  </object>
  <object>
    <name>WHITE</name>
    <occluded>0</occluded>
    <bndbox>
      <xmin>470.5</xmin>
      <ymin>338.4</ymin>
      <xmax>516.1</xmax>
      <ymax>374.5</ymax>
    </bndbox>
  </object>
  <object>
    <name>WHITE</name>
    <occluded>0</occluded>
    <bndbox>
      <xmin>414.2</xmin>
      <ymin>387.5</ymin>
      <xmax>450.3</xmax>
      <ymax>431.4</ymax>
    </bndbox>
  </object>
  <object>
    <name>WHITE</name>
    <occluded>0</occluded>
    <bndbox>
      <xmin>355.63</xmin>
      <ymin>448.99</ymin>
      <xmax>392.4</xmax>
      <ymax>495.6</ymax>
    </bndbox>
  </object>
  <object>
    <name>WHITE</name>
    <occluded>0</occluded>
    <bndbox>
      <xmin>302.0</xmin>
      <ymin>508.0</ymin>
      <xmax>330.0</xmax>
      <ymax>553.9</ymax>
    </bndbox>
  </object>
  <object>
    <name>WHITE</name>
    <occluded>0</occluded>
    <bndbox>
      <xmin>269.7</xmin>
      <ymin>579.9</ymin>
      <xmax>293.1</xmax>
      <ymax>620.5</ymax>
    </bndbox>
  </object>
  <object>
    <name>WHITE</name>
    <occluded>0</occluded>
    <bndbox>
      <xmin>331.84</xmin>
      <ymin>397.6</ymin>
      <xmax>368.5</xmax>
      <ymax>436.57</ymax>
    </bndbox>
  </object>
  <object>
    <name>WHITE</name>
    <occluded>0</occluded>
    <bndbox>
      <xmin>284.9</xmin>
      <ymin>460.7</ymin>
      <xmax>312.58</xmax>
      <ymax>505.8</ymax>
    </bndbox>
  </object>
</annotation>
