<annotation>
  <folder>MB</folder>
  <filename>MB_camera6.png</filename>
  <source>
    <database>Unknown</database>
    <annotation>Unknown</annotation>
    <image>Unknown</image>
  </source>
  <size>
    <width>1280</width>
    <height>960</height>
    <depth></depth>
  </size>
  <segmented>0</segmented>
  <object>
    <name>WHITE</name>
    <occluded>0</occluded>
    <bndbox>
      <xmin>746.5</xmin>
      <ymin>640.7</ymin>
      <xmax>794.9</xmax>
      <ymax>685.3</ymax>
    </bndbox>
  </object>
  <object>
    <name>WHITE</name>
    <occluded>0</occluded>
    <bndbox>
      <xmin>894.0</xmin>
      <ymin>434.66</ymin>
      <xmax>932.73</xmax>
      <ymax>477.34</ymax>
    </bndbox>
  </object>
  <object>
    <name>WHITE</name>
    <occluded>0</occluded>
    <bndbox>
      <xmin>873.33</xmin>
      <ymin>353.1</ymin>
      <xmax>914.1</xmax>
      <ymax>395.52</ymax>
    </bndbox>
  </object>
  <object>
    <name>WHITE</name>
    <occluded>0</occluded>
    <bndbox>
      <xmin>497.5</xmin>
      <ymin>868.6</ymin>
      <xmax>541.2</xmax>
      <ymax>904.0</ymax>
    </bndbox>
  </object>
  <object>
    <name>WHITE</name>
    <occluded>0</occluded>
    <bndbox>
      <xmin>495.5</xmin>
      <ymin>798.5</ymin>
      <xmax>538.6</xmax>
      <ymax>837.9</ymax>
    </bndbox>
  </object>
  <object>
    <name>WHITE</name>
    <occluded>0</occluded>
    <bndbox>
      <xmin>432.2</xmin>
      <ymin>775.74</ymin>
      <xmax>473.3</xmax>
      <ymax>816.1</ymax>
    </bndbox>
  </object>
  <object>
    <name>WHITE</name>
    <occluded>0</occluded>
    <bndbox>
      <xmin>421.1</xmin>
      <ymin>860.47</ymin>
      <xmax>464.9</xmax>
      <ymax>896.4</ymax>
    </bndbox>
  </object>
  <object>
    <name>WHITE</name>
    <occluded>0</occluded>
    <bndbox>
      <xmin>379.8</xmin>
      <ymin>788.5</ymin>
      <xmax>413.7</xmax>
      <ymax>828.3</ymax>
    </bndbox>
  </object>
  <object>
    <name>WHITE</name>
    <occluded>0</occluded>
    <bndbox>
      <xmin>399.05</xmin>
      <ymin>898.22</ymin>
      <xmax>428.3</xmax>
      <ymax>936.4</ymax>
    </bndbox>
  </object>
  <object>
    <name>WHITE</name>
    <occluded>0</occluded>
    <bndbox>
      <xmin>374.89</xmin>
      <ymin>846.54</ymin>
      <xmax>404.0</xmax>
      <ymax>883.5</ymax>
    </bndbox>
  </object>
  <object>
    <name>WHITE</name>
    <occluded>0</occluded>
    <bndbox>
      <xmin>913.1</xmin>
      <ymin>682.15</ymin>
      <xmax>941.5</xmax>
      <ymax>719.9</ymax>
    </bndbox>
  </object>
  <object>
    <name>WHITE</name>
    <occluded>0</occluded>
    <bndbox>
      <xmin>919.1</xmin>
      <ymin>753.83</ymin>
      <xmax>946.8</xmax>
      <ymax>790.2</ymax>
    </bndbox>
  </object>
  <object>
    <name>WHITE</name>
    <occluded>0</occluded>
    <bndbox>
      <xmin>863.7</xmin>
      <ymin>785.22</ymin>
      <xmax>896.95</xmax>
      <ymax>819.4</ymax>
    </bndbox>
  </object>
  <object>
    <name>WHITE</name>
    <occluded>0</occluded>
    <bndbox>
      <xmin>947.7</xmin>
      <ymin>387.0</ymin>
      <xmax>975.15</xmax>
      <ymax>431.88</ymax>
    </bndbox>
  </object>
  <object>
    <name>BLACK</name>
    <occluded>0</occluded>
    <bndbox>
      <xmin>560.51</xmin>
      <ymin>803.29</ymin>
      <xmax>609.1</xmax>
      <ymax>844.9</ymax>
    </bndbox>
  </object>
  <object>
    <name>WHITE</name>
    <occluded>0</occluded>
    <bndbox>
      <xmin>604.81</xmin>
      <ymin>752.86</ymin>
      <xmax>650.9</xmax>
      <ymax>795.8</ymax>
    </bndbox>
  </object>
  <object>
    <name>WHITE</name>
    <occluded>0</occluded>
    <bndbox>
      <xmin>852.5</xmin>
      <ymin>721.88</ymin>
      <xmax>893.52</xmax>
      <ymax>750.55</ymax>
    </bndbox>
  </object>
  <object>
    <name>WHITE</name>
    <occluded>0</occluded>
    <bndbox>
      <xmin>881.3</xmin>
      <ymin>650.43</ymin>
      <xmax>921.17</xmax>
      <ymax>689.7</ymax>
    </bndbox>
  </object>
  <object>
    <name>WHITE</name>
    <occluded>0</occluded>
    <bndbox>
      <xmin>920.3</xmin>
      <ymin>568.83</ymin>
      <xmax>954.18</xmax>
      <ymax>609.9</ymax>
    </bndbox>
  </object>
  <object>
    <name>WHITE</name>
    <occluded>0</occluded>
    <bndbox>
      <xmin>789.8</xmin>
      <ymin>557.0</ymin>
      <xmax>838.3</xmax>
      <ymax>601.4</ymax>
    </bndbox>
  </object>
  <object>
    <name>BLACK</name>
    <occluded>0</occluded>
    <bndbox>
      <xmin>830.45</xmin>
      <ymin>476.89</ymin>
      <xmax>876.9</xmax>
      <ymax>528.5</ymax>
    </bndbox>
  </object>
  <object>
    <name>WHITE</name>
    <occluded>0</occluded>
    <bndbox>
      <xmin>585.44</xmin>
      <ymin>874.07</ymin>
      <xmax>628.2</xmax>
      <ymax>909.6</ymax>
    </bndbox>
  </object>
  <object>
    <name>WHITE</name>
    <occluded>0</occluded>
    <bndbox>
      <xmin>804.98</xmin>
      <ymin>697.7</ymin>
      <xmax>848.6</xmax>
      <ymax>731.8</ymax>
    </bndbox>
  </object>
  <object>
    <name>WHITE</name>
    <occluded>0</occluded>
    <bndbox>
      <xmin>815.1</xmin>
      <ymin>397.3</ymin>
      <xmax>858.4</xmax>
      <ymax>442.5</ymax>
    </bndbox>
  </object>
  <object>
    <name>WHITE</name>
    <occluded>0</occluded>
    <bndbox>
      <xmin>752.01</xmin>
      <ymin>466.95</ymin>
      <xmax>802.2</xmax>
      <ymax>518.7</ymax>
    </bndbox>
  </object>
  <object>
    <name>WHITE</name>
    <occluded>0</occluded>
    <bndbox>
      <xmin>792.0</xmin>
      <ymin>317.4</ymin>
      <xmax>835.5</xmax>
      <ymax>357.5</ymax>
    </bndbox>
  </object>
  <object>
    <name>WHITE</name>
    <occluded>0</occluded>
    <bndbox>
      <xmin>734.7</xmin>
      <ymin>389.46</ymin>
      <xmax>782.7</xmax>
      <ymax>434.7</ymax>
    </bndbox>
  </object>
  <object>
    <name>WHITE</name>
    <occluded>0</occluded>
    <bndbox>
      <xmin>673.47</xmin>
      <ymin>454.86</ymin>
      <xmax>724.8</xmax>
      <ymax>505.6</ymax>
    </bndbox>
  </object>
  <object>
    <name>WHITE</name>
    <occluded>0</occluded>
    <bndbox>
      <xmin>619.51</xmin>
      <ymin>530.81</ymin>
      <xmax>673.2</xmax>
      <ymax>581.9</ymax>
    </bndbox>
  </object>
  <object>
    <name>WHITE</name>
    <occluded>0</occluded>
    <bndbox>
      <xmin>550.56</xmin>
      <ymin>596.55</ymin>
      <xmax>601.4</xmax>
      <ymax>646.1</ymax>
    </bndbox>
  </object>
  <object>
    <name>WHITE</name>
    <occluded>0</occluded>
    <bndbox>
      <xmin>594.5</xmin>
      <ymin>685.06</ymin>
      <xmax>642.9</xmax>
      <ymax>730.5</ymax>
    </bndbox>
  </object>
  <object>
    <name>WHITE</name>
    <occluded>0</occluded>
    <bndbox>
      <xmin>713.3</xmin>
      <ymin>553.4</ymin>
      <xmax>762.0</xmax>
      <ymax>600.0</ymax>
    </bndbox>
  </object>
  <object>
    <name>WHITE</name>
    <occluded>0</occluded>
    <bndbox>
      <xmin>651.7</xmin>
      <ymin>198.94</ymin>
      <xmax>695.1</xmax>
      <ymax>219.4</ymax>
    </bndbox>
  </object>
  <object>
    <name>WHITE</name>
    <occluded>0</occluded>
    <bndbox>
      <xmin>600.5</xmin>
      <ymin>226.38</ymin>
      <xmax>646.2</xmax>
      <ymax>254.6</ymax>
    </bndbox>
  </object>
  <object>
    <name>WHITE</name>
    <occluded>0</occluded>
    <bndbox>
      <xmin>542.67</xmin>
      <ymin>265.79</ymin>
      <xmax>589.8</xmax>
      <ymax>304.8</ymax>
    </bndbox>
  </object>
  <object>
    <name>WHITE</name>
    <occluded>0</occluded>
    <bndbox>
      <xmin>419.35</xmin>
      <ymin>321.56</ymin>
      <xmax>461.77</xmax>
      <ymax>361.4</ymax>
    </bndbox>
  </object>
  <object>
    <name>WHITE</name>
    <occluded>0</occluded>
    <bndbox>
      <xmin>496.53</xmin>
      <ymin>319.19</ymin>
      <xmax>539.59</xmax>
      <ymax>361.0</ymax>
    </bndbox>
  </object>
  <object>
    <name>WHITE</name>
    <occluded>0</occluded>
    <bndbox>
      <xmin>344.13</xmin>
      <ymin>419.82</ymin>
      <xmax>371.6</xmax>
      <ymax>465.8</ymax>
    </bndbox>
  </object>
  <object>
    <name>WHITE</name>
    <occluded>0</occluded>
    <bndbox>
      <xmin>393.19</xmin>
      <ymin>401.32</ymin>
      <xmax>428.8</xmax>
      <ymax>449.2</ymax>
    </bndbox>
  </object>
  <object>
    <name>WHITE</name>
    <occluded>0</occluded>
    <bndbox>
      <xmin>466.94</xmin>
      <ymin>261.99</ymin>
      <xmax>510.6</xmax>
      <ymax>297.55</ymax>
    </bndbox>
  </object>
  <object>
    <name>WHITE</name>
    <occluded>0</occluded>
    <bndbox>
      <xmin>365.57</xmin>
      <ymin>342.15</ymin>
      <xmax>398.63</xmax>
      <ymax>382.07</ymax>
    </bndbox>
  </object>
  <object>
    <name>WHITE</name>
    <occluded>0</occluded>
    <bndbox>
      <xmin>980.63</xmin>
      <ymin>516.19</ymin>
      <xmax>1005.27</xmax>
      <ymax>561.41</ymax>
    </bndbox>
  </object>
  <object>
    <name>WHITE</name>
    <occluded>0</occluded>
    <bndbox>
      <xmin>950.69</xmin>
      <ymin>605.7</ymin>
      <xmax>977.82</xmax>
      <ymax>647.5</ymax>
    </bndbox>
  </object>
  <object>
    <name>WHITE</name>
    <occluded>0</occluded>
    <bndbox>
      <xmin>882.7</xmin>
      <ymin>530.85</ymin>
      <xmax>919.5</xmax>
      <ymax>574.2</ymax>
    </bndbox>
  </object>
  <object>
    <name>WHITE</name>
    <occluded>0</occluded>
    <bndbox>
      <xmin>316.61</xmin>
      <ymin>456.93</ymin>
      <xmax>333.45</xmax>
      <ymax>500.59</ymax>
    </bndbox>
  </object>
  <object>
    <name>WHITE</name>
    <occluded>0</occluded>
    <bndbox>
      <xmin>349.67</xmin>
      <ymin>518.06</ymin>
      <xmax>384.29</xmax>
      <ymax>564.53</ymax>
    </bndbox>
  </object>
  <object>
    <name>WHITE</name>
    <occluded>0</occluded>
    <bndbox>
      <xmin>848.08</xmin>
      <ymin>611.63</ymin>
      <xmax>888.93</xmax>
      <ymax>651.55</ymax>
    </bndbox>
  </object>
  <object>
    <name>WHITE</name>
    <occluded>0</occluded>
    <bndbox>
      <xmin>933.85</xmin>
      <ymin>713.31</ymin>
      <xmax>963.48</xmax>
      <ymax>747.93</ymax>
    </bndbox>
  </object>
  <object>
    <name>WHITE</name>
    <occluded>0</occluded>
    <bndbox>
      <xmin>886.44</xmin>
      <ymin>738.88</ymin>
      <xmax>917.01</xmax>
      <ymax>776.0</ymax>
    </bndbox>
  </object>
  <object>
    <name>BLACK</name>
    <occluded>0</occluded>
    <bndbox>
      <xmin>911.7</xmin>
      <ymin>833.7</ymin>
      <xmax>947.57</xmax>
      <ymax>875.49</ymax>
    </bndbox>
  </object>
  <object>
    <name>WHITE</name>
    <occluded>0</occluded>
    <bndbox>
      <xmin>881.45</xmin>
      <ymin>821.53</ymin>
      <xmax>913.57</xmax>
      <ymax>863.33</ymax>
    </bndbox>
  </object>
  <object>
    <name>WHITE</name>
    <occluded>0</occluded>
    <bndbox>
      <xmin>949.5</xmin>
      <ymin>480.0</ymin>
      <xmax>974.5</xmax>
      <ymax>522.0</ymax>
    </bndbox>
  </object>
  <object>
    <name>WHITE</name>
    <occluded>0</occluded>
    <bndbox>
      <xmin>840.28</xmin>
      <ymin>878.61</ymin>
      <xmax>874.59</xmax>
      <ymax>916.04</ymax>
    </bndbox>
  </object>
  <object>
    <name>WHITE</name>
    <occluded>0</occluded>
    <bndbox>
      <xmin>808.46</xmin>
      <ymin>853.35</ymin>
      <xmax>845.58</xmax>
      <ymax>892.33</ymax>
    </bndbox>
  </object>
  <object>
    <name>WHITE</name>
    <occluded>0</occluded>
    <bndbox>
      <xmin>624.3</xmin>
      <ymin>295.74</ymin>
      <xmax>674.2</xmax>
      <ymax>338.26</ymax>
    </bndbox>
  </object>
  <object>
    <name>WHITE</name>
    <occluded>0</occluded>
    <bndbox>
      <xmin>569.48</xmin>
      <ymin>346.13</ymin>
      <xmax>622.1</xmax>
      <ymax>390.9</ymax>
    </bndbox>
  </object>
  <object>
    <name>WHITE</name>
    <occluded>0</occluded>
    <bndbox>
      <xmin>515.25</xmin>
      <ymin>402.07</ymin>
      <xmax>562.0</xmax>
      <ymax>450.7</ymax>
    </bndbox>
  </object>
  <object>
    <name>WHITE</name>
    <occluded>0</occluded>
    <bndbox>
      <xmin>454.0</xmin>
      <ymin>461.7</ymin>
      <xmax>495.9</xmax>
      <ymax>507.5</ymax>
    </bndbox>
  </object>
  <object>
    <name>WHITE</name>
    <occluded>0</occluded>
    <bndbox>
      <xmin>397.5</xmin>
      <ymin>486.5</ymin>
      <xmax>435.3</xmax>
      <ymax>532.3</ymax>
    </bndbox>
  </object>
  <object>
    <name>BLACK</name>
    <occluded>0</occluded>
    <bndbox>
      <xmin>448.16</xmin>
      <ymin>377.46</ymin>
      <xmax>488.6</xmax>
      <ymax>430.2</ymax>
    </bndbox>
  </object>
  <object>
    <name>WHITE</name>
    <occluded>0</occluded>
    <bndbox>
      <xmin>402.96</xmin>
      <ymin>275.84</ymin>
      <xmax>438.6</xmax>
      <ymax>307.81</ymax>
    </bndbox>
  </object>
  <object>
    <name>WHITE</name>
    <occluded>0</occluded>
    <bndbox>
      <xmin>710.62</xmin>
      <ymin>709.9</ymin>
      <xmax>757.41</xmax>
      <ymax>753.56</ymax>
    </bndbox>
  </object>
  <object>
    <name>WHITE</name>
    <occluded>0</occluded>
    <bndbox>
      <xmin>994.36</xmin>
      <ymin>428.23</ymin>
      <xmax>1011.51</xmax>
      <ymax>471.28</ymax>
    </bndbox>
  </object>
  <object>
    <name>WHITE</name>
    <occluded>0</occluded>
    <bndbox>
      <xmin>919.19</xmin>
      <ymin>306.28</ymin>
      <xmax>951.63</xmax>
      <ymax>345.58</ymax>
    </bndbox>
  </object>
  <object>
    <name>WHITE</name>
    <occluded>0</occluded>
    <bndbox>
      <xmin>854.63</xmin>
      <ymin>284.14</ymin>
      <xmax>894.24</xmax>
      <ymax>317.82</ymax>
    </bndbox>
  </object>
  <object>
    <name>WHITE</name>
    <occluded>0</occluded>
    <bndbox>
      <xmin>506.86</xmin>
      <ymin>217.7</ymin>
      <xmax>550.53</xmax>
      <ymax>244.53</ymax>
    </bndbox>
  </object>
  <object>
    <name>WHITE</name>
    <occluded>0</occluded>
    <bndbox>
      <xmin>735.17</xmin>
      <ymin>210.53</ymin>
      <xmax>775.72</xmax>
      <ymax>236.42</ymax>
    </bndbox>
  </object>
  <object>
    <name>WHITE</name>
    <occluded>0</occluded>
    <bndbox>
      <xmin>728.62</xmin>
      <ymin>917.91</ymin>
      <xmax>766.05</xmax>
      <ymax>948.79</ymax>
    </bndbox>
  </object>
  <object>
    <name>WHITE</name>
    <occluded>0</occluded>
    <bndbox>
      <xmin>658.85</xmin>
      <ymin>913.32</ymin>
      <xmax>698.49</xmax>
      <ymax>946.7</ymax>
    </bndbox>
  </object>
  <object>
    <name>WHITE</name>
    <occluded>0</occluded>
    <bndbox>
      <xmin>542.82</xmin>
      <ymin>929.23</ymin>
      <xmax>587.77</xmax>
      <ymax>955.43</ymax>
    </bndbox>
  </object>
  <object>
    <name>WHITE</name>
    <occluded>0</occluded>
    <bndbox>
      <xmin>457.4</xmin>
      <ymin>927.67</ymin>
      <xmax>499.5</xmax>
      <ymax>955.12</ymax>
    </bndbox>
  </object>
  <object>
    <name>BLACK</name>
    <occluded>0</occluded>
    <bndbox>
      <xmin>345.11</xmin>
      <ymin>772.35</ymin>
      <xmax>369.44</xmax>
      <ymax>814.14</ymax>
    </bndbox>
  </object>
  <object>
    <name>WHITE</name>
    <occluded>0</occluded>
    <bndbox>
      <xmin>656.2</xmin>
      <ymin>630.5</ymin>
      <xmax>706.6</xmax>
      <ymax>677.3</ymax>
    </bndbox>
  </object>
  <object>
    <name>WHITE</name>
    <occluded>0</occluded>
    <bndbox>
      <xmin>515.3</xmin>
      <ymin>732.7</ymin>
      <xmax>560.2</xmax>
      <ymax>777.1</ymax>
    </bndbox>
  </object>
  <object>
    <name>WHITE</name>
    <occluded>0</occluded>
    <bndbox>
      <xmin>490.72</xmin>
      <ymin>648.02</ymin>
      <xmax>538.2</xmax>
      <ymax>694.0</ymax>
    </bndbox>
  </object>
  <object>
    <name>WHITE</name>
    <occluded>0</occluded>
    <bndbox>
      <xmin>433.3</xmin>
      <ymin>695.06</ymin>
      <xmax>482.0</xmax>
      <ymax>739.6</ymax>
    </bndbox>
  </object>
  <object>
    <name>WHITE</name>
    <occluded>0</occluded>
    <bndbox>
      <xmin>766.72</xmin>
      <ymin>258.02</ymin>
      <xmax>810.8</xmax>
      <ymax>293.2</ymax>
    </bndbox>
  </object>
  <object>
    <name>WHITE</name>
    <occluded>0</occluded>
    <bndbox>
      <xmin>701.4</xmin>
      <ymin>317.5</ymin>
      <xmax>749.0</xmax>
      <ymax>357.9</ymax>
    </bndbox>
  </object>
  <object>
    <name>WHITE</name>
    <occluded>0</occluded>
    <bndbox>
      <xmin>648.82</xmin>
      <ymin>373.25</ymin>
      <xmax>700.3</xmax>
      <ymax>419.9</ymax>
    </bndbox>
  </object>
  <object>
    <name>WHITE</name>
    <occluded>0</occluded>
    <bndbox>
      <xmin>592.26</xmin>
      <ymin>430.57</ymin>
      <xmax>643.1</xmax>
      <ymax>481.1</ymax>
    </bndbox>
  </object>
  <object>
    <name>WHITE</name>
    <occluded>0</occluded>
    <bndbox>
      <xmin>534.14</xmin>
      <ymin>501.48</ymin>
      <xmax>581.6</xmax>
      <ymax>550.4</ymax>
    </bndbox>
  </object>
  <object>
    <name>WHITE</name>
    <occluded>0</occluded>
    <bndbox>
      <xmin>471.4</xmin>
      <ymin>558.5</ymin>
      <xmax>515.1</xmax>
      <ymax>602.5</ymax>
    </bndbox>
  </object>
  <object>
    <name>WHITE</name>
    <occluded>0</occluded>
    <bndbox>
      <xmin>414.3</xmin>
      <ymin>585.79</ymin>
      <xmax>457.0</xmax>
      <ymax>629.5</ymax>
    </bndbox>
  </object>
  <object>
    <name>WHITE</name>
    <occluded>0</occluded>
    <bndbox>
      <xmin>369.9</xmin>
      <ymin>611.98</ymin>
      <xmax>402.8</xmax>
      <ymax>655.8</ymax>
    </bndbox>
  </object>
  <object>
    <name>WHITE</name>
    <occluded>0</occluded>
    <bndbox>
      <xmin>685.6</xmin>
      <ymin>253.5</ymin>
      <xmax>731.0</xmax>
      <ymax>285.9</ymax>
    </bndbox>
  </object>
</annotation>
