<annotation>
  <folder>MB</folder>
  <filename>MB_camera3.png</filename>
  <source>
    <database>Unknown</database>
    <annotation>Unknown</annotation>
    <image>Unknown</image>
  </source>
  <size>
    <width>1280</width>
    <height>960</height>
    <depth></depth>
  </size>
  <segmented>0</segmented>
  <object>
    <name>WHITE</name>
    <occluded>0</occluded>
    <bndbox>
      <xmin>627.01</xmin>
      <ymin>417.11</ymin>
      <xmax>669.17</xmax>
      <ymax>458.71</ymax>
    </bndbox>
  </object>
  <object>
    <name>WHITE</name>
    <occluded>0</occluded>
    <bndbox>
      <xmin>590.0</xmin>
      <ymin>342.75</ymin>
      <xmax>633.07</xmax>
      <ymax>384.63</ymax>
    </bndbox>
  </object>
  <object>
    <name>WHITE</name>
    <occluded>0</occluded>
    <bndbox>
      <xmin>515.1</xmin>
      <ymin>357.56</ymin>
      <xmax>556.1</xmax>
      <ymax>397.56</ymax>
    </bndbox>
  </object>
  <object>
    <name>WHITE</name>
    <occluded>0</occluded>
    <bndbox>
      <xmin>482.9</xmin>
      <ymin>292.6</ymin>
      <xmax>527.01</xmax>
      <ymax>331.96</ymax>
    </bndbox>
  </object>
  <object>
    <name>WHITE</name>
    <occluded>0</occluded>
    <bndbox>
      <xmin>316.63</xmin>
      <ymin>372.93</ymin>
      <xmax>342.63</xmax>
      <ymax>413.93</ymax>
    </bndbox>
  </object>
  <object>
    <name>WHITE</name>
    <occluded>0</occluded>
    <bndbox>
      <xmin>534.66</xmin>
      <ymin>239.7</ymin>
      <xmax>575.66</xmax>
      <ymax>270.9</ymax>
    </bndbox>
  </object>
  <object>
    <name>WHITE</name>
    <occluded>0</occluded>
    <bndbox>
      <xmin>595.6</xmin>
      <ymin>190.2</ymin>
      <xmax>636.07</xmax>
      <ymax>214.91</ymax>
    </bndbox>
  </object>
  <object>
    <name>WHITE</name>
    <occluded>0</occluded>
    <bndbox>
      <xmin>435.5</xmin>
      <ymin>354.2</ymin>
      <xmax>476.65</xmax>
      <ymax>400.18</ymax>
    </bndbox>
  </object>
  <object>
    <name>WHITE</name>
    <occluded>0</occluded>
    <bndbox>
      <xmin>404.3</xmin>
      <ymin>424.08</ymin>
      <xmax>445.6</xmax>
      <ymax>470.5</ymax>
    </bndbox>
  </object>
  <object>
    <name>WHITE</name>
    <occluded>0</occluded>
    <bndbox>
      <xmin>364.81</xmin>
      <ymin>498.96</ymin>
      <xmax>399.4</xmax>
      <ymax>543.1</ymax>
    </bndbox>
  </object>
  <object>
    <name>WHITE</name>
    <occluded>0</occluded>
    <bndbox>
      <xmin>704.8</xmin>
      <ymin>229.6</ymin>
      <xmax>751.5</xmax>
      <ymax>256.2</ymax>
    </bndbox>
  </object>
  <object>
    <name>WHITE</name>
    <occluded>0</occluded>
    <bndbox>
      <xmin>740.3</xmin>
      <ymin>644.73</ymin>
      <xmax>785.9</xmax>
      <ymax>686.73</ymax>
    </bndbox>
  </object>
  <object>
    <name>WHITE</name>
    <occluded>0</occluded>
    <bndbox>
      <xmin>779.47</xmin>
      <ymin>550.46</ymin>
      <xmax>824.5</xmax>
      <ymax>595.2</ymax>
    </bndbox>
  </object>
  <object>
    <name>WHITE</name>
    <occluded>0</occluded>
    <bndbox>
      <xmin>805.76</xmin>
      <ymin>455.17</ymin>
      <xmax>849.6</xmax>
      <ymax>501.6</ymax>
    </bndbox>
  </object>
  <object>
    <name>WHITE</name>
    <occluded>0</occluded>
    <bndbox>
      <xmin>821.1</xmin>
      <ymin>371.2</ymin>
      <xmax>857.33</xmax>
      <ymax>414.72</ymax>
    </bndbox>
  </object>
  <object>
    <name>WHITE</name>
    <occluded>0</occluded>
    <bndbox>
      <xmin>837.4</xmin>
      <ymin>589.6</ymin>
      <xmax>876.6</xmax>
      <ymax>633.3</ymax>
    </bndbox>
  </object>
  <object>
    <name>WHITE</name>
    <occluded>0</occluded>
    <bndbox>
      <xmin>868.7</xmin>
      <ymin>499.5</ymin>
      <xmax>903.1</xmax>
      <ymax>544.1</ymax>
    </bndbox>
  </object>
  <object>
    <name>WHITE</name>
    <occluded>0</occluded>
    <bndbox>
      <xmin>887.3</xmin>
      <ymin>413.4</ymin>
      <xmax>915.4</xmax>
      <ymax>457.23</ymax>
    </bndbox>
  </object>
  <object>
    <name>WHITE</name>
    <occluded>0</occluded>
    <bndbox>
      <xmin>461.5</xmin>
      <ymin>234.17</ymin>
      <xmax>500.93</xmax>
      <ymax>261.7</ymax>
    </bndbox>
  </object>
  <object>
    <name>WHITE</name>
    <occluded>0</occluded>
    <bndbox>
      <xmin>348.3</xmin>
      <ymin>304.05</ymin>
      <xmax>377.16</xmax>
      <ymax>343.1</ymax>
    </bndbox>
  </object>
  <object>
    <name>WHITE</name>
    <occluded>0</occluded>
    <bndbox>
      <xmin>416.57</xmin>
      <ymin>282.0</ymin>
      <xmax>457.77</xmax>
      <ymax>322.0</ymax>
    </bndbox>
  </object>
  <object>
    <name>WHITE</name>
    <occluded>0</occluded>
    <bndbox>
      <xmin>372.52</xmin>
      <ymin>350.1</ymin>
      <xmax>413.0</xmax>
      <ymax>392.7</ymax>
    </bndbox>
  </object>
  <object>
    <name>BLACK</name>
    <occluded>0</occluded>
    <bndbox>
      <xmin>349.4</xmin>
      <ymin>424.47</ymin>
      <xmax>389.3</xmax>
      <ymax>465.7</ymax>
    </bndbox>
  </object>
  <object>
    <name>WHITE</name>
    <occluded>0</occluded>
    <bndbox>
      <xmin>805.29</xmin>
      <ymin>295.21</ymin>
      <xmax>845.83</xmax>
      <ymax>337.57</ymax>
    </bndbox>
  </object>
  <object>
    <name>WHITE</name>
    <occluded>0</occluded>
    <bndbox>
      <xmin>878.32</xmin>
      <ymin>333.15</ymin>
      <xmax>906.65</xmax>
      <ymax>371.1</ymax>
    </bndbox>
  </object>
  <object>
    <name>WHITE</name>
    <occluded>0</occluded>
    <bndbox>
      <xmin>310.23</xmin>
      <ymin>461.86</ymin>
      <xmax>338.84</xmax>
      <ymax>505.53</ymax>
    </bndbox>
  </object>
  <object>
    <name>WHITE</name>
    <occluded>0</occluded>
    <bndbox>
      <xmin>291.54</xmin>
      <ymin>490.97</ymin>
      <xmax>316.23</xmax>
      <ymax>533.6</ymax>
    </bndbox>
  </object>
  <object>
    <name>WHITE</name>
    <occluded>0</occluded>
    <bndbox>
      <xmin>337.21</xmin>
      <ymin>811.65</ymin>
      <xmax>360.86</xmax>
      <ymax>850.12</ymax>
    </bndbox>
  </object>
  <object>
    <name>WHITE</name>
    <occluded>0</occluded>
    <bndbox>
      <xmin>918.27</xmin>
      <ymin>549.84</ymin>
      <xmax>940.88</xmax>
      <ymax>593.77</ymax>
    </bndbox>
  </object>
  <object>
    <name>WHITE</name>
    <occluded>0</occluded>
    <bndbox>
      <xmin>953.36</xmin>
      <ymin>513.71</ymin>
      <xmax>978.05</xmax>
      <ymax>559.46</ymax>
    </bndbox>
  </object>
  <object>
    <name>WHITE</name>
    <occluded>0</occluded>
    <bndbox>
      <xmin>929.32</xmin>
      <ymin>381.98</ymin>
      <xmax>952.49</xmax>
      <ymax>422.05</ymax>
    </bndbox>
  </object>
  <object>
    <name>WHITE</name>
    <occluded>0</occluded>
    <bndbox>
      <xmin>778.67</xmin>
      <ymin>241.3</ymin>
      <xmax>817.66</xmax>
      <ymax>269.14</ymax>
    </bndbox>
  </object>
  <object>
    <name>WHITE</name>
    <occluded>0</occluded>
    <bndbox>
      <xmin>511.85</xmin>
      <ymin>196.75</ymin>
      <xmax>554.31</xmax>
      <ymax>220.58</ymax>
    </bndbox>
  </object>
  <object>
    <name>WHITE</name>
    <occluded>0</occluded>
    <bndbox>
      <xmin>448.76</xmin>
      <ymin>857.28</ymin>
      <xmax>481.68</xmax>
      <ymax>899.52</ymax>
    </bndbox>
  </object>
  <object>
    <name>WHITE</name>
    <occluded>0</occluded>
    <bndbox>
      <xmin>489.26</xmin>
      <ymin>902.76</ymin>
      <xmax>530.42</xmax>
      <ymax>943.7</ymax>
    </bndbox>
  </object>
  <object>
    <name>WHITE</name>
    <occluded>0</occluded>
    <bndbox>
      <xmin>360.5</xmin>
      <ymin>798.02</ymin>
      <xmax>391.49</xmax>
      <ymax>840.26</ymax>
    </bndbox>
  </object>
  <object>
    <name>WHITE</name>
    <occluded>0</occluded>
    <bndbox>
      <xmin>320.23</xmin>
      <ymin>727.41</ymin>
      <xmax>349.69</xmax>
      <ymax>768.13</ymax>
    </bndbox>
  </object>
  <object>
    <name>WHITE</name>
    <occluded>0</occluded>
    <bndbox>
      <xmin>354.6</xmin>
      <ymin>619.32</ymin>
      <xmax>383.97</xmax>
      <ymax>661.16</ymax>
    </bndbox>
  </object>
  <object>
    <name>WHITE</name>
    <occluded>0</occluded>
    <bndbox>
      <xmin>322.89</xmin>
      <ymin>645.83</ymin>
      <xmax>351.74</xmax>
      <ymax>684.03</ymax>
    </bndbox>
  </object>
  <object>
    <name>WHITE</name>
    <occluded>0</occluded>
    <bndbox>
      <xmin>309.11</xmin>
      <ymin>570.97</ymin>
      <xmax>334.4</xmax>
      <ymax>611.7</ymax>
    </bndbox>
  </object>
  <object>
    <name>WHITE</name>
    <occluded>0</occluded>
    <bndbox>
      <xmin>330.42</xmin>
      <ymin>539.0</ymin>
      <xmax>353.82</xmax>
      <ymax>579.55</ymax>
    </bndbox>
  </object>
  <object>
    <name>WHITE</name>
    <occluded>0</occluded>
    <bndbox>
      <xmin>929.78</xmin>
      <ymin>476.62</ymin>
      <xmax>954.73</xmax>
      <ymax>522.11</ymax>
    </bndbox>
  </object>
  <object>
    <name>WHITE</name>
    <occluded>0</occluded>
    <bndbox>
      <xmin>678.64</xmin>
      <ymin>928.39</ymin>
      <xmax>723.2</xmax>
      <ymax>960.0</ymax>
    </bndbox>
  </object>
  <object>
    <name>WHITE</name>
    <occluded>0</occluded>
    <bndbox>
      <xmin>837.6</xmin>
      <ymin>790.08</ymin>
      <xmax>869.88</xmax>
      <ymax>831.5</ymax>
    </bndbox>
  </object>
  <object>
    <name>WHITE</name>
    <occluded>0</occluded>
    <bndbox>
      <xmin>772.9</xmin>
      <ymin>885.72</ymin>
      <xmax>811.49</xmax>
      <ymax>923.7</ymax>
    </bndbox>
  </object>
  <object>
    <name>WHITE</name>
    <occluded>0</occluded>
    <bndbox>
      <xmin>541.7</xmin>
      <ymin>420.2</ymin>
      <xmax>592.5</xmax>
      <ymax>470.5</ymax>
    </bndbox>
  </object>
  <object>
    <name>WHITE</name>
    <occluded>0</occluded>
    <bndbox>
      <xmin>646.23</xmin>
      <ymin>271.98</ymin>
      <xmax>693.9</xmax>
      <ymax>309.8</ymax>
    </bndbox>
  </object>
  <object>
    <name>WHITE</name>
    <occluded>0</occluded>
    <bndbox>
      <xmin>492.63</xmin>
      <ymin>711.35</ymin>
      <xmax>535.3</xmax>
      <ymax>754.7</ymax>
    </bndbox>
  </object>
  <object>
    <name>WHITE</name>
    <occluded>0</occluded>
    <bndbox>
      <xmin>510.5</xmin>
      <ymin>656.75</ymin>
      <xmax>557.5</xmax>
      <ymax>698.4</ymax>
    </bndbox>
  </object>
  <object>
    <name>WHITE</name>
    <occluded>0</occluded>
    <bndbox>
      <xmin>550.51</xmin>
      <ymin>582.4</ymin>
      <xmax>594.8</xmax>
      <ymax>628.74</ymax>
    </bndbox>
  </object>
  <object>
    <name>WHITE</name>
    <occluded>0</occluded>
    <bndbox>
      <xmin>585.7</xmin>
      <ymin>496.5</ymin>
      <xmax>631.9</xmax>
      <ymax>544.51</ymax>
    </bndbox>
  </object>
  <object>
    <name>WHITE</name>
    <occluded>0</occluded>
    <bndbox>
      <xmin>675.3</xmin>
      <ymin>333.79</ymin>
      <xmax>719.2</xmax>
      <ymax>377.0</ymax>
    </bndbox>
  </object>
  <object>
    <name>WHITE</name>
    <occluded>0</occluded>
    <bndbox>
      <xmin>402.18</xmin>
      <ymin>877.66</ymin>
      <xmax>436.0</xmax>
      <ymax>908.0</ymax>
    </bndbox>
  </object>
  <object>
    <name>WHITE</name>
    <occluded>0</occluded>
    <bndbox>
      <xmin>500.2</xmin>
      <ymin>833.33</ymin>
      <xmax>537.93</xmax>
      <ymax>874.09</ymax>
    </bndbox>
  </object>
  <object>
    <name>BLACK</name>
    <occluded>0</occluded>
    <bndbox>
      <xmin>523.1</xmin>
      <ymin>773.08</ymin>
      <xmax>564.8</xmax>
      <ymax>817.7</ymax>
    </bndbox>
  </object>
  <object>
    <name>WHITE</name>
    <occluded>0</occluded>
    <bndbox>
      <xmin>572.51</xmin>
      <ymin>716.08</ymin>
      <xmax>617.4</xmax>
      <ymax>760.6</ymax>
    </bndbox>
  </object>
  <object>
    <name>WHITE</name>
    <occluded>0</occluded>
    <bndbox>
      <xmin>604.53</xmin>
      <ymin>646.46</ymin>
      <xmax>651.5</xmax>
      <ymax>688.95</ymax>
    </bndbox>
  </object>
  <object>
    <name>WHITE</name>
    <occluded>0</occluded>
    <bndbox>
      <xmin>626.77</xmin>
      <ymin>568.71</ymin>
      <xmax>674.9</xmax>
      <ymax>613.9</ymax>
    </bndbox>
  </object>
  <object>
    <name>WHITE</name>
    <occluded>0</occluded>
    <bndbox>
      <xmin>661.22</xmin>
      <ymin>481.9</ymin>
      <xmax>710.1</xmax>
      <ymax>531.0</ymax>
    </bndbox>
  </object>
  <object>
    <name>BLACK</name>
    <occluded>0</occluded>
    <bndbox>
      <xmin>689.66</xmin>
      <ymin>404.57</ymin>
      <xmax>738.4</xmax>
      <ymax>454.1</ymax>
    </bndbox>
  </object>
  <object>
    <name>WHITE</name>
    <occluded>0</occluded>
    <bndbox>
      <xmin>587.91</xmin>
      <ymin>794.03</ymin>
      <xmax>630.1</xmax>
      <ymax>832.03</ymax>
    </bndbox>
  </object>
  <object>
    <name>WHITE</name>
    <occluded>0</occluded>
    <bndbox>
      <xmin>651.72</xmin>
      <ymin>786.76</ymin>
      <xmax>696.9</xmax>
      <ymax>828.4</ymax>
    </bndbox>
  </object>
  <object>
    <name>WHITE</name>
    <occluded>0</occluded>
    <bndbox>
      <xmin>573.13</xmin>
      <ymin>849.78</ymin>
      <xmax>617.6</xmax>
      <ymax>890.1</ymax>
    </bndbox>
  </object>
  <object>
    <name>WHITE</name>
    <occluded>0</occluded>
    <bndbox>
      <xmin>525.96</xmin>
      <ymin>896.62</ymin>
      <xmax>567.1</xmax>
      <ymax>929.8</ymax>
    </bndbox>
  </object>
  <object>
    <name>WHITE</name>
    <occluded>0</occluded>
    <bndbox>
      <xmin>717.69</xmin>
      <ymin>810.0</ymin>
      <xmax>761.2</xmax>
      <ymax>854.3</ymax>
    </bndbox>
  </object>
  <object>
    <name>WHITE</name>
    <occluded>0</occluded>
    <bndbox>
      <xmin>647.19</xmin>
      <ymin>864.7</ymin>
      <xmax>690.6</xmax>
      <ymax>908.7</ymax>
    </bndbox>
  </object>
  <object>
    <name>WHITE</name>
    <occluded>0</occluded>
    <bndbox>
      <xmin>602.15</xmin>
      <ymin>911.09</ymin>
      <xmax>639.6</xmax>
      <ymax>951.9</ymax>
    </bndbox>
  </object>
  <object>
    <name>BLACK</name>
    <occluded>0</occluded>
    <bndbox>
      <xmin>781.44</xmin>
      <ymin>804.29</ymin>
      <xmax>822.2</xmax>
      <ymax>850.1</ymax>
    </bndbox>
  </object>
  <object>
    <name>WHITE</name>
    <occluded>0</occluded>
    <bndbox>
      <xmin>719.2</xmin>
      <ymin>879.31</ymin>
      <xmax>760.55</xmax>
      <ymax>916.0</ymax>
    </bndbox>
  </object>
  <object>
    <name>WHITE</name>
    <occluded>0</occluded>
    <bndbox>
      <xmin>395.0</xmin>
      <ymin>581.3</ymin>
      <xmax>426.9</xmax>
      <ymax>625.14</ymax>
    </bndbox>
  </object>
  <object>
    <name>WHITE</name>
    <occluded>0</occluded>
    <bndbox>
      <xmin>422.38</xmin>
      <ymin>510.3</ymin>
      <xmax>466.0</xmax>
      <ymax>552.31</ymax>
    </bndbox>
  </object>
  <object>
    <name>WHITE</name>
    <occluded>0</occluded>
    <bndbox>
      <xmin>466.49</xmin>
      <ymin>427.24</ymin>
      <xmax>513.4</xmax>
      <ymax>471.3</ymax>
    </bndbox>
  </object>
  <object>
    <name>WHITE</name>
    <occluded>0</occluded>
    <bndbox>
      <xmin>555.9</xmin>
      <ymin>291.9</ymin>
      <xmax>598.49</xmax>
      <ymax>330.12</ymax>
    </bndbox>
  </object>
  <object>
    <name>WHITE</name>
    <occluded>0</occluded>
    <bndbox>
      <xmin>619.33</xmin>
      <ymin>227.57</ymin>
      <xmax>661.9</xmax>
      <ymax>255.4</ymax>
    </bndbox>
  </object>
  <object>
    <name>WHITE</name>
    <occluded>0</occluded>
    <bndbox>
      <xmin>412.8</xmin>
      <ymin>650.2</ymin>
      <xmax>451.4</xmax>
      <ymax>691.9</ymax>
    </bndbox>
  </object>
  <object>
    <name>WHITE</name>
    <occluded>0</occluded>
    <bndbox>
      <xmin>464.66</xmin>
      <ymin>587.84</ymin>
      <xmax>501.27</xmax>
      <ymax>631.3</ymax>
    </bndbox>
  </object>
  <object>
    <name>WHITE</name>
    <occluded>0</occluded>
    <bndbox>
      <xmin>500.8</xmin>
      <ymin>505.3</ymin>
      <xmax>547.2</xmax>
      <ymax>551.9</ymax>
    </bndbox>
  </object>
  <object>
    <name>WHITE</name>
    <occluded>0</occluded>
    <bndbox>
      <xmin>649.69</xmin>
      <ymin>727.0</ymin>
      <xmax>693.9</xmax>
      <ymax>764.39</ymax>
    </bndbox>
  </object>
  <object>
    <name>WHITE</name>
    <occluded>0</occluded>
    <bndbox>
      <xmin>685.17</xmin>
      <ymin>597.28</ymin>
      <xmax>731.2</xmax>
      <ymax>642.4</ymax>
    </bndbox>
  </object>
  <object>
    <name>WHITE</name>
    <occluded>0</occluded>
    <bndbox>
      <xmin>718.6</xmin>
      <ymin>510.87</ymin>
      <xmax>767.32</xmax>
      <ymax>556.6</ymax>
    </bndbox>
  </object>
  <object>
    <name>WHITE</name>
    <occluded>0</occluded>
    <bndbox>
      <xmin>746.55</xmin>
      <ymin>430.24</ymin>
      <xmax>789.6</xmax>
      <ymax>476.4</ymax>
    </bndbox>
  </object>
  <object>
    <name>WHITE</name>
    <occluded>0</occluded>
    <bndbox>
      <xmin>746.45</xmin>
      <ymin>344.28</ymin>
      <xmax>789.9</xmax>
      <ymax>386.89</ymax>
    </bndbox>
  </object>
  <object>
    <name>WHITE</name>
    <occluded>0</occluded>
    <bndbox>
      <xmin>727.05</xmin>
      <ymin>277.18</ymin>
      <xmax>770.4</xmax>
      <ymax>315.8</ymax>
    </bndbox>
  </object>
</annotation>
