<annotation>
  <folder>MB</folder>
  <filename>MB_camera1.png</filename>
  <source>
    <database>Unknown</database>
    <annotation>Unknown</annotation>
    <image>Unknown</image>
  </source>
  <size>
    <width>960</width>
    <height>1280</height>
    <depth></depth>
  </size>
  <segmented>0</segmented>
  <object>
    <name>WHITE</name>
    <occluded>0</occluded>
    <bndbox>
      <xmin>481.0</xmin>
      <ymin>407.3</ymin>
      <xmax>526.7</xmax>
      <ymax>447.5</ymax>
    </bndbox>
  </object>
  <object>
    <name>WHITE</name>
    <occluded>0</occluded>
    <bndbox>
      <xmin>253.6</xmin>
      <ymin>472.99</ymin>
      <xmax>285.56</xmax>
      <ymax>517.7</ymax>
    </bndbox>
  </object>
  <object>
    <name>WHITE</name>
    <occluded>0</occluded>
    <bndbox>
      <xmin>301.99</xmin>
      <ymin>606.65</ymin>
      <xmax>340.6</xmax>
      <ymax>652.9</ymax>
    </bndbox>
  </object>
  <object>
    <name>WHITE</name>
    <occluded>0</occluded>
    <bndbox>
      <xmin>360.37</xmin>
      <ymin>684.08</ymin>
      <xmax>403.2</xmax>
      <ymax>728.3</ymax>
    </bndbox>
  </object>
  <object>
    <name>WHITE</name>
    <occluded>0</occluded>
    <bndbox>
      <xmin>213.3</xmin>
      <ymin>540.0</ymin>
      <xmax>242.86</xmax>
      <ymax>582.5</ymax>
    </bndbox>
  </object>
  <object>
    <name>BLACK</name>
    <occluded>0</occluded>
    <bndbox>
      <xmin>289.43</xmin>
      <ymin>369.65</ymin>
      <xmax>327.27</xmax>
      <ymax>401.25</ymax>
    </bndbox>
  </object>
  <object>
    <name>WHITE</name>
    <occluded>0</occluded>
    <bndbox>
      <xmin>178.81</xmin>
      <ymin>550.55</ymin>
      <xmax>201.27</xmax>
      <ymax>592.97</ymax>
    </bndbox>
  </object>
  <object>
    <name>WHITE</name>
    <occluded>0</occluded>
    <bndbox>
      <xmin>207.92</xmin>
      <ymin>484.01</ymin>
      <xmax>234.12</xmax>
      <ymax>524.35</ymax>
    </bndbox>
  </object>
  <object>
    <name>WHITE</name>
    <occluded>0</occluded>
    <bndbox>
      <xmin>650.81</xmin>
      <ymin>346.57</ymin>
      <xmax>677.43</xmax>
      <ymax>383.17</ymax>
    </bndbox>
  </object>
  <object>
    <name>WHITE</name>
    <occluded>0</occluded>
    <bndbox>
      <xmin>625.86</xmin>
      <ymin>401.46</ymin>
      <xmax>664.54</xmax>
      <ymax>443.05</ymax>
    </bndbox>
  </object>
  <object>
    <name>WHITE</name>
    <occluded>0</occluded>
    <bndbox>
      <xmin>558.08</xmin>
      <ymin>300.41</ymin>
      <xmax>597.58</xmax>
      <ymax>324.11</ymax>
    </bndbox>
  </object>
  <object>
    <name>WHITE</name>
    <occluded>0</occluded>
    <bndbox>
      <xmin>352.64</xmin>
      <ymin>351.14</ymin>
      <xmax>396.31</xmax>
      <ymax>388.16</ymax>
    </bndbox>
  </object>
  <object>
    <name>WHITE</name>
    <occluded>0</occluded>
    <bndbox>
      <xmin>720.2</xmin>
      <ymin>684.83</ymin>
      <xmax>744.51</xmax>
      <ymax>728.14</ymax>
    </bndbox>
  </object>
  <object>
    <name>WHITE</name>
    <occluded>0</occluded>
    <bndbox>
      <xmin>711.32</xmin>
      <ymin>759.23</ymin>
      <xmax>739.46</xmax>
      <ymax>796.36</ymax>
    </bndbox>
  </object>
  <object>
    <name>WHITE</name>
    <occluded>0</occluded>
    <bndbox>
      <xmin>661.38</xmin>
      <ymin>738.02</ymin>
      <xmax>693.4</xmax>
      <ymax>782.52</ymax>
    </bndbox>
  </object>
  <object>
    <name>WHITE</name>
    <occluded>0</occluded>
    <bndbox>
      <xmin>173.95</xmin>
      <ymin>682.29</ymin>
      <xmax>200.19</xmax>
      <ymax>725.96</ymax>
    </bndbox>
  </object>
  <object>
    <name>WHITE</name>
    <occluded>0</occluded>
    <bndbox>
      <xmin>202.68</xmin>
      <ymin>760.06</ymin>
      <xmax>233.45</xmax>
      <ymax>802.89</ymax>
    </bndbox>
  </object>
  <object>
    <name>WHITE</name>
    <occluded>0</occluded>
    <bndbox>
      <xmin>663.17</xmin>
      <ymin>821.52</ymin>
      <xmax>699.1</xmax>
      <ymax>860.44</ymax>
    </bndbox>
  </object>
  <object>
    <name>WHITE</name>
    <occluded>0</occluded>
    <bndbox>
      <xmin>559.87</xmin>
      <ymin>935.29</ymin>
      <xmax>603.29</xmax>
      <ymax>960.25</ymax>
    </bndbox>
  </object>
  <object>
    <name>WHITE</name>
    <occluded>0</occluded>
    <bndbox>
      <xmin>584.82</xmin>
      <ymin>880.9</ymin>
      <xmax>627.74</xmax>
      <ymax>909.84</ymax>
    </bndbox>
  </object>
  <object>
    <name>WHITE</name>
    <occluded>0</occluded>
    <bndbox>
      <xmin>409.16</xmin>
      <ymin>933.3</ymin>
      <xmax>454.08</xmax>
      <ymax>960.25</ymax>
    </bndbox>
  </object>
  <object>
    <name>WHITE</name>
    <occluded>0</occluded>
    <bndbox>
      <xmin>263.45</xmin>
      <ymin>894.37</ymin>
      <xmax>300.38</xmax>
      <ymax>927.86</ymax>
    </bndbox>
  </object>
  <object>
    <name>WHITE</name>
    <occluded>0</occluded>
    <bndbox>
      <xmin>240.14</xmin>
      <ymin>600.0</ymin>
      <xmax>270.14</xmax>
      <ymax>641.0</ymax>
    </bndbox>
  </object>
  <object>
    <name>WHITE</name>
    <occluded>0</occluded>
    <bndbox>
      <xmin>494.96</xmin>
      <ymin>915.24</ymin>
      <xmax>538.4</xmax>
      <ymax>940.2</ymax>
    </bndbox>
  </object>
  <object>
    <name>WHITE</name>
    <occluded>0</occluded>
    <bndbox>
      <xmin>405.36</xmin>
      <ymin>309.33</ymin>
      <xmax>446.15</xmax>
      <ymax>337.4</ymax>
    </bndbox>
  </object>
  <object>
    <name>WHITE</name>
    <occluded>0</occluded>
    <bndbox>
      <xmin>455.29</xmin>
      <ymin>283.69</ymin>
      <xmax>502.2</xmax>
      <ymax>305.4</ymax>
    </bndbox>
  </object>
  <object>
    <name>WHITE</name>
    <occluded>0</occluded>
    <bndbox>
      <xmin>329.78</xmin>
      <ymin>464.87</ymin>
      <xmax>372.71</xmax>
      <ymax>510.1</ymax>
    </bndbox>
  </object>
  <object>
    <name>WHITE</name>
    <occluded>0</occluded>
    <bndbox>
      <xmin>384.1</xmin>
      <ymin>397.89</ymin>
      <xmax>427.9</xmax>
      <ymax>443.9</ymax>
    </bndbox>
  </object>
  <object>
    <name>WHITE</name>
    <occluded>0</occluded>
    <bndbox>
      <xmin>442.4</xmin>
      <ymin>347.75</ymin>
      <xmax>485.11</xmax>
      <ymax>382.4</ymax>
    </bndbox>
  </object>
  <object>
    <name>WHITE</name>
    <occluded>0</occluded>
    <bndbox>
      <xmin>498.0</xmin>
      <ymin>316.23</ymin>
      <xmax>544.3</xmax>
      <ymax>344.1</ymax>
    </bndbox>
  </object>
  <object>
    <name>WHITE</name>
    <occluded>0</occluded>
    <bndbox>
      <xmin>357.6</xmin>
      <ymin>535.43</ymin>
      <xmax>405.5</xmax>
      <ymax>581.3</ymax>
    </bndbox>
  </object>
  <object>
    <name>WHITE</name>
    <occluded>0</occluded>
    <bndbox>
      <xmin>422.0</xmin>
      <ymin>448.05</ymin>
      <xmax>469.6</xmax>
      <ymax>492.2</ymax>
    </bndbox>
  </object>
  <object>
    <name>WHITE</name>
    <occluded>0</occluded>
    <bndbox>
      <xmin>580.09</xmin>
      <ymin>433.03</ymin>
      <xmax>618.7</xmax>
      <ymax>476.8</ymax>
    </bndbox>
  </object>
  <object>
    <name>WHITE</name>
    <occluded>0</occluded>
    <bndbox>
      <xmin>523.2</xmin>
      <ymin>471.06</ymin>
      <xmax>569.06</xmax>
      <ymax>515.0</ymax>
    </bndbox>
  </object>
  <object>
    <name>WHITE</name>
    <occluded>0</occluded>
    <bndbox>
      <xmin>458.2</xmin>
      <ymin>525.7</ymin>
      <xmax>509.6</xmax>
      <ymax>572.8</ymax>
    </bndbox>
  </object>
  <object>
    <name>WHITE</name>
    <occluded>0</occluded>
    <bndbox>
      <xmin>398.3</xmin>
      <ymin>604.01</ymin>
      <xmax>445.9</xmax>
      <ymax>650.5</ymax>
    </bndbox>
  </object>
  <object>
    <name>WHITE</name>
    <occluded>0</occluded>
    <bndbox>
      <xmin>541.93</xmin>
      <ymin>366.02</ymin>
      <xmax>577.2</xmax>
      <ymax>404.3</ymax>
    </bndbox>
  </object>
  <object>
    <name>WHITE</name>
    <occluded>0</occluded>
    <bndbox>
      <xmin>268.0</xmin>
      <ymin>535.56</ymin>
      <xmax>303.38</xmax>
      <ymax>579.1</ymax>
    </bndbox>
  </object>
  <object>
    <name>WHITE</name>
    <occluded>0</occluded>
    <bndbox>
      <xmin>413.57</xmin>
      <ymin>885.9</ymin>
      <xmax>461.6</xmax>
      <ymax>915.9</ymax>
    </bndbox>
  </object>
  <object>
    <name>BLACK</name>
    <occluded>0</occluded>
    <bndbox>
      <xmin>440.61</xmin>
      <ymin>670.84</ymin>
      <xmax>489.9</xmax>
      <ymax>717.0</ymax>
    </bndbox>
  </object>
  <object>
    <name>WHITE</name>
    <occluded>0</occluded>
    <bndbox>
      <xmin>658.96</xmin>
      <ymin>465.48</ymin>
      <xmax>688.7</xmax>
      <ymax>504.4</ymax>
    </bndbox>
  </object>
  <object>
    <name>WHITE</name>
    <occluded>0</occluded>
    <bndbox>
      <xmin>611.06</xmin>
      <ymin>505.81</ymin>
      <xmax>650.0</xmax>
      <ymax>553.0</ymax>
    </bndbox>
  </object>
  <object>
    <name>WHITE</name>
    <occluded>0</occluded>
    <bndbox>
      <xmin>696.5</xmin>
      <ymin>533.3</ymin>
      <xmax>719.45</xmax>
      <ymax>580.4</ymax>
    </bndbox>
  </object>
  <object>
    <name>WHITE</name>
    <occluded>0</occluded>
    <bndbox>
      <xmin>556.3</xmin>
      <ymin>553.71</ymin>
      <xmax>598.01</xmax>
      <ymax>602.2</ymax>
    </bndbox>
  </object>
  <object>
    <name>WHITE</name>
    <occluded>0</occluded>
    <bndbox>
      <xmin>655.96</xmin>
      <ymin>589.42</ymin>
      <xmax>690.5</xmax>
      <ymax>633.3</ymax>
    </bndbox>
  </object>
  <object>
    <name>WHITE</name>
    <occluded>0</occluded>
    <bndbox>
      <xmin>498.0</xmin>
      <ymin>606.25</ymin>
      <xmax>543.53</xmax>
      <ymax>653.8</ymax>
    </bndbox>
  </object>
  <object>
    <name>WHITE</name>
    <occluded>0</occluded>
    <bndbox>
      <xmin>597.34</xmin>
      <ymin>635.19</ymin>
      <xmax>638.5</xmax>
      <ymax>680.3</ymax>
    </bndbox>
  </object>
  <object>
    <name>WHITE</name>
    <occluded>0</occluded>
    <bndbox>
      <xmin>670.04</xmin>
      <ymin>659.68</ymin>
      <xmax>703.0</xmax>
      <ymax>701.68</ymax>
    </bndbox>
  </object>
  <object>
    <name>WHITE</name>
    <occluded>0</occluded>
    <bndbox>
      <xmin>586.61</xmin>
      <ymin>725.7</ymin>
      <xmax>631.6</xmax>
      <ymax>771.2</ymax>
    </bndbox>
  </object>
  <object>
    <name>WHITE</name>
    <occluded>0</occluded>
    <bndbox>
      <xmin>597.0</xmin>
      <ymin>817.21</ymin>
      <xmax>638.2</xmax>
      <ymax>852.3</ymax>
    </bndbox>
  </object>
  <object>
    <name>WHITE</name>
    <occluded>0</occluded>
    <bndbox>
      <xmin>517.4</xmin>
      <ymin>697.67</ymin>
      <xmax>561.82</xmax>
      <ymax>741.0</ymax>
    </bndbox>
  </object>
  <object>
    <name>WHITE</name>
    <occluded>0</occluded>
    <bndbox>
      <xmin>522.24</xmin>
      <ymin>797.48</ymin>
      <xmax>564.95</xmax>
      <ymax>834.1</ymax>
    </bndbox>
  </object>
  <object>
    <name>WHITE</name>
    <occluded>0</occluded>
    <bndbox>
      <xmin>284.03</xmin>
      <ymin>689.7</ymin>
      <xmax>325.2</xmax>
      <ymax>734.2</ymax>
    </bndbox>
  </object>
  <object>
    <name>WHITE</name>
    <occluded>0</occluded>
    <bndbox>
      <xmin>187.6</xmin>
      <ymin>611.51</ymin>
      <xmax>215.6</xmax>
      <ymax>654.7</ymax>
    </bndbox>
  </object>
  <object>
    <name>WHITE</name>
    <occluded>0</occluded>
    <bndbox>
      <xmin>224.68</xmin>
      <ymin>686.91</ymin>
      <xmax>255.3</xmax>
      <ymax>730.8</ymax>
    </bndbox>
  </object>
  <object>
    <name>WHITE</name>
    <occluded>0</occluded>
    <bndbox>
      <xmin>261.1</xmin>
      <ymin>772.37</ymin>
      <xmax>301.2</xmax>
      <ymax>813.96</ymax>
    </bndbox>
  </object>
  <object>
    <name>WHITE</name>
    <occluded>0</occluded>
    <bndbox>
      <xmin>335.0</xmin>
      <ymin>772.18</ymin>
      <xmax>379.1</xmax>
      <ymax>814.98</ymax>
    </bndbox>
  </object>
  <object>
    <name>WHITE</name>
    <occluded>0</occluded>
    <bndbox>
      <xmin>430.27</xmin>
      <ymin>742.5</ymin>
      <xmax>478.4</xmax>
      <ymax>786.9</ymax>
    </bndbox>
  </object>
  <object>
    <name>WHITE</name>
    <occluded>0</occluded>
    <bndbox>
      <xmin>254.9</xmin>
      <ymin>835.7</ymin>
      <xmax>291.9</xmax>
      <ymax>874.72</ymax>
    </bndbox>
  </object>
  <object>
    <name>WHITE</name>
    <occluded>0</occluded>
    <bndbox>
      <xmin>324.62</xmin>
      <ymin>843.63</ymin>
      <xmax>370.1</xmax>
      <ymax>878.63</ymax>
    </bndbox>
  </object>
  <object>
    <name>WHITE</name>
    <occluded>0</occluded>
    <bndbox>
      <xmin>422.01</xmin>
      <ymin>818.56</ymin>
      <xmax>468.1</xmax>
      <ymax>858.86</ymax>
    </bndbox>
  </object>
  <object>
    <name>WHITE</name>
    <occluded>0</occluded>
    <bndbox>
      <xmin>329.45</xmin>
      <ymin>897.4</ymin>
      <xmax>373.0</xmax>
      <ymax>925.7</ymax>
    </bndbox>
  </object>
  <object>
    <name>WHITE</name>
    <occluded>0</occluded>
    <bndbox>
      <xmin>513.8</xmin>
      <ymin>874.72</ymin>
      <xmax>555.4</xmax>
      <ymax>901.2</ymax>
    </bndbox>
  </object>
  <object>
    <name>WHITE</name>
    <occluded>0</occluded>
    <bndbox>
      <xmin>711.35</xmin>
      <ymin>607.67</ymin>
      <xmax>733.9</xmax>
      <ymax>648.17</ymax>
    </bndbox>
  </object>
  <object>
    <name>WHITE</name>
    <occluded>0</occluded>
    <bndbox>
      <xmin>303.3</xmin>
      <ymin>411.85</ymin>
      <xmax>341.69</xmax>
      <ymax>454.3</ymax>
    </bndbox>
  </object>
</annotation>
