<annotation>
  <folder>MB</folder>
  <filename>MB_camera7.png</filename>
  <source>
    <database>Unknown</database>
    <annotation>Unknown</annotation>
    <image>Unknown</image>
  </source>
  <size>
    <width>1280</width>
    <height>960</height>
    <depth></depth>
  </size>
  <segmented>0</segmented>
  <object>
    <name>WHITE</name>
    <occluded>0</occluded>
    <bndbox>
      <xmin>338.95</xmin>
      <ymin>227.97</ymin>
      <xmax>370.92</xmax>
      <ymax>265.68</ymax>
    </bndbox>
  </object>
  <object>
    <name>WHITE</name>
    <occluded>0</occluded>
    <bndbox>
      <xmin>324.78</xmin>
      <ymin>353.69</ymin>
      <xmax>361.2</xmax>
      <ymax>399.17</ymax>
    </bndbox>
  </object>
  <object>
    <name>WHITE</name>
    <occluded>0</occluded>
    <bndbox>
      <xmin>237.92</xmin>
      <ymin>511.67</ymin>
      <xmax>276.9</xmax>
      <ymax>555.96</ymax>
    </bndbox>
  </object>
  <object>
    <name>WHITE</name>
    <occluded>0</occluded>
    <bndbox>
      <xmin>312.77</xmin>
      <ymin>415.6</ymin>
      <xmax>351.13</xmax>
      <ymax>459.58</ymax>
    </bndbox>
  </object>
  <object>
    <name>WHITE</name>
    <occluded>0</occluded>
    <bndbox>
      <xmin>258.5</xmin>
      <ymin>436.19</ymin>
      <xmax>293.43</xmax>
      <ymax>482.66</ymax>
    </bndbox>
  </object>
  <object>
    <name>WHITE</name>
    <occluded>0</occluded>
    <bndbox>
      <xmin>285.67</xmin>
      <ymin>266.43</ymin>
      <xmax>314.52</xmax>
      <ymax>302.07</ymax>
    </bndbox>
  </object>
  <object>
    <name>WHITE</name>
    <occluded>0</occluded>
    <bndbox>
      <xmin>360.01</xmin>
      <ymin>433.22</ymin>
      <xmax>407.41</xmax>
      <ymax>471.5</ymax>
    </bndbox>
  </object>
  <object>
    <name>WHITE</name>
    <occluded>0</occluded>
    <bndbox>
      <xmin>722.04</xmin>
      <ymin>254.04</ymin>
      <xmax>766.3</xmax>
      <ymax>289.7</ymax>
    </bndbox>
  </object>
  <object>
    <name>BLACK</name>
    <occluded>0</occluded>
    <bndbox>
      <xmin>431.15</xmin>
      <ymin>442.92</ymin>
      <xmax>482.9</xmax>
      <ymax>473.0</ymax>
    </bndbox>
  </object>
  <object>
    <name>WHITE</name>
    <occluded>0</occluded>
    <bndbox>
      <xmin>348.1</xmin>
      <ymin>503.99</ymin>
      <xmax>396.1</xmax>
      <ymax>550.2</ymax>
    </bndbox>
  </object>
  <object>
    <name>WHITE</name>
    <occluded>0</occluded>
    <bndbox>
      <xmin>270.23</xmin>
      <ymin>377.36</ymin>
      <xmax>305.78</xmax>
      <ymax>412.3</ymax>
    </bndbox>
  </object>
  <object>
    <name>WHITE</name>
    <occluded>0</occluded>
    <bndbox>
      <xmin>847.5</xmin>
      <ymin>690.08</ymin>
      <xmax>864.92</xmax>
      <ymax>736.79</ymax>
    </bndbox>
  </object>
  <object>
    <name>WHITE</name>
    <occluded>0</occluded>
    <bndbox>
      <xmin>835.94</xmin>
      <ymin>628.13</ymin>
      <xmax>866.2</xmax>
      <ymax>675.85</ymax>
    </bndbox>
  </object>
  <object>
    <name>WHITE</name>
    <occluded>0</occluded>
    <bndbox>
      <xmin>802.88</xmin>
      <ymin>532.38</ymin>
      <xmax>834.7</xmax>
      <ymax>581.03</ymax>
    </bndbox>
  </object>
  <object>
    <name>BLACK</name>
    <occluded>0</occluded>
    <bndbox>
      <xmin>851.85</xmin>
      <ymin>534.87</ymin>
      <xmax>871.5</xmax>
      <ymax>577.91</ymax>
    </bndbox>
  </object>
  <object>
    <name>WHITE</name>
    <occluded>0</occluded>
    <bndbox>
      <xmin>808.77</xmin>
      <ymin>298.7</ymin>
      <xmax>837.58</xmax>
      <ymax>342.12</ymax>
    </bndbox>
  </object>
  <object>
    <name>WHITE</name>
    <occluded>0</occluded>
    <bndbox>
      <xmin>759.36</xmin>
      <ymin>220.48</ymin>
      <xmax>792.3</xmax>
      <ymax>257.53</ymax>
    </bndbox>
  </object>
  <object>
    <name>WHITE</name>
    <occluded>0</occluded>
    <bndbox>
      <xmin>609.62</xmin>
      <ymin>130.28</ymin>
      <xmax>654.2</xmax>
      <ymax>153.74</ymax>
    </bndbox>
  </object>
  <object>
    <name>WHITE</name>
    <occluded>0</occluded>
    <bndbox>
      <xmin>458.85</xmin>
      <ymin>124.03</ymin>
      <xmax>501.24</xmax>
      <ymax>153.14</ymax>
    </bndbox>
  </object>
  <object>
    <name>WHITE</name>
    <occluded>0</occluded>
    <bndbox>
      <xmin>506.15</xmin>
      <ymin>131.04</ymin>
      <xmax>547.5</xmax>
      <ymax>157.29</ymax>
    </bndbox>
  </object>
  <object>
    <name>WHITE</name>
    <occluded>0</occluded>
    <bndbox>
      <xmin>559.44</xmin>
      <ymin>157.11</ymin>
      <xmax>609.02</xmax>
      <ymax>192.68</ymax>
    </bndbox>
  </object>
  <object>
    <name>WHITE</name>
    <occluded>0</occluded>
    <bndbox>
      <xmin>378.58</xmin>
      <ymin>147.05</ymin>
      <xmax>415.0</xmax>
      <ymax>179.8</ymax>
    </bndbox>
  </object>
  <object>
    <name>WHITE</name>
    <occluded>0</occluded>
    <bndbox>
      <xmin>387.94</xmin>
      <ymin>168.37</ymin>
      <xmax>419.42</xmax>
      <ymax>202.68</ymax>
    </bndbox>
  </object>
  <object>
    <name>WHITE</name>
    <occluded>0</occluded>
    <bndbox>
      <xmin>515.56</xmin>
      <ymin>222.43</ymin>
      <xmax>565.49</xmax>
      <ymax>260.64</ymax>
    </bndbox>
  </object>
  <object>
    <name>WHITE</name>
    <occluded>0</occluded>
    <bndbox>
      <xmin>461.76</xmin>
      <ymin>187.34</ymin>
      <xmax>505.71</xmax>
      <ymax>224.25</ymax>
    </bndbox>
  </object>
  <object>
    <name>WHITE</name>
    <occluded>0</occluded>
    <bndbox>
      <xmin>413.67</xmin>
      <ymin>266.35</ymin>
      <xmax>453.21</xmax>
      <ymax>306.38</ymax>
    </bndbox>
  </object>
  <object>
    <name>WHITE</name>
    <occluded>0</occluded>
    <bndbox>
      <xmin>304.51</xmin>
      <ymin>296.5</ymin>
      <xmax>341.96</xmax>
      <ymax>336.53</ymax>
    </bndbox>
  </object>
  <object>
    <name>WHITE</name>
    <occluded>0</occluded>
    <bndbox>
      <xmin>304.84</xmin>
      <ymin>576.9</ymin>
      <xmax>354.34</xmax>
      <ymax>628.9</ymax>
    </bndbox>
  </object>
  <object>
    <name>BLACK</name>
    <occluded>0</occluded>
    <bndbox>
      <xmin>271.35</xmin>
      <ymin>653.78</ymin>
      <xmax>304.7</xmax>
      <ymax>707.5</ymax>
    </bndbox>
  </object>
  <object>
    <name>WHITE</name>
    <occluded>0</occluded>
    <bndbox>
      <xmin>375.1</xmin>
      <ymin>238.1</ymin>
      <xmax>413.01</xmax>
      <ymax>275.5</ymax>
    </bndbox>
  </object>
  <object>
    <name>WHITE</name>
    <occluded>0</occluded>
    <bndbox>
      <xmin>421.3</xmin>
      <ymin>170.97</ymin>
      <xmax>459.82</xmax>
      <ymax>204.5</ymax>
    </bndbox>
  </object>
  <object>
    <name>WHITE</name>
    <occluded>0</occluded>
    <bndbox>
      <xmin>628.19</xmin>
      <ymin>223.84</ymin>
      <xmax>675.1</xmax>
      <ymax>264.2</ymax>
    </bndbox>
  </object>
  <object>
    <name>WHITE</name>
    <occluded>0</occluded>
    <bndbox>
      <xmin>667.59</xmin>
      <ymin>193.6</ymin>
      <xmax>714.7</xmax>
      <ymax>227.4</ymax>
    </bndbox>
  </object>
  <object>
    <name>WHITE</name>
    <occluded>0</occluded>
    <bndbox>
      <xmin>415.2</xmin>
      <ymin>532.0</ymin>
      <xmax>466.2</xmax>
      <ymax>578.0</ymax>
    </bndbox>
  </object>
  <object>
    <name>WHITE</name>
    <occluded>0</occluded>
    <bndbox>
      <xmin>357.62</xmin>
      <ymin>607.95</ymin>
      <xmax>403.62</xmax>
      <ymax>661.2</ymax>
    </bndbox>
  </object>
  <object>
    <name>BLACK</name>
    <occluded>0</occluded>
    <bndbox>
      <xmin>676.11</xmin>
      <ymin>305.21</ymin>
      <xmax>723.3</xmax>
      <ymax>346.8</ymax>
    </bndbox>
  </object>
  <object>
    <name>WHITE</name>
    <occluded>0</occluded>
    <bndbox>
      <xmin>327.9</xmin>
      <ymin>200.12</ymin>
      <xmax>365.94</xmax>
      <ymax>234.0</ymax>
    </bndbox>
  </object>
  <object>
    <name>WHITE</name>
    <occluded>0</occluded>
    <bndbox>
      <xmin>204.86</xmin>
      <ymin>594.07</ymin>
      <xmax>237.8</xmax>
      <ymax>645.0</ymax>
    </bndbox>
  </object>
  <object>
    <name>WHITE</name>
    <occluded>0</occluded>
    <bndbox>
      <xmin>288.3</xmin>
      <ymin>499.16</ymin>
      <xmax>327.18</xmax>
      <ymax>546.8</ymax>
    </bndbox>
  </object>
  <object>
    <name>WHITE</name>
    <occluded>0</occluded>
    <bndbox>
      <xmin>508.5</xmin>
      <ymin>442.5</ymin>
      <xmax>563.7</xmax>
      <ymax>487.0</ymax>
    </bndbox>
  </object>
</annotation>
