<annotation>
  <folder>MH</folder>
  <filename>MH_camera1.png</filename>
  <source>
    <database>Unknown</database>
    <annotation>Unknown</annotation>
    <image>Unknown</image>
  </source>
  <size>
    <width>960</width>
    <height>1280</height>
    <depth></depth>
  </size>
  <segmented>0</segmented>
  <object>
    <name>WHITE</name>
    <occluded>0</occluded>
    <bndbox>
      <xmin>448.82</xmin>
      <ymin>745.61</ymin>
      <xmax>494.3</xmax>
      <ymax>777.3</ymax>
    </bndbox>
  </object>
  <object>
    <name>WHITE</name>
    <occluded>0</occluded>
    <bndbox>
      <xmin>521.22</xmin>
      <ymin>772.98</ymin>
      <xmax>562.49</xmax>
      <ymax>796.2</ymax>
    </bndbox>
  </object>
  <object>
    <name>WHITE</name>
    <occluded>0</occluded>
    <bndbox>
      <xmin>454.33</xmin>
      <ymin>696.4</ymin>
      <xmax>501.5</xmax>
      <ymax>717.19</ymax>
    </bndbox>
  </object>
  <object>
    <name>WHITE</name>
    <occluded>0</occluded>
    <bndbox>
      <xmin>246.44</xmin>
      <ymin>610.45</ymin>
      <xmax>275.89</xmax>
      <ymax>651.0</ymax>
    </bndbox>
  </object>
  <object>
    <name>WHITE</name>
    <occluded>0</occluded>
    <bndbox>
      <xmin>729.86</xmin>
      <ymin>637.79</ymin>
      <xmax>760.76</xmax>
      <ymax>676.49</ymax>
    </bndbox>
  </object>
  <object>
    <name>WHITE</name>
    <occluded>0</occluded>
    <bndbox>
      <xmin>739.1</xmin>
      <ymin>556.06</ymin>
      <xmax>769.42</xmax>
      <ymax>606.02</ymax>
    </bndbox>
  </object>
  <object>
    <name>WHITE</name>
    <occluded>0</occluded>
    <bndbox>
      <xmin>740.83</xmin>
      <ymin>474.33</ymin>
      <xmax>768.85</xmax>
      <ymax>520.54</ymax>
    </bndbox>
  </object>
  <object>
    <name>WHITE</name>
    <occluded>0</occluded>
    <bndbox>
      <xmin>688.85</xmin>
      <ymin>336.58</ymin>
      <xmax>725.81</xmax>
      <ymax>372.39</ymax>
    </bndbox>
  </object>
  <object>
    <name>WHITE</name>
    <occluded>0</occluded>
    <bndbox>
      <xmin>612.61</xmin>
      <ymin>303.08</ymin>
      <xmax>651.59</xmax>
      <ymax>342.36</ymax>
    </bndbox>
  </object>
  <object>
    <name>WHITE</name>
    <occluded>0</occluded>
    <bndbox>
      <xmin>647.55</xmin>
      <ymin>271.6</ymin>
      <xmax>687.98</xmax>
      <ymax>312.61</ymax>
    </bndbox>
  </object>
  <object>
    <name>WHITE</name>
    <occluded>0</occluded>
    <bndbox>
      <xmin>564.09</xmin>
      <ymin>240.99</ymin>
      <xmax>606.83</xmax>
      <ymax>277.38</ymax>
    </bndbox>
  </object>
  <object>
    <name>WHITE</name>
    <occluded>0</occluded>
    <bndbox>
      <xmin>609.14</xmin>
      <ymin>225.97</ymin>
      <xmax>649.57</xmax>
      <ymax>255.43</ymax>
    </bndbox>
  </object>
  <object>
    <name>WHITE</name>
    <occluded>0</occluded>
    <bndbox>
      <xmin>521.93</xmin>
      <ymin>207.49</ymin>
      <xmax>566.98</xmax>
      <ymax>230.59</ymax>
    </bndbox>
  </object>
  <object>
    <name>WHITE</name>
    <occluded>0</occluded>
    <bndbox>
      <xmin>387.06</xmin>
      <ymin>233.48</ymin>
      <xmax>431.53</xmax>
      <ymax>272.76</ymax>
    </bndbox>
  </object>
  <object>
    <name>WHITE</name>
    <occluded>0</occluded>
    <bndbox>
      <xmin>308.22</xmin>
      <ymin>267.85</ymin>
      <xmax>343.74</xmax>
      <ymax>305.1</ymax>
    </bndbox>
  </object>
  <object>
    <name>WHITE</name>
    <occluded>0</occluded>
    <bndbox>
      <xmin>268.94</xmin>
      <ymin>327.05</ymin>
      <xmax>299.27</xmax>
      <ymax>368.06</ymax>
    </bndbox>
  </object>
  <object>
    <name>WHITE</name>
    <occluded>0</occluded>
    <bndbox>
      <xmin>618.14</xmin>
      <ymin>682.5</ymin>
      <xmax>659.86</xmax>
      <ymax>711.5</ymax>
    </bndbox>
  </object>
  <object>
    <name>WHITE</name>
    <occluded>0</occluded>
    <bndbox>
      <xmin>610.97</xmin>
      <ymin>420.51</ymin>
      <xmax>647.03</xmax>
      <ymax>463.49</ymax>
    </bndbox>
  </object>
  <object>
    <name>WHITE</name>
    <occluded>0</occluded>
    <bndbox>
      <xmin>255.13</xmin>
      <ymin>680.49</ymin>
      <xmax>289.53</xmax>
      <ymax>716.68</ymax>
    </bndbox>
  </object>
  <object>
    <name>WHITE</name>
    <occluded>0</occluded>
    <bndbox>
      <xmin>486.66</xmin>
      <ymin>187.71</ymin>
      <xmax>525.97</xmax>
      <ymax>209.36</ymax>
    </bndbox>
  </object>
  <object>
    <name>WHITE</name>
    <occluded>0</occluded>
    <bndbox>
      <xmin>349.48</xmin>
      <ymin>217.53</ymin>
      <xmax>389.1</xmax>
      <ymax>252.82</ymax>
    </bndbox>
  </object>
  <object>
    <name>WHITE</name>
    <occluded>0</occluded>
    <bndbox>
      <xmin>432.45</xmin>
      <ymin>200.81</ymin>
      <xmax>481.36</xmax>
      <ymax>231.77</ymax>
    </bndbox>
  </object>
  <object>
    <name>BLACK</name>
    <occluded>0</occluded>
    <bndbox>
      <xmin>447.77</xmin>
      <ymin>789.36</ymin>
      <xmax>495.04</xmax>
      <ymax>805.29</ymax>
    </bndbox>
  </object>
  <object>
    <name>WHITE</name>
    <occluded>0</occluded>
    <bndbox>
      <xmin>288.87</xmin>
      <ymin>368.06</ymin>
      <xmax>317.75</xmax>
      <ymax>413.4</ymax>
    </bndbox>
  </object>
  <object>
    <name>WHITE</name>
    <occluded>0</occluded>
    <bndbox>
      <xmin>236.6</xmin>
      <ymin>394.63</ymin>
      <xmax>259.12</xmax>
      <ymax>440.54</ymax>
    </bndbox>
  </object>
  <object>
    <name>WHITE</name>
    <occluded>0</occluded>
    <bndbox>
      <xmin>209.74</xmin>
      <ymin>544.51</ymin>
      <xmax>231.98</xmax>
      <ymax>586.96</ymax>
    </bndbox>
  </object>
  <object>
    <name>WHITE</name>
    <occluded>0</occluded>
    <bndbox>
      <xmin>466.23</xmin>
      <ymin>322.29</ymin>
      <xmax>515.6</xmax>
      <ymax>364.1</ymax>
    </bndbox>
  </object>
  <object>
    <name>WHITE</name>
    <occluded>0</occluded>
    <bndbox>
      <xmin>453.76</xmin>
      <ymin>611.58</ymin>
      <xmax>503.8</xmax>
      <ymax>655.2</ymax>
    </bndbox>
  </object>
  <object>
    <name>WHITE</name>
    <occluded>0</occluded>
    <bndbox>
      <xmin>361.21</xmin>
      <ymin>656.92</ymin>
      <xmax>402.9</xmax>
      <ymax>693.0</ymax>
    </bndbox>
  </object>
  <object>
    <name>WHITE</name>
    <occluded>0</occluded>
    <bndbox>
      <xmin>370.51</xmin>
      <ymin>715.45</ymin>
      <xmax>413.7</xmax>
      <ymax>743.3</ymax>
    </bndbox>
  </object>
  <object>
    <name>WHITE</name>
    <occluded>0</occluded>
    <bndbox>
      <xmin>597.4</xmin>
      <ymin>742.43</ymin>
      <xmax>640.96</xmax>
      <ymax>768.4</ymax>
    </bndbox>
  </object>
  <object>
    <name>WHITE</name>
    <occluded>0</occluded>
    <bndbox>
      <xmin>625.11</xmin>
      <ymin>609.19</ymin>
      <xmax>668.49</xmax>
      <ymax>650.5</ymax>
    </bndbox>
  </object>
  <object>
    <name>WHITE</name>
    <occluded>0</occluded>
    <bndbox>
      <xmin>613.46</xmin>
      <ymin>507.73</ymin>
      <xmax>658.0</xmax>
      <ymax>554.6</ymax>
    </bndbox>
  </object>
  <object>
    <name>WHITE</name>
    <occluded>0</occluded>
    <bndbox>
      <xmin>673.8</xmin>
      <ymin>694.03</ymin>
      <xmax>707.83</xmax>
      <ymax>727.7</ymax>
    </bndbox>
  </object>
  <object>
    <name>WHITE</name>
    <occluded>0</occluded>
    <bndbox>
      <xmin>685.6</xmin>
      <ymin>626.74</ymin>
      <xmax>723.09</xmax>
      <ymax>666.1</ymax>
    </bndbox>
  </object>
  <object>
    <name>WHITE</name>
    <occluded>0</occluded>
    <bndbox>
      <xmin>689.2</xmin>
      <ymin>531.2</ymin>
      <xmax>720.23</xmax>
      <ymax>576.8</ymax>
    </bndbox>
  </object>
  <object>
    <name>WHITE</name>
    <occluded>0</occluded>
    <bndbox>
      <xmin>682.06</xmin>
      <ymin>444.5</ymin>
      <xmax>720.0</xmax>
      <ymax>487.7</ymax>
    </bndbox>
  </object>
  <object>
    <name>WHITE</name>
    <occluded>0</occluded>
    <bndbox>
      <xmin>509.47</xmin>
      <ymin>393.63</ymin>
      <xmax>560.0</xmax>
      <ymax>441.0</ymax>
    </bndbox>
  </object>
  <object>
    <name>WHITE</name>
    <occluded>0</occluded>
    <bndbox>
      <xmin>722.58</xmin>
      <ymin>401.12</ymin>
      <xmax>755.4</xmax>
      <ymax>445.4</ymax>
    </bndbox>
  </object>
  <object>
    <name>WHITE</name>
    <occluded>0</occluded>
    <bndbox>
      <xmin>659.66</xmin>
      <ymin>377.23</ymin>
      <xmax>697.5</xmax>
      <ymax>421.7</ymax>
    </bndbox>
  </object>
  <object>
    <name>WHITE</name>
    <occluded>0</occluded>
    <bndbox>
      <xmin>559.97</xmin>
      <ymin>348.43</ymin>
      <xmax>607.9</xmax>
      <ymax>391.57</ymax>
    </bndbox>
  </object>
  <object>
    <name>BLACK</name>
    <occluded>0</occluded>
    <bndbox>
      <xmin>461.15</xmin>
      <ymin>450.49</ymin>
      <xmax>513.2</xmax>
      <ymax>503.2</ymax>
    </bndbox>
  </object>
  <object>
    <name>WHITE</name>
    <occluded>0</occluded>
    <bndbox>
      <xmin>374.01</xmin>
      <ymin>343.91</ymin>
      <xmax>420.7</xmax>
      <ymax>388.7</ymax>
    </bndbox>
  </object>
  <object>
    <name>WHITE</name>
    <occluded>0</occluded>
    <bndbox>
      <xmin>421.53</xmin>
      <ymin>267.03</ymin>
      <xmax>470.8</xmax>
      <ymax>304.4</ymax>
    </bndbox>
  </object>
  <object>
    <name>WHITE</name>
    <occluded>0</occluded>
    <bndbox>
      <xmin>474.46</xmin>
      <ymin>228.32</ymin>
      <xmax>521.5</xmax>
      <ymax>260.9</ymax>
    </bndbox>
  </object>
  <object>
    <name>WHITE</name>
    <occluded>0</occluded>
    <bndbox>
      <xmin>415.03</xmin>
      <ymin>393.56</ymin>
      <xmax>463.5</xmax>
      <ymax>436.2</ymax>
    </bndbox>
  </object>
  <object>
    <name>WHITE</name>
    <occluded>0</occluded>
    <bndbox>
      <xmin>539.4</xmin>
      <ymin>483.5</ymin>
      <xmax>586.2</xmax>
      <ymax>532.5</ymax>
    </bndbox>
  </object>
  <object>
    <name>WHITE</name>
    <occluded>0</occluded>
    <bndbox>
      <xmin>550.44</xmin>
      <ymin>579.84</ymin>
      <xmax>596.4</xmax>
      <ymax>624.4</ymax>
    </bndbox>
  </object>
  <object>
    <name>WHITE</name>
    <occluded>0</occluded>
    <bndbox>
      <xmin>552.5</xmin>
      <ymin>666.0</ymin>
      <xmax>594.4</xmax>
      <ymax>704.0</ymax>
    </bndbox>
  </object>
  <object>
    <name>WHITE</name>
    <occluded>0</occluded>
    <bndbox>
      <xmin>534.5</xmin>
      <ymin>719.96</ymin>
      <xmax>578.62</xmax>
      <ymax>748.2</ymax>
    </bndbox>
  </object>
  <object>
    <name>WHITE</name>
    <occluded>0</occluded>
    <bndbox>
      <xmin>514.88</xmin>
      <ymin>274.4</ymin>
      <xmax>564.8</xmax>
      <ymax>313.6</ymax>
    </bndbox>
  </object>
  <object>
    <name>WHITE</name>
    <occluded>0</occluded>
    <bndbox>
      <xmin>340.8</xmin>
      <ymin>298.42</ymin>
      <xmax>377.91</xmax>
      <ymax>335.7</ymax>
    </bndbox>
  </object>
  <object>
    <name>WHITE</name>
    <occluded>0</occluded>
    <bndbox>
      <xmin>322.34</xmin>
      <ymin>418.38</ymin>
      <xmax>365.1</xmax>
      <ymax>467.9</ymax>
    </bndbox>
  </object>
  <object>
    <name>WHITE</name>
    <occluded>0</occluded>
    <bndbox>
      <xmin>387.0</xmin>
      <ymin>471.5</ymin>
      <xmax>432.8</xmax>
      <ymax>519.4</ymax>
    </bndbox>
  </object>
  <object>
    <name>WHITE</name>
    <occluded>0</occluded>
    <bndbox>
      <xmin>258.96</xmin>
      <ymin>439.38</ymin>
      <xmax>292.5</xmax>
      <ymax>481.5</ymax>
    </bndbox>
  </object>
  <object>
    <name>WHITE</name>
    <occluded>0</occluded>
    <bndbox>
      <xmin>315.1</xmin>
      <ymin>497.1</ymin>
      <xmax>353.54</xmax>
      <ymax>546.3</ymax>
    </bndbox>
  </object>
  <object>
    <name>WHITE</name>
    <occluded>0</occluded>
    <bndbox>
      <xmin>215.8</xmin>
      <ymin>465.0</ymin>
      <xmax>239.4</xmax>
      <ymax>512.4</ymax>
    </bndbox>
  </object>
  <object>
    <name>WHITE</name>
    <occluded>0</occluded>
    <bndbox>
      <xmin>252.8</xmin>
      <ymin>519.5</ymin>
      <xmax>284.0</xmax>
      <ymax>564.8</ymax>
    </bndbox>
  </object>
  <object>
    <name>WHITE</name>
    <occluded>0</occluded>
    <bndbox>
      <xmin>293.92</xmin>
      <ymin>597.0</ymin>
      <xmax>331.4</xmax>
      <ymax>639.7</ymax>
    </bndbox>
  </object>
  <object>
    <name>WHITE</name>
    <occluded>0</occluded>
    <bndbox>
      <xmin>365.47</xmin>
      <ymin>572.81</ymin>
      <xmax>407.6</xmax>
      <ymax>619.9</ymax>
    </bndbox>
  </object>
  <object>
    <name>WHITE</name>
    <occluded>0</occluded>
    <bndbox>
      <xmin>456.57</xmin>
      <ymin>530.69</ymin>
      <xmax>505.2</xmax>
      <ymax>577.5</ymax>
    </bndbox>
  </object>
  <object>
    <name>WHITE</name>
    <occluded>0</occluded>
    <bndbox>
      <xmin>300.79</xmin>
      <ymin>669.97</ymin>
      <xmax>340.9</xmax>
      <ymax>704.8</ymax>
    </bndbox>
  </object>
  <object>
    <name>WHITE</name>
    <occluded>0</occluded>
    <bndbox>
      <xmin>309.99</xmin>
      <ymin>730.9</ymin>
      <xmax>350.9</xmax>
      <ymax>755.6</ymax>
    </bndbox>
  </object>
</annotation>
