<annotation>
  <folder>MH</folder>
  <filename>MH_camera3.png</filename>
  <source>
    <database>Unknown</database>
    <annotation>Unknown</annotation>
    <image>Unknown</image>
  </source>
  <size>
    <width>1280</width>
    <height>960</height>
    <depth></depth>
  </size>
  <segmented>0</segmented>
  <object>
    <name>WHITE</name>
    <occluded>0</occluded>
    <bndbox>
      <xmin>759.38</xmin>
      <ymin>681.82</ymin>
      <xmax>807.7</xmax>
      <ymax>724.3</ymax>
    </bndbox>
  </object>
  <object>
    <name>WHITE</name>
    <occluded>0</occluded>
    <bndbox>
      <xmin>704.94</xmin>
      <ymin>742.51</ymin>
      <xmax>754.2</xmax>
      <ymax>786.9</ymax>
    </bndbox>
  </object>
  <object>
    <name>WHITE</name>
    <occluded>0</occluded>
    <bndbox>
      <xmin>549.08</xmin>
      <ymin>357.26</ymin>
      <xmax>592.92</xmax>
      <ymax>394.74</ymax>
    </bndbox>
  </object>
  <object>
    <name>BLACK</name>
    <occluded>0</occluded>
    <bndbox>
      <xmin>653.28</xmin>
      <ymin>797.77</ymin>
      <xmax>699.2</xmax>
      <ymax>841.3</ymax>
    </bndbox>
  </object>
  <object>
    <name>WHITE</name>
    <occluded>0</occluded>
    <bndbox>
      <xmin>623.92</xmin>
      <ymin>841.29</ymin>
      <xmax>659.8</xmax>
      <ymax>882.2</ymax>
    </bndbox>
  </object>
  <object>
    <name>WHITE</name>
    <occluded>0</occluded>
    <bndbox>
      <xmin>577.31</xmin>
      <ymin>857.17</ymin>
      <xmax>616.2</xmax>
      <ymax>897.1</ymax>
    </bndbox>
  </object>
  <object>
    <name>WHITE</name>
    <occluded>0</occluded>
    <bndbox>
      <xmin>523.5</xmin>
      <ymin>858.66</ymin>
      <xmax>560.4</xmax>
      <ymax>900.0</ymax>
    </bndbox>
  </object>
  <object>
    <name>WHITE</name>
    <occluded>0</occluded>
    <bndbox>
      <xmin>875.68</xmin>
      <ymin>393.76</ymin>
      <xmax>922.7</xmax>
      <ymax>434.5</ymax>
    </bndbox>
  </object>
  <object>
    <name>WHITE</name>
    <occluded>0</occluded>
    <bndbox>
      <xmin>827.7</xmin>
      <ymin>467.5</ymin>
      <xmax>871.9</xmax>
      <ymax>516.6</ymax>
    </bndbox>
  </object>
  <object>
    <name>WHITE</name>
    <occluded>0</occluded>
    <bndbox>
      <xmin>769.88</xmin>
      <ymin>547.75</ymin>
      <xmax>820.1</xmax>
      <ymax>596.1</ymax>
    </bndbox>
  </object>
  <object>
    <name>WHITE</name>
    <occluded>0</occluded>
    <bndbox>
      <xmin>715.0</xmin>
      <ymin>621.5</ymin>
      <xmax>761.8</xmax>
      <ymax>665.2</ymax>
    </bndbox>
  </object>
  <object>
    <name>WHITE</name>
    <occluded>0</occluded>
    <bndbox>
      <xmin>658.69</xmin>
      <ymin>678.44</ymin>
      <xmax>704.5</xmax>
      <ymax>721.9</ymax>
    </bndbox>
  </object>
  <object>
    <name>WHITE</name>
    <occluded>0</occluded>
    <bndbox>
      <xmin>623.9</xmin>
      <ymin>726.61</ymin>
      <xmax>669.84</xmax>
      <ymax>772.5</ymax>
    </bndbox>
  </object>
  <object>
    <name>WHITE</name>
    <occluded>0</occluded>
    <bndbox>
      <xmin>847.39</xmin>
      <ymin>317.92</ymin>
      <xmax>894.1</xmax>
      <ymax>362.3</ymax>
    </bndbox>
  </object>
  <object>
    <name>WHITE</name>
    <occluded>0</occluded>
    <bndbox>
      <xmin>552.5</xmin>
      <ymin>588.1</ymin>
      <xmax>598.9</xmax>
      <ymax>631.9</ymax>
    </bndbox>
  </object>
  <object>
    <name>WHITE</name>
    <occluded>0</occluded>
    <bndbox>
      <xmin>799.5</xmin>
      <ymin>384.67</ymin>
      <xmax>843.9</xmax>
      <ymax>432.4</ymax>
    </bndbox>
  </object>
  <object>
    <name>WHITE</name>
    <occluded>0</occluded>
    <bndbox>
      <xmin>744.1</xmin>
      <ymin>466.3</ymin>
      <xmax>789.58</xmax>
      <ymax>515.6</ymax>
    </bndbox>
  </object>
  <object>
    <name>WHITE</name>
    <occluded>0</occluded>
    <bndbox>
      <xmin>688.48</xmin>
      <ymin>547.55</ymin>
      <xmax>735.3</xmax>
      <ymax>593.7</ymax>
    </bndbox>
  </object>
  <object>
    <name>WHITE</name>
    <occluded>0</occluded>
    <bndbox>
      <xmin>629.7</xmin>
      <ymin>609.96</ymin>
      <xmax>677.4</xmax>
      <ymax>654.04</ymax>
    </bndbox>
  </object>
  <object>
    <name>WHITE</name>
    <occluded>0</occluded>
    <bndbox>
      <xmin>578.13</xmin>
      <ymin>664.12</ymin>
      <xmax>624.2</xmax>
      <ymax>709.1</ymax>
    </bndbox>
  </object>
  <object>
    <name>WHITE</name>
    <occluded>0</occluded>
    <bndbox>
      <xmin>713.0</xmin>
      <ymin>383.0</ymin>
      <xmax>764.5</xmax>
      <ymax>426.6</ymax>
    </bndbox>
  </object>
  <object>
    <name>WHITE</name>
    <occluded>0</occluded>
    <bndbox>
      <xmin>756.44</xmin>
      <ymin>315.75</ymin>
      <xmax>804.5</xmax>
      <ymax>355.5</ymax>
    </bndbox>
  </object>
  <object>
    <name>WHITE</name>
    <occluded>0</occluded>
    <bndbox>
      <xmin>660.0</xmin>
      <ymin>459.2</ymin>
      <xmax>707.5</xmax>
      <ymax>508.6</ymax>
    </bndbox>
  </object>
  <object>
    <name>WHITE</name>
    <occluded>0</occluded>
    <bndbox>
      <xmin>605.0</xmin>
      <ymin>530.5</ymin>
      <xmax>653.2</xmax>
      <ymax>577.9</ymax>
    </bndbox>
  </object>
  <object>
    <name>WHITE</name>
    <occluded>0</occluded>
    <bndbox>
      <xmin>482.3</xmin>
      <ymin>376.75</ymin>
      <xmax>515.9</xmax>
      <ymax>420.9</ymax>
    </bndbox>
  </object>
  <object>
    <name>WHITE</name>
    <occluded>0</occluded>
    <bndbox>
      <xmin>472.1</xmin>
      <ymin>460.1</ymin>
      <xmax>504.0</xmax>
      <ymax>507.5</ymax>
    </bndbox>
  </object>
  <object>
    <name>BLACK</name>
    <occluded>0</occluded>
    <bndbox>
      <xmin>520.82</xmin>
      <ymin>428.82</ymin>
      <xmax>562.4</xmax>
      <ymax>479.2</ymax>
    </bndbox>
  </object>
  <object>
    <name>WHITE</name>
    <occluded>0</occluded>
    <bndbox>
      <xmin>485.2</xmin>
      <ymin>545.1</ymin>
      <xmax>523.39</xmax>
      <ymax>591.27</ymax>
    </bndbox>
  </object>
  <object>
    <name>WHITE</name>
    <occluded>0</occluded>
    <bndbox>
      <xmin>536.66</xmin>
      <ymin>507.7</ymin>
      <xmax>579.3</xmax>
      <ymax>553.82</ymax>
    </bndbox>
  </object>
  <object>
    <name>WHITE</name>
    <occluded>0</occluded>
    <bndbox>
      <xmin>579.68</xmin>
      <ymin>440.87</ymin>
      <xmax>623.8</xmax>
      <ymax>486.7</ymax>
    </bndbox>
  </object>
  <object>
    <name>WHITE</name>
    <occluded>0</occluded>
    <bndbox>
      <xmin>629.95</xmin>
      <ymin>369.12</ymin>
      <xmax>679.6</xmax>
      <ymax>414.8</ymax>
    </bndbox>
  </object>
  <object>
    <name>WHITE</name>
    <occluded>0</occluded>
    <bndbox>
      <xmin>684.0</xmin>
      <ymin>306.9</ymin>
      <xmax>731.1</xmax>
      <ymax>348.9</ymax>
    </bndbox>
  </object>
  <object>
    <name>WHITE</name>
    <occluded>0</occluded>
    <bndbox>
      <xmin>728.0</xmin>
      <ymin>255.0</ymin>
      <xmax>775.6</xmax>
      <ymax>287.2</ymax>
    </bndbox>
  </object>
  <object>
    <name>WHITE</name>
    <occluded>0</occluded>
    <bndbox>
      <xmin>438.6</xmin>
      <ymin>404.85</ymin>
      <xmax>463.51</xmax>
      <ymax>450.4</ymax>
    </bndbox>
  </object>
  <object>
    <name>WHITE</name>
    <occluded>0</occluded>
    <bndbox>
      <xmin>803.4</xmin>
      <ymin>735.7</ymin>
      <xmax>850.66</xmax>
      <ymax>779.7</ymax>
    </bndbox>
  </object>
  <object>
    <name>WHITE</name>
    <occluded>0</occluded>
    <bndbox>
      <xmin>849.5</xmin>
      <ymin>667.01</ymin>
      <xmax>895.69</xmax>
      <ymax>708.8</ymax>
    </bndbox>
  </object>
  <object>
    <name>WHITE</name>
    <occluded>0</occluded>
    <bndbox>
      <xmin>904.34</xmin>
      <ymin>582.3</ymin>
      <xmax>947.66</xmax>
      <ymax>628.0</ymax>
    </bndbox>
  </object>
  <object>
    <name>WHITE</name>
    <occluded>0</occluded>
    <bndbox>
      <xmin>939.0</xmin>
      <ymin>505.0</ymin>
      <xmax>979.4</xmax>
      <ymax>551.2</ymax>
    </bndbox>
  </object>
  <object>
    <name>WHITE</name>
    <occluded>0</occluded>
    <bndbox>
      <xmin>949.4</xmin>
      <ymin>420.02</ymin>
      <xmax>985.1</xmax>
      <ymax>467.1</ymax>
    </bndbox>
  </object>
  <object>
    <name>WHITE</name>
    <occluded>0</occluded>
    <bndbox>
      <xmin>928.01</xmin>
      <ymin>346.73</ymin>
      <xmax>971.9</xmax>
      <ymax>390.6</ymax>
    </bndbox>
  </object>
  <object>
    <name>WHITE</name>
    <occluded>0</occluded>
    <bndbox>
      <xmin>894.13</xmin>
      <ymin>702.7</ymin>
      <xmax>943.1</xmax>
      <ymax>745.43</ymax>
    </bndbox>
  </object>
  <object>
    <name>WHITE</name>
    <occluded>0</occluded>
    <bndbox>
      <xmin>988.57</xmin>
      <ymin>381.49</ymin>
      <xmax>1020.5</xmax>
      <ymax>423.6</ymax>
    </bndbox>
  </object>
  <object>
    <name>WHITE</name>
    <occluded>0</occluded>
    <bndbox>
      <xmin>606.3</xmin>
      <ymin>192.78</ymin>
      <xmax>645.43</xmax>
      <ymax>219.4</ymax>
    </bndbox>
  </object>
  <object>
    <name>WHITE</name>
    <occluded>0</occluded>
    <bndbox>
      <xmin>687.5</xmin>
      <ymin>198.12</ymin>
      <xmax>730.7</xmax>
      <ymax>223.1</ymax>
    </bndbox>
  </object>
  <object>
    <name>WHITE</name>
    <occluded>0</occluded>
    <bndbox>
      <xmin>792.92</xmin>
      <ymin>928.32</ymin>
      <xmax>834.5</xmax>
      <ymax>960.0</ymax>
    </bndbox>
  </object>
  <object>
    <name>WHITE</name>
    <occluded>0</occluded>
    <bndbox>
      <xmin>833.1</xmin>
      <ymin>898.45</ymin>
      <xmax>871.13</xmax>
      <ymax>932.0</ymax>
    </bndbox>
  </object>
  <object>
    <name>WHITE</name>
    <occluded>0</occluded>
    <bndbox>
      <xmin>677.46</xmin>
      <ymin>938.9</ymin>
      <xmax>717.1</xmax>
      <ymax>960.0</ymax>
    </bndbox>
  </object>
  <object>
    <name>WHITE</name>
    <occluded>0</occluded>
    <bndbox>
      <xmin>726.5</xmin>
      <ymin>928.14</ymin>
      <xmax>773.0</xmax>
      <ymax>955.2</ymax>
    </bndbox>
  </object>
  <object>
    <name>WHITE</name>
    <occluded>0</occluded>
    <bndbox>
      <xmin>765.1</xmin>
      <ymin>887.08</ymin>
      <xmax>808.5</xmax>
      <ymax>920.4</ymax>
    </bndbox>
  </object>
  <object>
    <name>WHITE</name>
    <occluded>0</occluded>
    <bndbox>
      <xmin>837.7</xmin>
      <ymin>847.02</ymin>
      <xmax>880.71</xmax>
      <ymax>890.8</ymax>
    </bndbox>
  </object>
  <object>
    <name>WHITE</name>
    <occluded>0</occluded>
    <bndbox>
      <xmin>595.52</xmin>
      <ymin>905.11</ymin>
      <xmax>635.5</xmax>
      <ymax>939.6</ymax>
    </bndbox>
  </object>
  <object>
    <name>WHITE</name>
    <occluded>0</occluded>
    <bndbox>
      <xmin>652.9</xmin>
      <ymin>909.0</ymin>
      <xmax>698.23</xmax>
      <ymax>936.13</ymax>
    </bndbox>
  </object>
  <object>
    <name>WHITE</name>
    <occluded>0</occluded>
    <bndbox>
      <xmin>694.0</xmin>
      <ymin>869.7</ymin>
      <xmax>739.0</xmax>
      <ymax>899.5</ymax>
    </bndbox>
  </object>
  <object>
    <name>WHITE</name>
    <occluded>0</occluded>
    <bndbox>
      <xmin>505.64</xmin>
      <ymin>635.97</ymin>
      <xmax>547.2</xmax>
      <ymax>673.4</ymax>
    </bndbox>
  </object>
  <object>
    <name>WHITE</name>
    <occluded>0</occluded>
    <bndbox>
      <xmin>791.54</xmin>
      <ymin>811.96</ymin>
      <xmax>836.6</xmax>
      <ymax>859.63</ymax>
    </bndbox>
  </object>
  <object>
    <name>WHITE</name>
    <occluded>0</occluded>
    <bndbox>
      <xmin>718.0</xmin>
      <ymin>809.3</ymin>
      <xmax>760.9</xmax>
      <ymax>851.0</ymax>
    </bndbox>
  </object>
  <object>
    <name>BLACK</name>
    <occluded>0</occluded>
    <bndbox>
      <xmin>891.3</xmin>
      <ymin>467.52</ymin>
      <xmax>938.9</xmax>
      <ymax>518.5</ymax>
    </bndbox>
  </object>
  <object>
    <name>WHITE</name>
    <occluded>0</occluded>
    <bndbox>
      <xmin>852.8</xmin>
      <ymin>540.5</ymin>
      <xmax>901.9</xmax>
      <ymax>587.0</ymax>
    </bndbox>
  </object>
  <object>
    <name>WHITE</name>
    <occluded>0</occluded>
    <bndbox>
      <xmin>803.4</xmin>
      <ymin>610.8</ymin>
      <xmax>850.5</xmax>
      <ymax>658.0</ymax>
    </bndbox>
  </object>
  <object>
    <name>WHITE</name>
    <occluded>0</occluded>
    <bndbox>
      <xmin>913.89</xmin>
      <ymin>852.66</ymin>
      <xmax>944.48</xmax>
      <ymax>891.96</ymax>
    </bndbox>
  </object>
  <object>
    <name>WHITE</name>
    <occluded>0</occluded>
    <bndbox>
      <xmin>775.9</xmin>
      <ymin>214.93</ymin>
      <xmax>816.76</xmax>
      <ymax>240.19</ymax>
    </bndbox>
  </object>
  <object>
    <name>WHITE</name>
    <occluded>0</occluded>
    <bndbox>
      <xmin>896.61</xmin>
      <ymin>287.6</ymin>
      <xmax>937.15</xmax>
      <ymax>315.98</ymax>
    </bndbox>
  </object>
  <object>
    <name>WHITE</name>
    <occluded>0</occluded>
    <bndbox>
      <xmin>447.17</xmin>
      <ymin>582.34</ymin>
      <xmax>479.6</xmax>
      <ymax>627.25</ymax>
    </bndbox>
  </object>
  <object>
    <name>WHITE</name>
    <occluded>0</occluded>
    <bndbox>
      <xmin>447.79</xmin>
      <ymin>642.54</ymin>
      <xmax>483.03</xmax>
      <ymax>690.26</ymax>
    </bndbox>
  </object>
  <object>
    <name>BLACK</name>
    <occluded>0</occluded>
    <bndbox>
      <xmin>892.4</xmin>
      <ymin>857.65</ymin>
      <xmax>919.84</xmax>
      <ymax>897.57</ymax>
    </bndbox>
  </object>
  <object>
    <name>WHITE</name>
    <occluded>0</occluded>
    <bndbox>
      <xmin>865.85</xmin>
      <ymin>900.69</ymin>
      <xmax>912.98</xmax>
      <ymax>935.62</ymax>
    </bndbox>
  </object>
  <object>
    <name>WHITE</name>
    <occluded>0</occluded>
    <bndbox>
      <xmin>943.36</xmin>
      <ymin>631.62</ymin>
      <xmax>983.63</xmax>
      <ymax>676.22</ymax>
    </bndbox>
  </object>
  <object>
    <name>BLACK</name>
    <occluded>0</occluded>
    <bndbox>
      <xmin>423.61</xmin>
      <ymin>776.12</ymin>
      <xmax>446.79</xmax>
      <ymax>817.92</ymax>
    </bndbox>
  </object>
  <object>
    <name>WHITE</name>
    <occluded>0</occluded>
    <bndbox>
      <xmin>463.03</xmin>
      <ymin>815.54</ymin>
      <xmax>497.69</xmax>
      <ymax>856.69</ymax>
    </bndbox>
  </object>
  <object>
    <name>WHITE</name>
    <occluded>0</occluded>
    <bndbox>
      <xmin>490.33</xmin>
      <ymin>800.81</ymin>
      <xmax>523.68</xmax>
      <ymax>838.5</ymax>
    </bndbox>
  </object>
  <object>
    <name>WHITE</name>
    <occluded>0</occluded>
    <bndbox>
      <xmin>406.65</xmin>
      <ymin>714.62</ymin>
      <xmax>430.67</xmax>
      <ymax>756.41</ymax>
    </bndbox>
  </object>
  <object>
    <name>WHITE</name>
    <occluded>0</occluded>
    <bndbox>
      <xmin>643.5</xmin>
      <ymin>235.0</ymin>
      <xmax>686.5</xmax>
      <ymax>263.0</ymax>
    </bndbox>
  </object>
  <object>
    <name>WHITE</name>
    <occluded>0</occluded>
    <bndbox>
      <xmin>598.17</xmin>
      <ymin>286.66</ymin>
      <xmax>641.83</xmax>
      <ymax>321.34</ymax>
    </bndbox>
  </object>
  <object>
    <name>WHITE</name>
    <occluded>0</occluded>
    <bndbox>
      <xmin>439.73</xmin>
      <ymin>763.91</ymin>
      <xmax>468.92</xmax>
      <ymax>801.19</ymax>
    </bndbox>
  </object>
  <object>
    <name>WHITE</name>
    <occluded>0</occluded>
    <bndbox>
      <xmin>1033.53</xmin>
      <ymin>503.43</ymin>
      <xmax>1054.43</xmax>
      <ymax>549.59</ymax>
    </bndbox>
  </object>
  <object>
    <name>WHITE</name>
    <occluded>0</occluded>
    <bndbox>
      <xmin>987.96</xmin>
      <ymin>665.31</ymin>
      <xmax>1018.56</xmax>
      <ymax>710.22</ymax>
    </bndbox>
  </object>
  <object>
    <name>WHITE</name>
    <occluded>0</occluded>
    <bndbox>
      <xmin>1014.79</xmin>
      <ymin>590.45</ymin>
      <xmax>1042.26</xmax>
      <ymax>629.75</ymax>
    </bndbox>
  </object>
  <object>
    <name>WHITE</name>
    <occluded>0</occluded>
    <bndbox>
      <xmin>983.28</xmin>
      <ymin>544.29</ymin>
      <xmax>1021.05</xmax>
      <ymax>588.89</ymax>
    </bndbox>
  </object>
  <object>
    <name>WHITE</name>
    <occluded>0</occluded>
    <bndbox>
      <xmin>1000.16</xmin>
      <ymin>461.33</ymin>
      <xmax>1026.98</xmax>
      <ymax>509.36</ymax>
    </bndbox>
  </object>
  <object>
    <name>WHITE</name>
    <occluded>0</occluded>
    <bndbox>
      <xmin>1024.48</xmin>
      <ymin>425.15</ymin>
      <xmax>1052.55</xmax>
      <ymax>466.32</ymax>
    </bndbox>
  </object>
  <object>
    <name>WHITE</name>
    <occluded>0</occluded>
    <bndbox>
      <xmin>809.9</xmin>
      <ymin>260.46</ymin>
      <xmax>855.44</xmax>
      <ymax>293.53</ymax>
    </bndbox>
  </object>
  <object>
    <name>WHITE</name>
    <occluded>0</occluded>
    <bndbox>
      <xmin>414.1</xmin>
      <ymin>606.98</ymin>
      <xmax>439.68</xmax>
      <ymax>648.78</ymax>
    </bndbox>
  </object>
  <object>
    <name>WHITE</name>
    <occluded>0</occluded>
    <bndbox>
      <xmin>432.19</xmin>
      <ymin>495.01</ymin>
      <xmax>457.77</xmax>
      <ymax>537.74</ymax>
    </bndbox>
  </object>
  <object>
    <name>WHITE</name>
    <occluded>0</occluded>
    <bndbox>
      <xmin>398.51</xmin>
      <ymin>530.25</ymin>
      <xmax>426.27</xmax>
      <ymax>571.42</ymax>
    </bndbox>
  </object>
  <object>
    <name>BLACK</name>
    <occluded>0</occluded>
    <bndbox>
      <xmin>735.98</xmin>
      <ymin>180.31</ymin>
      <xmax>779.02</xmax>
      <ymax>198.4</ymax>
    </bndbox>
  </object>
  <object>
    <name>WHITE</name>
    <occluded>0</occluded>
    <bndbox>
      <xmin>400.07</xmin>
      <ymin>437.0</ymin>
      <xmax>423.15</xmax>
      <ymax>480.04</ymax>
    </bndbox>
  </object>
  <object>
    <name>WHITE</name>
    <occluded>0</occluded>
    <bndbox>
      <xmin>515.75</xmin>
      <ymin>299.45</ymin>
      <xmax>549.47</xmax>
      <ymax>339.38</ymax>
    </bndbox>
  </object>
  <object>
    <name>WHITE</name>
    <occluded>0</occluded>
    <bndbox>
      <xmin>459.61</xmin>
      <ymin>322.53</ymin>
      <xmax>488.65</xmax>
      <ymax>364.95</ymax>
    </bndbox>
  </object>
  <object>
    <name>WHITE</name>
    <occluded>0</occluded>
    <bndbox>
      <xmin>552.56</xmin>
      <ymin>236.45</ymin>
      <xmax>593.45</xmax>
      <ymax>272.0</ymax>
    </bndbox>
  </object>
</annotation>
