<annotation>
  <folder>MH</folder>
  <filename>MH_camera6.png</filename>
  <source>
    <database>Unknown</database>
    <annotation>Unknown</annotation>
    <image>Unknown</image>
  </source>
  <size>
    <width>1280</width>
    <height>960</height>
    <depth></depth>
  </size>
  <segmented>0</segmented>
  <object>
    <name>WHITE</name>
    <occluded>0</occluded>
    <bndbox>
      <xmin>396.44</xmin>
      <ymin>728.69</ymin>
      <xmax>441.1</xmax>
      <ymax>770.29</ymax>
    </bndbox>
  </object>
  <object>
    <name>WHITE</name>
    <occluded>0</occluded>
    <bndbox>
      <xmin>432.94</xmin>
      <ymin>676.88</ymin>
      <xmax>479.6</xmax>
      <ymax>718.4</ymax>
    </bndbox>
  </object>
  <object>
    <name>WHITE</name>
    <occluded>0</occluded>
    <bndbox>
      <xmin>475.94</xmin>
      <ymin>624.38</ymin>
      <xmax>523.3</xmax>
      <ymax>663.5</ymax>
    </bndbox>
  </object>
  <object>
    <name>WHITE</name>
    <occluded>0</occluded>
    <bndbox>
      <xmin>508.5</xmin>
      <ymin>554.0</ymin>
      <xmax>555.8</xmax>
      <ymax>597.0</ymax>
    </bndbox>
  </object>
  <object>
    <name>WHITE</name>
    <occluded>0</occluded>
    <bndbox>
      <xmin>538.3</xmin>
      <ymin>471.73</ymin>
      <xmax>588.9</xmax>
      <ymax>517.8</ymax>
    </bndbox>
  </object>
  <object>
    <name>WHITE</name>
    <occluded>0</occluded>
    <bndbox>
      <xmin>578.43</xmin>
      <ymin>387.73</ymin>
      <xmax>624.7</xmax>
      <ymax>434.5</ymax>
    </bndbox>
  </object>
  <object>
    <name>WHITE</name>
    <occluded>0</occluded>
    <bndbox>
      <xmin>573.34</xmin>
      <ymin>843.19</ymin>
      <xmax>614.7</xmax>
      <ymax>879.1</ymax>
    </bndbox>
  </object>
  <object>
    <name>WHITE</name>
    <occluded>0</occluded>
    <bndbox>
      <xmin>718.36</xmin>
      <ymin>575.88</ymin>
      <xmax>760.4</xmax>
      <ymax>618.6</ymax>
    </bndbox>
  </object>
  <object>
    <name>WHITE</name>
    <occluded>0</occluded>
    <bndbox>
      <xmin>744.7</xmin>
      <ymin>496.59</ymin>
      <xmax>777.27</xmax>
      <ymax>543.0</ymax>
    </bndbox>
  </object>
  <object>
    <name>WHITE</name>
    <occluded>0</occluded>
    <bndbox>
      <xmin>744.03</xmin>
      <ymin>408.9</ymin>
      <xmax>775.3</xmax>
      <ymax>453.8</ymax>
    </bndbox>
  </object>
  <object>
    <name>BLACK</name>
    <occluded>0</occluded>
    <bndbox>
      <xmin>687.76</xmin>
      <ymin>460.89</ymin>
      <xmax>728.9</xmax>
      <ymax>511.9</ymax>
    </bndbox>
  </object>
  <object>
    <name>WHITE</name>
    <occluded>0</occluded>
    <bndbox>
      <xmin>712.3</xmin>
      <ymin>325.0</ymin>
      <xmax>748.26</xmax>
      <ymax>370.21</ymax>
    </bndbox>
  </object>
  <object>
    <name>WHITE</name>
    <occluded>0</occluded>
    <bndbox>
      <xmin>636.88</xmin>
      <ymin>195.28</ymin>
      <xmax>676.5</xmax>
      <ymax>231.7</ymax>
    </bndbox>
  </object>
  <object>
    <name>WHITE</name>
    <occluded>0</occluded>
    <bndbox>
      <xmin>628.49</xmin>
      <ymin>860.71</ymin>
      <xmax>667.39</xmax>
      <ymax>897.4</ymax>
    </bndbox>
  </object>
  <object>
    <name>WHITE</name>
    <occluded>0</occluded>
    <bndbox>
      <xmin>753.4</xmin>
      <ymin>677.41</ymin>
      <xmax>788.41</xmax>
      <ymax>715.0</ymax>
    </bndbox>
  </object>
  <object>
    <name>WHITE</name>
    <occluded>0</occluded>
    <bndbox>
      <xmin>765.0</xmin>
      <ymin>618.51</ymin>
      <xmax>798.08</xmax>
      <ymax>657.4</ymax>
    </bndbox>
  </object>
  <object>
    <name>WHITE</name>
    <occluded>0</occluded>
    <bndbox>
      <xmin>788.0</xmin>
      <ymin>527.04</ymin>
      <xmax>818.23</xmax>
      <ymax>570.1</ymax>
    </bndbox>
  </object>
  <object>
    <name>WHITE</name>
    <occluded>0</occluded>
    <bndbox>
      <xmin>782.0</xmin>
      <ymin>356.9</ymin>
      <xmax>806.1</xmax>
      <ymax>398.6</ymax>
    </bndbox>
  </object>
  <object>
    <name>WHITE</name>
    <occluded>0</occluded>
    <bndbox>
      <xmin>687.3</xmin>
      <ymin>862.95</ymin>
      <xmax>724.1</xmax>
      <ymax>899.1</ymax>
    </bndbox>
  </object>
  <object>
    <name>WHITE</name>
    <occluded>0</occluded>
    <bndbox>
      <xmin>720.2</xmin>
      <ymin>813.62</ymin>
      <xmax>753.04</xmax>
      <ymax>847.0</ymax>
    </bndbox>
  </object>
  <object>
    <name>WHITE</name>
    <occluded>0</occluded>
    <bndbox>
      <xmin>377.0</xmin>
      <ymin>458.82</ymin>
      <xmax>423.0</xmax>
      <ymax>509.4</ymax>
    </bndbox>
  </object>
  <object>
    <name>WHITE</name>
    <occluded>0</occluded>
    <bndbox>
      <xmin>345.19</xmin>
      <ymin>536.6</ymin>
      <xmax>390.0</xmax>
      <ymax>573.4</ymax>
    </bndbox>
  </object>
  <object>
    <name>WHITE</name>
    <occluded>0</occluded>
    <bndbox>
      <xmin>663.2</xmin>
      <ymin>537.88</ymin>
      <xmax>709.0</xmax>
      <ymax>580.6</ymax>
    </bndbox>
  </object>
  <object>
    <name>WHITE</name>
    <occluded>0</occluded>
    <bndbox>
      <xmin>640.5</xmin>
      <ymin>614.0</ymin>
      <xmax>686.5</xmax>
      <ymax>653.4</ymax>
    </bndbox>
  </object>
  <object>
    <name>WHITE</name>
    <occluded>0</occluded>
    <bndbox>
      <xmin>413.0</xmin>
      <ymin>381.0</ymin>
      <xmax>461.2</xmax>
      <ymax>427.1</ymax>
    </bndbox>
  </object>
  <object>
    <name>WHITE</name>
    <occluded>0</occluded>
    <bndbox>
      <xmin>487.5</xmin>
      <ymin>743.0</ymin>
      <xmax>535.4</xmax>
      <ymax>785.1</ymax>
    </bndbox>
  </object>
  <object>
    <name>WHITE</name>
    <occluded>0</occluded>
    <bndbox>
      <xmin>530.13</xmin>
      <ymin>684.44</ymin>
      <xmax>575.9</xmax>
      <ymax>721.6</ymax>
    </bndbox>
  </object>
  <object>
    <name>WHITE</name>
    <occluded>0</occluded>
    <bndbox>
      <xmin>561.5</xmin>
      <ymin>623.5</ymin>
      <xmax>609.2</xmax>
      <ymax>661.0</ymax>
    </bndbox>
  </object>
  <object>
    <name>WHITE</name>
    <occluded>0</occluded>
    <bndbox>
      <xmin>585.91</xmin>
      <ymin>549.2</ymin>
      <xmax>633.9</xmax>
      <ymax>592.5</ymax>
    </bndbox>
  </object>
  <object>
    <name>WHITE</name>
    <occluded>0</occluded>
    <bndbox>
      <xmin>620.96</xmin>
      <ymin>464.13</ymin>
      <xmax>667.5</xmax>
      <ymax>510.7</ymax>
    </bndbox>
  </object>
  <object>
    <name>WHITE</name>
    <occluded>0</occluded>
    <bndbox>
      <xmin>660.42</xmin>
      <ymin>381.36</ymin>
      <xmax>706.1</xmax>
      <ymax>429.1</ymax>
    </bndbox>
  </object>
  <object>
    <name>BLACK</name>
    <occluded>0</occluded>
    <bndbox>
      <xmin>535.89</xmin>
      <ymin>798.57</ymin>
      <xmax>582.4</xmax>
      <ymax>836.0</ymax>
    </bndbox>
  </object>
  <object>
    <name>WHITE</name>
    <occluded>0</occluded>
    <bndbox>
      <xmin>567.34</xmin>
      <ymin>735.49</ymin>
      <xmax>613.6</xmax>
      <ymax>777.8</ymax>
    </bndbox>
  </object>
  <object>
    <name>WHITE</name>
    <occluded>0</occluded>
    <bndbox>
      <xmin>613.5</xmin>
      <ymin>681.0</ymin>
      <xmax>654.5</xmax>
      <ymax>717.2</ymax>
    </bndbox>
  </object>
  <object>
    <name>WHITE</name>
    <occluded>0</occluded>
    <bndbox>
      <xmin>754.99</xmin>
      <ymin>821.0</ymin>
      <xmax>782.7</xmax>
      <ymax>856.21</ymax>
    </bndbox>
  </object>
  <object>
    <name>WHITE</name>
    <occluded>0</occluded>
    <bndbox>
      <xmin>431.68</xmin>
      <ymin>867.55</ymin>
      <xmax>472.8</xmax>
      <ymax>901.7</ymax>
    </bndbox>
  </object>
  <object>
    <name>WHITE</name>
    <occluded>0</occluded>
    <bndbox>
      <xmin>305.07</xmin>
      <ymin>570.03</ymin>
      <xmax>344.5</xmax>
      <ymax>615.2</ymax>
    </bndbox>
  </object>
  <object>
    <name>BLACK</name>
    <occluded>0</occluded>
    <bndbox>
      <xmin>314.39</xmin>
      <ymin>456.2</ymin>
      <xmax>354.7</xmax>
      <ymax>503.8</ymax>
    </bndbox>
  </object>
  <object>
    <name>WHITE</name>
    <occluded>0</occluded>
    <bndbox>
      <xmin>277.5</xmin>
      <ymin>490.32</ymin>
      <xmax>313.7</xmax>
      <ymax>537.4</ymax>
    </bndbox>
  </object>
  <object>
    <name>WHITE</name>
    <occluded>0</occluded>
    <bndbox>
      <xmin>335.05</xmin>
      <ymin>384.39</ymin>
      <xmax>381.9</xmax>
      <ymax>433.8</ymax>
    </bndbox>
  </object>
  <object>
    <name>WHITE</name>
    <occluded>0</occluded>
    <bndbox>
      <xmin>457.69</xmin>
      <ymin>319.13</ymin>
      <xmax>506.3</xmax>
      <ymax>363.1</ymax>
    </bndbox>
  </object>
  <object>
    <name>WHITE</name>
    <occluded>0</occluded>
    <bndbox>
      <xmin>502.63</xmin>
      <ymin>255.82</ymin>
      <xmax>550.6</xmax>
      <ymax>294.1</ymax>
    </bndbox>
  </object>
  <object>
    <name>WHITE</name>
    <occluded>0</occluded>
    <bndbox>
      <xmin>311.12</xmin>
      <ymin>692.39</ymin>
      <xmax>348.4</xmax>
      <ymax>729.4</ymax>
    </bndbox>
  </object>
  <object>
    <name>WHITE</name>
    <occluded>0</occluded>
    <bndbox>
      <xmin>348.9</xmin>
      <ymin>654.09</ymin>
      <xmax>390.7</xmax>
      <ymax>693.4</ymax>
    </bndbox>
  </object>
  <object>
    <name>WHITE</name>
    <occluded>0</occluded>
    <bndbox>
      <xmin>390.32</xmin>
      <ymin>607.08</ymin>
      <xmax>435.0</xmax>
      <ymax>650.92</ymax>
    </bndbox>
  </object>
  <object>
    <name>WHITE</name>
    <occluded>0</occluded>
    <bndbox>
      <xmin>424.5</xmin>
      <ymin>548.0</ymin>
      <xmax>473.3</xmax>
      <ymax>593.9</ymax>
    </bndbox>
  </object>
  <object>
    <name>WHITE</name>
    <occluded>0</occluded>
    <bndbox>
      <xmin>454.86</xmin>
      <ymin>467.64</ymin>
      <xmax>506.3</xmax>
      <ymax>518.0</ymax>
    </bndbox>
  </object>
  <object>
    <name>WHITE</name>
    <occluded>0</occluded>
    <bndbox>
      <xmin>492.32</xmin>
      <ymin>385.19</ymin>
      <xmax>543.6</xmax>
      <ymax>434.4</ymax>
    </bndbox>
  </object>
  <object>
    <name>WHITE</name>
    <occluded>0</occluded>
    <bndbox>
      <xmin>534.0</xmin>
      <ymin>317.5</ymin>
      <xmax>584.2</xmax>
      <ymax>361.8</ymax>
    </bndbox>
  </object>
  <object>
    <name>WHITE</name>
    <occluded>0</occluded>
    <bndbox>
      <xmin>581.95</xmin>
      <ymin>240.72</ymin>
      <xmax>628.2</xmax>
      <ymax>279.3</ymax>
    </bndbox>
  </object>
  <object>
    <name>WHITE</name>
    <occluded>0</occluded>
    <bndbox>
      <xmin>418.69</xmin>
      <ymin>254.79</ymin>
      <xmax>460.17</xmax>
      <ymax>288.47</ymax>
    </bndbox>
  </object>
  <object>
    <name>WHITE</name>
    <occluded>0</occluded>
    <bndbox>
      <xmin>279.27</xmin>
      <ymin>291.9</ymin>
      <xmax>313.58</xmax>
      <ymax>326.52</ymax>
    </bndbox>
  </object>
  <object>
    <name>WHITE</name>
    <occluded>0</occluded>
    <bndbox>
      <xmin>330.74</xmin>
      <ymin>274.44</ymin>
      <xmax>367.85</xmax>
      <ymax>308.12</ymax>
    </bndbox>
  </object>
  <object>
    <name>WHITE</name>
    <occluded>0</occluded>
    <bndbox>
      <xmin>537.5</xmin>
      <ymin>199.0</ymin>
      <xmax>578.5</xmax>
      <ymax>223.0</ymax>
    </bndbox>
  </object>
  <object>
    <name>WHITE</name>
    <occluded>0</occluded>
    <bndbox>
      <xmin>692.06</xmin>
      <ymin>661.61</ymin>
      <xmax>733.94</xmax>
      <ymax>692.39</ymax>
    </bndbox>
  </object>
  <object>
    <name>WHITE</name>
    <occluded>0</occluded>
    <bndbox>
      <xmin>794.5</xmin>
      <ymin>444.0</ymin>
      <xmax>819.5</xmax>
      <ymax>486.0</ymax>
    </bndbox>
  </object>
  <object>
    <name>WHITE</name>
    <occluded>0</occluded>
    <bndbox>
      <xmin>827.76</xmin>
      <ymin>395.51</ymin>
      <xmax>844.24</xmax>
      <ymax>436.49</ymax>
    </bndbox>
  </object>
  <object>
    <name>WHITE</name>
    <occluded>0</occluded>
    <bndbox>
      <xmin>239.35</xmin>
      <ymin>440.05</ymin>
      <xmax>261.81</xmax>
      <ymax>484.97</ymax>
    </bndbox>
  </object>
  <object>
    <name>WHITE</name>
    <occluded>0</occluded>
    <bndbox>
      <xmin>242.78</xmin>
      <ymin>517.4</ymin>
      <xmax>270.54</xmax>
      <ymax>564.19</ymax>
    </bndbox>
  </object>
  <object>
    <name>WHITE</name>
    <occluded>0</occluded>
    <bndbox>
      <xmin>243.09</xmin>
      <ymin>642.79</ymin>
      <xmax>268.67</xmax>
      <ymax>683.33</ymax>
    </bndbox>
  </object>
  <object>
    <name>WHITE</name>
    <occluded>0</occluded>
    <bndbox>
      <xmin>802.51</xmin>
      <ymin>641.51</ymin>
      <xmax>832.14</xmax>
      <ymax>683.3</ymax>
    </bndbox>
  </object>
  <object>
    <name>WHITE</name>
    <occluded>0</occluded>
    <bndbox>
      <xmin>276.65</xmin>
      <ymin>609.07</ymin>
      <xmax>309.7</xmax>
      <ymax>653.67</ymax>
    </bndbox>
  </object>
  <object>
    <name>WHITE</name>
    <occluded>0</occluded>
    <bndbox>
      <xmin>215.96</xmin>
      <ymin>472.49</ymin>
      <xmax>235.92</xmax>
      <ymax>518.34</ymax>
    </bndbox>
  </object>
  <object>
    <name>WHITE</name>
    <occluded>0</occluded>
    <bndbox>
      <xmin>833.51</xmin>
      <ymin>478.73</ymin>
      <xmax>857.21</xmax>
      <ymax>524.27</ymax>
    </bndbox>
  </object>
  <object>
    <name>BLACK</name>
    <occluded>0</occluded>
    <bndbox>
      <xmin>327.71</xmin>
      <ymin>839.7</ymin>
      <xmax>361.7</xmax>
      <ymax>873.24</ymax>
    </bndbox>
  </object>
  <object>
    <name>WHITE</name>
    <occluded>0</occluded>
    <bndbox>
      <xmin>366.79</xmin>
      <ymin>831.76</ymin>
      <xmax>407.34</xmax>
      <ymax>867.01</ymax>
    </bndbox>
  </object>
  <object>
    <name>WHITE</name>
    <occluded>0</occluded>
    <bndbox>
      <xmin>371.78</xmin>
      <ymin>871.69</ymin>
      <xmax>407.02</xmax>
      <ymax>906.93</ymax>
    </bndbox>
  </object>
  <object>
    <name>WHITE</name>
    <occluded>0</occluded>
    <bndbox>
      <xmin>398.57</xmin>
      <ymin>904.12</ymin>
      <xmax>440.4</xmax>
      <ymax>935.62</ymax>
    </bndbox>
  </object>
  <object>
    <name>WHITE</name>
    <occluded>0</occluded>
    <bndbox>
      <xmin>459.74</xmin>
      <ymin>910.99</ymin>
      <xmax>501.53</xmax>
      <ymax>937.81</ymax>
    </bndbox>
  </object>
  <object>
    <name>WHITE</name>
    <occluded>0</occluded>
    <bndbox>
      <xmin>541.45</xmin>
      <ymin>900.07</ymin>
      <xmax>582.62</xmax>
      <ymax>930.01</ymax>
    </bndbox>
  </object>
  <object>
    <name>WHITE</name>
    <occluded>0</occluded>
    <bndbox>
      <xmin>611.6</xmin>
      <ymin>907.55</ymin>
      <xmax>650.62</xmax>
      <ymax>934.38</ymax>
    </bndbox>
  </object>
  <object>
    <name>WHITE</name>
    <occluded>0</occluded>
    <bndbox>
      <xmin>499.56</xmin>
      <ymin>858.82</ymin>
      <xmax>544.8</xmax>
      <ymax>893.8</ymax>
    </bndbox>
  </object>
  <object>
    <name>WHITE</name>
    <occluded>0</occluded>
    <bndbox>
      <xmin>473.88</xmin>
      <ymin>802.63</ymin>
      <xmax>520.5</xmax>
      <ymax>843.9</ymax>
    </bndbox>
  </object>
  <object>
    <name>WHITE</name>
    <occluded>0</occluded>
    <bndbox>
      <xmin>411.1</xmin>
      <ymin>802.07</ymin>
      <xmax>456.4</xmax>
      <ymax>844.5</ymax>
    </bndbox>
  </object>
  <object>
    <name>WHITE</name>
    <occluded>0</occluded>
    <bndbox>
      <xmin>275.1</xmin>
      <ymin>409.0</ymin>
      <xmax>314.2</xmax>
      <ymax>455.4</ymax>
    </bndbox>
  </object>
  <object>
    <name>WHITE</name>
    <occluded>0</occluded>
    <bndbox>
      <xmin>248.6</xmin>
      <ymin>359.8</ymin>
      <xmax>279.76</xmax>
      <ymax>399.3</ymax>
    </bndbox>
  </object>
  <object>
    <name>WHITE</name>
    <occluded>0</occluded>
    <bndbox>
      <xmin>292.9</xmin>
      <ymin>334.58</ymin>
      <xmax>336.54</xmax>
      <ymax>370.9</ymax>
    </bndbox>
  </object>
  <object>
    <name>WHITE</name>
    <occluded>0</occluded>
    <bndbox>
      <xmin>765.05</xmin>
      <ymin>755.97</ymin>
      <xmax>794.71</xmax>
      <ymax>791.53</ymax>
    </bndbox>
  </object>
  <object>
    <name>WHITE</name>
    <occluded>0</occluded>
    <bndbox>
      <xmin>786.57</xmin>
      <ymin>710.12</ymin>
      <xmax>814.98</xmax>
      <ymax>745.99</ymax>
    </bndbox>
  </object>
  <object>
    <name>WHITE</name>
    <occluded>0</occluded>
    <bndbox>
      <xmin>778.46</xmin>
      <ymin>771.88</ymin>
      <xmax>802.82</xmax>
      <ymax>807.75</ymax>
    </bndbox>
  </object>
  <object>
    <name>WHITE</name>
    <occluded>0</occluded>
    <bndbox>
      <xmin>371.05</xmin>
      <ymin>307.29</ymin>
      <xmax>414.19</xmax>
      <ymax>352.8</ymax>
    </bndbox>
  </object>
  <object>
    <name>WHITE</name>
    <occluded>0</occluded>
    <bndbox>
      <xmin>618.12</xmin>
      <ymin>303.03</ymin>
      <xmax>666.1</xmax>
      <ymax>346.7</ymax>
    </bndbox>
  </object>
  <object>
    <name>BLACK</name>
    <occluded>0</occluded>
    <bndbox>
      <xmin>500.41</xmin>
      <ymin>174.01</ymin>
      <xmax>550.62</xmax>
      <ymax>193.66</ymax>
    </bndbox>
  </object>
  <object>
    <name>WHITE</name>
    <occluded>0</occluded>
    <bndbox>
      <xmin>379.7</xmin>
      <ymin>225.47</ymin>
      <xmax>423.37</xmax>
      <ymax>253.23</ymax>
    </bndbox>
  </object>
  <object>
    <name>WHITE</name>
    <occluded>0</occluded>
    <bndbox>
      <xmin>459.24</xmin>
      <ymin>205.51</ymin>
      <xmax>502.59</xmax>
      <ymax>234.2</ymax>
    </bndbox>
  </object>
  <object>
    <name>WHITE</name>
    <occluded>0</occluded>
    <bndbox>
      <xmin>748.36</xmin>
      <ymin>276.93</ymin>
      <xmax>775.5</xmax>
      <ymax>316.86</ymax>
    </bndbox>
  </object>
  <object>
    <name>WHITE</name>
    <occluded>0</occluded>
    <bndbox>
      <xmin>714.68</xmin>
      <ymin>214.55</ymin>
      <xmax>742.12</xmax>
      <ymax>253.54</ymax>
    </bndbox>
  </object>
  <object>
    <name>WHITE</name>
    <occluded>0</occluded>
    <bndbox>
      <xmin>681.62</xmin>
      <ymin>253.85</ymin>
      <xmax>716.55</xmax>
      <ymax>297.21</ymax>
    </bndbox>
  </object>
</annotation>
