<annotation>
  <folder>MH</folder>
  <filename>MH_camera10.png</filename>
  <source>
    <database>Unknown</database>
    <annotation>Unknown</annotation>
    <image>Unknown</image>
  </source>
  <size>
    <width>1280</width>
    <height>960</height>
    <depth></depth>
  </size>
  <segmented>0</segmented>
  <object>
    <name>WHITE</name>
    <occluded>0</occluded>
    <bndbox>
      <xmin>910.59</xmin>
      <ymin>229.32</ymin>
      <xmax>947.3</xmax>
      <ymax>269.0</ymax>
    </bndbox>
  </object>
  <object>
    <name>BLACK</name>
    <occluded>0</occluded>
    <bndbox>
      <xmin>888.28</xmin>
      <ymin>356.32</ymin>
      <xmax>925.0</xmax>
      <ymax>407.5</ymax>
    </bndbox>
  </object>
  <object>
    <name>BLACK</name>
    <occluded>0</occluded>
    <bndbox>
      <xmin>827.26</xmin>
      <ymin>564.36</ymin>
      <xmax>879.0</xmax>
      <ymax>611.4</ymax>
    </bndbox>
  </object>
  <object>
    <name>WHITE</name>
    <occluded>0</occluded>
    <bndbox>
      <xmin>840.23</xmin>
      <ymin>223.74</ymin>
      <xmax>881.8</xmax>
      <ymax>260.5</ymax>
    </bndbox>
  </object>
  <object>
    <name>WHITE</name>
    <occluded>0</occluded>
    <bndbox>
      <xmin>790.06</xmin>
      <ymin>426.94</ymin>
      <xmax>838.4</xmax>
      <ymax>474.7</ymax>
    </bndbox>
  </object>
  <object>
    <name>WHITE</name>
    <occluded>0</occluded>
    <bndbox>
      <xmin>775.29</xmin>
      <ymin>164.67</ymin>
      <xmax>820.7</xmax>
      <ymax>201.3</ymax>
    </bndbox>
  </object>
  <object>
    <name>WHITE</name>
    <occluded>0</occluded>
    <bndbox>
      <xmin>757.75</xmin>
      <ymin>223.13</ymin>
      <xmax>805.5</xmax>
      <ymax>267.7</ymax>
    </bndbox>
  </object>
  <object>
    <name>WHITE</name>
    <occluded>0</occluded>
    <bndbox>
      <xmin>739.99</xmin>
      <ymin>301.12</ymin>
      <xmax>785.99</xmax>
      <ymax>341.12</ymax>
    </bndbox>
  </object>
  <object>
    <name>WHITE</name>
    <occluded>0</occluded>
    <bndbox>
      <xmin>708.5</xmin>
      <ymin>440.37</ymin>
      <xmax>760.9</xmax>
      <ymax>491.9</ymax>
    </bndbox>
  </object>
  <object>
    <name>WHITE</name>
    <occluded>0</occluded>
    <bndbox>
      <xmin>668.07</xmin>
      <ymin>531.07</ymin>
      <xmax>715.93</xmax>
      <ymax>578.93</ymax>
    </bndbox>
  </object>
  <object>
    <name>WHITE</name>
    <occluded>0</occluded>
    <bndbox>
      <xmin>759.12</xmin>
      <ymin>512.06</ymin>
      <xmax>804.88</xmax>
      <ymax>559.94</ymax>
    </bndbox>
  </object>
  <object>
    <name>WHITE</name>
    <occluded>0</occluded>
    <bndbox>
      <xmin>744.3</xmin>
      <ymin>585.85</ymin>
      <xmax>791.7</xmax>
      <ymax>634.15</ymax>
    </bndbox>
  </object>
  <object>
    <name>WHITE</name>
    <occluded>0</occluded>
    <bndbox>
      <xmin>805.5</xmin>
      <ymin>361.0</ymin>
      <xmax>848.5</xmax>
      <ymax>405.0</ymax>
    </bndbox>
  </object>
  <object>
    <name>WHITE</name>
    <occluded>0</occluded>
    <bndbox>
      <xmin>846.5</xmin>
      <ymin>500.0</ymin>
      <xmax>889.5</xmax>
      <ymax>546.0</ymax>
    </bndbox>
  </object>
  <object>
    <name>WHITE</name>
    <occluded>0</occluded>
    <bndbox>
      <xmin>872.2</xmin>
      <ymin>419.23</ymin>
      <xmax>911.8</xmax>
      <ymax>464.77</ymax>
    </bndbox>
  </object>
  <object>
    <name>WHITE</name>
    <occluded>0</occluded>
    <bndbox>
      <xmin>405.23</xmin>
      <ymin>573.61</ymin>
      <xmax>450.77</xmax>
      <ymax>608.39</ymax>
    </bndbox>
  </object>
  <object>
    <name>WHITE</name>
    <occluded>0</occluded>
    <bndbox>
      <xmin>330.94</xmin>
      <ymin>381.44</ymin>
      <xmax>352.52</xmax>
      <ymax>425.89</ymax>
    </bndbox>
  </object>
  <object>
    <name>WHITE</name>
    <occluded>0</occluded>
    <bndbox>
      <xmin>324.56</xmin>
      <ymin>587.04</ymin>
      <xmax>351.03</xmax>
      <ymax>631.23</ymax>
    </bndbox>
  </object>
  <object>
    <name>WHITE</name>
    <occluded>0</occluded>
    <bndbox>
      <xmin>359.11</xmin>
      <ymin>702.91</ymin>
      <xmax>382.82</xmax>
      <ymax>750.88</ymax>
    </bndbox>
  </object>
  <object>
    <name>WHITE</name>
    <occluded>0</occluded>
    <bndbox>
      <xmin>544.76</xmin>
      <ymin>577.37</ymin>
      <xmax>604.0</xmax>
      <ymax>629.5</ymax>
    </bndbox>
  </object>
  <object>
    <name>WHITE</name>
    <occluded>0</occluded>
    <bndbox>
      <xmin>634.8</xmin>
      <ymin>138.87</ymin>
      <xmax>684.7</xmax>
      <ymax>173.2</ymax>
    </bndbox>
  </object>
  <object>
    <name>WHITE</name>
    <occluded>0</occluded>
    <bndbox>
      <xmin>611.7</xmin>
      <ymin>204.2</ymin>
      <xmax>658.06</xmax>
      <ymax>242.85</ymax>
    </bndbox>
  </object>
  <object>
    <name>WHITE</name>
    <occluded>0</occluded>
    <bndbox>
      <xmin>586.87</xmin>
      <ymin>286.73</ymin>
      <xmax>632.35</xmax>
      <ymax>325.01</ymax>
    </bndbox>
  </object>
  <object>
    <name>WHITE</name>
    <occluded>0</occluded>
    <bndbox>
      <xmin>476.5</xmin>
      <ymin>534.0</ymin>
      <xmax>526.5</xmax>
      <ymax>580.0</ymax>
    </bndbox>
  </object>
  <object>
    <name>BLACK</name>
    <occluded>0</occluded>
    <bndbox>
      <xmin>580.15</xmin>
      <ymin>117.04</ymin>
      <xmax>626.7</xmax>
      <ymax>147.1</ymax>
    </bndbox>
  </object>
  <object>
    <name>WHITE</name>
    <occluded>0</occluded>
    <bndbox>
      <xmin>548.22</xmin>
      <ymin>164.0</ymin>
      <xmax>593.7</xmax>
      <ymax>204.6</ymax>
    </bndbox>
  </object>
  <object>
    <name>WHITE</name>
    <occluded>0</occluded>
    <bndbox>
      <xmin>527.75</xmin>
      <ymin>233.13</ymin>
      <xmax>574.2</xmax>
      <ymax>278.1</ymax>
    </bndbox>
  </object>
  <object>
    <name>WHITE</name>
    <occluded>0</occluded>
    <bndbox>
      <xmin>506.82</xmin>
      <ymin>312.6</ymin>
      <xmax>551.18</xmax>
      <ymax>359.5</ymax>
    </bndbox>
  </object>
  <object>
    <name>WHITE</name>
    <occluded>0</occluded>
    <bndbox>
      <xmin>907.3</xmin>
      <ymin>570.78</ymin>
      <xmax>947.98</xmax>
      <ymax>619.5</ymax>
    </bndbox>
  </object>
  <object>
    <name>WHITE</name>
    <occluded>0</occluded>
    <bndbox>
      <xmin>521.06</xmin>
      <ymin>127.21</ymin>
      <xmax>566.38</xmax>
      <ymax>156.03</ymax>
    </bndbox>
  </object>
  <object>
    <name>WHITE</name>
    <occluded>0</occluded>
    <bndbox>
      <xmin>361.28</xmin>
      <ymin>607.78</ymin>
      <xmax>397.59</xmax>
      <ymax>657.93</ymax>
    </bndbox>
  </object>
  <object>
    <name>WHITE</name>
    <occluded>0</occluded>
    <bndbox>
      <xmin>388.94</xmin>
      <ymin>492.88</ymin>
      <xmax>428.28</xmax>
      <ymax>538.17</ymax>
    </bndbox>
  </object>
  <object>
    <name>WHITE</name>
    <occluded>0</occluded>
    <bndbox>
      <xmin>345.53</xmin>
      <ymin>521.32</ymin>
      <xmax>384.11</xmax>
      <ymax>563.62</ymax>
    </bndbox>
  </object>
  <object>
    <name>WHITE</name>
    <occluded>0</occluded>
    <bndbox>
      <xmin>405.78</xmin>
      <ymin>415.78</ymin>
      <xmax>442.13</xmax>
      <ymax>461.81</ymax>
    </bndbox>
  </object>
  <object>
    <name>WHITE</name>
    <occluded>0</occluded>
    <bndbox>
      <xmin>437.22</xmin>
      <ymin>333.06</ymin>
      <xmax>478.06</xmax>
      <ymax>376.85</ymax>
    </bndbox>
  </object>
  <object>
    <name>WHITE</name>
    <occluded>0</occluded>
    <bndbox>
      <xmin>399.05</xmin>
      <ymin>282.91</ymin>
      <xmax>433.89</xmax>
      <ymax>328.2</ymax>
    </bndbox>
  </object>
  <object>
    <name>WHITE</name>
    <occluded>0</occluded>
    <bndbox>
      <xmin>423.0</xmin>
      <ymin>210.67</ymin>
      <xmax>462.71</xmax>
      <ymax>250.35</ymax>
    </bndbox>
  </object>
  <object>
    <name>WHITE</name>
    <occluded>0</occluded>
    <bndbox>
      <xmin>375.47</xmin>
      <ymin>240.62</ymin>
      <xmax>406.94</xmax>
      <ymax>283.66</ymax>
    </bndbox>
  </object>
  <object>
    <name>WHITE</name>
    <occluded>0</occluded>
    <bndbox>
      <xmin>459.68</xmin>
      <ymin>150.79</ymin>
      <xmax>500.89</xmax>
      <ymax>183.35</ymax>
    </bndbox>
  </object>
  <object>
    <name>WHITE</name>
    <occluded>0</occluded>
    <bndbox>
      <xmin>650.22</xmin>
      <ymin>93.15</ymin>
      <xmax>697.38</xmax>
      <ymax>121.22</ymax>
    </bndbox>
  </object>
  <object>
    <name>WHITE</name>
    <occluded>0</occluded>
    <bndbox>
      <xmin>711.6</xmin>
      <ymin>122.72</ymin>
      <xmax>756.14</xmax>
      <ymax>155.66</ymax>
    </bndbox>
  </object>
  <object>
    <name>WHITE</name>
    <occluded>0</occluded>
    <bndbox>
      <xmin>784.59</xmin>
      <ymin>122.72</ymin>
      <xmax>823.14</xmax>
      <ymax>154.91</ymax>
    </bndbox>
  </object>
  <object>
    <name>WHITE</name>
    <occluded>0</occluded>
    <bndbox>
      <xmin>817.9</xmin>
      <ymin>289.27</ymin>
      <xmax>868.05</xmax>
      <ymax>326.33</ymax>
    </bndbox>
  </object>
  <object>
    <name>WHITE</name>
    <occluded>0</occluded>
    <bndbox>
      <xmin>901.74</xmin>
      <ymin>288.9</ymin>
      <xmax>937.67</xmax>
      <ymax>329.32</ymax>
    </bndbox>
  </object>
  <object>
    <name>WHITE</name>
    <occluded>0</occluded>
    <bndbox>
      <xmin>961.99</xmin>
      <ymin>307.24</ymin>
      <xmax>995.3</xmax>
      <ymax>349.53</ymax>
    </bndbox>
  </object>
  <object>
    <name>WHITE</name>
    <occluded>0</occluded>
    <bndbox>
      <xmin>956.75</xmin>
      <ymin>364.5</ymin>
      <xmax>984.45</xmax>
      <ymax>412.41</ymax>
    </bndbox>
  </object>
  <object>
    <name>WHITE</name>
    <occluded>0</occluded>
    <bndbox>
      <xmin>374.68</xmin>
      <ymin>360.83</ymin>
      <xmax>404.97</xmax>
      <ymax>408.24</ymax>
    </bndbox>
  </object>
  <object>
    <name>WHITE</name>
    <occluded>0</occluded>
    <bndbox>
      <xmin>351.29</xmin>
      <ymin>440.68</ymin>
      <xmax>377.52</xmax>
      <ymax>488.4</ymax>
    </bndbox>
  </object>
  <object>
    <name>WHITE</name>
    <occluded>0</occluded>
    <bndbox>
      <xmin>344.46</xmin>
      <ymin>271.63</ymin>
      <xmax>365.67</xmax>
      <ymax>313.42</ymax>
    </bndbox>
  </object>
  <object>
    <name>WHITE</name>
    <occluded>0</occluded>
    <bndbox>
      <xmin>350.98</xmin>
      <ymin>306.88</ymin>
      <xmax>381.26</xmax>
      <ymax>350.54</ymax>
    </bndbox>
  </object>
  <object>
    <name>WHITE</name>
    <occluded>0</occluded>
    <bndbox>
      <xmin>669.0</xmin>
      <ymin>321.8</ymin>
      <xmax>715.0</xmax>
      <ymax>366.5</ymax>
    </bndbox>
  </object>
  <object>
    <name>WHITE</name>
    <occluded>0</occluded>
    <bndbox>
      <xmin>669.8</xmin>
      <ymin>250.75</ymin>
      <xmax>718.88</xmax>
      <ymax>295.5</ymax>
    </bndbox>
  </object>
  <object>
    <name>WHITE</name>
    <occluded>0</occluded>
    <bndbox>
      <xmin>461.7</xmin>
      <ymin>257.61</ymin>
      <xmax>500.3</xmax>
      <ymax>302.9</ymax>
    </bndbox>
  </object>
  <object>
    <name>WHITE</name>
    <occluded>0</occluded>
    <bndbox>
      <xmin>481.6</xmin>
      <ymin>185.59</ymin>
      <xmax>522.45</xmax>
      <ymax>227.4</ymax>
    </bndbox>
  </object>
  <object>
    <name>BLACK</name>
    <occluded>0</occluded>
    <bndbox>
      <xmin>439.9</xmin>
      <ymin>464.89</ymin>
      <xmax>477.74</xmax>
      <ymax>513.9</ymax>
    </bndbox>
  </object>
  <object>
    <name>WHITE</name>
    <occluded>0</occluded>
    <bndbox>
      <xmin>470.8</xmin>
      <ymin>389.5</ymin>
      <xmax>508.27</xmax>
      <ymax>431.4</ymax>
    </bndbox>
  </object>
  <object>
    <name>WHITE</name>
    <occluded>0</occluded>
    <bndbox>
      <xmin>695.75</xmin>
      <ymin>175.63</ymin>
      <xmax>743.9</xmax>
      <ymax>212.9</ymax>
    </bndbox>
  </object>
  <object>
    <name>WHITE</name>
    <occluded>0</occluded>
    <bndbox>
      <xmin>635.25</xmin>
      <ymin>611.26</ymin>
      <xmax>690.4</xmax>
      <ymax>666.7</ymax>
    </bndbox>
  </object>
  <object>
    <name>WHITE</name>
    <occluded>0</occluded>
    <bndbox>
      <xmin>715.6</xmin>
      <ymin>366.2</ymin>
      <xmax>768.3</xmax>
      <ymax>413.8</ymax>
    </bndbox>
  </object>
  <object>
    <name>WHITE</name>
    <occluded>0</occluded>
    <bndbox>
      <xmin>454.37</xmin>
      <ymin>629.8</ymin>
      <xmax>499.63</xmax>
      <ymax>685.3</ymax>
    </bndbox>
  </object>
  <object>
    <name>WHITE</name>
    <occluded>0</occluded>
    <bndbox>
      <xmin>918.64</xmin>
      <ymin>499.8</ymin>
      <xmax>953.1</xmax>
      <ymax>548.48</ymax>
    </bndbox>
  </object>
  <object>
    <name>WHITE</name>
    <occluded>0</occluded>
    <bndbox>
      <xmin>968.4</xmin>
      <ymin>570.76</ymin>
      <xmax>1000.5</xmax>
      <ymax>617.24</ymax>
    </bndbox>
  </object>
  <object>
    <name>BLACK</name>
    <occluded>0</occluded>
    <bndbox>
      <xmin>403.09</xmin>
      <ymin>756.43</ymin>
      <xmax>444.5</xmax>
      <ymax>806.9</ymax>
    </bndbox>
  </object>
  <object>
    <name>WHITE</name>
    <occluded>0</occluded>
    <bndbox>
      <xmin>392.0</xmin>
      <ymin>670.0</ymin>
      <xmax>426.6</xmax>
      <ymax>721.6</ymax>
    </bndbox>
  </object>
  <object>
    <name>WHITE</name>
    <occluded>0</occluded>
    <bndbox>
      <xmin>453.97</xmin>
      <ymin>717.01</ymin>
      <xmax>500.8</xmax>
      <ymax>770.6</ymax>
    </bndbox>
  </object>
  <object>
    <name>WHITE</name>
    <occluded>0</occluded>
    <bndbox>
      <xmin>540.88</xmin>
      <ymin>660.38</ymin>
      <xmax>592.7</xmax>
      <ymax>713.1</ymax>
    </bndbox>
  </object>
</annotation>
