<annotation>
  <folder>MH</folder>
  <filename>MH_camera4.png</filename>
  <source>
    <database>Unknown</database>
    <annotation>Unknown</annotation>
    <image>Unknown</image>
  </source>
  <size>
    <width>1280</width>
    <height>960</height>
    <depth></depth>
  </size>
  <segmented>0</segmented>
  <object>
    <name>WHITE</name>
    <occluded>0</occluded>
    <bndbox>
      <xmin>778.26</xmin>
      <ymin>271.75</ymin>
      <xmax>825.1</xmax>
      <ymax>313.51</ymax>
    </bndbox>
  </object>
  <object>
    <name>WHITE</name>
    <occluded>0</occluded>
    <bndbox>
      <xmin>684.53</xmin>
      <ymin>374.4</ymin>
      <xmax>731.2</xmax>
      <ymax>420.4</ymax>
    </bndbox>
  </object>
  <object>
    <name>WHITE</name>
    <occluded>0</occluded>
    <bndbox>
      <xmin>635.3</xmin>
      <ymin>439.9</ymin>
      <xmax>683.1</xmax>
      <ymax>489.0</ymax>
    </bndbox>
  </object>
  <object>
    <name>WHITE</name>
    <occluded>0</occluded>
    <bndbox>
      <xmin>569.5</xmin>
      <ymin>503.0</ymin>
      <xmax>611.7</xmax>
      <ymax>550.6</ymax>
    </bndbox>
  </object>
  <object>
    <name>WHITE</name>
    <occluded>0</occluded>
    <bndbox>
      <xmin>535.0</xmin>
      <ymin>572.5</ymin>
      <xmax>570.4</xmax>
      <ymax>613.5</ymax>
    </bndbox>
  </object>
  <object>
    <name>WHITE</name>
    <occluded>0</occluded>
    <bndbox>
      <xmin>490.34</xmin>
      <ymin>688.45</ymin>
      <xmax>513.1</xmax>
      <ymax>727.55</ymax>
    </bndbox>
  </object>
  <object>
    <name>WHITE</name>
    <occluded>0</occluded>
    <bndbox>
      <xmin>692.12</xmin>
      <ymin>261.02</ymin>
      <xmax>735.6</xmax>
      <ymax>306.4</ymax>
    </bndbox>
  </object>
  <object>
    <name>WHITE</name>
    <occluded>0</occluded>
    <bndbox>
      <xmin>647.02</xmin>
      <ymin>303.2</ymin>
      <xmax>691.2</xmax>
      <ymax>348.1</ymax>
    </bndbox>
  </object>
  <object>
    <name>WHITE</name>
    <occluded>0</occluded>
    <bndbox>
      <xmin>603.83</xmin>
      <ymin>368.5</ymin>
      <xmax>651.4</xmax>
      <ymax>414.4</ymax>
    </bndbox>
  </object>
  <object>
    <name>WHITE</name>
    <occluded>0</occluded>
    <bndbox>
      <xmin>559.5</xmin>
      <ymin>435.5</ymin>
      <xmax>597.1</xmax>
      <ymax>479.5</ymax>
    </bndbox>
  </object>
  <object>
    <name>WHITE</name>
    <occluded>0</occluded>
    <bndbox>
      <xmin>476.07</xmin>
      <ymin>549.94</ymin>
      <xmax>514.2</xmax>
      <ymax>589.94</ymax>
    </bndbox>
  </object>
  <object>
    <name>BLACK</name>
    <occluded>0</occluded>
    <bndbox>
      <xmin>540.4</xmin>
      <ymin>377.38</ymin>
      <xmax>583.23</xmax>
      <ymax>424.9</ymax>
    </bndbox>
  </object>
  <object>
    <name>WHITE</name>
    <occluded>0</occluded>
    <bndbox>
      <xmin>497.54</xmin>
      <ymin>420.57</ymin>
      <xmax>537.7</xmax>
      <ymax>463.5</ymax>
    </bndbox>
  </object>
  <object>
    <name>WHITE</name>
    <occluded>0</occluded>
    <bndbox>
      <xmin>470.67</xmin>
      <ymin>473.13</ymin>
      <xmax>499.1</xmax>
      <ymax>514.03</ymax>
    </bndbox>
  </object>
  <object>
    <name>WHITE</name>
    <occluded>0</occluded>
    <bndbox>
      <xmin>509.9</xmin>
      <ymin>346.09</ymin>
      <xmax>537.69</xmax>
      <ymax>391.7</ymax>
    </bndbox>
  </object>
  <object>
    <name>WHITE</name>
    <occluded>0</occluded>
    <bndbox>
      <xmin>745.59</xmin>
      <ymin>686.13</ymin>
      <xmax>792.0</xmax>
      <ymax>731.9</ymax>
    </bndbox>
  </object>
  <object>
    <name>BLACK</name>
    <occluded>0</occluded>
    <bndbox>
      <xmin>687.03</xmin>
      <ymin>754.24</ymin>
      <xmax>733.2</xmax>
      <ymax>789.76</ymax>
    </bndbox>
  </object>
  <object>
    <name>WHITE</name>
    <occluded>0</occluded>
    <bndbox>
      <xmin>467.8</xmin>
      <ymin>396.82</ymin>
      <xmax>489.45</xmax>
      <ymax>441.7</ymax>
    </bndbox>
  </object>
  <object>
    <name>WHITE</name>
    <occluded>0</occluded>
    <bndbox>
      <xmin>877.1</xmin>
      <ymin>819.69</ymin>
      <xmax>910.71</xmax>
      <ymax>857.6</ymax>
    </bndbox>
  </object>
  <object>
    <name>WHITE</name>
    <occluded>0</occluded>
    <bndbox>
      <xmin>855.1</xmin>
      <ymin>411.57</ymin>
      <xmax>899.9</xmax>
      <ymax>458.4</ymax>
    </bndbox>
  </object>
  <object>
    <name>WHITE</name>
    <occluded>0</occluded>
    <bndbox>
      <xmin>901.23</xmin>
      <ymin>358.07</ymin>
      <xmax>943.4</xmax>
      <ymax>400.8</ymax>
    </bndbox>
  </object>
  <object>
    <name>WHITE</name>
    <occluded>0</occluded>
    <bndbox>
      <xmin>612.59</xmin>
      <ymin>840.09</ymin>
      <xmax>656.5</xmax>
      <ymax>880.33</ymax>
    </bndbox>
  </object>
  <object>
    <name>WHITE</name>
    <occluded>0</occluded>
    <bndbox>
      <xmin>635.5</xmin>
      <ymin>797.5</ymin>
      <xmax>674.5</xmax>
      <ymax>837.2</ymax>
    </bndbox>
  </object>
  <object>
    <name>BLACK</name>
    <occluded>0</occluded>
    <bndbox>
      <xmin>771.3</xmin>
      <ymin>885.63</ymin>
      <xmax>815.0</xmax>
      <ymax>923.4</ymax>
    </bndbox>
  </object>
  <object>
    <name>WHITE</name>
    <occluded>0</occluded>
    <bndbox>
      <xmin>877.3</xmin>
      <ymin>683.7</ymin>
      <xmax>915.5</xmax>
      <ymax>728.0</ymax>
    </bndbox>
  </object>
  <object>
    <name>WHITE</name>
    <occluded>0</occluded>
    <bndbox>
      <xmin>743.85</xmin>
      <ymin>840.87</ymin>
      <xmax>783.65</xmax>
      <ymax>884.3</ymax>
    </bndbox>
  </object>
  <object>
    <name>WHITE</name>
    <occluded>0</occluded>
    <bndbox>
      <xmin>709.0</xmin>
      <ymin>888.88</ymin>
      <xmax>751.4</xmax>
      <ymax>931.2</ymax>
    </bndbox>
  </object>
  <object>
    <name>WHITE</name>
    <occluded>0</occluded>
    <bndbox>
      <xmin>947.82</xmin>
      <ymin>336.62</ymin>
      <xmax>981.9</xmax>
      <ymax>375.6</ymax>
    </bndbox>
  </object>
  <object>
    <name>WHITE</name>
    <occluded>0</occluded>
    <bndbox>
      <xmin>966.2</xmin>
      <ymin>408.51</ymin>
      <xmax>997.4</xmax>
      <ymax>451.7</ymax>
    </bndbox>
  </object>
  <object>
    <name>WHITE</name>
    <occluded>0</occluded>
    <bndbox>
      <xmin>873.69</xmin>
      <ymin>626.25</ymin>
      <xmax>914.79</xmax>
      <ymax>668.5</ymax>
    </bndbox>
  </object>
  <object>
    <name>WHITE</name>
    <occluded>0</occluded>
    <bndbox>
      <xmin>798.5</xmin>
      <ymin>623.0</ymin>
      <xmax>842.9</xmax>
      <ymax>664.3</ymax>
    </bndbox>
  </object>
  <object>
    <name>WHITE</name>
    <occluded>0</occluded>
    <bndbox>
      <xmin>515.0</xmin>
      <ymin>495.5</ymin>
      <xmax>545.0</xmax>
      <ymax>536.5</ymax>
    </bndbox>
  </object>
  <object>
    <name>WHITE</name>
    <occluded>0</occluded>
    <bndbox>
      <xmin>702.5</xmin>
      <ymin>611.5</ymin>
      <xmax>745.5</xmax>
      <ymax>652.5</ymax>
    </bndbox>
  </object>
  <object>
    <name>WHITE</name>
    <occluded>0</occluded>
    <bndbox>
      <xmin>787.88</xmin>
      <ymin>803.03</ymin>
      <xmax>828.12</xmax>
      <ymax>828.97</ymax>
    </bndbox>
  </object>
  <object>
    <name>WHITE</name>
    <occluded>0</occluded>
    <bndbox>
      <xmin>842.65</xmin>
      <ymin>754.79</ymin>
      <xmax>883.35</xmax>
      <ymax>785.21</ymax>
    </bndbox>
  </object>
  <object>
    <name>WHITE</name>
    <occluded>0</occluded>
    <bndbox>
      <xmin>849.11</xmin>
      <ymin>801.45</ymin>
      <xmax>888.89</xmax>
      <ymax>822.55</ymax>
    </bndbox>
  </object>
  <object>
    <name>WHITE</name>
    <occluded>0</occluded>
    <bndbox>
      <xmin>842.6</xmin>
      <ymin>557.23</ymin>
      <xmax>881.4</xmax>
      <ymax>598.6</ymax>
    </bndbox>
  </object>
  <object>
    <name>WHITE</name>
    <occluded>0</occluded>
    <bndbox>
      <xmin>892.16</xmin>
      <ymin>488.59</ymin>
      <xmax>930.5</xmax>
      <ymax>535.5</ymax>
    </bndbox>
  </object>
  <object>
    <name>BLACK</name>
    <occluded>0</occluded>
    <bndbox>
      <xmin>925.01</xmin>
      <ymin>429.26</ymin>
      <xmax>960.7</xmax>
      <ymax>478.6</ymax>
    </bndbox>
  </object>
  <object>
    <name>WHITE</name>
    <occluded>0</occluded>
    <bndbox>
      <xmin>650.81</xmin>
      <ymin>880.85</ymin>
      <xmax>693.8</xmax>
      <ymax>920.65</ymax>
    </bndbox>
  </object>
  <object>
    <name>WHITE</name>
    <occluded>0</occluded>
    <bndbox>
      <xmin>677.12</xmin>
      <ymin>852.26</ymin>
      <xmax>716.12</xmax>
      <ymax>882.26</ymax>
    </bndbox>
  </object>
  <object>
    <name>WHITE</name>
    <occluded>0</occluded>
    <bndbox>
      <xmin>710.88</xmin>
      <ymin>805.62</ymin>
      <xmax>755.3</xmax>
      <ymax>838.9</ymax>
    </bndbox>
  </object>
  <object>
    <name>WHITE</name>
    <occluded>0</occluded>
    <bndbox>
      <xmin>774.64</xmin>
      <ymin>751.62</ymin>
      <xmax>815.04</xmax>
      <ymax>785.55</ymax>
    </bndbox>
  </object>
  <object>
    <name>WHITE</name>
    <occluded>0</occluded>
    <bndbox>
      <xmin>824.24</xmin>
      <ymin>685.59</ymin>
      <xmax>866.3</xmax>
      <ymax>731.3</ymax>
    </bndbox>
  </object>
  <object>
    <name>WHITE</name>
    <occluded>0</occluded>
    <bndbox>
      <xmin>840.6</xmin>
      <ymin>867.48</ymin>
      <xmax>871.23</xmax>
      <ymax>908.9</ymax>
    </bndbox>
  </object>
  <object>
    <name>WHITE</name>
    <occluded>0</occluded>
    <bndbox>
      <xmin>570.0</xmin>
      <ymin>311.51</ymin>
      <xmax>608.75</xmax>
      <ymax>351.7</ymax>
    </bndbox>
  </object>
  <object>
    <name>WHITE</name>
    <occluded>0</occluded>
    <bndbox>
      <xmin>815.2</xmin>
      <ymin>834.75</ymin>
      <xmax>853.03</xmax>
      <ymax>875.4</ymax>
    </bndbox>
  </object>
  <object>
    <name>WHITE</name>
    <occluded>0</occluded>
    <bndbox>
      <xmin>956.24</xmin>
      <ymin>487.81</ymin>
      <xmax>987.12</xmax>
      <ymax>530.54</ymax>
    </bndbox>
  </object>
  <object>
    <name>WHITE</name>
    <occluded>0</occluded>
    <bndbox>
      <xmin>868.65</xmin>
      <ymin>286.28</ymin>
      <xmax>906.45</xmax>
      <ymax>325.58</ymax>
    </bndbox>
  </object>
  <object>
    <name>WHITE</name>
    <occluded>0</occluded>
    <bndbox>
      <xmin>775.46</xmin>
      <ymin>207.68</ymin>
      <xmax>814.01</xmax>
      <ymax>230.89</ymax>
    </bndbox>
  </object>
  <object>
    <name>WHITE</name>
    <occluded>0</occluded>
    <bndbox>
      <xmin>819.99</xmin>
      <ymin>238.75</ymin>
      <xmax>862.29</xmax>
      <ymax>268.31</ymax>
    </bndbox>
  </object>
  <object>
    <name>WHITE</name>
    <occluded>0</occluded>
    <bndbox>
      <xmin>694.61</xmin>
      <ymin>193.46</ymin>
      <xmax>735.41</xmax>
      <ymax>214.79</ymax>
    </bndbox>
  </object>
  <object>
    <name>WHITE</name>
    <occluded>0</occluded>
    <bndbox>
      <xmin>736.16</xmin>
      <ymin>227.52</ymin>
      <xmax>779.2</xmax>
      <ymax>260.83</ymax>
    </bndbox>
  </object>
  <object>
    <name>WHITE</name>
    <occluded>0</occluded>
    <bndbox>
      <xmin>514.21</xmin>
      <ymin>271.31</ymin>
      <xmax>541.16</xmax>
      <ymax>309.11</ymax>
    </bndbox>
  </object>
  <object>
    <name>WHITE</name>
    <occluded>0</occluded>
    <bndbox>
      <xmin>564.74</xmin>
      <ymin>236.5</ymin>
      <xmax>593.18</xmax>
      <ymax>274.3</ymax>
    </bndbox>
  </object>
  <object>
    <name>WHITE</name>
    <occluded>0</occluded>
    <bndbox>
      <xmin>650.82</xmin>
      <ymin>215.17</ymin>
      <xmax>689.37</xmax>
      <ymax>244.73</ymax>
    </bndbox>
  </object>
  <object>
    <name>WHITE</name>
    <occluded>0</occluded>
    <bndbox>
      <xmin>608.53</xmin>
      <ymin>256.34</ymin>
      <xmax>648.95</xmax>
      <ymax>300.5</ymax>
    </bndbox>
  </object>
  <object>
    <name>WHITE</name>
    <occluded>0</occluded>
    <bndbox>
      <xmin>538.54</xmin>
      <ymin>281.04</ymin>
      <xmax>564.36</xmax>
      <ymax>321.83</ymax>
    </bndbox>
  </object>
  <object>
    <name>WHITE</name>
    <occluded>0</occluded>
    <bndbox>
      <xmin>484.64</xmin>
      <ymin>327.82</ymin>
      <xmax>510.09</xmax>
      <ymax>371.24</ymax>
    </bndbox>
  </object>
  <object>
    <name>WHITE</name>
    <occluded>0</occluded>
    <bndbox>
      <xmin>439.73</xmin>
      <ymin>455.82</ymin>
      <xmax>460.32</xmax>
      <ymax>498.49</ymax>
    </bndbox>
  </object>
  <object>
    <name>WHITE</name>
    <occluded>0</occluded>
    <bndbox>
      <xmin>918.2</xmin>
      <ymin>555.76</ymin>
      <xmax>951.2</xmax>
      <ymax>601.3</ymax>
    </bndbox>
  </object>
  <object>
    <name>WHITE</name>
    <occluded>0</occluded>
    <bndbox>
      <xmin>495.79</xmin>
      <ymin>629.13</ymin>
      <xmax>526.04</xmax>
      <ymax>677.16</ymax>
    </bndbox>
  </object>
  <object>
    <name>WHITE</name>
    <occluded>0</occluded>
    <bndbox>
      <xmin>536.34</xmin>
      <ymin>708.04</ymin>
      <xmax>571.89</xmax>
      <ymax>751.7</ymax>
    </bndbox>
  </object>
  <object>
    <name>WHITE</name>
    <occluded>0</occluded>
    <bndbox>
      <xmin>570.74</xmin>
      <ymin>772.67</ymin>
      <xmax>610.27</xmax>
      <ymax>822.53</ymax>
    </bndbox>
  </object>
  <object>
    <name>WHITE</name>
    <occluded>0</occluded>
    <bndbox>
      <xmin>588.71</xmin>
      <ymin>867.44</ymin>
      <xmax>625.98</xmax>
      <ymax>908.31</ymax>
    </bndbox>
  </object>
  <object>
    <name>WHITE</name>
    <occluded>0</occluded>
    <bndbox>
      <xmin>892.68</xmin>
      <ymin>849.52</ymin>
      <xmax>922.62</xmax>
      <ymax>889.57</ymax>
    </bndbox>
  </object>
  <object>
    <name>WHITE</name>
    <occluded>0</occluded>
    <bndbox>
      <xmin>936.1</xmin>
      <ymin>799.37</ymin>
      <xmax>969.03</xmax>
      <ymax>838.29</ymax>
    </bndbox>
  </object>
  <object>
    <name>WHITE</name>
    <occluded>0</occluded>
    <bndbox>
      <xmin>970.15</xmin>
      <ymin>749.22</ymin>
      <xmax>1005.71</xmax>
      <ymax>786.27</ymax>
    </bndbox>
  </object>
  <object>
    <name>WHITE</name>
    <occluded>0</occluded>
    <bndbox>
      <xmin>808.82</xmin>
      <ymin>473.56</ymin>
      <xmax>854.1</xmax>
      <ymax>521.2</ymax>
    </bndbox>
  </object>
  <object>
    <name>WHITE</name>
    <occluded>0</occluded>
    <bndbox>
      <xmin>755.87</xmin>
      <ymin>540.48</ymin>
      <xmax>802.1</xmax>
      <ymax>585.7</ymax>
    </bndbox>
  </object>
  <object>
    <name>WHITE</name>
    <occluded>0</occluded>
    <bndbox>
      <xmin>644.5</xmin>
      <ymin>676.55</ymin>
      <xmax>689.95</xmax>
      <ymax>720.0</ymax>
    </bndbox>
  </object>
  <object>
    <name>WHITE</name>
    <occluded>0</occluded>
    <bndbox>
      <xmin>601.6</xmin>
      <ymin>735.63</ymin>
      <xmax>644.4</xmax>
      <ymax>776.65</ymax>
    </bndbox>
  </object>
  <object>
    <name>WHITE</name>
    <occluded>0</occluded>
    <bndbox>
      <xmin>818.83</xmin>
      <ymin>335.42</ymin>
      <xmax>863.5</xmax>
      <ymax>379.7</ymax>
    </bndbox>
  </object>
  <object>
    <name>WHITE</name>
    <occluded>0</occluded>
    <bndbox>
      <xmin>772.5</xmin>
      <ymin>386.88</ymin>
      <xmax>819.7</xmax>
      <ymax>436.0</ymax>
    </bndbox>
  </object>
  <object>
    <name>WHITE</name>
    <occluded>0</occluded>
    <bndbox>
      <xmin>718.56</xmin>
      <ymin>451.82</ymin>
      <xmax>769.6</xmax>
      <ymax>503.6</ymax>
    </bndbox>
  </object>
  <object>
    <name>WHITE</name>
    <occluded>0</occluded>
    <bndbox>
      <xmin>658.92</xmin>
      <ymin>523.06</ymin>
      <xmax>711.4</xmax>
      <ymax>571.8</ymax>
    </bndbox>
  </object>
  <object>
    <name>WHITE</name>
    <occluded>0</occluded>
    <bndbox>
      <xmin>604.13</xmin>
      <ymin>594.5</ymin>
      <xmax>650.2</xmax>
      <ymax>637.0</ymax>
    </bndbox>
  </object>
  <object>
    <name>WHITE</name>
    <occluded>0</occluded>
    <bndbox>
      <xmin>555.16</xmin>
      <ymin>652.64</ymin>
      <xmax>596.9</xmax>
      <ymax>695.8</ymax>
    </bndbox>
  </object>
  <object>
    <name>WHITE</name>
    <occluded>0</occluded>
    <bndbox>
      <xmin>735.13</xmin>
      <ymin>314.76</ymin>
      <xmax>780.9</xmax>
      <ymax>360.0</ymax>
    </bndbox>
  </object>
</annotation>
