<annotation>
  <folder>MH</folder>
  <filename>MH_camera8.png</filename>
  <source>
    <database>Unknown</database>
    <annotation>Unknown</annotation>
    <image>Unknown</image>
  </source>
  <size>
    <width>1280</width>
    <height>960</height>
    <depth></depth>
  </size>
  <segmented>0</segmented>
  <object>
    <name>WHITE</name>
    <occluded>0</occluded>
    <bndbox>
      <xmin>762.79</xmin>
      <ymin>186.2</ymin>
      <xmax>798.66</xmax>
      <ymax>217.39</ymax>
    </bndbox>
  </object>
  <object>
    <name>WHITE</name>
    <occluded>0</occluded>
    <bndbox>
      <xmin>908.88</xmin>
      <ymin>711.74</ymin>
      <xmax>943.71</xmax>
      <ymax>759.56</ymax>
    </bndbox>
  </object>
  <object>
    <name>WHITE</name>
    <occluded>0</occluded>
    <bndbox>
      <xmin>891.99</xmin>
      <ymin>617.13</ymin>
      <xmax>932.54</xmax>
      <ymax>663.92</ymax>
    </bndbox>
  </object>
  <object>
    <name>WHITE</name>
    <occluded>0</occluded>
    <bndbox>
      <xmin>688.45</xmin>
      <ymin>165.14</ymin>
      <xmax>732.9</xmax>
      <ymax>191.14</ymax>
    </bndbox>
  </object>
  <object>
    <name>BLACK</name>
    <occluded>0</occluded>
    <bndbox>
      <xmin>624.25</xmin>
      <ymin>161.25</ymin>
      <xmax>670.52</xmax>
      <ymax>187.5</ymax>
    </bndbox>
  </object>
  <object>
    <name>WHITE</name>
    <occluded>0</occluded>
    <bndbox>
      <xmin>326.91</xmin>
      <ymin>349.68</ymin>
      <xmax>363.56</xmax>
      <ymax>392.05</ymax>
    </bndbox>
  </object>
  <object>
    <name>WHITE</name>
    <occluded>0</occluded>
    <bndbox>
      <xmin>295.46</xmin>
      <ymin>429.48</ymin>
      <xmax>326.39</xmax>
      <ymax>474.44</ymax>
    </bndbox>
  </object>
  <object>
    <name>WHITE</name>
    <occluded>0</occluded>
    <bndbox>
      <xmin>283.25</xmin>
      <ymin>549.82</ymin>
      <xmax>321.72</xmax>
      <ymax>594.52</ymax>
    </bndbox>
  </object>
  <object>
    <name>WHITE</name>
    <occluded>0</occluded>
    <bndbox>
      <xmin>499.5</xmin>
      <ymin>178.14</ymin>
      <xmax>538.74</xmax>
      <ymax>206.73</ymax>
    </bndbox>
  </object>
  <object>
    <name>WHITE</name>
    <occluded>0</occluded>
    <bndbox>
      <xmin>832.71</xmin>
      <ymin>304.72</ymin>
      <xmax>870.65</xmax>
      <ymax>344.74</ymax>
    </bndbox>
  </object>
  <object>
    <name>WHITE</name>
    <occluded>0</occluded>
    <bndbox>
      <xmin>858.18</xmin>
      <ymin>268.33</ymin>
      <xmax>892.48</xmax>
      <ymax>301.08</ymax>
    </bndbox>
  </object>
  <object>
    <name>WHITE</name>
    <occluded>0</occluded>
    <bndbox>
      <xmin>901.58</xmin>
      <ymin>294.06</ymin>
      <xmax>929.91</xmax>
      <ymax>331.23</ymax>
    </bndbox>
  </object>
  <object>
    <name>WHITE</name>
    <occluded>0</occluded>
    <bndbox>
      <xmin>890.67</xmin>
      <ymin>328.37</ymin>
      <xmax>924.46</xmax>
      <ymax>361.12</ymax>
    </bndbox>
  </object>
  <object>
    <name>WHITE</name>
    <occluded>0</occluded>
    <bndbox>
      <xmin>872.73</xmin>
      <ymin>376.19</ymin>
      <xmax>903.14</xmax>
      <ymax>417.26</ymax>
    </bndbox>
  </object>
  <object>
    <name>WHITE</name>
    <occluded>0</occluded>
    <bndbox>
      <xmin>924.46</xmin>
      <ymin>393.09</ymin>
      <xmax>952.53</xmax>
      <ymax>433.11</ymax>
    </bndbox>
  </object>
  <object>
    <name>WHITE</name>
    <occluded>0</occluded>
    <bndbox>
      <xmin>952.69</xmin>
      <ymin>456.37</ymin>
      <xmax>973.27</xmax>
      <ymax>496.6</ymax>
    </bndbox>
  </object>
  <object>
    <name>WHITE</name>
    <occluded>0</occluded>
    <bndbox>
      <xmin>573.83</xmin>
      <ymin>183.08</ymin>
      <xmax>619.06</xmax>
      <ymax>211.41</ymax>
    </bndbox>
  </object>
  <object>
    <name>WHITE</name>
    <occluded>0</occluded>
    <bndbox>
      <xmin>360.7</xmin>
      <ymin>467.93</ymin>
      <xmax>406.33</xmax>
      <ymax>514.1</ymax>
    </bndbox>
  </object>
  <object>
    <name>WHITE</name>
    <occluded>0</occluded>
    <bndbox>
      <xmin>457.0</xmin>
      <ymin>268.39</ymin>
      <xmax>504.45</xmax>
      <ymax>309.9</ymax>
    </bndbox>
  </object>
  <object>
    <name>WHITE</name>
    <occluded>0</occluded>
    <bndbox>
      <xmin>400.8</xmin>
      <ymin>336.28</ymin>
      <xmax>443.36</xmax>
      <ymax>374.5</ymax>
    </bndbox>
  </object>
  <object>
    <name>BLACK</name>
    <occluded>0</occluded>
    <bndbox>
      <xmin>347.14</xmin>
      <ymin>409.42</ymin>
      <xmax>391.7</xmax>
      <ymax>454.7</ymax>
    </bndbox>
  </object>
  <object>
    <name>WHITE</name>
    <occluded>0</occluded>
    <bndbox>
      <xmin>544.86</xmin>
      <ymin>287.1</ymin>
      <xmax>591.0</xmax>
      <ymax>328.36</ymax>
    </bndbox>
  </object>
  <object>
    <name>WHITE</name>
    <occluded>0</occluded>
    <bndbox>
      <xmin>312.4</xmin>
      <ymin>608.8</ymin>
      <xmax>355.3</xmax>
      <ymax>638.7</ymax>
    </bndbox>
  </object>
  <object>
    <name>WHITE</name>
    <occluded>0</occluded>
    <bndbox>
      <xmin>435.9</xmin>
      <ymin>221.19</ymin>
      <xmax>476.98</xmax>
      <ymax>252.3</ymax>
    </bndbox>
  </object>
  <object>
    <name>WHITE</name>
    <occluded>0</occluded>
    <bndbox>
      <xmin>381.4</xmin>
      <ymin>279.8</ymin>
      <xmax>414.2</xmax>
      <ymax>316.5</ymax>
    </bndbox>
  </object>
  <object>
    <name>WHITE</name>
    <occluded>0</occluded>
    <bndbox>
      <xmin>763.87</xmin>
      <ymin>282.03</ymin>
      <xmax>803.7</xmax>
      <ymax>322.8</ymax>
    </bndbox>
  </object>
  <object>
    <name>WHITE</name>
    <occluded>0</occluded>
    <bndbox>
      <xmin>802.95</xmin>
      <ymin>241.27</ymin>
      <xmax>839.3</xmax>
      <ymax>277.9</ymax>
    </bndbox>
  </object>
  <object>
    <name>WHITE</name>
    <occluded>0</occluded>
    <bndbox>
      <xmin>521.26</xmin>
      <ymin>606.52</ymin>
      <xmax>572.64</xmax>
      <ymax>651.5</ymax>
    </bndbox>
  </object>
  <object>
    <name>WHITE</name>
    <occluded>0</occluded>
    <bndbox>
      <xmin>598.92</xmin>
      <ymin>239.71</ymin>
      <xmax>646.0</xmax>
      <ymax>273.5</ymax>
    </bndbox>
  </object>
  <object>
    <name>WHITE</name>
    <occluded>0</occluded>
    <bndbox>
      <xmin>659.0</xmin>
      <ymin>203.0</ymin>
      <xmax>703.9</xmax>
      <ymax>233.1</ymax>
    </bndbox>
  </object>
  <object>
    <name>WHITE</name>
    <occluded>0</occluded>
    <bndbox>
      <xmin>368.87</xmin>
      <ymin>605.82</ymin>
      <xmax>408.87</xmax>
      <ymax>651.82</ymax>
    </bndbox>
  </object>
  <object>
    <name>WHITE</name>
    <occluded>0</occluded>
    <bndbox>
      <xmin>400.0</xmin>
      <ymin>539.0</ymin>
      <xmax>445.5</xmax>
      <ymax>578.9</ymax>
    </bndbox>
  </object>
  <object>
    <name>WHITE</name>
    <occluded>0</occluded>
    <bndbox>
      <xmin>438.4</xmin>
      <ymin>465.26</ymin>
      <xmax>485.8</xmax>
      <ymax>511.3</ymax>
    </bndbox>
  </object>
  <object>
    <name>WHITE</name>
    <occluded>0</occluded>
    <bndbox>
      <xmin>498.92</xmin>
      <ymin>397.24</ymin>
      <xmax>549.8</xmax>
      <ymax>440.1</ymax>
    </bndbox>
  </object>
  <object>
    <name>WHITE</name>
    <occluded>0</occluded>
    <bndbox>
      <xmin>546.6</xmin>
      <ymin>353.58</ymin>
      <xmax>591.81</xmax>
      <ymax>382.5</ymax>
    </bndbox>
  </object>
  <object>
    <name>WHITE</name>
    <occluded>0</occluded>
    <bndbox>
      <xmin>627.78</xmin>
      <ymin>313.54</ymin>
      <xmax>678.6</xmax>
      <ymax>356.2</ymax>
    </bndbox>
  </object>
  <object>
    <name>WHITE</name>
    <occluded>0</occluded>
    <bndbox>
      <xmin>687.2</xmin>
      <ymin>264.5</ymin>
      <xmax>730.5</xmax>
      <ymax>302.0</ymax>
    </bndbox>
  </object>
  <object>
    <name>WHITE</name>
    <occluded>0</occluded>
    <bndbox>
      <xmin>734.57</xmin>
      <ymin>217.89</ymin>
      <xmax>773.8</xmax>
      <ymax>254.6</ymax>
    </bndbox>
  </object>
  <object>
    <name>BLACK</name>
    <occluded>0</occluded>
    <bndbox>
      <xmin>431.25</xmin>
      <ymin>599.57</ymin>
      <xmax>480.6</xmax>
      <ymax>647.6</ymax>
    </bndbox>
  </object>
  <object>
    <name>WHITE</name>
    <occluded>0</occluded>
    <bndbox>
      <xmin>483.98</xmin>
      <ymin>538.2</ymin>
      <xmax>534.4</xmax>
      <ymax>585.1</ymax>
    </bndbox>
  </object>
  <object>
    <name>WHITE</name>
    <occluded>0</occluded>
    <bndbox>
      <xmin>515.2</xmin>
      <ymin>468.34</ymin>
      <xmax>563.78</xmax>
      <ymax>521.1</ymax>
    </bndbox>
  </object>
  <object>
    <name>WHITE</name>
    <occluded>0</occluded>
    <bndbox>
      <xmin>714.1</xmin>
      <ymin>334.1</ymin>
      <xmax>761.3</xmax>
      <ymax>377.91</ymax>
    </bndbox>
  </object>
  <object>
    <name>WHITE</name>
    <occluded>0</occluded>
    <bndbox>
      <xmin>571.58</xmin>
      <ymin>548.78</ymin>
      <xmax>625.4</xmax>
      <ymax>596.9</ymax>
    </bndbox>
  </object>
  <object>
    <name>WHITE</name>
    <occluded>0</occluded>
    <bndbox>
      <xmin>763.37</xmin>
      <ymin>403.49</ymin>
      <xmax>809.2</xmax>
      <ymax>444.1</ymax>
    </bndbox>
  </object>
  <object>
    <name>WHITE</name>
    <occluded>0</occluded>
    <bndbox>
      <xmin>792.41</xmin>
      <ymin>352.29</ymin>
      <xmax>832.6</xmax>
      <ymax>392.6</ymax>
    </bndbox>
  </object>
  <object>
    <name>WHITE</name>
    <occluded>0</occluded>
    <bndbox>
      <xmin>837.68</xmin>
      <ymin>428.47</ymin>
      <xmax>874.5</xmax>
      <ymax>468.7</ymax>
    </bndbox>
  </object>
  <object>
    <name>WHITE</name>
    <occluded>0</occluded>
    <bndbox>
      <xmin>857.0</xmin>
      <ymin>502.64</ymin>
      <xmax>898.4</xmax>
      <ymax>546.6</ymax>
    </bndbox>
  </object>
  <object>
    <name>WHITE</name>
    <occluded>0</occluded>
    <bndbox>
      <xmin>834.67</xmin>
      <ymin>576.03</ymin>
      <xmax>877.8</xmax>
      <ymax>626.8</ymax>
    </bndbox>
  </object>
  <object>
    <name>WHITE</name>
    <occluded>0</occluded>
    <bndbox>
      <xmin>790.0</xmin>
      <ymin>643.14</ymin>
      <xmax>837.5</xmax>
      <ymax>697.4</ymax>
    </bndbox>
  </object>
  <object>
    <name>WHITE</name>
    <occluded>0</occluded>
    <bndbox>
      <xmin>708.86</xmin>
      <ymin>674.62</ymin>
      <xmax>759.1</xmax>
      <ymax>728.3</ymax>
    </bndbox>
  </object>
  <object>
    <name>WHITE</name>
    <occluded>0</occluded>
    <bndbox>
      <xmin>862.8</xmin>
      <ymin>674.8</ymin>
      <xmax>902.9</xmax>
      <ymax>726.7</ymax>
    </bndbox>
  </object>
  <object>
    <name>WHITE</name>
    <occluded>0</occluded>
    <bndbox>
      <xmin>798.01</xmin>
      <ymin>721.8</ymin>
      <xmax>841.5</xmax>
      <ymax>772.9</ymax>
    </bndbox>
  </object>
  <object>
    <name>BLACK</name>
    <occluded>0</occluded>
    <bndbox>
      <xmin>857.04</xmin>
      <ymin>763.0</ymin>
      <xmax>900.3</xmax>
      <ymax>811.9</ymax>
    </bndbox>
  </object>
  <object>
    <name>WHITE</name>
    <occluded>0</occluded>
    <bndbox>
      <xmin>434.78</xmin>
      <ymin>188.02</ymin>
      <xmax>471.43</xmax>
      <ymax>216.35</ymax>
    </bndbox>
  </object>
  <object>
    <name>WHITE</name>
    <occluded>0</occluded>
    <bndbox>
      <xmin>559.02</xmin>
      <ymin>150.85</ymin>
      <xmax>600.6</xmax>
      <ymax>170.6</ymax>
    </bndbox>
  </object>
  <object>
    <name>WHITE</name>
    <occluded>0</occluded>
    <bndbox>
      <xmin>922.74</xmin>
      <ymin>764.21</ymin>
      <xmax>943.64</xmax>
      <ymax>808.5</ymax>
    </bndbox>
  </object>
  <object>
    <name>WHITE</name>
    <occluded>0</occluded>
    <bndbox>
      <xmin>614.9</xmin>
      <ymin>628.5</ymin>
      <xmax>666.9</xmax>
      <ymax>675.5</ymax>
    </bndbox>
  </object>
  <object>
    <name>WHITE</name>
    <occluded>0</occluded>
    <bndbox>
      <xmin>697.12</xmin>
      <ymin>596.68</ymin>
      <xmax>747.3</xmax>
      <ymax>639.6</ymax>
    </bndbox>
  </object>
  <object>
    <name>WHITE</name>
    <occluded>0</occluded>
    <bndbox>
      <xmin>756.8</xmin>
      <ymin>545.75</ymin>
      <xmax>809.4</xmax>
      <ymax>594.7</ymax>
    </bndbox>
  </object>
  <object>
    <name>BLACK</name>
    <occluded>0</occluded>
    <bndbox>
      <xmin>799.96</xmin>
      <ymin>476.58</ymin>
      <xmax>845.1</xmax>
      <ymax>521.1</ymax>
    </bndbox>
  </object>
  <object>
    <name>WHITE</name>
    <occluded>0</occluded>
    <bndbox>
      <xmin>479.86</xmin>
      <ymin>339.16</ymin>
      <xmax>525.5</xmax>
      <ymax>375.16</ymax>
    </bndbox>
  </object>
  <object>
    <name>WHITE</name>
    <occluded>0</occluded>
    <bndbox>
      <xmin>422.0</xmin>
      <ymin>399.1</ymin>
      <xmax>465.4</xmax>
      <ymax>443.3</ymax>
    </bndbox>
  </object>
  <object>
    <name>WHITE</name>
    <occluded>0</occluded>
    <bndbox>
      <xmin>512.5</xmin>
      <ymin>223.5</ymin>
      <xmax>557.4</xmax>
      <ymax>259.3</ymax>
    </bndbox>
  </object>
</annotation>
