<annotation>
  <folder>MH</folder>
  <filename>MH_camera7.png</filename>
  <source>
    <database>Unknown</database>
    <annotation>Unknown</annotation>
    <image>Unknown</image>
  </source>
  <size>
    <width>1280</width>
    <height>960</height>
    <depth></depth>
  </size>
  <segmented>0</segmented>
  <object>
    <name>WHITE</name>
    <occluded>0</occluded>
    <bndbox>
      <xmin>344.74</xmin>
      <ymin>326.6</ymin>
      <xmax>382.06</xmax>
      <ymax>365.67</ymax>
    </bndbox>
  </object>
  <object>
    <name>WHITE</name>
    <occluded>0</occluded>
    <bndbox>
      <xmin>778.26</xmin>
      <ymin>211.14</ymin>
      <xmax>818.8</xmax>
      <ymax>256.1</ymax>
    </bndbox>
  </object>
  <object>
    <name>WHITE</name>
    <occluded>0</occluded>
    <bndbox>
      <xmin>672.1</xmin>
      <ymin>88.14</ymin>
      <xmax>715.5</xmax>
      <ymax>118.8</ymax>
    </bndbox>
  </object>
  <object>
    <name>WHITE</name>
    <occluded>0</occluded>
    <bndbox>
      <xmin>812.47</xmin>
      <ymin>181.63</ymin>
      <xmax>842.79</xmax>
      <ymax>222.43</ymax>
    </bndbox>
  </object>
  <object>
    <name>WHITE</name>
    <occluded>0</occluded>
    <bndbox>
      <xmin>404.51</xmin>
      <ymin>83.95</ymin>
      <xmax>447.55</xmax>
      <ymax>113.51</ymax>
    </bndbox>
  </object>
  <object>
    <name>WHITE</name>
    <occluded>0</occluded>
    <bndbox>
      <xmin>310.57</xmin>
      <ymin>168.91</ymin>
      <xmax>341.26</xmax>
      <ymax>209.33</ymax>
    </bndbox>
  </object>
  <object>
    <name>WHITE</name>
    <occluded>0</occluded>
    <bndbox>
      <xmin>288.82</xmin>
      <ymin>344.74</ymin>
      <xmax>325.88</xmax>
      <ymax>390.03</ymax>
    </bndbox>
  </object>
  <object>
    <name>WHITE</name>
    <occluded>0</occluded>
    <bndbox>
      <xmin>281.34</xmin>
      <ymin>628.81</ymin>
      <xmax>305.67</xmax>
      <ymax>677.47</ymax>
    </bndbox>
  </object>
  <object>
    <name>WHITE</name>
    <occluded>0</occluded>
    <bndbox>
      <xmin>864.2</xmin>
      <ymin>642.11</ymin>
      <xmax>884.41</xmax>
      <ymax>691.51</ymax>
    </bndbox>
  </object>
  <object>
    <name>WHITE</name>
    <occluded>0</occluded>
    <bndbox>
      <xmin>861.51</xmin>
      <ymin>593.15</ymin>
      <xmax>880.82</xmax>
      <ymax>642.56</ymax>
    </bndbox>
  </object>
  <object>
    <name>WHITE</name>
    <occluded>0</occluded>
    <bndbox>
      <xmin>848.04</xmin>
      <ymin>692.86</ymin>
      <xmax>877.23</xmax>
      <ymax>735.53</ymax>
    </bndbox>
  </object>
  <object>
    <name>WHITE</name>
    <occluded>0</occluded>
    <bndbox>
      <xmin>892.72</xmin>
      <ymin>340.97</ymin>
      <xmax>913.38</xmax>
      <ymax>389.47</ymax>
    </bndbox>
  </object>
  <object>
    <name>WHITE</name>
    <occluded>0</occluded>
    <bndbox>
      <xmin>861.73</xmin>
      <ymin>256.53</ymin>
      <xmax>885.99</xmax>
      <ymax>303.24</ymax>
    </bndbox>
  </object>
  <object>
    <name>BLACK</name>
    <occluded>0</occluded>
    <bndbox>
      <xmin>535.17</xmin>
      <ymin>64.3</ymin>
      <xmax>580.58</xmax>
      <ymax>91.7</ymax>
    </bndbox>
  </object>
  <object>
    <name>WHITE</name>
    <occluded>0</occluded>
    <bndbox>
      <xmin>470.05</xmin>
      <ymin>68.35</ymin>
      <xmax>516.8</xmax>
      <ymax>99.79</ymax>
    </bndbox>
  </object>
  <object>
    <name>WHITE</name>
    <occluded>0</occluded>
    <bndbox>
      <xmin>571.55</xmin>
      <ymin>79.12</ymin>
      <xmax>621.0</xmax>
      <ymax>115.5</ymax>
    </bndbox>
  </object>
  <object>
    <name>WHITE</name>
    <occluded>0</occluded>
    <bndbox>
      <xmin>349.68</xmin>
      <ymin>144.7</ymin>
      <xmax>386.11</xmax>
      <ymax>184.22</ymax>
    </bndbox>
  </object>
  <object>
    <name>WHITE</name>
    <occluded>0</occluded>
    <bndbox>
      <xmin>307.06</xmin>
      <ymin>219.7</ymin>
      <xmax>338.95</xmax>
      <ymax>262.82</ymax>
    </bndbox>
  </object>
  <object>
    <name>BLACK</name>
    <occluded>0</occluded>
    <bndbox>
      <xmin>790.9</xmin>
      <ymin>340.32</ymin>
      <xmax>826.75</xmax>
      <ymax>391.4</ymax>
    </bndbox>
  </object>
  <object>
    <name>WHITE</name>
    <occluded>0</occluded>
    <bndbox>
      <xmin>344.74</xmin>
      <ymin>388.58</ymin>
      <xmax>381.61</xmax>
      <ymax>440.67</ymax>
    </bndbox>
  </object>
  <object>
    <name>WHITE</name>
    <occluded>0</occluded>
    <bndbox>
      <xmin>331.76</xmin>
      <ymin>480.65</ymin>
      <xmax>364.1</xmax>
      <ymax>534.99</ymax>
    </bndbox>
  </object>
  <object>
    <name>WHITE</name>
    <occluded>0</occluded>
    <bndbox>
      <xmin>309.75</xmin>
      <ymin>571.37</ymin>
      <xmax>340.29</xmax>
      <ymax>620.33</ymax>
    </bndbox>
  </object>
  <object>
    <name>WHITE</name>
    <occluded>0</occluded>
    <bndbox>
      <xmin>361.85</xmin>
      <ymin>566.88</ymin>
      <xmax>403.62</xmax>
      <ymax>622.12</ymax>
    </bndbox>
  </object>
  <object>
    <name>WHITE</name>
    <occluded>0</occluded>
    <bndbox>
      <xmin>335.76</xmin>
      <ymin>640.09</ymin>
      <xmax>372.63</xmax>
      <ymax>692.64</ymax>
    </bndbox>
  </object>
  <object>
    <name>WHITE</name>
    <occluded>0</occluded>
    <bndbox>
      <xmin>525.19</xmin>
      <ymin>128.45</ymin>
      <xmax>570.81</xmax>
      <ymax>166.5</ymax>
    </bndbox>
  </object>
  <object>
    <name>WHITE</name>
    <occluded>0</occluded>
    <bndbox>
      <xmin>465.4</xmin>
      <ymin>202.01</ymin>
      <xmax>509.09</xmax>
      <ymax>246.8</ymax>
    </bndbox>
  </object>
  <object>
    <name>WHITE</name>
    <occluded>0</occluded>
    <bndbox>
      <xmin>421.07</xmin>
      <ymin>290.52</ymin>
      <xmax>468.03</xmax>
      <ymax>333.0</ymax>
    </bndbox>
  </object>
  <object>
    <name>WHITE</name>
    <occluded>0</occluded>
    <bndbox>
      <xmin>485.9</xmin>
      <ymin>613.6</ymin>
      <xmax>543.2</xmax>
      <ymax>670.9</ymax>
    </bndbox>
  </object>
  <object>
    <name>WHITE</name>
    <occluded>0</occluded>
    <bndbox>
      <xmin>528.34</xmin>
      <ymin>554.54</ymin>
      <xmax>586.8</xmax>
      <ymax>611.6</ymax>
    </bndbox>
  </object>
  <object>
    <name>WHITE</name>
    <occluded>0</occluded>
    <bndbox>
      <xmin>587.5</xmin>
      <ymin>506.0</ymin>
      <xmax>642.3</xmax>
      <ymax>557.8</ymax>
    </bndbox>
  </object>
  <object>
    <name>BLACK</name>
    <occluded>0</occluded>
    <bndbox>
      <xmin>523.63</xmin>
      <ymin>461.63</ymin>
      <xmax>578.0</xmax>
      <ymax>513.3</ymax>
    </bndbox>
  </object>
  <object>
    <name>WHITE</name>
    <occluded>0</occluded>
    <bndbox>
      <xmin>386.0</xmin>
      <ymin>490.0</ymin>
      <xmax>426.0</xmax>
      <ymax>541.1</ymax>
    </bndbox>
  </object>
  <object>
    <name>WHITE</name>
    <occluded>0</occluded>
    <bndbox>
      <xmin>453.8</xmin>
      <ymin>423.67</ymin>
      <xmax>505.55</xmax>
      <ymax>471.9</ymax>
    </bndbox>
  </object>
  <object>
    <name>WHITE</name>
    <occluded>0</occluded>
    <bndbox>
      <xmin>400.71</xmin>
      <ymin>383.6</ymin>
      <xmax>450.2</xmax>
      <ymax>418.8</ymax>
    </bndbox>
  </object>
  <object>
    <name>WHITE</name>
    <occluded>0</occluded>
    <bndbox>
      <xmin>479.0</xmin>
      <ymin>97.49</ymin>
      <xmax>519.86</xmax>
      <ymax>135.9</ymax>
    </bndbox>
  </object>
  <object>
    <name>WHITE</name>
    <occluded>0</occluded>
    <bndbox>
      <xmin>425.02</xmin>
      <ymin>160.5</ymin>
      <xmax>467.4</xmax>
      <ymax>198.5</ymax>
    </bndbox>
  </object>
  <object>
    <name>WHITE</name>
    <occluded>0</occluded>
    <bndbox>
      <xmin>387.1</xmin>
      <ymin>238.55</ymin>
      <xmax>430.08</xmax>
      <ymax>282.9</ymax>
    </bndbox>
  </object>
  <object>
    <name>WHITE</name>
    <occluded>0</occluded>
    <bndbox>
      <xmin>624.8</xmin>
      <ymin>113.3</ymin>
      <xmax>672.3</xmax>
      <ymax>152.8</ymax>
    </bndbox>
  </object>
  <object>
    <name>WHITE</name>
    <occluded>0</occluded>
    <bndbox>
      <xmin>568.1</xmin>
      <ymin>175.9</ymin>
      <xmax>619.0</xmax>
      <ymax>219.5</ymax>
    </bndbox>
  </object>
  <object>
    <name>WHITE</name>
    <occluded>0</occluded>
    <bndbox>
      <xmin>512.2</xmin>
      <ymin>242.9</ymin>
      <xmax>563.5</xmax>
      <ymax>290.5</ymax>
    </bndbox>
  </object>
  <object>
    <name>WHITE</name>
    <occluded>0</occluded>
    <bndbox>
      <xmin>627.11</xmin>
      <ymin>222.71</ymin>
      <xmax>679.5</xmax>
      <ymax>266.3</ymax>
    </bndbox>
  </object>
  <object>
    <name>WHITE</name>
    <occluded>0</occluded>
    <bndbox>
      <xmin>679.79</xmin>
      <ymin>175.39</ymin>
      <xmax>730.4</xmax>
      <ymax>220.6</ymax>
    </bndbox>
  </object>
  <object>
    <name>WHITE</name>
    <occluded>0</occluded>
    <bndbox>
      <xmin>727.49</xmin>
      <ymin>140.71</ymin>
      <xmax>772.6</xmax>
      <ymax>178.8</ymax>
    </bndbox>
  </object>
  <object>
    <name>WHITE</name>
    <occluded>0</occluded>
    <bndbox>
      <xmin>738.29</xmin>
      <ymin>243.92</ymin>
      <xmax>788.3</xmax>
      <ymax>289.2</ymax>
    </bndbox>
  </object>
  <object>
    <name>WHITE</name>
    <occluded>0</occluded>
    <bndbox>
      <xmin>408.2</xmin>
      <ymin>117.96</ymin>
      <xmax>448.61</xmax>
      <ymax>156.1</ymax>
    </bndbox>
  </object>
  <object>
    <name>WHITE</name>
    <occluded>0</occluded>
    <bndbox>
      <xmin>358.7</xmin>
      <ymin>189.14</ymin>
      <xmax>393.73</xmax>
      <ymax>234.9</ymax>
    </bndbox>
  </object>
  <object>
    <name>WHITE</name>
    <occluded>0</occluded>
    <bndbox>
      <xmin>836.65</xmin>
      <ymin>283.73</ymin>
      <xmax>867.1</xmax>
      <ymax>331.6</ymax>
    </bndbox>
  </object>
  <object>
    <name>BLACK</name>
    <occluded>0</occluded>
    <bndbox>
      <xmin>392.71</xmin>
      <ymin>651.17</ymin>
      <xmax>442.7</xmax>
      <ymax>707.0</ymax>
    </bndbox>
  </object>
  <object>
    <name>WHITE</name>
    <occluded>0</occluded>
    <bndbox>
      <xmin>426.65</xmin>
      <ymin>576.65</ymin>
      <xmax>472.0</xmax>
      <ymax>630.2</ymax>
    </bndbox>
  </object>
  <object>
    <name>WHITE</name>
    <occluded>0</occluded>
    <bndbox>
      <xmin>457.82</xmin>
      <ymin>509.27</ymin>
      <xmax>514.2</xmax>
      <ymax>564.8</ymax>
    </bndbox>
  </object>
</annotation>
