<annotation>
  <folder>MH</folder>
  <filename>MH_camera11.png</filename>
  <source>
    <database>Unknown</database>
    <annotation>Unknown</annotation>
    <image>Unknown</image>
  </source>
  <size>
    <width>1280</width>
    <height>960</height>
    <depth></depth>
  </size>
  <segmented>0</segmented>
  <object>
    <name>WHITE</name>
    <occluded>0</occluded>
    <bndbox>
      <xmin>795.1</xmin>
      <ymin>639.46</ymin>
      <xmax>828.76</xmax>
      <ymax>688.1</ymax>
    </bndbox>
  </object>
  <object>
    <name>WHITE</name>
    <occluded>0</occluded>
    <bndbox>
      <xmin>729.69</xmin>
      <ymin>492.44</ymin>
      <xmax>769.9</xmax>
      <ymax>540.6</ymax>
    </bndbox>
  </object>
  <object>
    <name>WHITE</name>
    <occluded>0</occluded>
    <bndbox>
      <xmin>662.38</xmin>
      <ymin>439.56</ymin>
      <xmax>711.4</xmax>
      <ymax>487.3</ymax>
    </bndbox>
  </object>
  <object>
    <name>BLACK</name>
    <occluded>0</occluded>
    <bndbox>
      <xmin>721.5</xmin>
      <ymin>650.1</ymin>
      <xmax>762.28</xmax>
      <ymax>699.2</ymax>
    </bndbox>
  </object>
  <object>
    <name>WHITE</name>
    <occluded>0</occluded>
    <bndbox>
      <xmin>673.5</xmin>
      <ymin>573.63</ymin>
      <xmax>720.8</xmax>
      <ymax>623.0</ymax>
    </bndbox>
  </object>
  <object>
    <name>WHITE</name>
    <occluded>0</occluded>
    <bndbox>
      <xmin>736.89</xmin>
      <ymin>252.99</ymin>
      <xmax>779.7</xmax>
      <ymax>297.6</ymax>
    </bndbox>
  </object>
  <object>
    <name>WHITE</name>
    <occluded>0</occluded>
    <bndbox>
      <xmin>700.37</xmin>
      <ymin>313.12</ymin>
      <xmax>745.5</xmax>
      <ymax>356.5</ymax>
    </bndbox>
  </object>
  <object>
    <name>WHITE</name>
    <occluded>0</occluded>
    <bndbox>
      <xmin>699.38</xmin>
      <ymin>172.95</ymin>
      <xmax>741.7</xmax>
      <ymax>215.67</ymax>
    </bndbox>
  </object>
  <object>
    <name>WHITE</name>
    <occluded>0</occluded>
    <bndbox>
      <xmin>655.83</xmin>
      <ymin>220.74</ymin>
      <xmax>703.0</xmax>
      <ymax>264.12</ymax>
    </bndbox>
  </object>
  <object>
    <name>WHITE</name>
    <occluded>0</occluded>
    <bndbox>
      <xmin>775.9</xmin>
      <ymin>200.17</ymin>
      <xmax>811.1</xmax>
      <ymax>244.1</ymax>
    </bndbox>
  </object>
  <object>
    <name>WHITE</name>
    <occluded>0</occluded>
    <bndbox>
      <xmin>607.25</xmin>
      <ymin>269.8</ymin>
      <xmax>653.35</xmax>
      <ymax>315.9</ymax>
    </bndbox>
  </object>
  <object>
    <name>WHITE</name>
    <occluded>0</occluded>
    <bndbox>
      <xmin>458.7</xmin>
      <ymin>192.7</ymin>
      <xmax>501.9</xmax>
      <ymax>236.7</ymax>
    </bndbox>
  </object>
  <object>
    <name>WHITE</name>
    <occluded>0</occluded>
    <bndbox>
      <xmin>650.0</xmin>
      <ymin>514.44</ymin>
      <xmax>700.6</xmax>
      <ymax>562.6</ymax>
    </bndbox>
  </object>
  <object>
    <name>BLACK</name>
    <occluded>0</occluded>
    <bndbox>
      <xmin>597.09</xmin>
      <ymin>474.4</ymin>
      <xmax>651.1</xmax>
      <ymax>526.3</ymax>
    </bndbox>
  </object>
  <object>
    <name>WHITE</name>
    <occluded>0</occluded>
    <bndbox>
      <xmin>608.85</xmin>
      <ymin>592.28</ymin>
      <xmax>658.3</xmax>
      <ymax>641.1</ymax>
    </bndbox>
  </object>
  <object>
    <name>WHITE</name>
    <occluded>0</occluded>
    <bndbox>
      <xmin>577.32</xmin>
      <ymin>546.45</ymin>
      <xmax>625.4</xmax>
      <ymax>597.1</ymax>
    </bndbox>
  </object>
  <object>
    <name>WHITE</name>
    <occluded>0</occluded>
    <bndbox>
      <xmin>562.42</xmin>
      <ymin>97.83</ymin>
      <xmax>609.58</xmax>
      <ymax>131.14</ymax>
    </bndbox>
  </object>
  <object>
    <name>BLACK</name>
    <occluded>0</occluded>
    <bndbox>
      <xmin>598.72</xmin>
      <ymin>75.0</ymin>
      <xmax>644.38</xmax>
      <ymax>103.07</ymax>
    </bndbox>
  </object>
  <object>
    <name>WHITE</name>
    <occluded>0</occluded>
    <bndbox>
      <xmin>903.42</xmin>
      <ymin>322.88</ymin>
      <xmax>930.37</xmax>
      <ymax>358.44</ymax>
    </bndbox>
  </object>
  <object>
    <name>WHITE</name>
    <occluded>0</occluded>
    <bndbox>
      <xmin>738.51</xmin>
      <ymin>87.24</ymin>
      <xmax>775.0</xmax>
      <ymax>119.68</ymax>
    </bndbox>
  </object>
  <object>
    <name>WHITE</name>
    <occluded>0</occluded>
    <bndbox>
      <xmin>784.19</xmin>
      <ymin>337.57</ymin>
      <xmax>824.3</xmax>
      <ymax>380.7</ymax>
    </bndbox>
  </object>
  <object>
    <name>WHITE</name>
    <occluded>0</occluded>
    <bndbox>
      <xmin>503.86</xmin>
      <ymin>246.8</ymin>
      <xmax>548.14</xmax>
      <ymax>292.3</ymax>
    </bndbox>
  </object>
  <object>
    <name>WHITE</name>
    <occluded>0</occluded>
    <bndbox>
      <xmin>560.69</xmin>
      <ymin>198.0</ymin>
      <xmax>608.7</xmax>
      <ymax>237.7</ymax>
    </bndbox>
  </object>
  <object>
    <name>WHITE</name>
    <occluded>0</occluded>
    <bndbox>
      <xmin>867.2</xmin>
      <ymin>621.29</ymin>
      <xmax>891.41</xmax>
      <ymax>670.0</ymax>
    </bndbox>
  </object>
  <object>
    <name>WHITE</name>
    <occluded>0</occluded>
    <bndbox>
      <xmin>825.19</xmin>
      <ymin>566.57</ymin>
      <xmax>855.3</xmax>
      <ymax>616.8</ymax>
    </bndbox>
  </object>
  <object>
    <name>WHITE</name>
    <occluded>0</occluded>
    <bndbox>
      <xmin>780.5</xmin>
      <ymin>405.0</ymin>
      <xmax>817.9</xmax>
      <ymax>448.6</ymax>
    </bndbox>
  </object>
  <object>
    <name>WHITE</name>
    <occluded>0</occluded>
    <bndbox>
      <xmin>747.45</xmin>
      <ymin>568.76</ymin>
      <xmax>792.9</xmax>
      <ymax>618.1</ymax>
    </bndbox>
  </object>
  <object>
    <name>WHITE</name>
    <occluded>0</occluded>
    <bndbox>
      <xmin>817.91</xmin>
      <ymin>279.46</ymin>
      <xmax>848.4</xmax>
      <ymax>322.9</ymax>
    </bndbox>
  </object>
  <object>
    <name>WHITE</name>
    <occluded>0</occluded>
    <bndbox>
      <xmin>721.97</xmin>
      <ymin>397.08</ymin>
      <xmax>758.03</xmax>
      <ymax>440.92</ymax>
    </bndbox>
  </object>
  <object>
    <name>WHITE</name>
    <occluded>0</occluded>
    <bndbox>
      <xmin>665.34</xmin>
      <ymin>75.75</ymin>
      <xmax>710.26</xmax>
      <ymax>104.19</ymax>
    </bndbox>
  </object>
  <object>
    <name>WHITE</name>
    <occluded>0</occluded>
    <bndbox>
      <xmin>881.3</xmin>
      <ymin>248.29</ymin>
      <xmax>907.5</xmax>
      <ymax>292.08</ymax>
    </bndbox>
  </object>
  <object>
    <name>WHITE</name>
    <occluded>0</occluded>
    <bndbox>
      <xmin>534.76</xmin>
      <ymin>509.57</ymin>
      <xmax>585.7</xmax>
      <ymax>559.8</ymax>
    </bndbox>
  </object>
  <object>
    <name>WHITE</name>
    <occluded>0</occluded>
    <bndbox>
      <xmin>376.74</xmin>
      <ymin>222.57</ymin>
      <xmax>412.01</xmax>
      <ymax>264.05</ymax>
    </bndbox>
  </object>
  <object>
    <name>WHITE</name>
    <occluded>0</occluded>
    <bndbox>
      <xmin>796.0</xmin>
      <ymin>146.37</ymin>
      <xmax>827.6</xmax>
      <ymax>188.5</ymax>
    </bndbox>
  </object>
  <object>
    <name>WHITE</name>
    <occluded>0</occluded>
    <bndbox>
      <xmin>726.88</xmin>
      <ymin>126.5</ymin>
      <xmax>770.0</xmax>
      <ymax>165.91</ymax>
    </bndbox>
  </object>
  <object>
    <name>WHITE</name>
    <occluded>0</occluded>
    <bndbox>
      <xmin>650.76</xmin>
      <ymin>108.52</ymin>
      <xmax>700.1</xmax>
      <ymax>154.0</ymax>
    </bndbox>
  </object>
  <object>
    <name>WHITE</name>
    <occluded>0</occluded>
    <bndbox>
      <xmin>609.1</xmin>
      <ymin>147.8</ymin>
      <xmax>653.0</xmax>
      <ymax>184.0</ymax>
    </bndbox>
  </object>
  <object>
    <name>WHITE</name>
    <occluded>0</occluded>
    <bndbox>
      <xmin>507.76</xmin>
      <ymin>137.02</ymin>
      <xmax>550.24</xmax>
      <ymax>173.3</ymax>
    </bndbox>
  </object>
  <object>
    <name>WHITE</name>
    <occluded>0</occluded>
    <bndbox>
      <xmin>477.43</xmin>
      <ymin>105.38</ymin>
      <xmax>518.57</xmax>
      <ymax>135.1</ymax>
    </bndbox>
  </object>
  <object>
    <name>WHITE</name>
    <occluded>0</occluded>
    <bndbox>
      <xmin>425.49</xmin>
      <ymin>155.04</ymin>
      <xmax>466.51</xmax>
      <ymax>191.2</ymax>
    </bndbox>
  </object>
  <object>
    <name>WHITE</name>
    <occluded>0</occluded>
    <bndbox>
      <xmin>842.12</xmin>
      <ymin>172.04</ymin>
      <xmax>872.69</xmax>
      <ymax>207.29</ymax>
    </bndbox>
  </object>
  <object>
    <name>WHITE</name>
    <occluded>0</occluded>
    <bndbox>
      <xmin>833.7</xmin>
      <ymin>227.56</ymin>
      <xmax>865.2</xmax>
      <ymax>267.17</ymax>
    </bndbox>
  </object>
  <object>
    <name>WHITE</name>
    <occluded>0</occluded>
    <bndbox>
      <xmin>399.54</xmin>
      <ymin>257.5</ymin>
      <xmax>441.33</xmax>
      <ymax>303.66</ymax>
    </bndbox>
  </object>
  <object>
    <name>BLACK</name>
    <occluded>0</occluded>
    <bndbox>
      <xmin>368.04</xmin>
      <ymin>340.78</ymin>
      <xmax>408.58</xmax>
      <ymax>390.37</ymax>
    </bndbox>
  </object>
  <object>
    <name>WHITE</name>
    <occluded>0</occluded>
    <bndbox>
      <xmin>869.25</xmin>
      <ymin>305.22</ymin>
      <xmax>895.77</xmax>
      <ymax>347.64</ymax>
    </bndbox>
  </object>
  <object>
    <name>WHITE</name>
    <occluded>0</occluded>
    <bndbox>
      <xmin>883.38</xmin>
      <ymin>554.83</ymin>
      <xmax>903.03</xmax>
      <ymax>598.81</ymax>
    </bndbox>
  </object>
  <object>
    <name>WHITE</name>
    <occluded>0</occluded>
    <bndbox>
      <xmin>853.44</xmin>
      <ymin>489.02</ymin>
      <xmax>879.95</xmax>
      <ymax>536.12</ymax>
    </bndbox>
  </object>
  <object>
    <name>WHITE</name>
    <occluded>0</occluded>
    <bndbox>
      <xmin>842.53</xmin>
      <ymin>355.53</ymin>
      <xmax>878.71</xmax>
      <ymax>393.58</ymax>
    </bndbox>
  </object>
  <object>
    <name>BLACK</name>
    <occluded>0</occluded>
    <bndbox>
      <xmin>827.55</xmin>
      <ymin>410.11</ymin>
      <xmax>862.8</xmax>
      <ymax>454.4</ymax>
    </bndbox>
  </object>
  <object>
    <name>WHITE</name>
    <occluded>0</occluded>
    <bndbox>
      <xmin>795.43</xmin>
      <ymin>487.77</ymin>
      <xmax>833.48</xmax>
      <ymax>536.43</ymax>
    </bndbox>
  </object>
  <object>
    <name>BLACK</name>
    <occluded>0</occluded>
    <bndbox>
      <xmin>303.85</xmin>
      <ymin>553.58</ymin>
      <xmax>324.78</xmax>
      <ymax>594.75</ymax>
    </bndbox>
  </object>
</annotation>
