<annotation>
  <folder>MH</folder>
  <filename>MH_camera9.png</filename>
  <source>
    <database>Unknown</database>
    <annotation>Unknown</annotation>
    <image>Unknown</image>
  </source>
  <size>
    <width>960</width>
    <height>1280</height>
    <depth></depth>
  </size>
  <segmented>0</segmented>
  <object>
    <name>WHITE</name>
    <occluded>0</occluded>
    <bndbox>
      <xmin>591.8</xmin>
      <ymin>613.79</ymin>
      <xmax>633.6</xmax>
      <ymax>656.21</ymax>
    </bndbox>
  </object>
  <object>
    <name>WHITE</name>
    <occluded>0</occluded>
    <bndbox>
      <xmin>579.81</xmin>
      <ymin>660.1</ymin>
      <xmax>613.0</xmax>
      <ymax>703.7</ymax>
    </bndbox>
  </object>
  <object>
    <name>WHITE</name>
    <occluded>0</occluded>
    <bndbox>
      <xmin>541.0</xmin>
      <ymin>717.3</ymin>
      <xmax>583.5</xmax>
      <ymax>750.24</ymax>
    </bndbox>
  </object>
  <object>
    <name>WHITE</name>
    <occluded>0</occluded>
    <bndbox>
      <xmin>483.24</xmin>
      <ymin>530.19</ymin>
      <xmax>524.5</xmax>
      <ymax>568.65</ymax>
    </bndbox>
  </object>
  <object>
    <name>WHITE</name>
    <occluded>0</occluded>
    <bndbox>
      <xmin>591.55</xmin>
      <ymin>387.79</ymin>
      <xmax>628.2</xmax>
      <ymax>414.9</ymax>
    </bndbox>
  </object>
  <object>
    <name>WHITE</name>
    <occluded>0</occluded>
    <bndbox>
      <xmin>503.8</xmin>
      <ymin>372.53</ymin>
      <xmax>543.2</xmax>
      <ymax>397.0</ymax>
    </bndbox>
  </object>
  <object>
    <name>WHITE</name>
    <occluded>0</occluded>
    <bndbox>
      <xmin>486.08</xmin>
      <ymin>667.09</ymin>
      <xmax>529.08</xmax>
      <ymax>700.4</ymax>
    </bndbox>
  </object>
  <object>
    <name>WHITE</name>
    <occluded>0</occluded>
    <bndbox>
      <xmin>522.08</xmin>
      <ymin>599.54</ymin>
      <xmax>565.1</xmax>
      <ymax>640.9</ymax>
    </bndbox>
  </object>
  <object>
    <name>WHITE</name>
    <occluded>0</occluded>
    <bndbox>
      <xmin>564.0</xmin>
      <ymin>539.0</ymin>
      <xmax>606.5</xmax>
      <ymax>577.9</ymax>
    </bndbox>
  </object>
  <object>
    <name>WHITE</name>
    <occluded>0</occluded>
    <bndbox>
      <xmin>608.0</xmin>
      <ymin>481.14</ymin>
      <xmax>645.5</xmax>
      <ymax>522.86</ymax>
    </bndbox>
  </object>
  <object>
    <name>WHITE</name>
    <occluded>0</occluded>
    <bndbox>
      <xmin>514.0</xmin>
      <ymin>464.0</ymin>
      <xmax>555.2</xmax>
      <ymax>499.7</ymax>
    </bndbox>
  </object>
  <object>
    <name>WHITE</name>
    <occluded>0</occluded>
    <bndbox>
      <xmin>557.82</xmin>
      <ymin>415.54</ymin>
      <xmax>599.6</xmax>
      <ymax>451.3</ymax>
    </bndbox>
  </object>
  <object>
    <name>WHITE</name>
    <occluded>0</occluded>
    <bndbox>
      <xmin>246.0</xmin>
      <ymin>732.0</ymin>
      <xmax>270.0</xmax>
      <ymax>774.0</ymax>
    </bndbox>
  </object>
  <object>
    <name>WHITE</name>
    <occluded>0</occluded>
    <bndbox>
      <xmin>294.65</xmin>
      <ymin>630.1</ymin>
      <xmax>336.8</xmax>
      <ymax>667.9</ymax>
    </bndbox>
  </object>
  <object>
    <name>WHITE</name>
    <occluded>0</occluded>
    <bndbox>
      <xmin>317.5</xmin>
      <ymin>553.5</ymin>
      <xmax>358.3</xmax>
      <ymax>593.9</ymax>
    </bndbox>
  </object>
  <object>
    <name>WHITE</name>
    <occluded>0</occluded>
    <bndbox>
      <xmin>341.5</xmin>
      <ymin>681.6</ymin>
      <xmax>379.3</xmax>
      <ymax>712.5</ymax>
    </bndbox>
  </object>
  <object>
    <name>BLACK</name>
    <occluded>0</occluded>
    <bndbox>
      <xmin>245.87</xmin>
      <ymin>789.29</ymin>
      <xmax>274.46</xmax>
      <ymax>835.5</ymax>
    </bndbox>
  </object>
  <object>
    <name>WHITE</name>
    <occluded>0</occluded>
    <bndbox>
      <xmin>281.68</xmin>
      <ymin>769.1</ymin>
      <xmax>320.09</xmax>
      <ymax>817.04</ymax>
    </bndbox>
  </object>
  <object>
    <name>WHITE</name>
    <occluded>0</occluded>
    <bndbox>
      <xmin>329.04</xmin>
      <ymin>744.56</ymin>
      <xmax>374.09</xmax>
      <ymax>791.05</ymax>
    </bndbox>
  </object>
  <object>
    <name>WHITE</name>
    <occluded>0</occluded>
    <bndbox>
      <xmin>282.26</xmin>
      <ymin>704.99</ymin>
      <xmax>322.4</xmax>
      <ymax>747.45</ymax>
    </bndbox>
  </object>
  <object>
    <name>WHITE</name>
    <occluded>0</occluded>
    <bndbox>
      <xmin>215.81</xmin>
      <ymin>687.95</ymin>
      <xmax>239.23</xmax>
      <ymax>730.7</ymax>
    </bndbox>
  </object>
  <object>
    <name>WHITE</name>
    <occluded>0</occluded>
    <bndbox>
      <xmin>216.96</xmin>
      <ymin>766.22</ymin>
      <xmax>238.65</xmax>
      <ymax>810.37</ymax>
    </bndbox>
  </object>
  <object>
    <name>WHITE</name>
    <occluded>0</occluded>
    <bndbox>
      <xmin>247.57</xmin>
      <ymin>648.1</ymin>
      <xmax>283.7</xmax>
      <ymax>690.52</ymax>
    </bndbox>
  </object>
  <object>
    <name>WHITE</name>
    <occluded>0</occluded>
    <bndbox>
      <xmin>212.95</xmin>
      <ymin>627.86</ymin>
      <xmax>237.21</xmax>
      <ymax>665.11</ymax>
    </bndbox>
  </object>
  <object>
    <name>WHITE</name>
    <occluded>0</occluded>
    <bndbox>
      <xmin>362.0</xmin>
      <ymin>608.0</ymin>
      <xmax>406.0</xmax>
      <ymax>648.0</ymax>
    </bndbox>
  </object>
  <object>
    <name>WHITE</name>
    <occluded>0</occluded>
    <bndbox>
      <xmin>354.5</xmin>
      <ymin>478.0</ymin>
      <xmax>393.5</xmax>
      <ymax>512.0</ymax>
    </bndbox>
  </object>
  <object>
    <name>WHITE</name>
    <occluded>0</occluded>
    <bndbox>
      <xmin>305.89</xmin>
      <ymin>441.77</ymin>
      <xmax>346.11</xmax>
      <ymax>464.23</ymax>
    </bndbox>
  </object>
  <object>
    <name>WHITE</name>
    <occluded>0</occluded>
    <bndbox>
      <xmin>280.91</xmin>
      <ymin>421.51</ymin>
      <xmax>319.09</xmax>
      <ymax>438.49</ymax>
    </bndbox>
  </object>
  <object>
    <name>BLACK</name>
    <occluded>0</occluded>
    <bndbox>
      <xmin>245.58</xmin>
      <ymin>587.14</ymin>
      <xmax>286.88</xmax>
      <ymax>631.93</ymax>
    </bndbox>
  </object>
  <object>
    <name>WHITE</name>
    <occluded>0</occluded>
    <bndbox>
      <xmin>707.65</xmin>
      <ymin>664.56</ymin>
      <xmax>730.18</xmax>
      <ymax>711.35</ymax>
    </bndbox>
  </object>
  <object>
    <name>WHITE</name>
    <occluded>0</occluded>
    <bndbox>
      <xmin>666.06</xmin>
      <ymin>632.22</ymin>
      <xmax>692.92</xmax>
      <ymax>678.13</ymax>
    </bndbox>
  </object>
  <object>
    <name>WHITE</name>
    <occluded>0</occluded>
    <bndbox>
      <xmin>696.65</xmin>
      <ymin>596.96</ymin>
      <xmax>725.27</xmax>
      <ymax>639.73</ymax>
    </bndbox>
  </object>
  <object>
    <name>WHITE</name>
    <occluded>0</occluded>
    <bndbox>
      <xmin>683.1</xmin>
      <ymin>525.36</ymin>
      <xmax>708.8</xmax>
      <ymax>567.21</ymax>
    </bndbox>
  </object>
  <object>
    <name>WHITE</name>
    <occluded>0</occluded>
    <bndbox>
      <xmin>388.25</xmin>
      <ymin>417.64</ymin>
      <xmax>436.18</xmax>
      <ymax>446.52</ymax>
    </bndbox>
  </object>
  <object>
    <name>WHITE</name>
    <occluded>0</occluded>
    <bndbox>
      <xmin>430.7</xmin>
      <ymin>372.85</ymin>
      <xmax>470.55</xmax>
      <ymax>403.75</ymax>
    </bndbox>
  </object>
  <object>
    <name>WHITE</name>
    <occluded>0</occluded>
    <bndbox>
      <xmin>633.43</xmin>
      <ymin>447.36</ymin>
      <xmax>673.86</xmax>
      <ymax>483.2</ymax>
    </bndbox>
  </object>
  <object>
    <name>WHITE</name>
    <occluded>0</occluded>
    <bndbox>
      <xmin>548.52</xmin>
      <ymin>342.53</ymin>
      <xmax>584.62</xmax>
      <ymax>371.99</ymax>
    </bndbox>
  </object>
  <object>
    <name>WHITE</name>
    <occluded>0</occluded>
    <bndbox>
      <xmin>563.83</xmin>
      <ymin>329.24</ymin>
      <xmax>601.66</xmax>
      <ymax>350.07</ymax>
    </bndbox>
  </object>
  <object>
    <name>WHITE</name>
    <occluded>0</occluded>
    <bndbox>
      <xmin>614.37</xmin>
      <ymin>365.08</ymin>
      <xmax>651.91</xmax>
      <ymax>397.11</ymax>
    </bndbox>
  </object>
  <object>
    <name>WHITE</name>
    <occluded>0</occluded>
    <bndbox>
      <xmin>498.27</xmin>
      <ymin>317.69</ymin>
      <xmax>538.13</xmax>
      <ymax>337.33</ymax>
    </bndbox>
  </object>
  <object>
    <name>BLACK</name>
    <occluded>0</occluded>
    <bndbox>
      <xmin>429.83</xmin>
      <ymin>319.71</ymin>
      <xmax>475.46</xmax>
      <ymax>347.44</ymax>
    </bndbox>
  </object>
  <object>
    <name>WHITE</name>
    <occluded>0</occluded>
    <bndbox>
      <xmin>371.47</xmin>
      <ymin>325.23</ymin>
      <xmax>411.35</xmax>
      <ymax>352.38</ymax>
    </bndbox>
  </object>
  <object>
    <name>WHITE</name>
    <occluded>0</occluded>
    <bndbox>
      <xmin>361.07</xmin>
      <ymin>380.68</ymin>
      <xmax>404.13</xmax>
      <ymax>408.95</ymax>
    </bndbox>
  </object>
  <object>
    <name>WHITE</name>
    <occluded>0</occluded>
    <bndbox>
      <xmin>323.53</xmin>
      <ymin>361.62</ymin>
      <xmax>360.23</xmax>
      <ymax>390.79</ymax>
    </bndbox>
  </object>
  <object>
    <name>WHITE</name>
    <occluded>0</occluded>
    <bndbox>
      <xmin>311.97</xmin>
      <ymin>343.42</ymin>
      <xmax>350.12</xmax>
      <ymax>369.39</ymax>
    </bndbox>
  </object>
  <object>
    <name>WHITE</name>
    <occluded>0</occluded>
    <bndbox>
      <xmin>265.77</xmin>
      <ymin>389.34</ymin>
      <xmax>301.61</xmax>
      <ymax>422.26</ymax>
    </bndbox>
  </object>
  <object>
    <name>WHITE</name>
    <occluded>0</occluded>
    <bndbox>
      <xmin>231.98</xmin>
      <ymin>448.52</ymin>
      <xmax>260.02</xmax>
      <ymax>485.22</ymax>
    </bndbox>
  </object>
  <object>
    <name>WHITE</name>
    <occluded>0</occluded>
    <bndbox>
      <xmin>247.0</xmin>
      <ymin>476.56</ymin>
      <xmax>277.64</xmax>
      <ymax>515.23</ymax>
    </bndbox>
  </object>
  <object>
    <name>WHITE</name>
    <occluded>0</occluded>
    <bndbox>
      <xmin>207.72</xmin>
      <ymin>522.48</ymin>
      <xmax>233.16</xmax>
      <ymax>561.75</ymax>
    </bndbox>
  </object>
  <object>
    <name>WHITE</name>
    <occluded>0</occluded>
    <bndbox>
      <xmin>191.2</xmin>
      <ymin>725.9</ymin>
      <xmax>209.68</xmax>
      <ymax>768.93</ymax>
    </bndbox>
  </object>
  <object>
    <name>BLACK</name>
    <occluded>0</occluded>
    <bndbox>
      <xmin>648.48</xmin>
      <ymin>564.99</ymin>
      <xmax>676.5</xmax>
      <ymax>607.1</ymax>
    </bndbox>
  </object>
  <object>
    <name>BLACK</name>
    <occluded>0</occluded>
    <bndbox>
      <xmin>697.37</xmin>
      <ymin>776.9</ymin>
      <xmax>725.09</xmax>
      <ymax>825.42</ymax>
    </bndbox>
  </object>
  <object>
    <name>WHITE</name>
    <occluded>0</occluded>
    <bndbox>
      <xmin>645.73</xmin>
      <ymin>758.88</ymin>
      <xmax>686.28</xmax>
      <ymax>803.24</ymax>
    </bndbox>
  </object>
  <object>
    <name>WHITE</name>
    <occluded>0</occluded>
    <bndbox>
      <xmin>440.11</xmin>
      <ymin>598.45</ymin>
      <xmax>485.7</xmax>
      <ymax>635.0</ymax>
    </bndbox>
  </object>
  <object>
    <name>WHITE</name>
    <occluded>0</occluded>
    <bndbox>
      <xmin>412.3</xmin>
      <ymin>669.6</ymin>
      <xmax>454.2</xmax>
      <ymax>705.9</ymax>
    </bndbox>
  </object>
  <object>
    <name>WHITE</name>
    <occluded>0</occluded>
    <bndbox>
      <xmin>397.56</xmin>
      <ymin>718.04</ymin>
      <xmax>441.5</xmax>
      <ymax>749.9</ymax>
    </bndbox>
  </object>
  <object>
    <name>WHITE</name>
    <occluded>0</occluded>
    <bndbox>
      <xmin>472.5</xmin>
      <ymin>411.0</ymin>
      <xmax>515.0</xmax>
      <ymax>439.9</ymax>
    </bndbox>
  </object>
  <object>
    <name>WHITE</name>
    <occluded>0</occluded>
    <bndbox>
      <xmin>431.5</xmin>
      <ymin>462.5</ymin>
      <xmax>475.1</xmax>
      <ymax>498.1</ymax>
    </bndbox>
  </object>
  <object>
    <name>WHITE</name>
    <occluded>0</occluded>
    <bndbox>
      <xmin>399.14</xmin>
      <ymin>531.91</ymin>
      <xmax>444.3</xmax>
      <ymax>572.4</ymax>
    </bndbox>
  </object>
</annotation>
