<annotation>
  <folder>MH</folder>
  <filename>MH_camera5.png</filename>
  <source>
    <database>Unknown</database>
    <annotation>Unknown</annotation>
    <image>Unknown</image>
  </source>
  <size>
    <width>1280</width>
    <height>960</height>
    <depth></depth>
  </size>
  <segmented>0</segmented>
  <object>
    <name>WHITE</name>
    <occluded>0</occluded>
    <bndbox>
      <xmin>706.78</xmin>
      <ymin>528.8</ymin>
      <xmax>745.22</xmax>
      <ymax>569.2</ymax>
    </bndbox>
  </object>
  <object>
    <name>WHITE</name>
    <occluded>0</occluded>
    <bndbox>
      <xmin>423.79</xmin>
      <ymin>293.38</ymin>
      <xmax>466.21</xmax>
      <ymax>326.62</ymax>
    </bndbox>
  </object>
  <object>
    <name>WHITE</name>
    <occluded>0</occluded>
    <bndbox>
      <xmin>467.85</xmin>
      <ymin>230.44</ymin>
      <xmax>508.15</xmax>
      <ymax>261.56</ymax>
    </bndbox>
  </object>
  <object>
    <name>WHITE</name>
    <occluded>0</occluded>
    <bndbox>
      <xmin>497.0</xmin>
      <ymin>645.5</ymin>
      <xmax>537.0</xmax>
      <ymax>682.5</ymax>
    </bndbox>
  </object>
  <object>
    <name>WHITE</name>
    <occluded>0</occluded>
    <bndbox>
      <xmin>582.98</xmin>
      <ymin>633.44</ymin>
      <xmax>625.02</xmax>
      <ymax>670.56</ymax>
    </bndbox>
  </object>
  <object>
    <name>WHITE</name>
    <occluded>0</occluded>
    <bndbox>
      <xmin>787.0</xmin>
      <ymin>424.0</ymin>
      <xmax>815.0</xmax>
      <ymax>464.0</ymax>
    </bndbox>
  </object>
  <object>
    <name>WHITE</name>
    <occluded>0</occluded>
    <bndbox>
      <xmin>802.62</xmin>
      <ymin>339.92</ymin>
      <xmax>825.38</xmax>
      <ymax>380.08</ymax>
    </bndbox>
  </object>
  <object>
    <name>WHITE</name>
    <occluded>0</occluded>
    <bndbox>
      <xmin>650.95</xmin>
      <ymin>205.24</ymin>
      <xmax>683.3</xmax>
      <ymax>249.5</ymax>
    </bndbox>
  </object>
  <object>
    <name>WHITE</name>
    <occluded>0</occluded>
    <bndbox>
      <xmin>753.56</xmin>
      <ymin>704.66</ymin>
      <xmax>788.7</xmax>
      <ymax>744.6</ymax>
    </bndbox>
  </object>
  <object>
    <name>WHITE</name>
    <occluded>0</occluded>
    <bndbox>
      <xmin>751.55</xmin>
      <ymin>587.18</ymin>
      <xmax>793.15</xmax>
      <ymax>630.6</ymax>
    </bndbox>
  </object>
  <object>
    <name>WHITE</name>
    <occluded>0</occluded>
    <bndbox>
      <xmin>690.3</xmin>
      <ymin>727.4</ymin>
      <xmax>726.94</xmax>
      <ymax>766.8</ymax>
    </bndbox>
  </object>
  <object>
    <name>WHITE</name>
    <occluded>0</occluded>
    <bndbox>
      <xmin>655.6</xmin>
      <ymin>773.28</ymin>
      <xmax>699.5</xmax>
      <ymax>817.2</ymax>
    </bndbox>
  </object>
  <object>
    <name>WHITE</name>
    <occluded>0</occluded>
    <bndbox>
      <xmin>646.04</xmin>
      <ymin>834.2</ymin>
      <xmax>684.9</xmax>
      <ymax>858.46</ymax>
    </bndbox>
  </object>
  <object>
    <name>WHITE</name>
    <occluded>0</occluded>
    <bndbox>
      <xmin>750.49</xmin>
      <ymin>294.57</ymin>
      <xmax>781.1</xmax>
      <ymax>335.8</ymax>
    </bndbox>
  </object>
  <object>
    <name>WHITE</name>
    <occluded>0</occluded>
    <bndbox>
      <xmin>727.91</xmin>
      <ymin>447.8</ymin>
      <xmax>768.3</xmax>
      <ymax>491.6</ymax>
    </bndbox>
  </object>
  <object>
    <name>WHITE</name>
    <occluded>0</occluded>
    <bndbox>
      <xmin>678.3</xmin>
      <ymin>609.6</ymin>
      <xmax>722.1</xmax>
      <ymax>652.32</ymax>
    </bndbox>
  </object>
  <object>
    <name>WHITE</name>
    <occluded>0</occluded>
    <bndbox>
      <xmin>642.96</xmin>
      <ymin>688.52</ymin>
      <xmax>684.4</xmax>
      <ymax>727.28</ymax>
    </bndbox>
  </object>
  <object>
    <name>WHITE</name>
    <occluded>0</occluded>
    <bndbox>
      <xmin>614.11</xmin>
      <ymin>747.76</ymin>
      <xmax>655.0</xmax>
      <ymax>780.39</ymax>
    </bndbox>
  </object>
  <object>
    <name>WHITE</name>
    <occluded>0</occluded>
    <bndbox>
      <xmin>588.64</xmin>
      <ymin>798.41</ymin>
      <xmax>631.7</xmax>
      <ymax>825.3</ymax>
    </bndbox>
  </object>
  <object>
    <name>WHITE</name>
    <occluded>0</occluded>
    <bndbox>
      <xmin>579.72</xmin>
      <ymin>840.04</ymin>
      <xmax>621.4</xmax>
      <ymax>861.1</ymax>
    </bndbox>
  </object>
  <object>
    <name>BLACK</name>
    <occluded>0</occluded>
    <bndbox>
      <xmin>699.94</xmin>
      <ymin>328.76</ymin>
      <xmax>735.6</xmax>
      <ymax>377.4</ymax>
    </bndbox>
  </object>
  <object>
    <name>WHITE</name>
    <occluded>0</occluded>
    <bndbox>
      <xmin>674.5</xmin>
      <ymin>394.5</ymin>
      <xmax>715.3</xmax>
      <ymax>440.6</ymax>
    </bndbox>
  </object>
  <object>
    <name>WHITE</name>
    <occluded>0</occluded>
    <bndbox>
      <xmin>660.06</xmin>
      <ymin>465.34</ymin>
      <xmax>704.6</xmax>
      <ymax>508.9</ymax>
    </bndbox>
  </object>
  <object>
    <name>WHITE</name>
    <occluded>0</occluded>
    <bndbox>
      <xmin>617.2</xmin>
      <ymin>552.6</ymin>
      <xmax>665.9</xmax>
      <ymax>597.2</ymax>
    </bndbox>
  </object>
  <object>
    <name>BLACK</name>
    <occluded>0</occluded>
    <bndbox>
      <xmin>554.16</xmin>
      <ymin>700.03</ymin>
      <xmax>601.2</xmax>
      <ymax>742.5</ymax>
    </bndbox>
  </object>
  <object>
    <name>BLACK</name>
    <occluded>0</occluded>
    <bndbox>
      <xmin>518.69</xmin>
      <ymin>819.93</ymin>
      <xmax>558.0</xmax>
      <ymax>862.8</ymax>
    </bndbox>
  </object>
  <object>
    <name>WHITE</name>
    <occluded>0</occluded>
    <bndbox>
      <xmin>626.3</xmin>
      <ymin>326.7</ymin>
      <xmax>668.5</xmax>
      <ymax>374.0</ymax>
    </bndbox>
  </object>
  <object>
    <name>WHITE</name>
    <occluded>0</occluded>
    <bndbox>
      <xmin>310.44</xmin>
      <ymin>359.18</ymin>
      <xmax>336.4</xmax>
      <ymax>402.0</ymax>
    </bndbox>
  </object>
  <object>
    <name>WHITE</name>
    <occluded>0</occluded>
    <bndbox>
      <xmin>357.0</xmin>
      <ymin>311.89</ymin>
      <xmax>390.37</xmax>
      <ymax>354.7</ymax>
    </bndbox>
  </object>
  <object>
    <name>WHITE</name>
    <occluded>0</occluded>
    <bndbox>
      <xmin>390.13</xmin>
      <ymin>366.6</ymin>
      <xmax>431.87</xmax>
      <ymax>415.3</ymax>
    </bndbox>
  </object>
  <object>
    <name>WHITE</name>
    <occluded>0</occluded>
    <bndbox>
      <xmin>428.58</xmin>
      <ymin>432.1</ymin>
      <xmax>473.5</xmax>
      <ymax>480.1</ymax>
    </bndbox>
  </object>
  <object>
    <name>WHITE</name>
    <occluded>0</occluded>
    <bndbox>
      <xmin>462.68</xmin>
      <ymin>351.0</ymin>
      <xmax>507.6</xmax>
      <ymax>395.54</ymax>
    </bndbox>
  </object>
  <object>
    <name>WHITE</name>
    <occluded>0</occluded>
    <bndbox>
      <xmin>505.22</xmin>
      <ymin>269.64</ymin>
      <xmax>551.4</xmax>
      <ymax>318.3</ymax>
    </bndbox>
  </object>
  <object>
    <name>WHITE</name>
    <occluded>0</occluded>
    <bndbox>
      <xmin>550.36</xmin>
      <ymin>209.8</ymin>
      <xmax>597.6</xmax>
      <ymax>254.5</ymax>
    </bndbox>
  </object>
  <object>
    <name>WHITE</name>
    <occluded>0</occluded>
    <bndbox>
      <xmin>605.79</xmin>
      <ymin>159.09</ymin>
      <xmax>651.8</xmax>
      <ymax>192.2</ymax>
    </bndbox>
  </object>
  <object>
    <name>WHITE</name>
    <occluded>0</occluded>
    <bndbox>
      <xmin>420.41</xmin>
      <ymin>740.56</ymin>
      <xmax>456.3</xmax>
      <ymax>773.3</ymax>
    </bndbox>
  </object>
  <object>
    <name>WHITE</name>
    <occluded>0</occluded>
    <bndbox>
      <xmin>413.7</xmin>
      <ymin>696.7</ymin>
      <xmax>451.94</xmax>
      <ymax>733.05</ymax>
    </bndbox>
  </object>
  <object>
    <name>WHITE</name>
    <occluded>0</occluded>
    <bndbox>
      <xmin>430.17</xmin>
      <ymin>643.05</ymin>
      <xmax>469.3</xmax>
      <ymax>686.7</ymax>
    </bndbox>
  </object>
  <object>
    <name>WHITE</name>
    <occluded>0</occluded>
    <bndbox>
      <xmin>443.5</xmin>
      <ymin>579.0</ymin>
      <xmax>491.1</xmax>
      <ymax>620.3</ymax>
    </bndbox>
  </object>
  <object>
    <name>WHITE</name>
    <occluded>0</occluded>
    <bndbox>
      <xmin>476.85</xmin>
      <ymin>501.55</ymin>
      <xmax>521.2</xmax>
      <ymax>547.1</ymax>
    </bndbox>
  </object>
  <object>
    <name>WHITE</name>
    <occluded>0</occluded>
    <bndbox>
      <xmin>505.27</xmin>
      <ymin>416.51</ymin>
      <xmax>552.7</xmax>
      <ymax>465.3</ymax>
    </bndbox>
  </object>
  <object>
    <name>WHITE</name>
    <occluded>0</occluded>
    <bndbox>
      <xmin>542.4</xmin>
      <ymin>333.1</ymin>
      <xmax>590.5</xmax>
      <ymax>382.4</ymax>
    </bndbox>
  </object>
  <object>
    <name>WHITE</name>
    <occluded>0</occluded>
    <bndbox>
      <xmin>587.54</xmin>
      <ymin>255.58</ymin>
      <xmax>633.5</xmax>
      <ymax>302.5</ymax>
    </bndbox>
  </object>
  <object>
    <name>WHITE</name>
    <occluded>0</occluded>
    <bndbox>
      <xmin>673.85</xmin>
      <ymin>263.14</ymin>
      <xmax>716.8</xmax>
      <ymax>304.86</ymax>
    </bndbox>
  </object>
  <object>
    <name>WHITE</name>
    <occluded>0</occluded>
    <bndbox>
      <xmin>589.6</xmin>
      <ymin>404.5</ymin>
      <xmax>637.7</xmax>
      <ymax>452.57</ymax>
    </bndbox>
  </object>
  <object>
    <name>WHITE</name>
    <occluded>0</occluded>
    <bndbox>
      <xmin>563.96</xmin>
      <ymin>488.78</ymin>
      <xmax>610.5</xmax>
      <ymax>535.3</ymax>
    </bndbox>
  </object>
  <object>
    <name>WHITE</name>
    <occluded>0</occluded>
    <bndbox>
      <xmin>525.6</xmin>
      <ymin>569.3</ymin>
      <xmax>571.3</xmax>
      <ymax>614.3</ymax>
    </bndbox>
  </object>
  <object>
    <name>WHITE</name>
    <occluded>0</occluded>
    <bndbox>
      <xmin>480.5</xmin>
      <ymin>702.66</ymin>
      <xmax>523.0</xmax>
      <ymax>737.1</ymax>
    </bndbox>
  </object>
  <object>
    <name>WHITE</name>
    <occluded>0</occluded>
    <bndbox>
      <xmin>478.08</xmin>
      <ymin>744.81</ymin>
      <xmax>517.9</xmax>
      <ymax>777.0</ymax>
    </bndbox>
  </object>
  <object>
    <name>WHITE</name>
    <occluded>0</occluded>
    <bndbox>
      <xmin>462.81</xmin>
      <ymin>783.09</ymin>
      <xmax>502.8</xmax>
      <ymax>817.7</ymax>
    </bndbox>
  </object>
  <object>
    <name>WHITE</name>
    <occluded>0</occluded>
    <bndbox>
      <xmin>746.03</xmin>
      <ymin>370.97</ymin>
      <xmax>782.5</xmax>
      <ymax>413.03</ymax>
    </bndbox>
  </object>
  <object>
    <name>WHITE</name>
    <occluded>0</occluded>
    <bndbox>
      <xmin>318.35</xmin>
      <ymin>441.6</ymin>
      <xmax>344.55</xmax>
      <ymax>487.26</ymax>
    </bndbox>
  </object>
  <object>
    <name>WHITE</name>
    <occluded>0</occluded>
    <bndbox>
      <xmin>414.17</xmin>
      <ymin>177.36</ymin>
      <xmax>449.35</xmax>
      <ymax>205.81</ymax>
    </bndbox>
  </object>
  <object>
    <name>WHITE</name>
    <occluded>0</occluded>
    <bndbox>
      <xmin>661.94</xmin>
      <ymin>148.92</ymin>
      <xmax>698.62</xmax>
      <ymax>177.36</ymax>
    </bndbox>
  </object>
  <object>
    <name>WHITE</name>
    <occluded>0</occluded>
    <bndbox>
      <xmin>330.34</xmin>
      <ymin>284.96</ymin>
      <xmax>361.27</xmax>
      <ymax>327.07</ymax>
    </bndbox>
  </object>
  <object>
    <name>WHITE</name>
    <occluded>0</occluded>
    <bndbox>
      <xmin>568.69</xmin>
      <ymin>135.77</ymin>
      <xmax>610.79</xmax>
      <ymax>160.73</ymax>
    </bndbox>
  </object>
  <object>
    <name>WHITE</name>
    <occluded>0</occluded>
    <bndbox>
      <xmin>393.76</xmin>
      <ymin>237.14</ymin>
      <xmax>431.71</xmax>
      <ymax>277.17</ymax>
    </bndbox>
  </object>
  <object>
    <name>WHITE</name>
    <occluded>0</occluded>
    <bndbox>
      <xmin>440.29</xmin>
      <ymin>182.56</ymin>
      <xmax>480.57</xmax>
      <ymax>218.17</ymax>
    </bndbox>
  </object>
  <object>
    <name>WHITE</name>
    <occluded>0</occluded>
    <bndbox>
      <xmin>515.66</xmin>
      <ymin>169.56</ymin>
      <xmax>560.89</xmax>
      <ymax>207.25</ymax>
    </bndbox>
  </object>
  <object>
    <name>BLACK</name>
    <occluded>0</occluded>
    <bndbox>
      <xmin>337.88</xmin>
      <ymin>383.73</ymin>
      <xmax>371.44</xmax>
      <ymax>431.82</ymax>
    </bndbox>
  </object>
  <object>
    <name>WHITE</name>
    <occluded>0</occluded>
    <bndbox>
      <xmin>767.44</xmin>
      <ymin>209.73</ymin>
      <xmax>793.64</xmax>
      <ymax>248.06</ymax>
    </bndbox>
  </object>
  <object>
    <name>WHITE</name>
    <occluded>0</occluded>
    <bndbox>
      <xmin>710.04</xmin>
      <ymin>181.35</ymin>
      <xmax>738.41</xmax>
      <ymax>220.99</ymax>
    </bndbox>
  </object>
  <object>
    <name>WHITE</name>
    <occluded>0</occluded>
    <bndbox>
      <xmin>725.63</xmin>
      <ymin>225.75</ymin>
      <xmax>759.86</xmax>
      <ymax>266.04</ymax>
    </bndbox>
  </object>
  <object>
    <name>WHITE</name>
    <occluded>0</occluded>
    <bndbox>
      <xmin>788.32</xmin>
      <ymin>269.23</ymin>
      <xmax>819.2</xmax>
      <ymax>310.4</ymax>
    </bndbox>
  </object>
  <object>
    <name>WHITE</name>
    <occluded>0</occluded>
    <bndbox>
      <xmin>842.46</xmin>
      <ymin>397.56</ymin>
      <xmax>866.27</xmax>
      <ymax>438.43</ymax>
    </bndbox>
  </object>
  <object>
    <name>WHITE</name>
    <occluded>0</occluded>
    <bndbox>
      <xmin>364.1</xmin>
      <ymin>447.86</ymin>
      <xmax>403.67</xmax>
      <ymax>490.98</ymax>
    </bndbox>
  </object>
  <object>
    <name>WHITE</name>
    <occluded>0</occluded>
    <bndbox>
      <xmin>839.19</xmin>
      <ymin>477.51</ymin>
      <xmax>864.14</xmax>
      <ymax>521.18</ymax>
    </bndbox>
  </object>
  <object>
    <name>WHITE</name>
    <occluded>0</occluded>
    <bndbox>
      <xmin>770.57</xmin>
      <ymin>503.71</ymin>
      <xmax>810.18</xmax>
      <ymax>546.13</ymax>
    </bndbox>
  </object>
  <object>
    <name>WHITE</name>
    <occluded>0</occluded>
    <bndbox>
      <xmin>815.79</xmin>
      <ymin>558.61</ymin>
      <xmax>840.75</xmax>
      <ymax>602.58</ymax>
    </bndbox>
  </object>
  <object>
    <name>WHITE</name>
    <occluded>0</occluded>
    <bndbox>
      <xmin>807.07</xmin>
      <ymin>679.93</ymin>
      <xmax>834.92</xmax>
      <ymax>720.35</ymax>
    </bndbox>
  </object>
  <object>
    <name>WHITE</name>
    <occluded>0</occluded>
    <bndbox>
      <xmin>792.25</xmin>
      <ymin>636.81</ymin>
      <xmax>819.65</xmax>
      <ymax>671.84</ymax>
    </bndbox>
  </object>
  <object>
    <name>WHITE</name>
    <occluded>0</occluded>
    <bndbox>
      <xmin>352.1</xmin>
      <ymin>511.05</ymin>
      <xmax>379.95</xmax>
      <ymax>551.92</ymax>
    </bndbox>
  </object>
  <object>
    <name>WHITE</name>
    <occluded>0</occluded>
    <bndbox>
      <xmin>403.76</xmin>
      <ymin>508.81</ymin>
      <xmax>443.73</xmax>
      <ymax>551.92</ymax>
    </bndbox>
  </object>
  <object>
    <name>WHITE</name>
    <occluded>0</occluded>
    <bndbox>
      <xmin>385.34</xmin>
      <ymin>582.02</ymin>
      <xmax>422.17</xmax>
      <ymax>622.89</ymax>
    </bndbox>
  </object>
  <object>
    <name>WHITE</name>
    <occluded>0</occluded>
    <bndbox>
      <xmin>718.15</xmin>
      <ymin>662.86</ymin>
      <xmax>761.71</xmax>
      <ymax>697.44</ymax>
    </bndbox>
  </object>
  <object>
    <name>WHITE</name>
    <occluded>0</occluded>
    <bndbox>
      <xmin>546.13</xmin>
      <ymin>744.15</ymin>
      <xmax>590.59</xmax>
      <ymax>780.08</ymax>
    </bndbox>
  </object>
  <object>
    <name>WHITE</name>
    <occluded>0</occluded>
    <bndbox>
      <xmin>323.81</xmin>
      <ymin>687.56</ymin>
      <xmax>346.72</xmax>
      <ymax>728.88</ymax>
    </bndbox>
  </object>
  <object>
    <name>WHITE</name>
    <occluded>0</occluded>
    <bndbox>
      <xmin>357.94</xmin>
      <ymin>745.95</ymin>
      <xmax>384.9</xmax>
      <ymax>783.7</ymax>
    </bndbox>
  </object>
  <object>
    <name>WHITE</name>
    <occluded>0</occluded>
    <bndbox>
      <xmin>388.49</xmin>
      <ymin>635.46</ymin>
      <xmax>418.58</xmax>
      <ymax>679.48</ymax>
    </bndbox>
  </object>
  <object>
    <name>WHITE</name>
    <occluded>0</occluded>
    <bndbox>
      <xmin>401.51</xmin>
      <ymin>802.09</ymin>
      <xmax>433.85</xmax>
      <ymax>838.47</ymax>
    </bndbox>
  </object>
  <object>
    <name>WHITE</name>
    <occluded>0</occluded>
    <bndbox>
      <xmin>407.8</xmin>
      <ymin>767.96</ymin>
      <xmax>441.93</xmax>
      <ymax>802.09</ymax>
    </bndbox>
  </object>
  <object>
    <name>WHITE</name>
    <occluded>0</occluded>
    <bndbox>
      <xmin>455.85</xmin>
      <ymin>820.95</ymin>
      <xmax>494.48</xmax>
      <ymax>858.23</ymax>
    </bndbox>
  </object>
  <object>
    <name>WHITE</name>
    <occluded>0</occluded>
    <bndbox>
      <xmin>525.92</xmin>
      <ymin>789.96</ymin>
      <xmax>568.1</xmax>
      <ymax>827.69</ymax>
    </bndbox>
  </object>
</annotation>
