<annotation>
  <folder>MH</folder>
  <filename>MH_camera2.png</filename>
  <source>
    <database>Unknown</database>
    <annotation>Unknown</annotation>
    <image>Unknown</image>
  </source>
  <size>
    <width>960</width>
    <height>1280</height>
    <depth></depth>
  </size>
  <segmented>0</segmented>
  <object>
    <name>WHITE</name>
    <occluded>0</occluded>
    <bndbox>
      <xmin>685.58</xmin>
      <ymin>798.78</ymin>
      <xmax>719.31</xmax>
      <ymax>839.53</ymax>
    </bndbox>
  </object>
  <object>
    <name>WHITE</name>
    <occluded>0</occluded>
    <bndbox>
      <xmin>238.15</xmin>
      <ymin>758.02</ymin>
      <xmax>263.94</xmax>
      <ymax>800.02</ymax>
    </bndbox>
  </object>
  <object>
    <name>WHITE</name>
    <occluded>0</occluded>
    <bndbox>
      <xmin>658.93</xmin>
      <ymin>621.3</ymin>
      <xmax>698.9</xmax>
      <ymax>670.9</ymax>
    </bndbox>
  </object>
  <object>
    <name>WHITE</name>
    <occluded>0</occluded>
    <bndbox>
      <xmin>612.3</xmin>
      <ymin>816.1</ymin>
      <xmax>655.3</xmax>
      <ymax>853.7</ymax>
    </bndbox>
  </object>
  <object>
    <name>BLACK</name>
    <occluded>0</occluded>
    <bndbox>
      <xmin>682.84</xmin>
      <ymin>567.09</ymin>
      <xmax>718.8</xmax>
      <ymax>615.7</ymax>
    </bndbox>
  </object>
  <object>
    <name>WHITE</name>
    <occluded>0</occluded>
    <bndbox>
      <xmin>610.02</xmin>
      <ymin>686.5</ymin>
      <xmax>655.6</xmax>
      <ymax>733.1</ymax>
    </bndbox>
  </object>
  <object>
    <name>WHITE</name>
    <occluded>0</occluded>
    <bndbox>
      <xmin>562.9</xmin>
      <ymin>759.26</ymin>
      <xmax>610.92</xmax>
      <ymax>798.8</ymax>
    </bndbox>
  </object>
  <object>
    <name>BLACK</name>
    <occluded>0</occluded>
    <bndbox>
      <xmin>449.4</xmin>
      <ymin>882.5</ymin>
      <xmax>497.2</xmax>
      <ymax>915.2</ymax>
    </bndbox>
  </object>
  <object>
    <name>WHITE</name>
    <occluded>0</occluded>
    <bndbox>
      <xmin>661.45</xmin>
      <ymin>497.09</ymin>
      <xmax>696.2</xmax>
      <ymax>540.91</ymax>
    </bndbox>
  </object>
  <object>
    <name>WHITE</name>
    <occluded>0</occluded>
    <bndbox>
      <xmin>508.5</xmin>
      <ymin>689.5</ymin>
      <xmax>557.7</xmax>
      <ymax>736.7</ymax>
    </bndbox>
  </object>
  <object>
    <name>WHITE</name>
    <occluded>0</occluded>
    <bndbox>
      <xmin>445.92</xmin>
      <ymin>755.84</ymin>
      <xmax>497.8</xmax>
      <ymax>802.9</ymax>
    </bndbox>
  </object>
  <object>
    <name>WHITE</name>
    <occluded>0</occluded>
    <bndbox>
      <xmin>619.2</xmin>
      <ymin>419.43</ymin>
      <xmax>659.4</xmax>
      <ymax>462.57</ymax>
    </bndbox>
  </object>
  <object>
    <name>WHITE</name>
    <occluded>0</occluded>
    <bndbox>
      <xmin>399.0</xmin>
      <ymin>682.6</ymin>
      <xmax>447.2</xmax>
      <ymax>728.5</ymax>
    </bndbox>
  </object>
  <object>
    <name>WHITE</name>
    <occluded>0</occluded>
    <bndbox>
      <xmin>467.08</xmin>
      <ymin>468.08</ymin>
      <xmax>514.1</xmax>
      <ymax>513.7</ymax>
    </bndbox>
  </object>
  <object>
    <name>WHITE</name>
    <occluded>0</occluded>
    <bndbox>
      <xmin>297.5</xmin>
      <ymin>662.3</ymin>
      <xmax>336.2</xmax>
      <ymax>711.0</ymax>
    </bndbox>
  </object>
  <object>
    <name>WHITE</name>
    <occluded>0</occluded>
    <bndbox>
      <xmin>261.95</xmin>
      <ymin>716.57</ymin>
      <xmax>292.5</xmax>
      <ymax>763.4</ymax>
    </bndbox>
  </object>
  <object>
    <name>WHITE</name>
    <occluded>0</occluded>
    <bndbox>
      <xmin>533.67</xmin>
      <ymin>305.41</ymin>
      <xmax>579.8</xmax>
      <ymax>339.6</ymax>
    </bndbox>
  </object>
  <object>
    <name>BLACK</name>
    <occluded>0</occluded>
    <bndbox>
      <xmin>488.52</xmin>
      <ymin>269.51</ymin>
      <xmax>540.5</xmax>
      <ymax>295.0</ymax>
    </bndbox>
  </object>
  <object>
    <name>BLACK</name>
    <occluded>0</occluded>
    <bndbox>
      <xmin>263.3</xmin>
      <ymin>920.32</ymin>
      <xmax>300.5</xmax>
      <ymax>959.5</ymax>
    </bndbox>
  </object>
  <object>
    <name>WHITE</name>
    <occluded>0</occluded>
    <bndbox>
      <xmin>198.08</xmin>
      <ymin>615.73</ymin>
      <xmax>218.03</xmax>
      <ymax>659.62</ymax>
    </bndbox>
  </object>
  <object>
    <name>WHITE</name>
    <occluded>0</occluded>
    <bndbox>
      <xmin>207.13</xmin>
      <ymin>802.02</ymin>
      <xmax>232.96</xmax>
      <ymax>845.27</ymax>
    </bndbox>
  </object>
  <object>
    <name>WHITE</name>
    <occluded>0</occluded>
    <bndbox>
      <xmin>693.58</xmin>
      <ymin>900.29</ymin>
      <xmax>719.36</xmax>
      <ymax>939.27</ymax>
    </bndbox>
  </object>
  <object>
    <name>WHITE</name>
    <occluded>0</occluded>
    <bndbox>
      <xmin>220.31</xmin>
      <ymin>573.3</ymin>
      <xmax>240.09</xmax>
      <ymax>622.17</ymax>
    </bndbox>
  </object>
  <object>
    <name>WHITE</name>
    <occluded>0</occluded>
    <bndbox>
      <xmin>208.18</xmin>
      <ymin>467.6</ymin>
      <xmax>232.12</xmax>
      <ymax>512.31</ymax>
    </bndbox>
  </object>
  <object>
    <name>WHITE</name>
    <occluded>0</occluded>
    <bndbox>
      <xmin>242.56</xmin>
      <ymin>392.93</ymin>
      <xmax>274.84</xmax>
      <ymax>435.52</ymax>
    </bndbox>
  </object>
  <object>
    <name>WHITE</name>
    <occluded>0</occluded>
    <bndbox>
      <xmin>289.73</xmin>
      <ymin>333.73</ymin>
      <xmax>325.62</xmax>
      <ymax>370.31</ymax>
    </bndbox>
  </object>
  <object>
    <name>WHITE</name>
    <occluded>0</occluded>
    <bndbox>
      <xmin>353.99</xmin>
      <ymin>310.14</ymin>
      <xmax>395.41</xmax>
      <ymax>338.54</ymax>
    </bndbox>
  </object>
  <object>
    <name>WHITE</name>
    <occluded>0</occluded>
    <bndbox>
      <xmin>565.11</xmin>
      <ymin>273.98</ymin>
      <xmax>608.53</xmax>
      <ymax>297.43</ymax>
    </bndbox>
  </object>
  <object>
    <name>WHITE</name>
    <occluded>0</occluded>
    <bndbox>
      <xmin>677.65</xmin>
      <ymin>389.84</ymin>
      <xmax>707.11</xmax>
      <ymax>427.96</ymax>
    </bndbox>
  </object>
  <object>
    <name>WHITE</name>
    <occluded>0</occluded>
    <bndbox>
      <xmin>697.89</xmin>
      <ymin>361.3</ymin>
      <xmax>730.5</xmax>
      <ymax>398.8</ymax>
    </bndbox>
  </object>
  <object>
    <name>WHITE</name>
    <occluded>0</occluded>
    <bndbox>
      <xmin>700.55</xmin>
      <ymin>676.51</ymin>
      <xmax>733.03</xmax>
      <ymax>723.5</ymax>
    </bndbox>
  </object>
  <object>
    <name>WHITE</name>
    <occluded>0</occluded>
    <bndbox>
      <xmin>238.57</xmin>
      <ymin>642.41</ymin>
      <xmax>263.94</xmax>
      <ymax>687.74</ymax>
    </bndbox>
  </object>
  <object>
    <name>WHITE</name>
    <occluded>0</occluded>
    <bndbox>
      <xmin>231.5</xmin>
      <ymin>866.98</ymin>
      <xmax>254.37</xmax>
      <ymax>905.24</ymax>
    </bndbox>
  </object>
  <object>
    <name>WHITE</name>
    <occluded>0</occluded>
    <bndbox>
      <xmin>310.51</xmin>
      <ymin>952.23</ymin>
      <xmax>349.6</xmax>
      <ymax>990.9</ymax>
    </bndbox>
  </object>
  <object>
    <name>BLACK</name>
    <occluded>0</occluded>
    <bndbox>
      <xmin>647.36</xmin>
      <ymin>948.07</ymin>
      <xmax>683.54</xmax>
      <ymax>987.16</ymax>
    </bndbox>
  </object>
  <object>
    <name>WHITE</name>
    <occluded>0</occluded>
    <bndbox>
      <xmin>589.14</xmin>
      <ymin>973.85</ymin>
      <xmax>628.23</xmax>
      <ymax>1008.37</ymax>
    </bndbox>
  </object>
  <object>
    <name>BLACK</name>
    <occluded>0</occluded>
    <bndbox>
      <xmin>259.5</xmin>
      <ymin>541.0</ymin>
      <xmax>284.5</xmax>
      <ymax>577.0</ymax>
    </bndbox>
  </object>
  <object>
    <name>WHITE</name>
    <occluded>0</occluded>
    <bndbox>
      <xmin>501.5</xmin>
      <ymin>826.0</ymin>
      <xmax>544.5</xmax>
      <ymax>864.0</ymax>
    </bndbox>
  </object>
  <object>
    <name>WHITE</name>
    <occluded>0</occluded>
    <bndbox>
      <xmin>615.24</xmin>
      <ymin>555.39</ymin>
      <xmax>654.76</xmax>
      <ymax>600.61</ymax>
    </bndbox>
  </object>
  <object>
    <name>WHITE</name>
    <occluded>0</occluded>
    <bndbox>
      <xmin>560.53</xmin>
      <ymin>623.05</ymin>
      <xmax>605.47</xmax>
      <ymax>666.95</ymax>
    </bndbox>
  </object>
  <object>
    <name>WHITE</name>
    <occluded>0</occluded>
    <bndbox>
      <xmin>387.0</xmin>
      <ymin>817.5</ymin>
      <xmax>429.0</xmax>
      <ymax>856.5</ymax>
    </bndbox>
  </object>
  <object>
    <name>WHITE</name>
    <occluded>0</occluded>
    <bndbox>
      <xmin>566.5</xmin>
      <ymin>483.0</ymin>
      <xmax>609.5</xmax>
      <ymax>525.0</ymax>
    </bndbox>
  </object>
  <object>
    <name>WHITE</name>
    <occluded>0</occluded>
    <bndbox>
      <xmin>513.37</xmin>
      <ymin>540.37</ymin>
      <xmax>558.63</xmax>
      <ymax>585.63</ymax>
    </bndbox>
  </object>
  <object>
    <name>WHITE</name>
    <occluded>0</occluded>
    <bndbox>
      <xmin>450.31</xmin>
      <ymin>612.31</ymin>
      <xmax>495.69</xmax>
      <ymax>657.69</ymax>
    </bndbox>
  </object>
  <object>
    <name>WHITE</name>
    <occluded>0</occluded>
    <bndbox>
      <xmin>480.0</xmin>
      <ymin>357.5</ymin>
      <xmax>530.0</xmax>
      <ymax>392.5</ymax>
    </bndbox>
  </object>
  <object>
    <name>WHITE</name>
    <occluded>0</occluded>
    <bndbox>
      <xmin>525.0</xmin>
      <ymin>417.5</ymin>
      <xmax>573.0</xmax>
      <ymax>456.8</ymax>
    </bndbox>
  </object>
  <object>
    <name>WHITE</name>
    <occluded>0</occluded>
    <bndbox>
      <xmin>578.93</xmin>
      <ymin>357.72</ymin>
      <xmax>621.3</xmax>
      <ymax>391.1</ymax>
    </bndbox>
  </object>
  <object>
    <name>WHITE</name>
    <occluded>0</occluded>
    <bndbox>
      <xmin>293.22</xmin>
      <ymin>787.14</ymin>
      <xmax>334.0</xmax>
      <ymax>833.4</ymax>
    </bndbox>
  </object>
  <object>
    <name>WHITE</name>
    <occluded>0</occluded>
    <bndbox>
      <xmin>342.6</xmin>
      <ymin>740.09</ymin>
      <xmax>384.1</xmax>
      <ymax>783.91</ymax>
    </bndbox>
  </object>
  <object>
    <name>WHITE</name>
    <occluded>0</occluded>
    <bndbox>
      <xmin>285.31</xmin>
      <ymin>470.79</ymin>
      <xmax>328.69</xmax>
      <ymax>509.6</ymax>
    </bndbox>
  </object>
  <object>
    <name>WHITE</name>
    <occluded>0</occluded>
    <bndbox>
      <xmin>229.4</xmin>
      <ymin>499.46</ymin>
      <xmax>255.96</xmax>
      <ymax>548.2</ymax>
    </bndbox>
  </object>
  <object>
    <name>WHITE</name>
    <occluded>0</occluded>
    <bndbox>
      <xmin>334.6</xmin>
      <ymin>399.67</ymin>
      <xmax>376.05</xmax>
      <ymax>442.1</ymax>
    </bndbox>
  </object>
  <object>
    <name>WHITE</name>
    <occluded>0</occluded>
    <bndbox>
      <xmin>255.1</xmin>
      <ymin>425.52</ymin>
      <xmax>297.3</xmax>
      <ymax>469.8</ymax>
    </bndbox>
  </object>
  <object>
    <name>WHITE</name>
    <occluded>0</occluded>
    <bndbox>
      <xmin>390.7</xmin>
      <ymin>348.63</ymin>
      <xmax>437.99</xmax>
      <ymax>380.2</ymax>
    </bndbox>
  </object>
  <object>
    <name>WHITE</name>
    <occluded>0</occluded>
    <bndbox>
      <xmin>441.01</xmin>
      <ymin>303.01</ymin>
      <xmax>486.0</xmax>
      <ymax>333.0</ymax>
    </bndbox>
  </object>
  <object>
    <name>WHITE</name>
    <occluded>0</occluded>
    <bndbox>
      <xmin>704.13</xmin>
      <ymin>454.87</ymin>
      <xmax>732.8</xmax>
      <ymax>497.5</ymax>
    </bndbox>
  </object>
  <object>
    <name>WHITE</name>
    <occluded>0</occluded>
    <bndbox>
      <xmin>727.8</xmin>
      <ymin>533.5</ymin>
      <xmax>754.5</xmax>
      <ymax>581.5</ymax>
    </bndbox>
  </object>
  <object>
    <name>WHITE</name>
    <occluded>0</occluded>
    <bndbox>
      <xmin>657.31</xmin>
      <ymin>744.6</ymin>
      <xmax>698.6</xmax>
      <ymax>789.0</ymax>
    </bndbox>
  </object>
  <object>
    <name>WHITE</name>
    <occluded>0</occluded>
    <bndbox>
      <xmin>269.5</xmin>
      <ymin>595.0</ymin>
      <xmax>302.5</xmax>
      <ymax>639.0</ymax>
    </bndbox>
  </object>
  <object>
    <name>WHITE</name>
    <occluded>0</occluded>
    <bndbox>
      <xmin>316.57</xmin>
      <ymin>533.72</ymin>
      <xmax>361.43</xmax>
      <ymax>572.28</ymax>
    </bndbox>
  </object>
  <object>
    <name>WHITE</name>
    <occluded>0</occluded>
    <bndbox>
      <xmin>371.37</xmin>
      <ymin>467.55</ymin>
      <xmax>416.63</xmax>
      <ymax>506.45</ymax>
    </bndbox>
  </object>
  <object>
    <name>WHITE</name>
    <occluded>0</occluded>
    <bndbox>
      <xmin>426.69</xmin>
      <ymin>405.17</ymin>
      <xmax>471.31</xmax>
      <ymax>440.83</ymax>
    </bndbox>
  </object>
  <object>
    <name>WHITE</name>
    <occluded>0</occluded>
    <bndbox>
      <xmin>354.0</xmin>
      <ymin>604.5</ymin>
      <xmax>396.0</xmax>
      <ymax>649.5</ymax>
    </bndbox>
  </object>
  <object>
    <name>WHITE</name>
    <occluded>0</occluded>
    <bndbox>
      <xmin>412.12</xmin>
      <ymin>533.4</ymin>
      <xmax>457.88</xmax>
      <ymax>578.6</ymax>
    </bndbox>
  </object>
</annotation>
