<annotation>
  <folder>MK</folder>
  <filename>MK_camera8.png</filename>
  <source>
    <database>Unknown</database>
    <annotation>Unknown</annotation>
    <image>Unknown</image>
  </source>
  <size>
    <width>1280</width>
    <height>960</height>
    <depth></depth>
  </size>
  <segmented>0</segmented>
  <object>
    <name>WHITE</name>
    <occluded>0</occluded>
    <bndbox>
      <xmin>712.68</xmin>
      <ymin>120.54</ymin>
      <xmax>754.52</xmax>
      <ymax>144.71</ymax>
    </bndbox>
  </object>
  <object>
    <name>WHITE</name>
    <occluded>0</occluded>
    <bndbox>
      <xmin>957.0</xmin>
      <ymin>494.04</ymin>
      <xmax>990.79</xmax>
      <ymax>540.3</ymax>
    </bndbox>
  </object>
  <object>
    <name>BLACK</name>
    <occluded>0</occluded>
    <bndbox>
      <xmin>981.43</xmin>
      <ymin>548.62</ymin>
      <xmax>1007.42</xmax>
      <ymax>594.1</ymax>
    </bndbox>
  </object>
  <object>
    <name>WHITE</name>
    <occluded>0</occluded>
    <bndbox>
      <xmin>921.13</xmin>
      <ymin>342.51</ymin>
      <xmax>949.46</xmax>
      <ymax>386.95</ymax>
    </bndbox>
  </object>
  <object>
    <name>WHITE</name>
    <occluded>0</occluded>
    <bndbox>
      <xmin>882.92</xmin>
      <ymin>216.97</ymin>
      <xmax>918.01</xmax>
      <ymax>250.76</ymax>
    </bndbox>
  </object>
  <object>
    <name>WHITE</name>
    <occluded>0</occluded>
    <bndbox>
      <xmin>937.24</xmin>
      <ymin>272.07</ymin>
      <xmax>962.97</xmax>
      <ymax>313.7</ymax>
    </bndbox>
  </object>
  <object>
    <name>WHITE</name>
    <occluded>0</occluded>
    <bndbox>
      <xmin>624.31</xmin>
      <ymin>162.13</ymin>
      <xmax>671.87</xmax>
      <ymax>199.82</ymax>
    </bndbox>
  </object>
  <object>
    <name>BLACK</name>
    <occluded>0</occluded>
    <bndbox>
      <xmin>577.26</xmin>
      <ymin>130.42</ymin>
      <xmax>623.53</xmax>
      <ymax>164.47</ymax>
    </bndbox>
  </object>
  <object>
    <name>WHITE</name>
    <occluded>0</occluded>
    <bndbox>
      <xmin>638.34</xmin>
      <ymin>118.72</ymin>
      <xmax>685.91</xmax>
      <ymax>146.53</ymax>
    </bndbox>
  </object>
  <object>
    <name>WHITE</name>
    <occluded>0</occluded>
    <bndbox>
      <xmin>567.6</xmin>
      <ymin>104.95</ymin>
      <xmax>611.31</xmax>
      <ymax>126.26</ymax>
    </bndbox>
  </object>
  <object>
    <name>WHITE</name>
    <occluded>0</occluded>
    <bndbox>
      <xmin>509.4</xmin>
      <ymin>132.5</ymin>
      <xmax>552.31</xmax>
      <ymax>162.65</ymax>
    </bndbox>
  </object>
  <object>
    <name>WHITE</name>
    <occluded>0</occluded>
    <bndbox>
      <xmin>439.5</xmin>
      <ymin>150.69</ymin>
      <xmax>477.2</xmax>
      <ymax>180.3</ymax>
    </bndbox>
  </object>
  <object>
    <name>WHITE</name>
    <occluded>0</occluded>
    <bndbox>
      <xmin>369.22</xmin>
      <ymin>658.77</ymin>
      <xmax>410.54</xmax>
      <ymax>701.89</ymax>
    </bndbox>
  </object>
  <object>
    <name>WHITE</name>
    <occluded>0</occluded>
    <bndbox>
      <xmin>301.85</xmin>
      <ymin>353.36</ymin>
      <xmax>324.75</xmax>
      <ymax>399.17</ymax>
    </bndbox>
  </object>
  <object>
    <name>WHITE</name>
    <occluded>0</occluded>
    <bndbox>
      <xmin>304.77</xmin>
      <ymin>487.11</ymin>
      <xmax>330.22</xmax>
      <ymax>531.28</ymax>
    </bndbox>
  </object>
  <object>
    <name>WHITE</name>
    <occluded>0</occluded>
    <bndbox>
      <xmin>674.57</xmin>
      <ymin>215.12</ymin>
      <xmax>723.4</xmax>
      <ymax>258.1</ymax>
    </bndbox>
  </object>
  <object>
    <name>BLACK</name>
    <occluded>0</occluded>
    <bndbox>
      <xmin>477.84</xmin>
      <ymin>628.1</ymin>
      <xmax>531.2</xmax>
      <ymax>676.4</ymax>
    </bndbox>
  </object>
  <object>
    <name>WHITE</name>
    <occluded>0</occluded>
    <bndbox>
      <xmin>518.74</xmin>
      <ymin>562.62</ymin>
      <xmax>569.4</xmax>
      <ymax>612.2</ymax>
    </bndbox>
  </object>
  <object>
    <name>WHITE</name>
    <occluded>0</occluded>
    <bndbox>
      <xmin>733.21</xmin>
      <ymin>277.97</ymin>
      <xmax>777.3</xmax>
      <ymax>322.4</ymax>
    </bndbox>
  </object>
  <object>
    <name>WHITE</name>
    <occluded>0</occluded>
    <bndbox>
      <xmin>755.96</xmin>
      <ymin>213.13</ymin>
      <xmax>798.2</xmax>
      <ymax>253.2</ymax>
    </bndbox>
  </object>
  <object>
    <name>WHITE</name>
    <occluded>0</occluded>
    <bndbox>
      <xmin>773.87</xmin>
      <ymin>158.72</ymin>
      <xmax>816.1</xmax>
      <ymax>189.9</ymax>
    </bndbox>
  </object>
  <object>
    <name>WHITE</name>
    <occluded>0</occluded>
    <bndbox>
      <xmin>562.3</xmin>
      <ymin>628.52</ymin>
      <xmax>612.7</xmax>
      <ymax>677.4</ymax>
    </bndbox>
  </object>
  <object>
    <name>WHITE</name>
    <occluded>0</occluded>
    <bndbox>
      <xmin>598.74</xmin>
      <ymin>557.31</ymin>
      <xmax>650.5</xmax>
      <ymax>604.69</ymax>
    </bndbox>
  </object>
  <object>
    <name>WHITE</name>
    <occluded>0</occluded>
    <bndbox>
      <xmin>926.16</xmin>
      <ymin>431.28</ymin>
      <xmax>956.6</xmax>
      <ymax>477.5</ymax>
    </bndbox>
  </object>
  <object>
    <name>WHITE</name>
    <occluded>0</occluded>
    <bndbox>
      <xmin>394.0</xmin>
      <ymin>515.24</ymin>
      <xmax>433.64</xmax>
      <ymax>565.0</ymax>
    </bndbox>
  </object>
  <object>
    <name>WHITE</name>
    <occluded>0</occluded>
    <bndbox>
      <xmin>956.57</xmin>
      <ymin>658.46</ymin>
      <xmax>982.0</xmax>
      <ymax>706.6</ymax>
    </bndbox>
  </object>
  <object>
    <name>BLACK</name>
    <occluded>0</occluded>
    <bndbox>
      <xmin>891.95</xmin>
      <ymin>683.72</ymin>
      <xmax>931.3</xmax>
      <ymax>735.4</ymax>
    </bndbox>
  </object>
  <object>
    <name>WHITE</name>
    <occluded>0</occluded>
    <bndbox>
      <xmin>938.1</xmin>
      <ymin>622.07</ymin>
      <xmax>963.3</xmax>
      <ymax>669.5</ymax>
    </bndbox>
  </object>
  <object>
    <name>WHITE</name>
    <occluded>0</occluded>
    <bndbox>
      <xmin>828.77</xmin>
      <ymin>661.2</ymin>
      <xmax>875.17</xmax>
      <ymax>710.17</ymax>
    </bndbox>
  </object>
  <object>
    <name>WHITE</name>
    <occluded>0</occluded>
    <bndbox>
      <xmin>885.5</xmin>
      <ymin>595.0</ymin>
      <xmax>922.0</xmax>
      <ymax>642.4</ymax>
    </bndbox>
  </object>
  <object>
    <name>WHITE</name>
    <occluded>0</occluded>
    <bndbox>
      <xmin>913.94</xmin>
      <ymin>527.66</ymin>
      <xmax>951.3</xmax>
      <ymax>573.3</ymax>
    </bndbox>
  </object>
  <object>
    <name>WHITE</name>
    <occluded>0</occluded>
    <bndbox>
      <xmin>741.1</xmin>
      <ymin>637.07</ymin>
      <xmax>790.34</xmax>
      <ymax>686.0</ymax>
    </bndbox>
  </object>
  <object>
    <name>WHITE</name>
    <occluded>0</occluded>
    <bndbox>
      <xmin>812.7</xmin>
      <ymin>578.48</ymin>
      <xmax>859.6</xmax>
      <ymax>626.8</ymax>
    </bndbox>
  </object>
  <object>
    <name>WHITE</name>
    <occluded>0</occluded>
    <bndbox>
      <xmin>851.0</xmin>
      <ymin>495.72</ymin>
      <xmax>896.7</xmax>
      <ymax>545.9</ymax>
    </bndbox>
  </object>
  <object>
    <name>WHITE</name>
    <occluded>0</occluded>
    <bndbox>
      <xmin>873.6</xmin>
      <ymin>418.34</ymin>
      <xmax>911.2</xmax>
      <ymax>465.1</ymax>
    </bndbox>
  </object>
  <object>
    <name>WHITE</name>
    <occluded>0</occluded>
    <bndbox>
      <xmin>882.51</xmin>
      <ymin>275.92</ymin>
      <xmax>918.9</xmax>
      <ymax>318.2</ymax>
    </bndbox>
  </object>
  <object>
    <name>WHITE</name>
    <occluded>0</occluded>
    <bndbox>
      <xmin>853.38</xmin>
      <ymin>342.21</ymin>
      <xmax>890.5</xmax>
      <ymax>389.2</ymax>
    </bndbox>
  </object>
  <object>
    <name>BLACK</name>
    <occluded>0</occluded>
    <bndbox>
      <xmin>811.39</xmin>
      <ymin>410.24</ymin>
      <xmax>858.8</xmax>
      <ymax>458.9</ymax>
    </bndbox>
  </object>
  <object>
    <name>WHITE</name>
    <occluded>0</occluded>
    <bndbox>
      <xmin>784.9</xmin>
      <ymin>485.44</ymin>
      <xmax>830.8</xmax>
      <ymax>536.6</ymax>
    </bndbox>
  </object>
  <object>
    <name>WHITE</name>
    <occluded>0</occluded>
    <bndbox>
      <xmin>721.14</xmin>
      <ymin>557.34</ymin>
      <xmax>771.8</xmax>
      <ymax>607.2</ymax>
    </bndbox>
  </object>
  <object>
    <name>WHITE</name>
    <occluded>0</occluded>
    <bndbox>
      <xmin>658.1</xmin>
      <ymin>626.2</ymin>
      <xmax>708.48</xmax>
      <ymax>676.6</ymax>
    </bndbox>
  </object>
  <object>
    <name>WHITE</name>
    <occluded>0</occluded>
    <bndbox>
      <xmin>831.5</xmin>
      <ymin>170.0</ymin>
      <xmax>869.12</xmax>
      <ymax>196.34</ymax>
    </bndbox>
  </object>
  <object>
    <name>WHITE</name>
    <occluded>0</occluded>
    <bndbox>
      <xmin>827.56</xmin>
      <ymin>210.16</ymin>
      <xmax>866.9</xmax>
      <ymax>251.3</ymax>
    </bndbox>
  </object>
  <object>
    <name>WHITE</name>
    <occluded>0</occluded>
    <bndbox>
      <xmin>812.37</xmin>
      <ymin>271.71</ymin>
      <xmax>850.5</xmax>
      <ymax>314.9</ymax>
    </bndbox>
  </object>
  <object>
    <name>WHITE</name>
    <occluded>0</occluded>
    <bndbox>
      <xmin>784.69</xmin>
      <ymin>340.45</ymin>
      <xmax>826.7</xmax>
      <ymax>387.3</ymax>
    </bndbox>
  </object>
  <object>
    <name>WHITE</name>
    <occluded>0</occluded>
    <bndbox>
      <xmin>341.6</xmin>
      <ymin>276.96</ymin>
      <xmax>371.78</xmax>
      <ymax>315.7</ymax>
    </bndbox>
  </object>
  <object>
    <name>WHITE</name>
    <occluded>0</occluded>
    <bndbox>
      <xmin>389.3</xmin>
      <ymin>208.82</ymin>
      <xmax>425.78</xmax>
      <ymax>242.8</ymax>
    </bndbox>
  </object>
  <object>
    <name>WHITE</name>
    <occluded>0</occluded>
    <bndbox>
      <xmin>316.23</xmin>
      <ymin>405.3</ymin>
      <xmax>349.7</xmax>
      <ymax>449.88</ymax>
    </bndbox>
  </object>
  <object>
    <name>WHITE</name>
    <occluded>0</occluded>
    <bndbox>
      <xmin>356.5</xmin>
      <ymin>321.28</ymin>
      <xmax>392.87</xmax>
      <ymax>364.3</ymax>
    </bndbox>
  </object>
  <object>
    <name>WHITE</name>
    <occluded>0</occluded>
    <bndbox>
      <xmin>400.5</xmin>
      <ymin>250.35</ymin>
      <xmax>437.36</xmax>
      <ymax>289.6</ymax>
    </bndbox>
  </object>
  <object>
    <name>WHITE</name>
    <occluded>0</occluded>
    <bndbox>
      <xmin>454.9</xmin>
      <ymin>185.57</ymin>
      <xmax>492.75</xmax>
      <ymax>219.9</ymax>
    </bndbox>
  </object>
  <object>
    <name>BLACK</name>
    <occluded>0</occluded>
    <bndbox>
      <xmin>352.2</xmin>
      <ymin>458.68</ymin>
      <xmax>381.97</xmax>
      <ymax>509.9</ymax>
    </bndbox>
  </object>
  <object>
    <name>WHITE</name>
    <occluded>0</occluded>
    <bndbox>
      <xmin>388.42</xmin>
      <ymin>382.12</ymin>
      <xmax>424.42</xmax>
      <ymax>424.12</ymax>
    </bndbox>
  </object>
  <object>
    <name>WHITE</name>
    <occluded>0</occluded>
    <bndbox>
      <xmin>424.1</xmin>
      <ymin>301.64</ymin>
      <xmax>472.27</xmax>
      <ymax>342.9</ymax>
    </bndbox>
  </object>
  <object>
    <name>WHITE</name>
    <occluded>0</occluded>
    <bndbox>
      <xmin>534.6</xmin>
      <ymin>171.53</ymin>
      <xmax>580.71</xmax>
      <ymax>206.4</ymax>
    </bndbox>
  </object>
  <object>
    <name>WHITE</name>
    <occluded>0</occluded>
    <bndbox>
      <xmin>381.66</xmin>
      <ymin>599.23</ymin>
      <xmax>420.5</xmax>
      <ymax>644.77</ymax>
    </bndbox>
  </object>
  <object>
    <name>WHITE</name>
    <occluded>0</occluded>
    <bndbox>
      <xmin>425.64</xmin>
      <ymin>429.64</ymin>
      <xmax>471.9</xmax>
      <ymax>479.8</ymax>
    </bndbox>
  </object>
  <object>
    <name>WHITE</name>
    <occluded>0</occluded>
    <bndbox>
      <xmin>463.4</xmin>
      <ymin>356.86</ymin>
      <xmax>509.52</xmax>
      <ymax>400.7</ymax>
    </bndbox>
  </object>
  <object>
    <name>WHITE</name>
    <occluded>0</occluded>
    <bndbox>
      <xmin>514.18</xmin>
      <ymin>290.4</ymin>
      <xmax>559.7</xmax>
      <ymax>329.4</ymax>
    </bndbox>
  </object>
  <object>
    <name>WHITE</name>
    <occluded>0</occluded>
    <bndbox>
      <xmin>572.42</xmin>
      <ymin>217.94</ymin>
      <xmax>620.1</xmax>
      <ymax>256.3</ymax>
    </bndbox>
  </object>
  <object>
    <name>WHITE</name>
    <occluded>0</occluded>
    <bndbox>
      <xmin>414.32</xmin>
      <ymin>648.76</ymin>
      <xmax>453.32</xmax>
      <ymax>695.76</ymax>
    </bndbox>
  </object>
  <object>
    <name>WHITE</name>
    <occluded>0</occluded>
    <bndbox>
      <xmin>444.28</xmin>
      <ymin>571.0</ymin>
      <xmax>484.0</xmax>
      <ymax>617.52</ymax>
    </bndbox>
  </object>
  <object>
    <name>WHITE</name>
    <occluded>0</occluded>
    <bndbox>
      <xmin>495.0</xmin>
      <ymin>419.76</ymin>
      <xmax>544.24</xmax>
      <ymax>468.4</ymax>
    </bndbox>
  </object>
  <object>
    <name>WHITE</name>
    <occluded>0</occluded>
    <bndbox>
      <xmin>543.22</xmin>
      <ymin>346.22</ymin>
      <xmax>589.74</xmax>
      <ymax>389.4</ymax>
    </bndbox>
  </object>
  <object>
    <name>WHITE</name>
    <occluded>0</occluded>
    <bndbox>
      <xmin>611.5</xmin>
      <ymin>284.5</ymin>
      <xmax>660.1</xmax>
      <ymax>328.2</ymax>
    </bndbox>
  </object>
  <object>
    <name>WHITE</name>
    <occluded>0</occluded>
    <bndbox>
      <xmin>338.84</xmin>
      <ymin>538.81</ymin>
      <xmax>369.16</xmax>
      <ymax>583.19</ymax>
    </bndbox>
  </object>
  <object>
    <name>WHITE</name>
    <occluded>0</occluded>
    <bndbox>
      <xmin>472.86</xmin>
      <ymin>236.35</ymin>
      <xmax>517.14</xmax>
      <ymax>267.65</ymax>
    </bndbox>
  </object>
  <object>
    <name>WHITE</name>
    <occluded>0</occluded>
    <bndbox>
      <xmin>458.87</xmin>
      <ymin>494.24</ymin>
      <xmax>501.13</xmax>
      <ymax>541.76</ymax>
    </bndbox>
  </object>
  <object>
    <name>WHITE</name>
    <occluded>0</occluded>
    <bndbox>
      <xmin>716.33</xmin>
      <ymin>152.86</ymin>
      <xmax>741.67</xmax>
      <ymax>195.14</ymax>
    </bndbox>
  </object>
  <object>
    <name>WHITE</name>
    <occluded>0</occluded>
    <bndbox>
      <xmin>531.0</xmin>
      <ymin>486.5</ymin>
      <xmax>577.0</xmax>
      <ymax>533.5</ymax>
    </bndbox>
  </object>
</annotation>
