<annotation>
  <folder>MK</folder>
  <filename>MK_camera5.png</filename>
  <source>
    <database>Unknown</database>
    <annotation>Unknown</annotation>
    <image>Unknown</image>
  </source>
  <size>
    <width>1280</width>
    <height>960</height>
    <depth></depth>
  </size>
  <segmented>0</segmented>
  <object>
    <name>WHITE</name>
    <occluded>0</occluded>
    <bndbox>
      <xmin>577.05</xmin>
      <ymin>812.92</ymin>
      <xmax>617.55</xmax>
      <ymax>844.98</ymax>
    </bndbox>
  </object>
  <object>
    <name>WHITE</name>
    <occluded>0</occluded>
    <bndbox>
      <xmin>445.79</xmin>
      <ymin>277.12</ymin>
      <xmax>488.21</xmax>
      <ymax>318.62</ymax>
    </bndbox>
  </object>
  <object>
    <name>WHITE</name>
    <occluded>0</occluded>
    <bndbox>
      <xmin>469.1</xmin>
      <ymin>178.55</ymin>
      <xmax>511.67</xmax>
      <ymax>212.8</ymax>
    </bndbox>
  </object>
  <object>
    <name>WHITE</name>
    <occluded>0</occluded>
    <bndbox>
      <xmin>502.79</xmin>
      <ymin>213.99</ymin>
      <xmax>547.2</xmax>
      <ymax>255.4</ymax>
    </bndbox>
  </object>
  <object>
    <name>WHITE</name>
    <occluded>0</occluded>
    <bndbox>
      <xmin>331.5</xmin>
      <ymin>334.42</ymin>
      <xmax>361.25</xmax>
      <ymax>378.1</ymax>
    </bndbox>
  </object>
  <object>
    <name>WHITE</name>
    <occluded>0</occluded>
    <bndbox>
      <xmin>422.1</xmin>
      <ymin>226.65</ymin>
      <xmax>459.75</xmax>
      <ymax>265.1</ymax>
    </bndbox>
  </object>
  <object>
    <name>WHITE</name>
    <occluded>0</occluded>
    <bndbox>
      <xmin>603.63</xmin>
      <ymin>143.13</ymin>
      <xmax>648.9</xmax>
      <ymax>170.6</ymax>
    </bndbox>
  </object>
  <object>
    <name>WHITE</name>
    <occluded>0</occluded>
    <bndbox>
      <xmin>528.5</xmin>
      <ymin>285.5</ymin>
      <xmax>573.4</xmax>
      <ymax>328.6</ymax>
    </bndbox>
  </object>
  <object>
    <name>WHITE</name>
    <occluded>0</occluded>
    <bndbox>
      <xmin>467.91</xmin>
      <ymin>343.87</ymin>
      <xmax>515.2</xmax>
      <ymax>391.1</ymax>
    </bndbox>
  </object>
  <object>
    <name>WHITE</name>
    <occluded>0</occluded>
    <bndbox>
      <xmin>418.89</xmin>
      <ymin>408.32</ymin>
      <xmax>461.4</xmax>
      <ymax>456.7</ymax>
    </bndbox>
  </object>
  <object>
    <name>BLACK</name>
    <occluded>0</occluded>
    <bndbox>
      <xmin>407.11</xmin>
      <ymin>338.08</ymin>
      <xmax>442.89</xmax>
      <ymax>386.2</ymax>
    </bndbox>
  </object>
  <object>
    <name>WHITE</name>
    <occluded>0</occluded>
    <bndbox>
      <xmin>363.75</xmin>
      <ymin>379.6</ymin>
      <xmax>392.2</xmax>
      <ymax>427.38</ymax>
    </bndbox>
  </object>
  <object>
    <name>WHITE</name>
    <occluded>0</occluded>
    <bndbox>
      <xmin>558.02</xmin>
      <ymin>171.5</ymin>
      <xmax>600.4</xmax>
      <ymax>203.9</ymax>
    </bndbox>
  </object>
  <object>
    <name>WHITE</name>
    <occluded>0</occluded>
    <bndbox>
      <xmin>407.36</xmin>
      <ymin>549.99</ymin>
      <xmax>448.3</xmax>
      <ymax>596.1</ymax>
    </bndbox>
  </object>
  <object>
    <name>WHITE</name>
    <occluded>0</occluded>
    <bndbox>
      <xmin>456.26</xmin>
      <ymin>490.3</ymin>
      <xmax>497.5</xmax>
      <ymax>537.21</ymax>
    </bndbox>
  </object>
  <object>
    <name>WHITE</name>
    <occluded>0</occluded>
    <bndbox>
      <xmin>501.03</xmin>
      <ymin>422.2</ymin>
      <xmax>549.3</xmax>
      <ymax>471.06</ymax>
    </bndbox>
  </object>
  <object>
    <name>WHITE</name>
    <occluded>0</occluded>
    <bndbox>
      <xmin>554.51</xmin>
      <ymin>350.63</ymin>
      <xmax>605.6</xmax>
      <ymax>402.2</ymax>
    </bndbox>
  </object>
  <object>
    <name>WHITE</name>
    <occluded>0</occluded>
    <bndbox>
      <xmin>613.75</xmin>
      <ymin>292.88</ymin>
      <xmax>661.5</xmax>
      <ymax>336.4</ymax>
    </bndbox>
  </object>
  <object>
    <name>WHITE</name>
    <occluded>0</occluded>
    <bndbox>
      <xmin>665.69</xmin>
      <ymin>244.71</ymin>
      <xmax>712.2</xmax>
      <ymax>289.4</ymax>
    </bndbox>
  </object>
  <object>
    <name>WHITE</name>
    <occluded>0</occluded>
    <bndbox>
      <xmin>426.5</xmin>
      <ymin>666.6</ymin>
      <xmax>467.8</xmax>
      <ymax>701.27</ymax>
    </bndbox>
  </object>
  <object>
    <name>WHITE</name>
    <occluded>0</occluded>
    <bndbox>
      <xmin>484.8</xmin>
      <ymin>575.98</ymin>
      <xmax>530.0</xmax>
      <ymax>618.02</ymax>
    </bndbox>
  </object>
  <object>
    <name>WHITE</name>
    <occluded>0</occluded>
    <bndbox>
      <xmin>540.02</xmin>
      <ymin>506.37</ymin>
      <xmax>587.0</xmax>
      <ymax>551.4</ymax>
    </bndbox>
  </object>
  <object>
    <name>WHITE</name>
    <occluded>0</occluded>
    <bndbox>
      <xmin>587.69</xmin>
      <ymin>436.73</ymin>
      <xmax>635.6</xmax>
      <ymax>482.1</ymax>
    </bndbox>
  </object>
  <object>
    <name>WHITE</name>
    <occluded>0</occluded>
    <bndbox>
      <xmin>638.88</xmin>
      <ymin>366.93</ymin>
      <xmax>684.6</xmax>
      <ymax>413.4</ymax>
    </bndbox>
  </object>
  <object>
    <name>WHITE</name>
    <occluded>0</occluded>
    <bndbox>
      <xmin>695.7</xmin>
      <ymin>307.12</ymin>
      <xmax>737.71</xmax>
      <ymax>351.1</ymax>
    </bndbox>
  </object>
  <object>
    <name>WHITE</name>
    <occluded>0</occluded>
    <bndbox>
      <xmin>772.29</xmin>
      <ymin>325.93</ymin>
      <xmax>811.3</xmax>
      <ymax>372.3</ymax>
    </bndbox>
  </object>
  <object>
    <name>WHITE</name>
    <occluded>0</occluded>
    <bndbox>
      <xmin>477.76</xmin>
      <ymin>721.62</ymin>
      <xmax>519.3</xmax>
      <ymax>755.6</ymax>
    </bndbox>
  </object>
  <object>
    <name>WHITE</name>
    <occluded>0</occluded>
    <bndbox>
      <xmin>487.2</xmin>
      <ymin>684.52</ymin>
      <xmax>530.1</xmax>
      <ymax>719.9</ymax>
    </bndbox>
  </object>
  <object>
    <name>WHITE</name>
    <occluded>0</occluded>
    <bndbox>
      <xmin>522.07</xmin>
      <ymin>647.25</ymin>
      <xmax>569.0</xmax>
      <ymax>688.4</ymax>
    </bndbox>
  </object>
  <object>
    <name>WHITE</name>
    <occluded>0</occluded>
    <bndbox>
      <xmin>571.0</xmin>
      <ymin>587.6</ymin>
      <xmax>617.7</xmax>
      <ymax>630.0</ymax>
    </bndbox>
  </object>
  <object>
    <name>WHITE</name>
    <occluded>0</occluded>
    <bndbox>
      <xmin>626.3</xmin>
      <ymin>519.9</ymin>
      <xmax>673.4</xmax>
      <ymax>564.71</ymax>
    </bndbox>
  </object>
  <object>
    <name>WHITE</name>
    <occluded>0</occluded>
    <bndbox>
      <xmin>674.38</xmin>
      <ymin>448.13</ymin>
      <xmax>719.5</xmax>
      <ymax>491.13</ymax>
    </bndbox>
  </object>
  <object>
    <name>WHITE</name>
    <occluded>0</occluded>
    <bndbox>
      <xmin>718.3</xmin>
      <ymin>381.6</ymin>
      <xmax>762.8</xmax>
      <ymax>426.0</ymax>
    </bndbox>
  </object>
  <object>
    <name>WHITE</name>
    <occluded>0</occluded>
    <bndbox>
      <xmin>542.78</xmin>
      <ymin>735.77</ymin>
      <xmax>585.7</xmax>
      <ymax>771.0</ymax>
    </bndbox>
  </object>
  <object>
    <name>BLACK</name>
    <occluded>0</occluded>
    <bndbox>
      <xmin>568.4</xmin>
      <ymin>702.6</ymin>
      <xmax>613.55</xmax>
      <ymax>738.42</ymax>
    </bndbox>
  </object>
  <object>
    <name>WHITE</name>
    <occluded>0</occluded>
    <bndbox>
      <xmin>618.23</xmin>
      <ymin>654.35</ymin>
      <xmax>663.5</xmax>
      <ymax>689.02</ymax>
    </bndbox>
  </object>
  <object>
    <name>WHITE</name>
    <occluded>0</occluded>
    <bndbox>
      <xmin>672.14</xmin>
      <ymin>595.1</ymin>
      <xmax>714.6</xmax>
      <ymax>638.68</ymax>
    </bndbox>
  </object>
  <object>
    <name>WHITE</name>
    <occluded>0</occluded>
    <bndbox>
      <xmin>409.28</xmin>
      <ymin>192.98</ymin>
      <xmax>446.56</xmax>
      <ymax>230.71</ymax>
    </bndbox>
  </object>
  <object>
    <name>WHITE</name>
    <occluded>0</occluded>
    <bndbox>
      <xmin>329.99</xmin>
      <ymin>432.54</ymin>
      <xmax>352.45</xmax>
      <ymax>472.97</ymax>
    </bndbox>
  </object>
  <object>
    <name>WHITE</name>
    <occluded>0</occluded>
    <bndbox>
      <xmin>682.19</xmin>
      <ymin>157.9</ymin>
      <xmax>725.98</xmax>
      <ymax>183.65</ymax>
    </bndbox>
  </object>
  <object>
    <name>WHITE</name>
    <occluded>0</occluded>
    <bndbox>
      <xmin>800.83</xmin>
      <ymin>233.06</ymin>
      <xmax>830.03</xmax>
      <ymax>274.6</ymax>
    </bndbox>
  </object>
  <object>
    <name>WHITE</name>
    <occluded>0</occluded>
    <bndbox>
      <xmin>718.49</xmin>
      <ymin>196.75</ymin>
      <xmax>759.29</xmax>
      <ymax>234.93</ymax>
    </bndbox>
  </object>
  <object>
    <name>WHITE</name>
    <occluded>0</occluded>
    <bndbox>
      <xmin>815.05</xmin>
      <ymin>291.44</ymin>
      <xmax>846.12</xmax>
      <ymax>334.11</ymax>
    </bndbox>
  </object>
  <object>
    <name>WHITE</name>
    <occluded>0</occluded>
    <bndbox>
      <xmin>864.83</xmin>
      <ymin>337.48</ymin>
      <xmax>888.04</xmax>
      <ymax>378.65</ymax>
    </bndbox>
  </object>
  <object>
    <name>WHITE</name>
    <occluded>0</occluded>
    <bndbox>
      <xmin>864.83</xmin>
      <ymin>411.21</ymin>
      <xmax>889.16</xmax>
      <ymax>455.38</ymax>
    </bndbox>
  </object>
  <object>
    <name>WHITE</name>
    <occluded>0</occluded>
    <bndbox>
      <xmin>788.82</xmin>
      <ymin>676.95</ymin>
      <xmax>818.05</xmax>
      <ymax>714.0</ymax>
    </bndbox>
  </object>
  <object>
    <name>WHITE</name>
    <occluded>0</occluded>
    <bndbox>
      <xmin>793.68</xmin>
      <ymin>702.77</ymin>
      <xmax>817.67</xmax>
      <ymax>744.32</ymax>
    </bndbox>
  </object>
  <object>
    <name>WHITE</name>
    <occluded>0</occluded>
    <bndbox>
      <xmin>741.28</xmin>
      <ymin>727.85</ymin>
      <xmax>775.01</xmax>
      <ymax>768.27</ymax>
    </bndbox>
  </object>
  <object>
    <name>WHITE</name>
    <occluded>0</occluded>
    <bndbox>
      <xmin>724.82</xmin>
      <ymin>696.41</ymin>
      <xmax>761.91</xmax>
      <ymax>731.21</ymax>
    </bndbox>
  </object>
  <object>
    <name>WHITE</name>
    <occluded>0</occluded>
    <bndbox>
      <xmin>378.27</xmin>
      <ymin>464.1</ymin>
      <xmax>414.14</xmax>
      <ymax>508.7</ymax>
    </bndbox>
  </object>
  <object>
    <name>WHITE</name>
    <occluded>0</occluded>
    <bndbox>
      <xmin>284.39</xmin>
      <ymin>523.99</ymin>
      <xmax>315.27</xmax>
      <ymax>564.22</ymax>
    </bndbox>
  </object>
  <object>
    <name>WHITE</name>
    <occluded>0</occluded>
    <bndbox>
      <xmin>354.56</xmin>
      <ymin>520.87</ymin>
      <xmax>381.07</xmax>
      <ymax>562.97</ymax>
    </bndbox>
  </object>
  <object>
    <name>WHITE</name>
    <occluded>0</occluded>
    <bndbox>
      <xmin>686.21</xmin>
      <ymin>802.74</ymin>
      <xmax>717.19</xmax>
      <ymax>845.19</ymax>
    </bndbox>
  </object>
  <object>
    <name>WHITE</name>
    <occluded>0</occluded>
    <bndbox>
      <xmin>645.06</xmin>
      <ymin>785.41</ymin>
      <xmax>684.05</xmax>
      <ymax>819.85</ymax>
    </bndbox>
  </object>
  <object>
    <name>WHITE</name>
    <occluded>0</occluded>
    <bndbox>
      <xmin>632.28</xmin>
      <ymin>810.54</ymin>
      <xmax>671.05</xmax>
      <ymax>848.88</ymax>
    </bndbox>
  </object>
  <object>
    <name>WHITE</name>
    <occluded>0</occluded>
    <bndbox>
      <xmin>613.44</xmin>
      <ymin>750.11</ymin>
      <xmax>653.07</xmax>
      <ymax>783.03</ymax>
    </bndbox>
  </object>
  <object>
    <name>WHITE</name>
    <occluded>0</occluded>
    <bndbox>
      <xmin>581.38</xmin>
      <ymin>783.46</ymin>
      <xmax>621.24</xmax>
      <ymax>817.69</ymax>
    </bndbox>
  </object>
  <object>
    <name>WHITE</name>
    <occluded>0</occluded>
    <bndbox>
      <xmin>513.85</xmin>
      <ymin>772.63</ymin>
      <xmax>555.64</xmax>
      <ymax>806.62</ymax>
    </bndbox>
  </object>
  <object>
    <name>BLACK</name>
    <occluded>0</occluded>
    <bndbox>
      <xmin>515.1</xmin>
      <ymin>801.32</ymin>
      <xmax>558.14</xmax>
      <ymax>832.82</ymax>
    </bndbox>
  </object>
  <object>
    <name>WHITE</name>
    <occluded>0</occluded>
    <bndbox>
      <xmin>406.56</xmin>
      <ymin>728.34</ymin>
      <xmax>439.62</xmax>
      <ymax>758.91</ymax>
    </bndbox>
  </object>
  <object>
    <name>WHITE</name>
    <occluded>0</occluded>
    <bndbox>
      <xmin>420.9</xmin>
      <ymin>704.95</ymin>
      <xmax>456.46</xmax>
      <ymax>735.51</ymax>
    </bndbox>
  </object>
  <object>
    <name>WHITE</name>
    <occluded>0</occluded>
    <bndbox>
      <xmin>458.6</xmin>
      <ymin>750.17</ymin>
      <xmax>492.33</xmax>
      <ymax>785.42</ymax>
    </bndbox>
  </object>
  <object>
    <name>WHITE</name>
    <occluded>0</occluded>
    <bndbox>
      <xmin>454.28</xmin>
      <ymin>774.19</ymin>
      <xmax>490.14</xmax>
      <ymax>807.87</ymax>
    </bndbox>
  </object>
  <object>
    <name>WHITE</name>
    <occluded>0</occluded>
    <bndbox>
      <xmin>393.77</xmin>
      <ymin>743.62</ymin>
      <xmax>430.88</xmax>
      <ymax>778.24</ymax>
    </bndbox>
  </object>
  <object>
    <name>WHITE</name>
    <occluded>0</occluded>
    <bndbox>
      <xmin>356.97</xmin>
      <ymin>722.73</ymin>
      <xmax>383.48</xmax>
      <ymax>755.47</ymax>
    </bndbox>
  </object>
  <object>
    <name>WHITE</name>
    <occluded>0</occluded>
    <bndbox>
      <xmin>320.79</xmin>
      <ymin>662.53</ymin>
      <xmax>343.55</xmax>
      <ymax>697.77</ymax>
    </bndbox>
  </object>
  <object>
    <name>WHITE</name>
    <occluded>0</occluded>
    <bndbox>
      <xmin>315.48</xmin>
      <ymin>610.44</ymin>
      <xmax>349.48</xmax>
      <ymax>648.5</ymax>
    </bndbox>
  </object>
  <object>
    <name>WHITE</name>
    <occluded>0</occluded>
    <bndbox>
      <xmin>449.86</xmin>
      <ymin>624.14</ymin>
      <xmax>478.14</xmax>
      <ymax>665.86</ymax>
    </bndbox>
  </object>
  <object>
    <name>WHITE</name>
    <occluded>0</occluded>
    <bndbox>
      <xmin>756.5</xmin>
      <ymin>453.0</ymin>
      <xmax>791.5</xmax>
      <ymax>495.0</ymax>
    </bndbox>
  </object>
  <object>
    <name>WHITE</name>
    <occluded>0</occluded>
    <bndbox>
      <xmin>748.01</xmin>
      <ymin>585.14</ymin>
      <xmax>789.73</xmax>
      <ymax>625.7</ymax>
    </bndbox>
  </object>
  <object>
    <name>WHITE</name>
    <occluded>0</occluded>
    <bndbox>
      <xmin>697.45</xmin>
      <ymin>647.2</ymin>
      <xmax>741.25</xmax>
      <ymax>685.73</ymax>
    </bndbox>
  </object>
  <object>
    <name>WHITE</name>
    <occluded>0</occluded>
    <bndbox>
      <xmin>649.91</xmin>
      <ymin>707.01</ymin>
      <xmax>690.95</xmax>
      <ymax>742.7</ymax>
    </bndbox>
  </object>
  <object>
    <name>BLACK</name>
    <occluded>0</occluded>
    <bndbox>
      <xmin>787.5</xmin>
      <ymin>394.63</ymin>
      <xmax>821.9</xmax>
      <ymax>442.5</ymax>
    </bndbox>
  </object>
  <object>
    <name>WHITE</name>
    <occluded>0</occluded>
    <bndbox>
      <xmin>724.52</xmin>
      <ymin>522.32</ymin>
      <xmax>762.0</xmax>
      <ymax>568.0</ymax>
    </bndbox>
  </object>
  <object>
    <name>WHITE</name>
    <occluded>0</occluded>
    <bndbox>
      <xmin>523.02</xmin>
      <ymin>142.79</ymin>
      <xmax>563.07</xmax>
      <ymax>168.52</ymax>
    </bndbox>
  </object>
  <object>
    <name>WHITE</name>
    <occluded>0</occluded>
    <bndbox>
      <xmin>586.5</xmin>
      <ymin>240.5</ymin>
      <xmax>629.5</xmax>
      <ymax>275.5</ymax>
    </bndbox>
  </object>
  <object>
    <name>WHITE</name>
    <occluded>0</occluded>
    <bndbox>
      <xmin>378.2</xmin>
      <ymin>305.25</ymin>
      <xmax>419.8</xmax>
      <ymax>330.75</ymax>
    </bndbox>
  </object>
  <object>
    <name>BLACK</name>
    <occluded>0</occluded>
    <bndbox>
      <xmin>650.14</xmin>
      <ymin>128.76</ymin>
      <xmax>692.5</xmax>
      <ymax>154.23</ymax>
    </bndbox>
  </object>
  <object>
    <name>WHITE</name>
    <occluded>0</occluded>
    <bndbox>
      <xmin>460.64</xmin>
      <ymin>147.21</ymin>
      <xmax>500.17</xmax>
      <ymax>175.54</ymax>
    </bndbox>
  </object>
  <object>
    <name>WHITE</name>
    <occluded>0</occluded>
    <bndbox>
      <xmin>390.23</xmin>
      <ymin>597.27</ymin>
      <xmax>420.6</xmax>
      <ymax>640.8</ymax>
    </bndbox>
  </object>
  <object>
    <name>WHITE</name>
    <occluded>0</occluded>
    <bndbox>
      <xmin>633.1</xmin>
      <ymin>191.3</ymin>
      <xmax>677.5</xmax>
      <ymax>225.5</ymax>
    </bndbox>
  </object>
  <object>
    <name>WHITE</name>
    <occluded>0</occluded>
    <bndbox>
      <xmin>749.2</xmin>
      <ymin>250.49</ymin>
      <xmax>784.85</xmax>
      <ymax>291.51</ymax>
    </bndbox>
  </object>
  <object>
    <name>WHITE</name>
    <occluded>0</occluded>
    <bndbox>
      <xmin>825.2</xmin>
      <ymin>618.05</ymin>
      <xmax>854.34</xmax>
      <ymax>657.6</ymax>
    </bndbox>
  </object>
  <object>
    <name>WHITE</name>
    <occluded>0</occluded>
    <bndbox>
      <xmin>814.08</xmin>
      <ymin>570.4</ymin>
      <xmax>846.4</xmax>
      <ymax>612.36</ymax>
    </bndbox>
  </object>
  <object>
    <name>WHITE</name>
    <occluded>0</occluded>
    <bndbox>
      <xmin>771.5</xmin>
      <ymin>638.08</ymin>
      <xmax>806.51</xmax>
      <ymax>677.9</ymax>
    </bndbox>
  </object>
  <object>
    <name>WHITE</name>
    <occluded>0</occluded>
    <bndbox>
      <xmin>677.2</xmin>
      <ymin>742.44</ymin>
      <xmax>719.63</xmax>
      <ymax>779.8</ymax>
    </bndbox>
  </object>
  <object>
    <name>WHITE</name>
    <occluded>0</occluded>
    <bndbox>
      <xmin>830.4</xmin>
      <ymin>364.63</ymin>
      <xmax>860.15</xmax>
      <ymax>409.1</ymax>
    </bndbox>
  </object>
  <object>
    <name>WHITE</name>
    <occluded>0</occluded>
    <bndbox>
      <xmin>827.99</xmin>
      <ymin>441.4</ymin>
      <xmax>857.0</xmax>
      <ymax>486.5</ymax>
    </bndbox>
  </object>
  <object>
    <name>WHITE</name>
    <occluded>0</occluded>
    <bndbox>
      <xmin>786.26</xmin>
      <ymin>517.21</ymin>
      <xmax>827.74</xmax>
      <ymax>559.1</ymax>
    </bndbox>
  </object>
</annotation>
