<annotation>
  <folder>MK</folder>
  <filename>MK_camera1.png</filename>
  <source>
    <database>Unknown</database>
    <annotation>Unknown</annotation>
    <image>Unknown</image>
  </source>
  <size>
    <width>960</width>
    <height>1280</height>
    <depth></depth>
  </size>
  <segmented>0</segmented>
  <object>
    <name>WHITE</name>
    <occluded>0</occluded>
    <bndbox>
      <xmin>394.8</xmin>
      <ymin>530.6</ymin>
      <xmax>438.0</xmax>
      <ymax>578.5</ymax>
    </bndbox>
  </object>
  <object>
    <name>WHITE</name>
    <occluded>0</occluded>
    <bndbox>
      <xmin>492.3</xmin>
      <ymin>364.3</ymin>
      <xmax>538.5</xmax>
      <ymax>408.0</ymax>
    </bndbox>
  </object>
  <object>
    <name>WHITE</name>
    <occluded>0</occluded>
    <bndbox>
      <xmin>533.0</xmin>
      <ymin>204.5</ymin>
      <xmax>580.5</xmax>
      <ymax>238.2</ymax>
    </bndbox>
  </object>
  <object>
    <name>WHITE</name>
    <occluded>0</occluded>
    <bndbox>
      <xmin>495.5</xmin>
      <ymin>249.7</ymin>
      <xmax>542.2</xmax>
      <ymax>287.0</ymax>
    </bndbox>
  </object>
  <object>
    <name>WHITE</name>
    <occluded>0</occluded>
    <bndbox>
      <xmin>454.5</xmin>
      <ymin>302.5</ymin>
      <xmax>502.5</xmax>
      <ymax>346.9</ymax>
    </bndbox>
  </object>
  <object>
    <name>WHITE</name>
    <occluded>0</occluded>
    <bndbox>
      <xmin>402.34</xmin>
      <ymin>391.51</ymin>
      <xmax>448.0</xmax>
      <ymax>438.1</ymax>
    </bndbox>
  </object>
  <object>
    <name>WHITE</name>
    <occluded>0</occluded>
    <bndbox>
      <xmin>483.8</xmin>
      <ymin>175.83</ymin>
      <xmax>529.99</xmax>
      <ymax>199.3</ymax>
    </bndbox>
  </object>
  <object>
    <name>WHITE</name>
    <occluded>0</occluded>
    <bndbox>
      <xmin>438.7</xmin>
      <ymin>211.25</ymin>
      <xmax>488.8</xmax>
      <ymax>245.4</ymax>
    </bndbox>
  </object>
  <object>
    <name>WHITE</name>
    <occluded>0</occluded>
    <bndbox>
      <xmin>405.6</xmin>
      <ymin>266.1</ymin>
      <xmax>448.4</xmax>
      <ymax>301.7</ymax>
    </bndbox>
  </object>
  <object>
    <name>WHITE</name>
    <occluded>0</occluded>
    <bndbox>
      <xmin>363.08</xmin>
      <ymin>337.68</ymin>
      <xmax>406.92</xmax>
      <ymax>379.4</ymax>
    </bndbox>
  </object>
  <object>
    <name>WHITE</name>
    <occluded>0</occluded>
    <bndbox>
      <xmin>293.2</xmin>
      <ymin>350.35</ymin>
      <xmax>331.14</xmax>
      <ymax>392.5</ymax>
    </bndbox>
  </object>
  <object>
    <name>WHITE</name>
    <occluded>0</occluded>
    <bndbox>
      <xmin>320.5</xmin>
      <ymin>410.0</ymin>
      <xmax>363.5</xmax>
      <ymax>458.5</ymax>
    </bndbox>
  </object>
  <object>
    <name>WHITE</name>
    <occluded>0</occluded>
    <bndbox>
      <xmin>353.43</xmin>
      <ymin>465.3</ymin>
      <xmax>396.57</xmax>
      <ymax>512.2</ymax>
    </bndbox>
  </object>
  <object>
    <name>BLACK</name>
    <occluded>0</occluded>
    <bndbox>
      <xmin>330.81</xmin>
      <ymin>291.97</ymin>
      <xmax>369.94</xmax>
      <ymax>337.3</ymax>
    </bndbox>
  </object>
  <object>
    <name>WHITE</name>
    <occluded>0</occluded>
    <bndbox>
      <xmin>259.9</xmin>
      <ymin>417.23</ymin>
      <xmax>289.54</xmax>
      <ymax>466.1</ymax>
    </bndbox>
  </object>
  <object>
    <name>WHITE</name>
    <occluded>0</occluded>
    <bndbox>
      <xmin>391.94</xmin>
      <ymin>197.57</ymin>
      <xmax>436.06</xmax>
      <ymax>218.78</ymax>
    </bndbox>
  </object>
  <object>
    <name>WHITE</name>
    <occluded>0</occluded>
    <bndbox>
      <xmin>573.71</xmin>
      <ymin>179.68</ymin>
      <xmax>619.04</xmax>
      <ymax>201.72</ymax>
    </bndbox>
  </object>
  <object>
    <name>WHITE</name>
    <occluded>0</occluded>
    <bndbox>
      <xmin>623.2</xmin>
      <ymin>211.71</ymin>
      <xmax>672.69</xmax>
      <ymax>247.05</ymax>
    </bndbox>
  </object>
  <object>
    <name>WHITE</name>
    <occluded>0</occluded>
    <bndbox>
      <xmin>772.9</xmin>
      <ymin>487.8</ymin>
      <xmax>803.68</xmax>
      <ymax>535.66</ymax>
    </bndbox>
  </object>
  <object>
    <name>WHITE</name>
    <occluded>0</occluded>
    <bndbox>
      <xmin>799.53</xmin>
      <ymin>432.53</ymin>
      <xmax>828.22</xmax>
      <ymax>478.27</ymax>
    </bndbox>
  </object>
  <object>
    <name>WHITE</name>
    <occluded>0</occluded>
    <bndbox>
      <xmin>774.16</xmin>
      <ymin>357.67</ymin>
      <xmax>802.85</xmax>
      <ymax>402.59</ymax>
    </bndbox>
  </object>
  <object>
    <name>WHITE</name>
    <occluded>0</occluded>
    <bndbox>
      <xmin>715.1</xmin>
      <ymin>244.14</ymin>
      <xmax>752.95</xmax>
      <ymax>282.82</ymax>
    </bndbox>
  </object>
  <object>
    <name>WHITE</name>
    <occluded>0</occluded>
    <bndbox>
      <xmin>233.08</xmin>
      <ymin>489.92</ymin>
      <xmax>259.74</xmax>
      <ymax>534.83</ymax>
    </bndbox>
  </object>
  <object>
    <name>WHITE</name>
    <occluded>0</occluded>
    <bndbox>
      <xmin>288.7</xmin>
      <ymin>481.3</ymin>
      <xmax>321.63</xmax>
      <ymax>529.8</ymax>
    </bndbox>
  </object>
  <object>
    <name>WHITE</name>
    <occluded>0</occluded>
    <bndbox>
      <xmin>354.93</xmin>
      <ymin>243.31</ymin>
      <xmax>394.48</xmax>
      <ymax>277.0</ymax>
    </bndbox>
  </object>
  <object>
    <name>WHITE</name>
    <occluded>0</occluded>
    <bndbox>
      <xmin>668.5</xmin>
      <ymin>535.4</ymin>
      <xmax>709.5</xmax>
      <ymax>584.0</ymax>
    </bndbox>
  </object>
  <object>
    <name>WHITE</name>
    <occluded>0</occluded>
    <bndbox>
      <xmin>670.0</xmin>
      <ymin>623.4</ymin>
      <xmax>714.77</xmax>
      <ymax>669.4</ymax>
    </bndbox>
  </object>
  <object>
    <name>WHITE</name>
    <occluded>0</occluded>
    <bndbox>
      <xmin>672.4</xmin>
      <ymin>707.36</ymin>
      <xmax>707.3</xmax>
      <ymax>745.3</ymax>
    </bndbox>
  </object>
  <object>
    <name>WHITE</name>
    <occluded>0</occluded>
    <bndbox>
      <xmin>656.9</xmin>
      <ymin>761.26</ymin>
      <xmax>697.3</xmax>
      <ymax>792.6</ymax>
    </bndbox>
  </object>
  <object>
    <name>WHITE</name>
    <occluded>0</occluded>
    <bndbox>
      <xmin>601.79</xmin>
      <ymin>604.68</ymin>
      <xmax>647.0</xmax>
      <ymax>648.6</ymax>
    </bndbox>
  </object>
  <object>
    <name>WHITE</name>
    <occluded>0</occluded>
    <bndbox>
      <xmin>610.43</xmin>
      <ymin>691.68</ymin>
      <xmax>653.6</xmax>
      <ymax>730.5</ymax>
    </bndbox>
  </object>
  <object>
    <name>WHITE</name>
    <occluded>0</occluded>
    <bndbox>
      <xmin>601.9</xmin>
      <ymin>761.2</ymin>
      <xmax>646.8</xmax>
      <ymax>788.75</ymax>
    </bndbox>
  </object>
  <object>
    <name>WHITE</name>
    <occluded>0</occluded>
    <bndbox>
      <xmin>582.48</xmin>
      <ymin>800.83</ymin>
      <xmax>625.6</xmax>
      <ymax>824.2</ymax>
    </bndbox>
  </object>
  <object>
    <name>WHITE</name>
    <occluded>0</occluded>
    <bndbox>
      <xmin>436.28</xmin>
      <ymin>798.34</ymin>
      <xmax>479.8</xmax>
      <ymax>826.9</ymax>
    </bndbox>
  </object>
  <object>
    <name>WHITE</name>
    <occluded>0</occluded>
    <bndbox>
      <xmin>368.53</xmin>
      <ymin>803.89</ymin>
      <xmax>409.6</xmax>
      <ymax>829.9</ymax>
    </bndbox>
  </object>
  <object>
    <name>WHITE</name>
    <occluded>0</occluded>
    <bndbox>
      <xmin>522.4</xmin>
      <ymin>723.8</ymin>
      <xmax>570.8</xmax>
      <ymax>760.5</ymax>
    </bndbox>
  </object>
  <object>
    <name>WHITE</name>
    <occluded>0</occluded>
    <bndbox>
      <xmin>436.0</xmin>
      <ymin>754.88</ymin>
      <xmax>480.5</xmax>
      <ymax>788.1</ymax>
    </bndbox>
  </object>
  <object>
    <name>WHITE</name>
    <occluded>0</occluded>
    <bndbox>
      <xmin>369.82</xmin>
      <ymin>759.58</ymin>
      <xmax>411.5</xmax>
      <ymax>792.3</ymax>
    </bndbox>
  </object>
  <object>
    <name>WHITE</name>
    <occluded>0</occluded>
    <bndbox>
      <xmin>311.29</xmin>
      <ymin>756.54</ymin>
      <xmax>347.1</xmax>
      <ymax>791.1</ymax>
    </bndbox>
  </object>
  <object>
    <name>WHITE</name>
    <occluded>0</occluded>
    <bndbox>
      <xmin>528.5</xmin>
      <ymin>653.92</ymin>
      <xmax>574.29</xmax>
      <ymax>698.7</ymax>
    </bndbox>
  </object>
  <object>
    <name>WHITE</name>
    <occluded>0</occluded>
    <bndbox>
      <xmin>437.5</xmin>
      <ymin>687.5</ymin>
      <xmax>485.1</xmax>
      <ymax>730.3</ymax>
    </bndbox>
  </object>
  <object>
    <name>WHITE</name>
    <occluded>0</occluded>
    <bndbox>
      <xmin>369.71</xmin>
      <ymin>706.36</ymin>
      <xmax>410.1</xmax>
      <ymax>745.9</ymax>
    </bndbox>
  </object>
  <object>
    <name>WHITE</name>
    <occluded>0</occluded>
    <bndbox>
      <xmin>306.18</xmin>
      <ymin>703.37</ymin>
      <xmax>343.1</xmax>
      <ymax>742.5</ymax>
    </bndbox>
  </object>
  <object>
    <name>WHITE</name>
    <occluded>0</occluded>
    <bndbox>
      <xmin>318.01</xmin>
      <ymin>629.76</ymin>
      <xmax>357.4</xmax>
      <ymax>676.4</ymax>
    </bndbox>
  </object>
  <object>
    <name>WHITE</name>
    <occluded>0</occluded>
    <bndbox>
      <xmin>269.0</xmin>
      <ymin>549.84</ymin>
      <xmax>300.7</xmax>
      <ymax>598.5</ymax>
    </bndbox>
  </object>
  <object>
    <name>WHITE</name>
    <occluded>0</occluded>
    <bndbox>
      <xmin>386.6</xmin>
      <ymin>621.08</ymin>
      <xmax>430.5</xmax>
      <ymax>664.92</ymax>
    </bndbox>
  </object>
  <object>
    <name>WHITE</name>
    <occluded>0</occluded>
    <bndbox>
      <xmin>668.99</xmin>
      <ymin>264.79</ymin>
      <xmax>711.2</xmax>
      <ymax>304.3</ymax>
    </bndbox>
  </object>
  <object>
    <name>WHITE</name>
    <occluded>0</occluded>
    <bndbox>
      <xmin>619.5</xmin>
      <ymin>301.31</ymin>
      <xmax>667.4</xmax>
      <ymax>347.6</ymax>
    </bndbox>
  </object>
  <object>
    <name>WHITE</name>
    <occluded>0</occluded>
    <bndbox>
      <xmin>586.7</xmin>
      <ymin>365.3</ymin>
      <xmax>630.1</xmax>
      <ymax>412.19</ymax>
    </bndbox>
  </object>
  <object>
    <name>WHITE</name>
    <occluded>0</occluded>
    <bndbox>
      <xmin>489.09</xmin>
      <ymin>516.69</ymin>
      <xmax>542.4</xmax>
      <ymax>569.6</ymax>
    </bndbox>
  </object>
  <object>
    <name>WHITE</name>
    <occluded>0</occluded>
    <bndbox>
      <xmin>578.26</xmin>
      <ymin>250.17</ymin>
      <xmax>625.2</xmax>
      <ymax>287.7</ymax>
    </bndbox>
  </object>
  <object>
    <name>WHITE</name>
    <occluded>0</occluded>
    <bndbox>
      <xmin>536.4</xmin>
      <ymin>300.09</ymin>
      <xmax>587.0</xmax>
      <ymax>343.91</ymax>
    </bndbox>
  </object>
  <object>
    <name>WHITE</name>
    <occluded>0</occluded>
    <bndbox>
      <xmin>782.79</xmin>
      <ymin>559.02</ymin>
      <xmax>809.48</xmax>
      <ymax>605.81</ymax>
    </bndbox>
  </object>
  <object>
    <name>WHITE</name>
    <occluded>0</occluded>
    <bndbox>
      <xmin>459.48</xmin>
      <ymin>604.62</ymin>
      <xmax>502.52</xmax>
      <ymax>649.38</ymax>
    </bndbox>
  </object>
  <object>
    <name>WHITE</name>
    <occluded>0</occluded>
    <bndbox>
      <xmin>577.6</xmin>
      <ymin>520.0</ymin>
      <xmax>626.0</xmax>
      <ymax>570.2</ymax>
    </bndbox>
  </object>
  <object>
    <name>WHITE</name>
    <occluded>0</occluded>
    <bndbox>
      <xmin>708.26</xmin>
      <ymin>469.26</ymin>
      <xmax>750.2</xmax>
      <ymax>514.5</ymax>
    </bndbox>
  </object>
  <object>
    <name>WHITE</name>
    <occluded>0</occluded>
    <bndbox>
      <xmin>624.0</xmin>
      <ymin>458.6</ymin>
      <xmax>668.9</xmax>
      <ymax>508.0</ymax>
    </bndbox>
  </object>
  <object>
    <name>WHITE</name>
    <occluded>0</occluded>
    <bndbox>
      <xmin>746.37</xmin>
      <ymin>414.1</ymin>
      <xmax>778.9</xmax>
      <ymax>458.21</ymax>
    </bndbox>
  </object>
  <object>
    <name>WHITE</name>
    <occluded>0</occluded>
    <bndbox>
      <xmin>670.41</xmin>
      <ymin>395.7</ymin>
      <xmax>711.5</xmax>
      <ymax>442.4</ymax>
    </bndbox>
  </object>
  <object>
    <name>WHITE</name>
    <occluded>0</occluded>
    <bndbox>
      <xmin>707.31</xmin>
      <ymin>340.31</ymin>
      <xmax>746.5</xmax>
      <ymax>384.4</ymax>
    </bndbox>
  </object>
  <object>
    <name>BLACK</name>
    <occluded>0</occluded>
    <bndbox>
      <xmin>734.12</xmin>
      <ymin>297.59</ymin>
      <xmax>771.7</xmax>
      <ymax>342.7</ymax>
    </bndbox>
  </object>
  <object>
    <name>BLACK</name>
    <occluded>0</occluded>
    <bndbox>
      <xmin>532.43</xmin>
      <ymin>583.35</ymin>
      <xmax>585.2</xmax>
      <ymax>631.7</ymax>
    </bndbox>
  </object>
  <object>
    <name>WHITE</name>
    <occluded>0</occluded>
    <bndbox>
      <xmin>449.59</xmin>
      <ymin>460.3</ymin>
      <xmax>494.41</xmax>
      <ymax>503.7</ymax>
    </bndbox>
  </object>
  <object>
    <name>WHITE</name>
    <occluded>0</occluded>
    <bndbox>
      <xmin>535.86</xmin>
      <ymin>440.64</ymin>
      <xmax>580.14</xmax>
      <ymax>485.36</ymax>
    </bndbox>
  </object>
  <object>
    <name>WHITE</name>
    <occluded>0</occluded>
    <bndbox>
      <xmin>223.97</xmin>
      <ymin>566.02</ymin>
      <xmax>245.6</xmax>
      <ymax>608.85</ymax>
    </bndbox>
  </object>
  <object>
    <name>WHITE</name>
    <occluded>0</occluded>
    <bndbox>
      <xmin>258.07</xmin>
      <ymin>630.48</ymin>
      <xmax>287.6</xmax>
      <ymax>672.9</ymax>
    </bndbox>
  </object>
  <object>
    <name>WHITE</name>
    <occluded>0</occluded>
    <bndbox>
      <xmin>321.5</xmin>
      <ymin>546.0</ymin>
      <xmax>358.5</xmax>
      <ymax>590.0</ymax>
    </bndbox>
  </object>
  <object>
    <name>WHITE</name>
    <occluded>0</occluded>
    <bndbox>
      <xmin>515.08</xmin>
      <ymin>778.52</ymin>
      <xmax>564.56</xmax>
      <ymax>806.8</ymax>
    </bndbox>
  </object>
  <object>
    <name>WHITE</name>
    <occluded>0</occluded>
    <bndbox>
      <xmin>726.33</xmin>
      <ymin>635.47</ymin>
      <xmax>759.6</xmax>
      <ymax>679.96</ymax>
    </bndbox>
  </object>
  <object>
    <name>WHITE</name>
    <occluded>0</occluded>
    <bndbox>
      <xmin>723.8</xmin>
      <ymin>709.08</ymin>
      <xmax>759.19</xmax>
      <ymax>747.75</ymax>
    </bndbox>
  </object>
  <object>
    <name>WHITE</name>
    <occluded>0</occluded>
    <bndbox>
      <xmin>735.23</xmin>
      <ymin>553.98</ymin>
      <xmax>770.17</xmax>
      <ymax>598.75</ymax>
    </bndbox>
  </object>
</annotation>
