<annotation>
  <folder>MK</folder>
  <filename>MK_camera4.png</filename>
  <source>
    <database>Unknown</database>
    <annotation>Unknown</annotation>
    <image>Unknown</image>
  </source>
  <size>
    <width>1280</width>
    <height>960</height>
    <depth></depth>
  </size>
  <segmented>0</segmented>
  <object>
    <name>WHITE</name>
    <occluded>0</occluded>
    <bndbox>
      <xmin>834.79</xmin>
      <ymin>613.61</ymin>
      <xmax>880.61</xmax>
      <ymax>659.22</ymax>
    </bndbox>
  </object>
  <object>
    <name>WHITE</name>
    <occluded>0</occluded>
    <bndbox>
      <xmin>763.36</xmin>
      <ymin>847.5</ymin>
      <xmax>803.9</xmax>
      <ymax>883.9</ymax>
    </bndbox>
  </object>
  <object>
    <name>WHITE</name>
    <occluded>0</occluded>
    <bndbox>
      <xmin>796.8</xmin>
      <ymin>817.98</ymin>
      <xmax>837.7</xmax>
      <ymax>850.7</ymax>
    </bndbox>
  </object>
  <object>
    <name>WHITE</name>
    <occluded>0</occluded>
    <bndbox>
      <xmin>890.62</xmin>
      <ymin>710.9</ymin>
      <xmax>931.6</xmax>
      <ymax>750.35</ymax>
    </bndbox>
  </object>
  <object>
    <name>WHITE</name>
    <occluded>0</occluded>
    <bndbox>
      <xmin>1010.5</xmin>
      <ymin>383.9</ymin>
      <xmax>1037.76</xmax>
      <ymax>427.86</ymax>
    </bndbox>
  </object>
  <object>
    <name>WHITE</name>
    <occluded>0</occluded>
    <bndbox>
      <xmin>636.4</xmin>
      <ymin>393.4</ymin>
      <xmax>683.57</xmax>
      <ymax>440.72</ymax>
    </bndbox>
  </object>
  <object>
    <name>WHITE</name>
    <occluded>0</occluded>
    <bndbox>
      <xmin>831.85</xmin>
      <ymin>833.7</ymin>
      <xmax>864.7</xmax>
      <ymax>869.4</ymax>
    </bndbox>
  </object>
  <object>
    <name>WHITE</name>
    <occluded>0</occluded>
    <bndbox>
      <xmin>1021.92</xmin>
      <ymin>341.75</ymin>
      <xmax>1054.0</xmax>
      <ymax>380.9</ymax>
    </bndbox>
  </object>
  <object>
    <name>BLACK</name>
    <occluded>0</occluded>
    <bndbox>
      <xmin>720.63</xmin>
      <ymin>204.51</ymin>
      <xmax>763.6</xmax>
      <ymax>229.6</ymax>
    </bndbox>
  </object>
  <object>
    <name>WHITE</name>
    <occluded>0</occluded>
    <bndbox>
      <xmin>597.9</xmin>
      <ymin>324.0</ymin>
      <xmax>642.6</xmax>
      <ymax>370.1</ymax>
    </bndbox>
  </object>
  <object>
    <name>WHITE</name>
    <occluded>0</occluded>
    <bndbox>
      <xmin>966.33</xmin>
      <ymin>305.24</ymin>
      <xmax>1001.7</xmax>
      <ymax>345.9</ymax>
    </bndbox>
  </object>
  <object>
    <name>BLACK</name>
    <occluded>0</occluded>
    <bndbox>
      <xmin>787.1</xmin>
      <ymin>865.87</ymin>
      <xmax>824.57</xmax>
      <ymax>906.1</ymax>
    </bndbox>
  </object>
  <object>
    <name>WHITE</name>
    <occluded>0</occluded>
    <bndbox>
      <xmin>614.59</xmin>
      <ymin>867.83</ymin>
      <xmax>656.0</xmax>
      <ymax>908.2</ymax>
    </bndbox>
  </object>
  <object>
    <name>WHITE</name>
    <occluded>0</occluded>
    <bndbox>
      <xmin>498.1</xmin>
      <ymin>420.1</ymin>
      <xmax>530.82</xmax>
      <ymax>464.5</ymax>
    </bndbox>
  </object>
  <object>
    <name>WHITE</name>
    <occluded>0</occluded>
    <bndbox>
      <xmin>561.14</xmin>
      <ymin>399.0</ymin>
      <xmax>602.86</xmax>
      <ymax>443.0</ymax>
    </bndbox>
  </object>
  <object>
    <name>WHITE</name>
    <occluded>0</occluded>
    <bndbox>
      <xmin>637.0</xmin>
      <ymin>272.5</ymin>
      <xmax>678.9</xmax>
      <ymax>311.4</ymax>
    </bndbox>
  </object>
  <object>
    <name>WHITE</name>
    <occluded>0</occluded>
    <bndbox>
      <xmin>677.5</xmin>
      <ymin>231.6</ymin>
      <xmax>721.5</xmax>
      <ymax>258.5</ymax>
    </bndbox>
  </object>
  <object>
    <name>WHITE</name>
    <occluded>0</occluded>
    <bndbox>
      <xmin>895.2</xmin>
      <ymin>402.5</ymin>
      <xmax>937.5</xmax>
      <ymax>447.5</ymax>
    </bndbox>
  </object>
  <object>
    <name>WHITE</name>
    <occluded>0</occluded>
    <bndbox>
      <xmin>854.5</xmin>
      <ymin>472.0</ymin>
      <xmax>899.2</xmax>
      <ymax>519.4</ymax>
    </bndbox>
  </object>
  <object>
    <name>WHITE</name>
    <occluded>0</occluded>
    <bndbox>
      <xmin>803.09</xmin>
      <ymin>545.98</ymin>
      <xmax>848.0</xmax>
      <ymax>592.1</ymax>
    </bndbox>
  </object>
  <object>
    <name>WHITE</name>
    <occluded>0</occluded>
    <bndbox>
      <xmin>746.81</xmin>
      <ymin>618.69</ymin>
      <xmax>796.7</xmax>
      <ymax>663.1</ymax>
    </bndbox>
  </object>
  <object>
    <name>WHITE</name>
    <occluded>0</occluded>
    <bndbox>
      <xmin>704.15</xmin>
      <ymin>689.35</ymin>
      <xmax>748.9</xmax>
      <ymax>728.5</ymax>
    </bndbox>
  </object>
  <object>
    <name>WHITE</name>
    <occluded>0</occluded>
    <bndbox>
      <xmin>647.14</xmin>
      <ymin>739.33</ymin>
      <xmax>693.68</xmax>
      <ymax>778.69</ymax>
    </bndbox>
  </object>
  <object>
    <name>WHITE</name>
    <occluded>0</occluded>
    <bndbox>
      <xmin>522.87</xmin>
      <ymin>806.66</ymin>
      <xmax>562.8</xmax>
      <ymax>848.3</ymax>
    </bndbox>
  </object>
  <object>
    <name>WHITE</name>
    <occluded>0</occluded>
    <bndbox>
      <xmin>848.3</xmin>
      <ymin>330.43</ymin>
      <xmax>889.68</xmax>
      <ymax>373.57</ymax>
    </bndbox>
  </object>
  <object>
    <name>WHITE</name>
    <occluded>0</occluded>
    <bndbox>
      <xmin>662.2</xmin>
      <ymin>618.0</ymin>
      <xmax>707.5</xmax>
      <ymax>661.02</ymax>
    </bndbox>
  </object>
  <object>
    <name>WHITE</name>
    <occluded>0</occluded>
    <bndbox>
      <xmin>610.58</xmin>
      <ymin>686.93</ymin>
      <xmax>654.7</xmax>
      <ymax>725.1</ymax>
    </bndbox>
  </object>
  <object>
    <name>WHITE</name>
    <occluded>0</occluded>
    <bndbox>
      <xmin>536.5</xmin>
      <ymin>785.2</ymin>
      <xmax>566.82</xmax>
      <ymax>821.94</ymax>
    </bndbox>
  </object>
  <object>
    <name>WHITE</name>
    <occluded>0</occluded>
    <bndbox>
      <xmin>551.5</xmin>
      <ymin>761.4</ymin>
      <xmax>584.39</xmax>
      <ymax>797.19</ymax>
    </bndbox>
  </object>
  <object>
    <name>WHITE</name>
    <occluded>0</occluded>
    <bndbox>
      <xmin>805.25</xmin>
      <ymin>273.05</ymin>
      <xmax>852.4</xmax>
      <ymax>309.7</ymax>
    </bndbox>
  </object>
  <object>
    <name>WHITE</name>
    <occluded>0</occluded>
    <bndbox>
      <xmin>739.4</xmin>
      <ymin>748.64</ymin>
      <xmax>785.61</xmax>
      <ymax>780.9</ymax>
    </bndbox>
  </object>
  <object>
    <name>WHITE</name>
    <occluded>0</occluded>
    <bndbox>
      <xmin>793.5</xmin>
      <ymin>689.0</ymin>
      <xmax>838.2</xmax>
      <ymax>727.8</ymax>
    </bndbox>
  </object>
  <object>
    <name>WHITE</name>
    <occluded>0</occluded>
    <bndbox>
      <xmin>893.0</xmin>
      <ymin>540.37</ymin>
      <xmax>934.7</xmax>
      <ymax>586.1</ymax>
    </bndbox>
  </object>
  <object>
    <name>BLACK</name>
    <occluded>0</occluded>
    <bndbox>
      <xmin>926.13</xmin>
      <ymin>470.02</ymin>
      <xmax>964.0</xmax>
      <ymax>520.6</ymax>
    </bndbox>
  </object>
  <object>
    <name>WHITE</name>
    <occluded>0</occluded>
    <bndbox>
      <xmin>670.38</xmin>
      <ymin>876.32</ymin>
      <xmax>712.8</xmax>
      <ymax>913.94</ymax>
    </bndbox>
  </object>
  <object>
    <name>WHITE</name>
    <occluded>0</occluded>
    <bndbox>
      <xmin>827.0</xmin>
      <ymin>733.69</ymin>
      <xmax>870.66</xmax>
      <ymax>772.0</ymax>
    </bndbox>
  </object>
  <object>
    <name>WHITE</name>
    <occluded>0</occluded>
    <bndbox>
      <xmin>655.62</xmin>
      <ymin>821.83</ymin>
      <xmax>699.9</xmax>
      <ymax>858.9</ymax>
    </bndbox>
  </object>
  <object>
    <name>WHITE</name>
    <occluded>0</occluded>
    <bndbox>
      <xmin>875.04</xmin>
      <ymin>669.96</ymin>
      <xmax>917.58</xmax>
      <ymax>713.8</ymax>
    </bndbox>
  </object>
  <object>
    <name>WHITE</name>
    <occluded>0</occluded>
    <bndbox>
      <xmin>930.08</xmin>
      <ymin>591.3</ymin>
      <xmax>966.8</xmax>
      <ymax>637.42</ymax>
    </bndbox>
  </object>
  <object>
    <name>WHITE</name>
    <occluded>0</occluded>
    <bndbox>
      <xmin>968.4</xmin>
      <ymin>511.84</ymin>
      <xmax>1001.23</xmax>
      <ymax>556.7</ymax>
    </bndbox>
  </object>
  <object>
    <name>WHITE</name>
    <occluded>0</occluded>
    <bndbox>
      <xmin>939.45</xmin>
      <ymin>343.92</ymin>
      <xmax>979.5</xmax>
      <ymax>390.8</ymax>
    </bndbox>
  </object>
  <object>
    <name>WHITE</name>
    <occluded>0</occluded>
    <bndbox>
      <xmin>897.17</xmin>
      <ymin>290.17</ymin>
      <xmax>941.6</xmax>
      <ymax>330.1</ymax>
    </bndbox>
  </object>
  <object>
    <name>WHITE</name>
    <occluded>0</occluded>
    <bndbox>
      <xmin>847.75</xmin>
      <ymin>239.19</ymin>
      <xmax>893.6</xmax>
      <ymax>273.7</ymax>
    </bndbox>
  </object>
  <object>
    <name>WHITE</name>
    <occluded>0</occluded>
    <bndbox>
      <xmin>724.19</xmin>
      <ymin>888.9</ymin>
      <xmax>765.6</xmax>
      <ymax>914.2</ymax>
    </bndbox>
  </object>
  <object>
    <name>WHITE</name>
    <occluded>0</occluded>
    <bndbox>
      <xmin>681.6</xmin>
      <ymin>471.09</ymin>
      <xmax>732.4</xmax>
      <ymax>519.2</ymax>
    </bndbox>
  </object>
  <object>
    <name>WHITE</name>
    <occluded>0</occluded>
    <bndbox>
      <xmin>498.43</xmin>
      <ymin>726.59</ymin>
      <xmax>526.7</xmax>
      <ymax>764.5</ymax>
    </bndbox>
  </object>
  <object>
    <name>WHITE</name>
    <occluded>0</occluded>
    <bndbox>
      <xmin>761.5</xmin>
      <ymin>235.5</ymin>
      <xmax>805.1</xmax>
      <ymax>262.7</ymax>
    </bndbox>
  </object>
  <object>
    <name>WHITE</name>
    <occluded>0</occluded>
    <bndbox>
      <xmin>719.0</xmin>
      <ymin>281.8</ymin>
      <xmax>767.2</xmax>
      <ymax>319.2</ymax>
    </bndbox>
  </object>
  <object>
    <name>WHITE</name>
    <occluded>0</occluded>
    <bndbox>
      <xmin>675.5</xmin>
      <ymin>337.3</ymin>
      <xmax>721.5</xmax>
      <ymax>382.4</ymax>
    </bndbox>
  </object>
  <object>
    <name>WHITE</name>
    <occluded>0</occluded>
    <bndbox>
      <xmin>599.7</xmin>
      <ymin>468.0</ymin>
      <xmax>643.5</xmax>
      <ymax>514.2</ymax>
    </bndbox>
  </object>
  <object>
    <name>WHITE</name>
    <occluded>0</occluded>
    <bndbox>
      <xmin>555.0</xmin>
      <ymin>535.0</ymin>
      <xmax>596.2</xmax>
      <ymax>578.0</ymax>
    </bndbox>
  </object>
  <object>
    <name>BLACK</name>
    <occluded>0</occluded>
    <bndbox>
      <xmin>536.86</xmin>
      <ymin>464.6</ymin>
      <xmax>575.1</xmax>
      <ymax>514.75</ymax>
    </bndbox>
  </object>
  <object>
    <name>WHITE</name>
    <occluded>0</occluded>
    <bndbox>
      <xmin>1061.07</xmin>
      <ymin>370.19</ymin>
      <xmax>1085.4</xmax>
      <ymax>412.92</ymax>
    </bndbox>
  </object>
  <object>
    <name>WHITE</name>
    <occluded>0</occluded>
    <bndbox>
      <xmin>974.67</xmin>
      <ymin>264.77</ymin>
      <xmax>1008.67</xmax>
      <ymax>300.01</ymax>
    </bndbox>
  </object>
  <object>
    <name>WHITE</name>
    <occluded>0</occluded>
    <bndbox>
      <xmin>954.37</xmin>
      <ymin>772.48</ymin>
      <xmax>987.15</xmax>
      <ymax>808.09</ymax>
    </bndbox>
  </object>
  <object>
    <name>WHITE</name>
    <occluded>0</occluded>
    <bndbox>
      <xmin>639.0</xmin>
      <ymin>539.5</ymin>
      <xmax>681.0</xmax>
      <ymax>582.5</ymax>
    </bndbox>
  </object>
  <object>
    <name>WHITE</name>
    <occluded>0</occluded>
    <bndbox>
      <xmin>851.06</xmin>
      <ymin>207.04</ymin>
      <xmax>892.43</xmax>
      <ymax>232.82</ymax>
    </bndbox>
  </object>
  <object>
    <name>WHITE</name>
    <occluded>0</occluded>
    <bndbox>
      <xmin>1049.84</xmin>
      <ymin>419.03</ymin>
      <xmax>1073.42</xmax>
      <ymax>464.32</ymax>
    </bndbox>
  </object>
  <object>
    <name>WHITE</name>
    <occluded>0</occluded>
    <bndbox>
      <xmin>1018.4</xmin>
      <ymin>465.44</ymin>
      <xmax>1046.47</xmax>
      <ymax>512.6</ymax>
    </bndbox>
  </object>
  <object>
    <name>WHITE</name>
    <occluded>0</occluded>
    <bndbox>
      <xmin>1002.3</xmin>
      <ymin>561.63</ymin>
      <xmax>1031.12</xmax>
      <ymax>603.55</ymax>
    </bndbox>
  </object>
  <object>
    <name>WHITE</name>
    <occluded>0</occluded>
    <bndbox>
      <xmin>656.1</xmin>
      <ymin>200.46</ymin>
      <xmax>699.14</xmax>
      <ymax>225.91</ymax>
    </bndbox>
  </object>
  <object>
    <name>WHITE</name>
    <occluded>0</occluded>
    <bndbox>
      <xmin>596.96</xmin>
      <ymin>240.88</ymin>
      <xmax>635.51</xmax>
      <ymax>272.32</ymax>
    </bndbox>
  </object>
  <object>
    <name>WHITE</name>
    <occluded>0</occluded>
    <bndbox>
      <xmin>503.46</xmin>
      <ymin>313.74</ymin>
      <xmax>534.34</xmax>
      <ymax>351.79</ymax>
    </bndbox>
  </object>
  <object>
    <name>WHITE</name>
    <occluded>0</occluded>
    <bndbox>
      <xmin>473.8</xmin>
      <ymin>377.05</ymin>
      <xmax>500.03</xmax>
      <ymax>421.96</ymax>
    </bndbox>
  </object>
  <object>
    <name>WHITE</name>
    <occluded>0</occluded>
    <bndbox>
      <xmin>525.26</xmin>
      <ymin>349.29</ymin>
      <xmax>559.6</xmax>
      <ymax>392.65</ymax>
    </bndbox>
  </object>
  <object>
    <name>WHITE</name>
    <occluded>0</occluded>
    <bndbox>
      <xmin>555.2</xmin>
      <ymin>290.34</ymin>
      <xmax>588.3</xmax>
      <ymax>331.83</ymax>
    </bndbox>
  </object>
  <object>
    <name>WHITE</name>
    <occluded>0</occluded>
    <bndbox>
      <xmin>455.52</xmin>
      <ymin>454.82</ymin>
      <xmax>481.77</xmax>
      <ymax>499.0</ymax>
    </bndbox>
  </object>
  <object>
    <name>WHITE</name>
    <occluded>0</occluded>
    <bndbox>
      <xmin>490.87</xmin>
      <ymin>498.48</ymin>
      <xmax>525.44</xmax>
      <ymax>544.49</ymax>
    </bndbox>
  </object>
  <object>
    <name>WHITE</name>
    <occluded>0</occluded>
    <bndbox>
      <xmin>459.49</xmin>
      <ymin>541.59</ymin>
      <xmax>490.48</xmax>
      <ymax>588.3</ymax>
    </bndbox>
  </object>
  <object>
    <name>WHITE</name>
    <occluded>0</occluded>
    <bndbox>
      <xmin>615.34</xmin>
      <ymin>785.02</ymin>
      <xmax>657.11</xmax>
      <ymax>814.66</ymax>
    </bndbox>
  </object>
  <object>
    <name>WHITE</name>
    <occluded>0</occluded>
    <bndbox>
      <xmin>508.42</xmin>
      <ymin>580.91</ymin>
      <xmax>543.67</xmax>
      <ymax>624.57</ymax>
    </bndbox>
  </object>
  <object>
    <name>WHITE</name>
    <occluded>0</occluded>
    <bndbox>
      <xmin>573.3</xmin>
      <ymin>602.74</ymin>
      <xmax>621.95</xmax>
      <ymax>649.52</ymax>
    </bndbox>
  </object>
  <object>
    <name>WHITE</name>
    <occluded>0</occluded>
    <bndbox>
      <xmin>951.94</xmin>
      <ymin>648.59</ymin>
      <xmax>988.77</xmax>
      <ymax>689.76</ymax>
    </bndbox>
  </object>
  <object>
    <name>WHITE</name>
    <occluded>0</occluded>
    <bndbox>
      <xmin>850.88</xmin>
      <ymin>780.52</ymin>
      <xmax>890.18</xmax>
      <ymax>813.58</ymax>
    </bndbox>
  </object>
  <object>
    <name>WHITE</name>
    <occluded>0</occluded>
    <bndbox>
      <xmin>537.19</xmin>
      <ymin>656.06</ymin>
      <xmax>574.25</xmax>
      <ymax>698.35</ymax>
    </bndbox>
  </object>
  <object>
    <name>WHITE</name>
    <occluded>0</occluded>
    <bndbox>
      <xmin>509.12</xmin>
      <ymin>693.49</ymin>
      <xmax>542.06</xmax>
      <ymax>735.41</ymax>
    </bndbox>
  </object>
  <object>
    <name>WHITE</name>
    <occluded>0</occluded>
    <bndbox>
      <xmin>567.5</xmin>
      <ymin>722.1</ymin>
      <xmax>607.42</xmax>
      <ymax>762.96</ymax>
    </bndbox>
  </object>
  <object>
    <name>WHITE</name>
    <occluded>0</occluded>
    <bndbox>
      <xmin>780.21</xmin>
      <ymin>787.6</ymin>
      <xmax>822.94</xmax>
      <ymax>818.79</ymax>
    </bndbox>
  </object>
  <object>
    <name>WHITE</name>
    <occluded>0</occluded>
    <bndbox>
      <xmin>764.5</xmin>
      <ymin>342.5</ymin>
      <xmax>807.5</xmax>
      <ymax>381.5</ymax>
    </bndbox>
  </object>
  <object>
    <name>WHITE</name>
    <occluded>0</occluded>
    <bndbox>
      <xmin>720.0</xmin>
      <ymin>548.5</ymin>
      <xmax>764.0</xmax>
      <ymax>591.5</ymax>
    </bndbox>
  </object>
  <object>
    <name>WHITE</name>
    <occluded>0</occluded>
    <bndbox>
      <xmin>761.86</xmin>
      <ymin>474.86</ymin>
      <xmax>806.14</xmax>
      <ymax>519.14</ymax>
    </bndbox>
  </object>
  <object>
    <name>WHITE</name>
    <occluded>0</occluded>
    <bndbox>
      <xmin>810.5</xmin>
      <ymin>404.5</ymin>
      <xmax>853.5</xmax>
      <ymax>447.5</ymax>
    </bndbox>
  </object>
  <object>
    <name>WHITE</name>
    <occluded>0</occluded>
    <bndbox>
      <xmin>970.0</xmin>
      <ymin>435.5</ymin>
      <xmax>1000.0</xmax>
      <ymax>478.5</ymax>
    </bndbox>
  </object>
  <object>
    <name>WHITE</name>
    <occluded>0</occluded>
    <bndbox>
      <xmin>718.5</xmin>
      <ymin>401.5</ymin>
      <xmax>763.5</xmax>
      <ymax>444.5</ymax>
    </bndbox>
  </object>
  <object>
    <name>BLACK</name>
    <occluded>0</occluded>
    <bndbox>
      <xmin>690.38</xmin>
      <ymin>798.52</ymin>
      <xmax>733.42</xmax>
      <ymax>831.58</ymax>
    </bndbox>
  </object>
  <object>
    <name>WHITE</name>
    <occluded>0</occluded>
    <bndbox>
      <xmin>722.82</xmin>
      <ymin>829.39</ymin>
      <xmax>769.6</xmax>
      <ymax>857.15</ymax>
    </bndbox>
  </object>
  <object>
    <name>WHITE</name>
    <occluded>0</occluded>
    <bndbox>
      <xmin>847.45</xmin>
      <ymin>854.72</ymin>
      <xmax>881.45</xmax>
      <ymax>889.4</ymax>
    </bndbox>
  </object>
  <object>
    <name>WHITE</name>
    <occluded>0</occluded>
    <bndbox>
      <xmin>1028.63</xmin>
      <ymin>292.22</ymin>
      <xmax>1061.69</xmax>
      <ymax>329.96</ymax>
    </bndbox>
  </object>
</annotation>
