<annotation>
  <folder>MK</folder>
  <filename>MK_camera11.png</filename>
  <source>
    <database>Unknown</database>
    <annotation>Unknown</annotation>
    <image>Unknown</image>
  </source>
  <size>
    <width>1280</width>
    <height>960</height>
    <depth></depth>
  </size>
  <segmented>0</segmented>
  <object>
    <name>WHITE</name>
    <occluded>0</occluded>
    <bndbox>
      <xmin>628.32</xmin>
      <ymin>436.9</ymin>
      <xmax>673.58</xmax>
      <ymax>485.07</ymax>
    </bndbox>
  </object>
  <object>
    <name>WHITE</name>
    <occluded>0</occluded>
    <bndbox>
      <xmin>865.82</xmin>
      <ymin>531.0</ymin>
      <xmax>882.82</xmax>
      <ymax>576.7</ymax>
    </bndbox>
  </object>
  <object>
    <name>WHITE</name>
    <occluded>0</occluded>
    <bndbox>
      <xmin>831.5</xmin>
      <ymin>465.19</ymin>
      <xmax>857.7</xmax>
      <ymax>510.6</ymax>
    </bndbox>
  </object>
  <object>
    <name>BLACK</name>
    <occluded>0</occluded>
    <bndbox>
      <xmin>816.45</xmin>
      <ymin>312.09</ymin>
      <xmax>854.2</xmax>
      <ymax>356.2</ymax>
    </bndbox>
  </object>
  <object>
    <name>WHITE</name>
    <occluded>0</occluded>
    <bndbox>
      <xmin>719.02</xmin>
      <ymin>282.73</ymin>
      <xmax>759.0</xmax>
      <ymax>327.8</ymax>
    </bndbox>
  </object>
  <object>
    <name>WHITE</name>
    <occluded>0</occluded>
    <bndbox>
      <xmin>807.7</xmin>
      <ymin>535.64</ymin>
      <xmax>838.5</xmax>
      <ymax>583.9</ymax>
    </bndbox>
  </object>
  <object>
    <name>WHITE</name>
    <occluded>0</occluded>
    <bndbox>
      <xmin>778.5</xmin>
      <ymin>464.87</ymin>
      <xmax>803.9</xmax>
      <ymax>514.7</ymax>
    </bndbox>
  </object>
  <object>
    <name>WHITE</name>
    <occluded>0</occluded>
    <bndbox>
      <xmin>751.71</xmin>
      <ymin>383.4</ymin>
      <xmax>784.29</xmax>
      <ymax>431.82</ymax>
    </bndbox>
  </object>
  <object>
    <name>WHITE</name>
    <occluded>0</occluded>
    <bndbox>
      <xmin>685.6</xmin>
      <ymin>325.07</ymin>
      <xmax>728.4</xmax>
      <ymax>368.93</ymax>
    </bndbox>
  </object>
  <object>
    <name>BLACK</name>
    <occluded>0</occluded>
    <bndbox>
      <xmin>752.66</xmin>
      <ymin>547.8</ymin>
      <xmax>780.4</xmax>
      <ymax>595.2</ymax>
    </bndbox>
  </object>
  <object>
    <name>WHITE</name>
    <occluded>0</occluded>
    <bndbox>
      <xmin>715.18</xmin>
      <ymin>460.57</ymin>
      <xmax>747.85</xmax>
      <ymax>511.46</ymax>
    </bndbox>
  </object>
  <object>
    <name>WHITE</name>
    <occluded>0</occluded>
    <bndbox>
      <xmin>679.37</xmin>
      <ymin>398.36</ymin>
      <xmax>726.6</xmax>
      <ymax>449.2</ymax>
    </bndbox>
  </object>
  <object>
    <name>BLACK</name>
    <occluded>0</occluded>
    <bndbox>
      <xmin>643.32</xmin>
      <ymin>360.51</ymin>
      <xmax>689.7</xmax>
      <ymax>413.7</ymax>
    </bndbox>
  </object>
  <object>
    <name>WHITE</name>
    <occluded>0</occluded>
    <bndbox>
      <xmin>658.3</xmin>
      <ymin>480.14</ymin>
      <xmax>700.7</xmax>
      <ymax>531.7</ymax>
    </bndbox>
  </object>
  <object>
    <name>WHITE</name>
    <occluded>0</occluded>
    <bndbox>
      <xmin>587.2</xmin>
      <ymin>403.5</ymin>
      <xmax>636.49</xmax>
      <ymax>450.06</ymax>
    </bndbox>
  </object>
  <object>
    <name>WHITE</name>
    <occluded>0</occluded>
    <bndbox>
      <xmin>798.98</xmin>
      <ymin>185.2</ymin>
      <xmax>830.9</xmax>
      <ymax>225.2</ymax>
    </bndbox>
  </object>
  <object>
    <name>WHITE</name>
    <occluded>0</occluded>
    <bndbox>
      <xmin>774.49</xmin>
      <ymin>234.18</ymin>
      <xmax>809.1</xmax>
      <ymax>277.4</ymax>
    </bndbox>
  </object>
  <object>
    <name>WHITE</name>
    <occluded>0</occluded>
    <bndbox>
      <xmin>754.87</xmin>
      <ymin>116.29</ymin>
      <xmax>791.9</xmax>
      <ymax>150.0</ymax>
    </bndbox>
  </object>
  <object>
    <name>WHITE</name>
    <occluded>0</occluded>
    <bndbox>
      <xmin>721.01</xmin>
      <ymin>146.41</ymin>
      <xmax>759.2</xmax>
      <ymax>186.6</ymax>
    </bndbox>
  </object>
  <object>
    <name>WHITE</name>
    <occluded>0</occluded>
    <bndbox>
      <xmin>691.48</xmin>
      <ymin>196.43</ymin>
      <xmax>734.6</xmax>
      <ymax>240.5</ymax>
    </bndbox>
  </object>
  <object>
    <name>WHITE</name>
    <occluded>0</occluded>
    <bndbox>
      <xmin>686.18</xmin>
      <ymin>81.26</ymin>
      <xmax>725.9</xmax>
      <ymax>115.9</ymax>
    </bndbox>
  </object>
  <object>
    <name>WHITE</name>
    <occluded>0</occluded>
    <bndbox>
      <xmin>639.46</xmin>
      <ymin>105.43</ymin>
      <xmax>681.9</xmax>
      <ymax>141.9</ymax>
    </bndbox>
  </object>
  <object>
    <name>WHITE</name>
    <occluded>0</occluded>
    <bndbox>
      <xmin>711.49</xmin>
      <ymin>63.88</ymin>
      <xmax>749.29</xmax>
      <ymax>90.83</ymax>
    </bndbox>
  </object>
  <object>
    <name>BLACK</name>
    <occluded>0</occluded>
    <bndbox>
      <xmin>338.7</xmin>
      <ymin>182.27</ymin>
      <xmax>370.12</xmax>
      <ymax>218.2</ymax>
    </bndbox>
  </object>
  <object>
    <name>WHITE</name>
    <occluded>0</occluded>
    <bndbox>
      <xmin>320.71</xmin>
      <ymin>156.07</ymin>
      <xmax>355.89</xmax>
      <ymax>188.26</ymax>
    </bndbox>
  </object>
  <object>
    <name>WHITE</name>
    <occluded>0</occluded>
    <bndbox>
      <xmin>489.51</xmin>
      <ymin>34.05</ymin>
      <xmax>530.31</xmax>
      <ymax>58.76</ymax>
    </bndbox>
  </object>
  <object>
    <name>WHITE</name>
    <occluded>0</occluded>
    <bndbox>
      <xmin>377.98</xmin>
      <ymin>117.52</ymin>
      <xmax>418.77</xmax>
      <ymax>150.08</ymax>
    </bndbox>
  </object>
  <object>
    <name>WHITE</name>
    <occluded>0</occluded>
    <bndbox>
      <xmin>640.34</xmin>
      <ymin>35.93</ymin>
      <xmax>683.01</xmax>
      <ymax>61.75</ymax>
    </bndbox>
  </object>
  <object>
    <name>WHITE</name>
    <occluded>0</occluded>
    <bndbox>
      <xmin>589.82</xmin>
      <ymin>46.03</ymin>
      <xmax>632.86</xmax>
      <ymax>71.48</ymax>
    </bndbox>
  </object>
  <object>
    <name>WHITE</name>
    <occluded>0</occluded>
    <bndbox>
      <xmin>529.56</xmin>
      <ymin>71.86</ymin>
      <xmax>575.97</xmax>
      <ymax>102.17</ymax>
    </bndbox>
  </object>
  <object>
    <name>WHITE</name>
    <occluded>0</occluded>
    <bndbox>
      <xmin>821.15</xmin>
      <ymin>150.49</ymin>
      <xmax>851.47</xmax>
      <ymax>189.79</ymax>
    </bndbox>
  </object>
  <object>
    <name>WHITE</name>
    <occluded>0</occluded>
    <bndbox>
      <xmin>832.58</xmin>
      <ymin>261.15</ymin>
      <xmax>862.9</xmax>
      <ymax>304.8</ymax>
    </bndbox>
  </object>
  <object>
    <name>WHITE</name>
    <occluded>0</occluded>
    <bndbox>
      <xmin>906.34</xmin>
      <ymin>508.14</ymin>
      <xmax>924.74</xmax>
      <ymax>548.38</ymax>
    </bndbox>
  </object>
  <object>
    <name>WHITE</name>
    <occluded>0</occluded>
    <bndbox>
      <xmin>433.5</xmin>
      <ymin>68.07</ymin>
      <xmax>475.24</xmax>
      <ymax>96.4</ymax>
    </bndbox>
  </object>
  <object>
    <name>WHITE</name>
    <occluded>0</occluded>
    <bndbox>
      <xmin>473.37</xmin>
      <ymin>97.62</ymin>
      <xmax>520.1</xmax>
      <ymax>126.6</ymax>
    </bndbox>
  </object>
  <object>
    <name>WHITE</name>
    <occluded>0</occluded>
    <bndbox>
      <xmin>590.5</xmin>
      <ymin>136.56</ymin>
      <xmax>636.1</xmax>
      <ymax>174.5</ymax>
    </bndbox>
  </object>
  <object>
    <name>WHITE</name>
    <occluded>0</occluded>
    <bndbox>
      <xmin>800.06</xmin>
      <ymin>381.57</ymin>
      <xmax>827.94</xmax>
      <ymax>424.43</ymax>
    </bndbox>
  </object>
</annotation>
