<annotation>
  <folder>MK</folder>
  <filename>MK_camera3.png</filename>
  <source>
    <database>Unknown</database>
    <annotation>Unknown</annotation>
    <image>Unknown</image>
  </source>
  <size>
    <width>1280</width>
    <height>960</height>
    <depth></depth>
  </size>
  <segmented>0</segmented>
  <object>
    <name>BLACK</name>
    <occluded>0</occluded>
    <bndbox>
      <xmin>763.4</xmin>
      <ymin>932.63</ymin>
      <xmax>805.5</xmax>
      <ymax>959.38</ymax>
    </bndbox>
  </object>
  <object>
    <name>WHITE</name>
    <occluded>0</occluded>
    <bndbox>
      <xmin>619.94</xmin>
      <ymin>834.71</ymin>
      <xmax>662.4</xmax>
      <ymax>863.4</ymax>
    </bndbox>
  </object>
  <object>
    <name>WHITE</name>
    <occluded>0</occluded>
    <bndbox>
      <xmin>595.29</xmin>
      <ymin>842.51</ymin>
      <xmax>627.8</xmax>
      <ymax>880.9</ymax>
    </bndbox>
  </object>
  <object>
    <name>WHITE</name>
    <occluded>0</occluded>
    <bndbox>
      <xmin>569.21</xmin>
      <ymin>858.87</ymin>
      <xmax>598.7</xmax>
      <ymax>890.3</ymax>
    </bndbox>
  </object>
  <object>
    <name>WHITE</name>
    <occluded>0</occluded>
    <bndbox>
      <xmin>844.64</xmin>
      <ymin>901.8</ymin>
      <xmax>889.5</xmax>
      <ymax>932.55</ymax>
    </bndbox>
  </object>
  <object>
    <name>WHITE</name>
    <occluded>0</occluded>
    <bndbox>
      <xmin>838.13</xmin>
      <ymin>864.3</ymin>
      <xmax>877.4</xmax>
      <ymax>896.43</ymax>
    </bndbox>
  </object>
  <object>
    <name>BLACK</name>
    <occluded>0</occluded>
    <bndbox>
      <xmin>869.69</xmin>
      <ymin>839.7</ymin>
      <xmax>914.9</xmax>
      <ymax>871.0</ymax>
    </bndbox>
  </object>
  <object>
    <name>WHITE</name>
    <occluded>0</occluded>
    <bndbox>
      <xmin>826.1</xmin>
      <ymin>816.13</ymin>
      <xmax>873.62</xmax>
      <ymax>854.3</ymax>
    </bndbox>
  </object>
  <object>
    <name>WHITE</name>
    <occluded>0</occluded>
    <bndbox>
      <xmin>692.89</xmin>
      <ymin>837.19</ymin>
      <xmax>736.3</xmax>
      <ymax>870.1</ymax>
    </bndbox>
  </object>
  <object>
    <name>WHITE</name>
    <occluded>0</occluded>
    <bndbox>
      <xmin>780.43</xmin>
      <ymin>301.92</ymin>
      <xmax>830.2</xmax>
      <ymax>347.1</ymax>
    </bndbox>
  </object>
  <object>
    <name>WHITE</name>
    <occluded>0</occluded>
    <bndbox>
      <xmin>693.19</xmin>
      <ymin>921.37</ymin>
      <xmax>736.57</xmax>
      <ymax>950.72</ymax>
    </bndbox>
  </object>
  <object>
    <name>WHITE</name>
    <occluded>0</occluded>
    <bndbox>
      <xmin>737.17</xmin>
      <ymin>894.58</ymin>
      <xmax>782.11</xmax>
      <ymax>920.78</ymax>
    </bndbox>
  </object>
  <object>
    <name>WHITE</name>
    <occluded>0</occluded>
    <bndbox>
      <xmin>765.55</xmin>
      <ymin>848.73</ymin>
      <xmax>811.12</xmax>
      <ymax>885.85</ymax>
    </bndbox>
  </object>
  <object>
    <name>WHITE</name>
    <occluded>0</occluded>
    <bndbox>
      <xmin>898.73</xmin>
      <ymin>841.25</ymin>
      <xmax>936.19</xmax>
      <ymax>873.68</ymax>
    </bndbox>
  </object>
  <object>
    <name>WHITE</name>
    <occluded>0</occluded>
    <bndbox>
      <xmin>874.43</xmin>
      <ymin>876.46</ymin>
      <xmax>914.35</xmax>
      <ymax>905.5</ymax>
    </bndbox>
  </object>
  <object>
    <name>WHITE</name>
    <occluded>0</occluded>
    <bndbox>
      <xmin>804.26</xmin>
      <ymin>899.23</ymin>
      <xmax>847.61</xmax>
      <ymax>927.95</ymax>
    </bndbox>
  </object>
  <object>
    <name>BLACK</name>
    <occluded>0</occluded>
    <bndbox>
      <xmin>642.95</xmin>
      <ymin>774.39</ymin>
      <xmax>686.3</xmax>
      <ymax>814.8</ymax>
    </bndbox>
  </object>
  <object>
    <name>WHITE</name>
    <occluded>0</occluded>
    <bndbox>
      <xmin>763.2</xmin>
      <ymin>542.87</ymin>
      <xmax>814.8</xmax>
      <ymax>593.5</ymax>
    </bndbox>
  </object>
  <object>
    <name>WHITE</name>
    <occluded>0</occluded>
    <bndbox>
      <xmin>689.57</xmin>
      <ymin>712.01</ymin>
      <xmax>739.8</xmax>
      <ymax>755.4</ymax>
    </bndbox>
  </object>
  <object>
    <name>WHITE</name>
    <occluded>0</occluded>
    <bndbox>
      <xmin>736.2</xmin>
      <ymin>634.3</ymin>
      <xmax>786.73</xmax>
      <ymax>679.46</ymax>
    </bndbox>
  </object>
  <object>
    <name>WHITE</name>
    <occluded>0</occluded>
    <bndbox>
      <xmin>946.2</xmin>
      <ymin>522.97</ymin>
      <xmax>987.56</xmax>
      <ymax>575.5</ymax>
    </bndbox>
  </object>
  <object>
    <name>WHITE</name>
    <occluded>0</occluded>
    <bndbox>
      <xmin>729.56</xmin>
      <ymin>251.2</ymin>
      <xmax>780.2</xmax>
      <ymax>287.9</ymax>
    </bndbox>
  </object>
  <object>
    <name>WHITE</name>
    <occluded>0</occluded>
    <bndbox>
      <xmin>780.88</xmin>
      <ymin>216.12</ymin>
      <xmax>830.1</xmax>
      <ymax>243.4</ymax>
    </bndbox>
  </object>
  <object>
    <name>WHITE</name>
    <occluded>0</occluded>
    <bndbox>
      <xmin>837.64</xmin>
      <ymin>257.37</ymin>
      <xmax>884.6</xmax>
      <ymax>289.9</ymax>
    </bndbox>
  </object>
  <object>
    <name>WHITE</name>
    <occluded>0</occluded>
    <bndbox>
      <xmin>682.5</xmin>
      <ymin>215.0</ymin>
      <xmax>731.6</xmax>
      <ymax>244.0</ymax>
    </bndbox>
  </object>
  <object>
    <name>WHITE</name>
    <occluded>0</occluded>
    <bndbox>
      <xmin>571.45</xmin>
      <ymin>424.83</ymin>
      <xmax>620.7</xmax>
      <ymax>476.6</ymax>
    </bndbox>
  </object>
  <object>
    <name>BLACK</name>
    <occluded>0</occluded>
    <bndbox>
      <xmin>445.2</xmin>
      <ymin>445.8</ymin>
      <xmax>481.5</xmax>
      <ymax>493.23</ymax>
    </bndbox>
  </object>
  <object>
    <name>WHITE</name>
    <occluded>0</occluded>
    <bndbox>
      <xmin>471.91</xmin>
      <ymin>512.0</ymin>
      <xmax>512.5</xmax>
      <ymax>558.6</ymax>
    </bndbox>
  </object>
  <object>
    <name>WHITE</name>
    <occluded>0</occluded>
    <bndbox>
      <xmin>498.57</xmin>
      <ymin>434.49</ymin>
      <xmax>537.5</xmax>
      <ymax>481.8</ymax>
    </bndbox>
  </object>
  <object>
    <name>WHITE</name>
    <occluded>0</occluded>
    <bndbox>
      <xmin>529.7</xmin>
      <ymin>348.7</ymin>
      <xmax>577.5</xmax>
      <ymax>392.57</ymax>
    </bndbox>
  </object>
  <object>
    <name>WHITE</name>
    <occluded>0</occluded>
    <bndbox>
      <xmin>558.52</xmin>
      <ymin>286.21</ymin>
      <xmax>602.36</xmax>
      <ymax>328.7</ymax>
    </bndbox>
  </object>
  <object>
    <name>WHITE</name>
    <occluded>0</occluded>
    <bndbox>
      <xmin>462.79</xmin>
      <ymin>645.75</ymin>
      <xmax>499.1</xmax>
      <ymax>689.4</ymax>
    </bndbox>
  </object>
  <object>
    <name>WHITE</name>
    <occluded>0</occluded>
    <bndbox>
      <xmin>504.79</xmin>
      <ymin>594.36</ymin>
      <xmax>546.6</xmax>
      <ymax>640.0</ymax>
    </bndbox>
  </object>
  <object>
    <name>WHITE</name>
    <occluded>0</occluded>
    <bndbox>
      <xmin>871.6</xmin>
      <ymin>313.24</ymin>
      <xmax>918.0</xmax>
      <ymax>358.1</ymax>
    </bndbox>
  </object>
  <object>
    <name>WHITE</name>
    <occluded>0</occluded>
    <bndbox>
      <xmin>892.85</xmin>
      <ymin>392.67</ymin>
      <xmax>936.9</xmax>
      <ymax>443.1</ymax>
    </bndbox>
  </object>
  <object>
    <name>WHITE</name>
    <occluded>0</occluded>
    <bndbox>
      <xmin>876.2</xmin>
      <ymin>487.4</ymin>
      <xmax>923.5</xmax>
      <ymax>538.5</ymax>
    </bndbox>
  </object>
  <object>
    <name>WHITE</name>
    <occluded>0</occluded>
    <bndbox>
      <xmin>833.38</xmin>
      <ymin>594.37</ymin>
      <xmax>882.7</xmax>
      <ymax>641.0</ymax>
    </bndbox>
  </object>
  <object>
    <name>WHITE</name>
    <occluded>0</occluded>
    <bndbox>
      <xmin>786.44</xmin>
      <ymin>693.25</ymin>
      <xmax>835.4</xmax>
      <ymax>732.9</ymax>
    </bndbox>
  </object>
  <object>
    <name>WHITE</name>
    <occluded>0</occluded>
    <bndbox>
      <xmin>543.05</xmin>
      <ymin>511.32</ymin>
      <xmax>589.9</xmax>
      <ymax>559.6</ymax>
    </bndbox>
  </object>
  <object>
    <name>WHITE</name>
    <occluded>0</occluded>
    <bndbox>
      <xmin>709.63</xmin>
      <ymin>474.38</ymin>
      <xmax>761.6</xmax>
      <ymax>527.3</ymax>
    </bndbox>
  </object>
  <object>
    <name>WHITE</name>
    <occluded>0</occluded>
    <bndbox>
      <xmin>670.5</xmin>
      <ymin>571.27</ymin>
      <xmax>721.9</xmax>
      <ymax>620.5</ymax>
    </bndbox>
  </object>
  <object>
    <name>WHITE</name>
    <occluded>0</occluded>
    <bndbox>
      <xmin>640.32</xmin>
      <ymin>652.69</ymin>
      <xmax>688.7</xmax>
      <ymax>695.3</ymax>
    </bndbox>
  </object>
  <object>
    <name>WHITE</name>
    <occluded>0</occluded>
    <bndbox>
      <xmin>607.8</xmin>
      <ymin>719.73</ymin>
      <xmax>657.6</xmax>
      <ymax>759.4</ymax>
    </bndbox>
  </object>
  <object>
    <name>WHITE</name>
    <occluded>0</occluded>
    <bndbox>
      <xmin>892.5</xmin>
      <ymin>630.87</ymin>
      <xmax>937.54</xmax>
      <ymax>675.5</ymax>
    </bndbox>
  </object>
  <object>
    <name>WHITE</name>
    <occluded>0</occluded>
    <bndbox>
      <xmin>654.2</xmin>
      <ymin>407.5</ymin>
      <xmax>703.22</xmax>
      <ymax>458.9</ymax>
    </bndbox>
  </object>
  <object>
    <name>WHITE</name>
    <occluded>0</occluded>
    <bndbox>
      <xmin>622.6</xmin>
      <ymin>500.5</ymin>
      <xmax>672.0</xmax>
      <ymax>550.5</ymax>
    </bndbox>
  </object>
  <object>
    <name>WHITE</name>
    <occluded>0</occluded>
    <bndbox>
      <xmin>580.25</xmin>
      <ymin>591.5</ymin>
      <xmax>632.6</xmax>
      <ymax>636.9</ymax>
    </bndbox>
  </object>
  <object>
    <name>WHITE</name>
    <occluded>0</occluded>
    <bndbox>
      <xmin>557.69</xmin>
      <ymin>661.53</ymin>
      <xmax>602.2</xmax>
      <ymax>703.6</ymax>
    </bndbox>
  </object>
  <object>
    <name>WHITE</name>
    <occluded>0</occluded>
    <bndbox>
      <xmin>409.32</xmin>
      <ymin>409.42</ymin>
      <xmax>437.4</xmax>
      <ymax>453.5</ymax>
    </bndbox>
  </object>
  <object>
    <name>WHITE</name>
    <occluded>0</occluded>
    <bndbox>
      <xmin>485.5</xmin>
      <ymin>290.88</ymin>
      <xmax>524.28</xmax>
      <ymax>335.2</ymax>
    </bndbox>
  </object>
  <object>
    <name>WHITE</name>
    <occluded>0</occluded>
    <bndbox>
      <xmin>421.5</xmin>
      <ymin>331.57</ymin>
      <xmax>450.26</xmax>
      <ymax>376.1</ymax>
    </bndbox>
  </object>
  <object>
    <name>WHITE</name>
    <occluded>0</occluded>
    <bndbox>
      <xmin>415.23</xmin>
      <ymin>491.39</ymin>
      <xmax>440.57</xmax>
      <ymax>536.44</ymax>
    </bndbox>
  </object>
  <object>
    <name>WHITE</name>
    <occluded>0</occluded>
    <bndbox>
      <xmin>410.62</xmin>
      <ymin>609.4</ymin>
      <xmax>434.99</xmax>
      <ymax>652.54</ymax>
    </bndbox>
  </object>
  <object>
    <name>BLACK</name>
    <occluded>0</occluded>
    <bndbox>
      <xmin>1072.02</xmin>
      <ymin>522.8</ymin>
      <xmax>1091.64</xmax>
      <ymax>571.46</ymax>
    </bndbox>
  </object>
  <object>
    <name>WHITE</name>
    <occluded>0</occluded>
    <bndbox>
      <xmin>1017.74</xmin>
      <ymin>457.68</ymin>
      <xmax>1047.37</xmax>
      <ymax>506.02</ymax>
    </bndbox>
  </object>
  <object>
    <name>WHITE</name>
    <occluded>0</occluded>
    <bndbox>
      <xmin>998.71</xmin>
      <ymin>540.03</ymin>
      <xmax>1029.55</xmax>
      <ymax>588.79</ymax>
    </bndbox>
  </object>
  <object>
    <name>WHITE</name>
    <occluded>0</occluded>
    <bndbox>
      <xmin>434.22</xmin>
      <ymin>565.55</ymin>
      <xmax>466.8</xmax>
      <ymax>611.0</ymax>
    </bndbox>
  </object>
  <object>
    <name>WHITE</name>
    <occluded>0</occluded>
    <bndbox>
      <xmin>432.51</xmin>
      <ymin>667.51</ymin>
      <xmax>460.58</xmax>
      <ymax>709.81</ymax>
    </bndbox>
  </object>
  <object>
    <name>WHITE</name>
    <occluded>0</occluded>
    <bndbox>
      <xmin>665.77</xmin>
      <ymin>878.36</ymin>
      <xmax>707.26</xmax>
      <ymax>911.11</ymax>
    </bndbox>
  </object>
  <object>
    <name>WHITE</name>
    <occluded>0</occluded>
    <bndbox>
      <xmin>621.48</xmin>
      <ymin>888.94</ymin>
      <xmax>660.47</xmax>
      <ymax>922.03</ymax>
    </bndbox>
  </object>
  <object>
    <name>WHITE</name>
    <occluded>0</occluded>
    <bndbox>
      <xmin>695.68</xmin>
      <ymin>313.4</ymin>
      <xmax>742.32</xmax>
      <ymax>352.6</ymax>
    </bndbox>
  </object>
  <object>
    <name>WHITE</name>
    <occluded>0</occluded>
    <bndbox>
      <xmin>641.33</xmin>
      <ymin>187.03</ymin>
      <xmax>687.08</xmax>
      <ymax>208.86</ymax>
    </bndbox>
  </object>
  <object>
    <name>WHITE</name>
    <occluded>0</occluded>
    <bndbox>
      <xmin>649.44</xmin>
      <ymin>269.63</ymin>
      <xmax>694.56</xmax>
      <ymax>302.37</ymax>
    </bndbox>
  </object>
  <object>
    <name>WHITE</name>
    <occluded>0</occluded>
    <bndbox>
      <xmin>606.5</xmin>
      <ymin>332.5</ymin>
      <xmax>651.5</xmax>
      <ymax>373.5</ymax>
    </bndbox>
  </object>
  <object>
    <name>WHITE</name>
    <occluded>0</occluded>
    <bndbox>
      <xmin>731.0</xmin>
      <ymin>184.69</ymin>
      <xmax>777.01</xmax>
      <ymax>206.0</ymax>
    </bndbox>
  </object>
  <object>
    <name>WHITE</name>
    <occluded>0</occluded>
    <bndbox>
      <xmin>859.74</xmin>
      <ymin>226.64</ymin>
      <xmax>902.1</xmax>
      <ymax>250.81</ymax>
    </bndbox>
  </object>
  <object>
    <name>WHITE</name>
    <occluded>0</occluded>
    <bndbox>
      <xmin>905.03</xmin>
      <ymin>270.94</ymin>
      <xmax>947.76</xmax>
      <ymax>304.63</ymax>
    </bndbox>
  </object>
  <object>
    <name>WHITE</name>
    <occluded>0</occluded>
    <bndbox>
      <xmin>447.7</xmin>
      <ymin>270.46</ymin>
      <xmax>480.71</xmax>
      <ymax>309.19</ymax>
    </bndbox>
  </object>
  <object>
    <name>WHITE</name>
    <occluded>0</occluded>
    <bndbox>
      <xmin>601.04</xmin>
      <ymin>230.69</ymin>
      <xmax>647.57</xmax>
      <ymax>264.48</ymax>
    </bndbox>
  </object>
  <object>
    <name>WHITE</name>
    <occluded>0</occluded>
    <bndbox>
      <xmin>520.73</xmin>
      <ymin>236.93</ymin>
      <xmax>563.1</xmax>
      <ymax>267.6</ymax>
    </bndbox>
  </object>
  <object>
    <name>WHITE</name>
    <occluded>0</occluded>
    <bndbox>
      <xmin>452.09</xmin>
      <ymin>375.68</ymin>
      <xmax>495.91</xmax>
      <ymax>406.32</ymax>
    </bndbox>
  </object>
  <object>
    <name>WHITE</name>
    <occluded>0</occluded>
    <bndbox>
      <xmin>743.02</xmin>
      <ymin>378.33</ymin>
      <xmax>794.6</xmax>
      <ymax>429.3</ymax>
    </bndbox>
  </object>
  <object>
    <name>WHITE</name>
    <occluded>0</occluded>
    <bndbox>
      <xmin>779.6</xmin>
      <ymin>778.33</ymin>
      <xmax>830.48</xmax>
      <ymax>811.8</ymax>
    </bndbox>
  </object>
  <object>
    <name>WHITE</name>
    <occluded>0</occluded>
    <bndbox>
      <xmin>707.69</xmin>
      <ymin>782.62</ymin>
      <xmax>756.6</xmax>
      <ymax>816.2</ymax>
    </bndbox>
  </object>
  <object>
    <name>BLACK</name>
    <occluded>0</occluded>
    <bndbox>
      <xmin>818.7</xmin>
      <ymin>362.59</ymin>
      <xmax>870.8</xmax>
      <ymax>413.1</ymax>
    </bndbox>
  </object>
  <object>
    <name>WHITE</name>
    <occluded>0</occluded>
    <bndbox>
      <xmin>804.67</xmin>
      <ymin>441.8</ymin>
      <xmax>854.8</xmax>
      <ymax>493.41</ymax>
    </bndbox>
  </object>
  <object>
    <name>WHITE</name>
    <occluded>0</occluded>
    <bndbox>
      <xmin>1008.13</xmin>
      <ymin>367.3</ymin>
      <xmax>1035.5</xmax>
      <ymax>411.8</ymax>
    </bndbox>
  </object>
  <object>
    <name>WHITE</name>
    <occluded>0</occluded>
    <bndbox>
      <xmin>944.42</xmin>
      <ymin>335.24</ymin>
      <xmax>985.3</xmax>
      <ymax>378.7</ymax>
    </bndbox>
  </object>
  <object>
    <name>WHITE</name>
    <occluded>0</occluded>
    <bndbox>
      <xmin>966.55</xmin>
      <ymin>414.97</ymin>
      <xmax>1004.6</xmax>
      <ymax>467.5</ymax>
    </bndbox>
  </object>
</annotation>
