<annotation>
  <folder>MK</folder>
  <filename>MK_camera9.png</filename>
  <source>
    <database>Unknown</database>
    <annotation>Unknown</annotation>
    <image>Unknown</image>
  </source>
  <size>
    <width>960</width>
    <height>1280</height>
    <depth></depth>
  </size>
  <segmented>0</segmented>
  <object>
    <name>WHITE</name>
    <occluded>0</occluded>
    <bndbox>
      <xmin>569.61</xmin>
      <ymin>597.44</ymin>
      <xmax>611.1</xmax>
      <ymax>641.5</ymax>
    </bndbox>
  </object>
  <object>
    <name>WHITE</name>
    <occluded>0</occluded>
    <bndbox>
      <xmin>502.1</xmin>
      <ymin>454.3</ymin>
      <xmax>544.8</xmax>
      <ymax>493.9</ymax>
    </bndbox>
  </object>
  <object>
    <name>WHITE</name>
    <occluded>0</occluded>
    <bndbox>
      <xmin>243.0</xmin>
      <ymin>721.8</ymin>
      <xmax>271.4</xmax>
      <ymax>764.5</ymax>
    </bndbox>
  </object>
  <object>
    <name>WHITE</name>
    <occluded>0</occluded>
    <bndbox>
      <xmin>337.72</xmin>
      <ymin>444.56</ymin>
      <xmax>379.44</xmax>
      <ymax>487.8</ymax>
    </bndbox>
  </object>
  <object>
    <name>WHITE</name>
    <occluded>0</occluded>
    <bndbox>
      <xmin>430.01</xmin>
      <ymin>349.17</ymin>
      <xmax>472.2</xmax>
      <ymax>377.1</ymax>
    </bndbox>
  </object>
  <object>
    <name>WHITE</name>
    <occluded>0</occluded>
    <bndbox>
      <xmin>287.33</xmin>
      <ymin>753.85</ymin>
      <xmax>323.5</xmax>
      <ymax>796.23</ymax>
    </bndbox>
  </object>
  <object>
    <name>WHITE</name>
    <occluded>0</occluded>
    <bndbox>
      <xmin>282.18</xmin>
      <ymin>709.77</ymin>
      <xmax>313.32</xmax>
      <ymax>752.15</ymax>
    </bndbox>
  </object>
  <object>
    <name>WHITE</name>
    <occluded>0</occluded>
    <bndbox>
      <xmin>304.49</xmin>
      <ymin>651.5</ymin>
      <xmax>345.51</xmax>
      <ymax>695.03</ymax>
    </bndbox>
  </object>
  <object>
    <name>WHITE</name>
    <occluded>0</occluded>
    <bndbox>
      <xmin>372.13</xmin>
      <ymin>511.31</ymin>
      <xmax>412.41</xmax>
      <ymax>550.43</ymax>
    </bndbox>
  </object>
  <object>
    <name>WHITE</name>
    <occluded>0</occluded>
    <bndbox>
      <xmin>417.58</xmin>
      <ymin>445.37</ymin>
      <xmax>457.58</xmax>
      <ymax>482.37</ymax>
    </bndbox>
  </object>
  <object>
    <name>WHITE</name>
    <occluded>0</occluded>
    <bndbox>
      <xmin>463.36</xmin>
      <ymin>393.6</ymin>
      <xmax>507.7</xmax>
      <ymax>429.1</ymax>
    </bndbox>
  </object>
  <object>
    <name>WHITE</name>
    <occluded>0</occluded>
    <bndbox>
      <xmin>368.08</xmin>
      <ymin>645.78</ymin>
      <xmax>411.53</xmax>
      <ymax>690.58</ymax>
    </bndbox>
  </object>
  <object>
    <name>WHITE</name>
    <occluded>0</occluded>
    <bndbox>
      <xmin>409.17</xmin>
      <ymin>579.16</ymin>
      <xmax>454.0</xmax>
      <ymax>622.5</ymax>
    </bndbox>
  </object>
  <object>
    <name>WHITE</name>
    <occluded>0</occluded>
    <bndbox>
      <xmin>450.58</xmin>
      <ymin>511.25</ymin>
      <xmax>495.8</xmax>
      <ymax>551.25</ymax>
    </bndbox>
  </object>
  <object>
    <name>BLACK</name>
    <occluded>0</occluded>
    <bndbox>
      <xmin>249.31</xmin>
      <ymin>767.47</ymin>
      <xmax>279.4</xmax>
      <ymax>810.3</ymax>
    </bndbox>
  </object>
  <object>
    <name>WHITE</name>
    <occluded>0</occluded>
    <bndbox>
      <xmin>547.73</xmin>
      <ymin>404.17</ymin>
      <xmax>585.73</xmax>
      <ymax>437.8</ymax>
    </bndbox>
  </object>
  <object>
    <name>WHITE</name>
    <occluded>0</occluded>
    <bndbox>
      <xmin>591.24</xmin>
      <ymin>367.23</ymin>
      <xmax>629.3</xmax>
      <ymax>397.1</ymax>
    </bndbox>
  </object>
  <object>
    <name>WHITE</name>
    <occluded>0</occluded>
    <bndbox>
      <xmin>614.06</xmin>
      <ymin>338.64</ymin>
      <xmax>650.5</xmax>
      <ymax>366.7</ymax>
    </bndbox>
  </object>
  <object>
    <name>WHITE</name>
    <occluded>0</occluded>
    <bndbox>
      <xmin>394.91</xmin>
      <ymin>760.63</ymin>
      <xmax>438.75</xmax>
      <ymax>797.39</ymax>
    </bndbox>
  </object>
  <object>
    <name>WHITE</name>
    <occluded>0</occluded>
    <bndbox>
      <xmin>411.31</xmin>
      <ymin>711.43</ymin>
      <xmax>457.2</xmax>
      <ymax>752.57</ymax>
    </bndbox>
  </object>
  <object>
    <name>WHITE</name>
    <occluded>0</occluded>
    <bndbox>
      <xmin>448.1</xmin>
      <ymin>649.71</ymin>
      <xmax>491.24</xmax>
      <ymax>692.13</ymax>
    </bndbox>
  </object>
  <object>
    <name>WHITE</name>
    <occluded>0</occluded>
    <bndbox>
      <xmin>530.57</xmin>
      <ymin>520.71</ymin>
      <xmax>574.3</xmax>
      <ymax>562.75</ymax>
    </bndbox>
  </object>
  <object>
    <name>WHITE</name>
    <occluded>0</occluded>
    <bndbox>
      <xmin>585.19</xmin>
      <ymin>470.9</ymin>
      <xmax>625.1</xmax>
      <ymax>512.2</ymax>
    </bndbox>
  </object>
  <object>
    <name>WHITE</name>
    <occluded>0</occluded>
    <bndbox>
      <xmin>485.13</xmin>
      <ymin>721.98</ymin>
      <xmax>528.87</xmax>
      <ymax>769.5</ymax>
    </bndbox>
  </object>
  <object>
    <name>WHITE</name>
    <occluded>0</occluded>
    <bndbox>
      <xmin>526.83</xmin>
      <ymin>655.9</ymin>
      <xmax>569.01</xmax>
      <ymax>698.6</ymax>
    </bndbox>
  </object>
  <object>
    <name>WHITE</name>
    <occluded>0</occluded>
    <bndbox>
      <xmin>527.67</xmin>
      <ymin>777.9</ymin>
      <xmax>570.0</xmax>
      <ymax>815.7</ymax>
    </bndbox>
  </object>
  <object>
    <name>WHITE</name>
    <occluded>0</occluded>
    <bndbox>
      <xmin>597.06</xmin>
      <ymin>669.04</ymin>
      <xmax>638.0</xmax>
      <ymax>709.48</ymax>
    </bndbox>
  </object>
  <object>
    <name>BLACK</name>
    <occluded>0</occluded>
    <bndbox>
      <xmin>641.0</xmin>
      <ymin>611.2</ymin>
      <xmax>682.5</xmax>
      <ymax>660.4</ymax>
    </bndbox>
  </object>
  <object>
    <name>WHITE</name>
    <occluded>0</occluded>
    <bndbox>
      <xmin>616.88</xmin>
      <ymin>748.2</ymin>
      <xmax>659.64</xmax>
      <ymax>787.8</ymax>
    </bndbox>
  </object>
  <object>
    <name>WHITE</name>
    <occluded>0</occluded>
    <bndbox>
      <xmin>662.5</xmin>
      <ymin>683.5</ymin>
      <xmax>691.5</xmax>
      <ymax>727.0</ymax>
    </bndbox>
  </object>
  <object>
    <name>WHITE</name>
    <occluded>0</occluded>
    <bndbox>
      <xmin>711.5</xmin>
      <ymin>633.0</ymin>
      <xmax>736.5</xmax>
      <ymax>675.0</ymax>
    </bndbox>
  </object>
  <object>
    <name>WHITE</name>
    <occluded>0</occluded>
    <bndbox>
      <xmin>634.6</xmin>
      <ymin>801.36</ymin>
      <xmax>669.3</xmax>
      <ymax>846.7</ymax>
    </bndbox>
  </object>
  <object>
    <name>WHITE</name>
    <occluded>0</occluded>
    <bndbox>
      <xmin>729.5</xmin>
      <ymin>789.04</ymin>
      <xmax>754.29</xmax>
      <ymax>830.9</ymax>
    </bndbox>
  </object>
  <object>
    <name>WHITE</name>
    <occluded>0</occluded>
    <bndbox>
      <xmin>362.5</xmin>
      <ymin>348.29</ymin>
      <xmax>402.15</xmax>
      <ymax>376.7</ymax>
    </bndbox>
  </object>
  <object>
    <name>WHITE</name>
    <occluded>0</occluded>
    <bndbox>
      <xmin>741.26</xmin>
      <ymin>587.17</ymin>
      <xmax>761.48</xmax>
      <ymax>629.04</ymax>
    </bndbox>
  </object>
  <object>
    <name>WHITE</name>
    <occluded>0</occluded>
    <bndbox>
      <xmin>668.98</xmin>
      <ymin>360.23</ymin>
      <xmax>701.32</xmax>
      <ymax>389.4</ymax>
    </bndbox>
  </object>
  <object>
    <name>WHITE</name>
    <occluded>0</occluded>
    <bndbox>
      <xmin>356.51</xmin>
      <ymin>318.07</ymin>
      <xmax>393.18</xmax>
      <ymax>344.06</ymax>
    </bndbox>
  </object>
  <object>
    <name>WHITE</name>
    <occluded>0</occluded>
    <bndbox>
      <xmin>262.94</xmin>
      <ymin>420.01</ymin>
      <xmax>292.39</xmax>
      <ymax>452.93</ymax>
    </bndbox>
  </object>
  <object>
    <name>WHITE</name>
    <occluded>0</occluded>
    <bndbox>
      <xmin>252.97</xmin>
      <ymin>654.37</ymin>
      <xmax>290.52</xmax>
      <ymax>697.69</ymax>
    </bndbox>
  </object>
  <object>
    <name>BLACK</name>
    <occluded>0</occluded>
    <bndbox>
      <xmin>268.86</xmin>
      <ymin>593.43</ymin>
      <xmax>302.07</xmax>
      <ymax>637.33</ymax>
    </bndbox>
  </object>
  <object>
    <name>WHITE</name>
    <occluded>0</occluded>
    <bndbox>
      <xmin>235.65</xmin>
      <ymin>540.29</ymin>
      <xmax>266.84</xmax>
      <ymax>579.28</ymax>
    </bndbox>
  </object>
  <object>
    <name>WHITE</name>
    <occluded>0</occluded>
    <bndbox>
      <xmin>217.74</xmin>
      <ymin>489.47</ymin>
      <xmax>252.69</xmax>
      <ymax>528.17</ymax>
    </bndbox>
  </object>
  <object>
    <name>WHITE</name>
    <occluded>0</occluded>
    <bndbox>
      <xmin>270.88</xmin>
      <ymin>466.07</ymin>
      <xmax>300.91</xmax>
      <ymax>504.77</ymax>
    </bndbox>
  </object>
  <object>
    <name>WHITE</name>
    <occluded>0</occluded>
    <bndbox>
      <xmin>585.0</xmin>
      <ymin>789.5</ymin>
      <xmax>621.0</xmax>
      <ymax>832.5</ymax>
    </bndbox>
  </object>
  <object>
    <name>WHITE</name>
    <occluded>0</occluded>
    <bndbox>
      <xmin>559.0</xmin>
      <ymin>732.5</ymin>
      <xmax>597.0</xmax>
      <ymax>775.5</ymax>
    </bndbox>
  </object>
  <object>
    <name>WHITE</name>
    <occluded>0</occluded>
    <bndbox>
      <xmin>616.91</xmin>
      <ymin>539.17</ymin>
      <xmax>651.09</xmax>
      <ymax>580.83</ymax>
    </bndbox>
  </object>
  <object>
    <name>WHITE</name>
    <occluded>0</occluded>
    <bndbox>
      <xmin>304.96</xmin>
      <ymin>358.07</ymin>
      <xmax>338.75</xmax>
      <ymax>392.14</ymax>
    </bndbox>
  </object>
  <object>
    <name>WHITE</name>
    <occluded>0</occluded>
    <bndbox>
      <xmin>315.35</xmin>
      <ymin>397.34</ymin>
      <xmax>351.45</xmax>
      <ymax>435.17</ymax>
    </bndbox>
  </object>
  <object>
    <name>WHITE</name>
    <occluded>0</occluded>
    <bndbox>
      <xmin>416.14</xmin>
      <ymin>315.9</ymin>
      <xmax>457.15</xmax>
      <ymax>338.72</ymax>
    </bndbox>
  </object>
  <object>
    <name>WHITE</name>
    <occluded>0</occluded>
    <bndbox>
      <xmin>566.03</xmin>
      <ymin>290.78</ymin>
      <xmax>604.15</xmax>
      <ymax>310.7</ymax>
    </bndbox>
  </object>
  <object>
    <name>WHITE</name>
    <occluded>0</occluded>
    <bndbox>
      <xmin>555.34</xmin>
      <ymin>303.48</ymin>
      <xmax>594.33</xmax>
      <ymax>322.26</ymax>
    </bndbox>
  </object>
  <object>
    <name>WHITE</name>
    <occluded>0</occluded>
    <bndbox>
      <xmin>544.37</xmin>
      <ymin>325.14</ymin>
      <xmax>584.8</xmax>
      <ymax>351.42</ymax>
    </bndbox>
  </object>
  <object>
    <name>BLACK</name>
    <occluded>0</occluded>
    <bndbox>
      <xmin>478.81</xmin>
      <ymin>324.57</ymin>
      <xmax>522.42</xmax>
      <ymax>350.85</ymax>
    </bndbox>
  </object>
  <object>
    <name>WHITE</name>
    <occluded>0</occluded>
    <bndbox>
      <xmin>491.79</xmin>
      <ymin>584.86</ymin>
      <xmax>534.21</xmax>
      <ymax>627.14</ymax>
    </bndbox>
  </object>
  <object>
    <name>WHITE</name>
    <occluded>0</occluded>
    <bndbox>
      <xmin>340.43</xmin>
      <ymin>706.62</ymin>
      <xmax>383.57</xmax>
      <ymax>743.38</ymax>
    </bndbox>
  </object>
  <object>
    <name>WHITE</name>
    <occluded>0</occluded>
    <bndbox>
      <xmin>336.0</xmin>
      <ymin>750.0</ymin>
      <xmax>370.0</xmax>
      <ymax>792.0</ymax>
    </bndbox>
  </object>
  <object>
    <name>WHITE</name>
    <occluded>0</occluded>
    <bndbox>
      <xmin>330.88</xmin>
      <ymin>582.19</ymin>
      <xmax>369.12</xmax>
      <ymax>621.81</ymax>
    </bndbox>
  </object>
  <object>
    <name>WHITE</name>
    <occluded>0</occluded>
    <bndbox>
      <xmin>392.65</xmin>
      <ymin>389.69</ymin>
      <xmax>433.35</xmax>
      <ymax>418.31</ymax>
    </bndbox>
  </object>
  <object>
    <name>WHITE</name>
    <occluded>0</occluded>
    <bndbox>
      <xmin>299.5</xmin>
      <ymin>525.5</ymin>
      <xmax>332.5</xmax>
      <ymax>564.5</ymax>
    </bndbox>
  </object>
  <object>
    <name>WHITE</name>
    <occluded>0</occluded>
    <bndbox>
      <xmin>517.8</xmin>
      <ymin>353.16</ymin>
      <xmax>560.25</xmax>
      <ymax>386.37</ymax>
    </bndbox>
  </object>
  <object>
    <name>WHITE</name>
    <occluded>0</occluded>
    <bndbox>
      <xmin>706.96</xmin>
      <ymin>415.54</ymin>
      <xmax>738.15</xmax>
      <ymax>450.19</ymax>
    </bndbox>
  </object>
  <object>
    <name>WHITE</name>
    <occluded>0</occluded>
    <bndbox>
      <xmin>656.42</xmin>
      <ymin>389.26</ymin>
      <xmax>687.61</xmax>
      <ymax>421.6</ymax>
    </bndbox>
  </object>
  <object>
    <name>WHITE</name>
    <occluded>0</occluded>
    <bndbox>
      <xmin>686.45</xmin>
      <ymin>448.46</ymin>
      <xmax>718.22</xmax>
      <ymax>483.98</ymax>
    </bndbox>
  </object>
  <object>
    <name>WHITE</name>
    <occluded>0</occluded>
    <bndbox>
      <xmin>622.63</xmin>
      <ymin>424.78</ymin>
      <xmax>661.33</xmax>
      <ymax>460.59</ymax>
    </bndbox>
  </object>
  <object>
    <name>WHITE</name>
    <occluded>0</occluded>
    <bndbox>
      <xmin>663.06</xmin>
      <ymin>490.91</ymin>
      <xmax>695.98</xmax>
      <ymax>530.76</ymax>
    </bndbox>
  </object>
  <object>
    <name>WHITE</name>
    <occluded>0</occluded>
    <bndbox>
      <xmin>684.43</xmin>
      <ymin>569.75</ymin>
      <xmax>718.22</xmax>
      <ymax>607.0</ymax>
    </bndbox>
  </object>
  <object>
    <name>WHITE</name>
    <occluded>0</occluded>
    <bndbox>
      <xmin>752.01</xmin>
      <ymin>656.1</ymin>
      <xmax>772.51</xmax>
      <ymax>699.42</ymax>
    </bndbox>
  </object>
  <object>
    <name>WHITE</name>
    <occluded>0</occluded>
    <bndbox>
      <xmin>710.74</xmin>
      <ymin>696.39</ymin>
      <xmax>731.95</xmax>
      <ymax>740.47</ymax>
    </bndbox>
  </object>
  <object>
    <name>WHITE</name>
    <occluded>0</occluded>
    <bndbox>
      <xmin>670.4</xmin>
      <ymin>748.79</ymin>
      <xmax>703.67</xmax>
      <ymax>792.46</ymax>
    </bndbox>
  </object>
</annotation>
