<annotation>
  <folder>MK</folder>
  <filename>MK_camera10.png</filename>
  <source>
    <database>Unknown</database>
    <annotation>Unknown</annotation>
    <image>Unknown</image>
  </source>
  <size>
    <width>1280</width>
    <height>960</height>
    <depth></depth>
  </size>
  <segmented>0</segmented>
  <object>
    <name>WHITE</name>
    <occluded>0</occluded>
    <bndbox>
      <xmin>505.08</xmin>
      <ymin>229.0</ymin>
      <xmax>548.92</xmax>
      <ymax>267.9</ymax>
    </bndbox>
  </object>
  <object>
    <name>WHITE</name>
    <occluded>0</occluded>
    <bndbox>
      <xmin>725.23</xmin>
      <ymin>335.81</ymin>
      <xmax>768.77</xmax>
      <ymax>382.19</ymax>
    </bndbox>
  </object>
  <object>
    <name>WHITE</name>
    <occluded>0</occluded>
    <bndbox>
      <xmin>469.4</xmin>
      <ymin>293.58</ymin>
      <xmax>509.06</xmax>
      <ymax>340.5</ymax>
    </bndbox>
  </object>
  <object>
    <name>BLACK</name>
    <occluded>0</occluded>
    <bndbox>
      <xmin>443.49</xmin>
      <ymin>362.96</ymin>
      <xmax>480.25</xmax>
      <ymax>411.0</ymax>
    </bndbox>
  </object>
  <object>
    <name>WHITE</name>
    <occluded>0</occluded>
    <bndbox>
      <xmin>489.7</xmin>
      <ymin>172.67</ymin>
      <xmax>528.77</xmax>
      <ymax>209.7</ymax>
    </bndbox>
  </object>
  <object>
    <name>WHITE</name>
    <occluded>0</occluded>
    <bndbox>
      <xmin>402.44</xmin>
      <ymin>380.99</ymin>
      <xmax>448.3</xmax>
      <ymax>423.0</ymax>
    </bndbox>
  </object>
  <object>
    <name>WHITE</name>
    <occluded>0</occluded>
    <bndbox>
      <xmin>531.54</xmin>
      <ymin>558.44</ymin>
      <xmax>581.88</xmax>
      <ymax>610.36</ymax>
    </bndbox>
  </object>
  <object>
    <name>WHITE</name>
    <occluded>0</occluded>
    <bndbox>
      <xmin>458.44</xmin>
      <ymin>517.12</ymin>
      <xmax>505.04</xmax>
      <ymax>566.84</ymax>
    </bndbox>
  </object>
  <object>
    <name>WHITE</name>
    <occluded>0</occluded>
    <bndbox>
      <xmin>416.25</xmin>
      <ymin>454.46</ymin>
      <xmax>460.63</xmax>
      <ymax>500.3</ymax>
    </bndbox>
  </object>
  <object>
    <name>WHITE</name>
    <occluded>0</occluded>
    <bndbox>
      <xmin>451.0</xmin>
      <ymin>603.75</ymin>
      <xmax>499.0</xmax>
      <ymax>653.9</ymax>
    </bndbox>
  </object>
  <object>
    <name>WHITE</name>
    <occluded>0</occluded>
    <bndbox>
      <xmin>365.54</xmin>
      <ymin>490.94</ymin>
      <xmax>409.2</xmax>
      <ymax>536.5</ymax>
    </bndbox>
  </object>
  <object>
    <name>WHITE</name>
    <occluded>0</occluded>
    <bndbox>
      <xmin>759.5</xmin>
      <ymin>279.0</ymin>
      <xmax>807.9</xmax>
      <ymax>319.0</ymax>
    </bndbox>
  </object>
  <object>
    <name>WHITE</name>
    <occluded>0</occluded>
    <bndbox>
      <xmin>753.79</xmin>
      <ymin>153.63</ymin>
      <xmax>801.8</xmax>
      <ymax>189.2</ymax>
    </bndbox>
  </object>
  <object>
    <name>WHITE</name>
    <occluded>0</occluded>
    <bndbox>
      <xmin>617.94</xmin>
      <ymin>536.44</ymin>
      <xmax>671.8</xmax>
      <ymax>587.4</ymax>
    </bndbox>
  </object>
  <object>
    <name>WHITE</name>
    <occluded>0</occluded>
    <bndbox>
      <xmin>656.5</xmin>
      <ymin>480.5</ymin>
      <xmax>709.7</xmax>
      <ymax>531.9</ymax>
    </bndbox>
  </object>
  <object>
    <name>WHITE</name>
    <occluded>0</occluded>
    <bndbox>
      <xmin>481.55</xmin>
      <ymin>422.1</ymin>
      <xmax>532.1</xmax>
      <ymax>464.13</ymax>
    </bndbox>
  </object>
  <object>
    <name>WHITE</name>
    <occluded>0</occluded>
    <bndbox>
      <xmin>609.35</xmin>
      <ymin>218.64</ymin>
      <xmax>656.5</xmax>
      <ymax>258.7</ymax>
    </bndbox>
  </object>
  <object>
    <name>WHITE</name>
    <occluded>0</occluded>
    <bndbox>
      <xmin>649.9</xmin>
      <ymin>154.96</ymin>
      <xmax>697.8</xmax>
      <ymax>186.5</ymax>
    </bndbox>
  </object>
  <object>
    <name>WHITE</name>
    <occluded>0</occluded>
    <bndbox>
      <xmin>533.5</xmin>
      <ymin>483.4</ymin>
      <xmax>584.11</xmax>
      <ymax>528.8</ymax>
    </bndbox>
  </object>
  <object>
    <name>WHITE</name>
    <occluded>0</occluded>
    <bndbox>
      <xmin>887.44</xmin>
      <ymin>236.27</ymin>
      <xmax>928.1</xmax>
      <ymax>275.5</ymax>
    </bndbox>
  </object>
  <object>
    <name>WHITE</name>
    <occluded>0</occluded>
    <bndbox>
      <xmin>916.38</xmin>
      <ymin>197.29</ymin>
      <xmax>949.8</xmax>
      <ymax>237.8</ymax>
    </bndbox>
  </object>
  <object>
    <name>BLACK</name>
    <occluded>0</occluded>
    <bndbox>
      <xmin>818.11</xmin>
      <ymin>533.21</ymin>
      <xmax>866.6</xmax>
      <ymax>586.7</ymax>
    </bndbox>
  </object>
  <object>
    <name>WHITE</name>
    <occluded>0</occluded>
    <bndbox>
      <xmin>827.5</xmin>
      <ymin>482.5</ymin>
      <xmax>870.5</xmax>
      <ymax>531.7</ymax>
    </bndbox>
  </object>
  <object>
    <name>BLACK</name>
    <occluded>0</occluded>
    <bndbox>
      <xmin>886.52</xmin>
      <ymin>372.46</ymin>
      <xmax>930.2</xmax>
      <ymax>422.0</ymax>
    </bndbox>
  </object>
  <object>
    <name>WHITE</name>
    <occluded>0</occluded>
    <bndbox>
      <xmin>895.47</xmin>
      <ymin>548.93</ymin>
      <xmax>927.4</xmax>
      <ymax>596.5</ymax>
    </bndbox>
  </object>
  <object>
    <name>WHITE</name>
    <occluded>0</occluded>
    <bndbox>
      <xmin>898.86</xmin>
      <ymin>504.1</ymin>
      <xmax>931.3</xmax>
      <ymax>548.8</ymax>
    </bndbox>
  </object>
  <object>
    <name>WHITE</name>
    <occluded>0</occluded>
    <bndbox>
      <xmin>928.3</xmin>
      <ymin>457.44</ymin>
      <xmax>957.9</xmax>
      <ymax>502.56</ymax>
    </bndbox>
  </object>
  <object>
    <name>WHITE</name>
    <occluded>0</occluded>
    <bndbox>
      <xmin>951.6</xmin>
      <ymin>529.92</ymin>
      <xmax>976.4</xmax>
      <ymax>577.6</ymax>
    </bndbox>
  </object>
  <object>
    <name>WHITE</name>
    <occluded>0</occluded>
    <bndbox>
      <xmin>671.67</xmin>
      <ymin>266.0</ymin>
      <xmax>723.8</xmax>
      <ymax>312.32</ymax>
    </bndbox>
  </object>
  <object>
    <name>WHITE</name>
    <occluded>0</occluded>
    <bndbox>
      <xmin>557.8</xmin>
      <ymin>164.03</ymin>
      <xmax>601.64</xmax>
      <ymax>203.1</ymax>
    </bndbox>
  </object>
  <object>
    <name>WHITE</name>
    <occluded>0</occluded>
    <bndbox>
      <xmin>863.2</xmin>
      <ymin>137.7</ymin>
      <xmax>899.12</xmax>
      <ymax>171.92</ymax>
    </bndbox>
  </object>
  <object>
    <name>WHITE</name>
    <occluded>0</occluded>
    <bndbox>
      <xmin>841.79</xmin>
      <ymin>170.99</ymin>
      <xmax>881.7</xmax>
      <ymax>205.4</ymax>
    </bndbox>
  </object>
  <object>
    <name>WHITE</name>
    <occluded>0</occluded>
    <bndbox>
      <xmin>808.06</xmin>
      <ymin>212.91</ymin>
      <xmax>848.3</xmax>
      <ymax>254.1</ymax>
    </bndbox>
  </object>
  <object>
    <name>WHITE</name>
    <occluded>0</occluded>
    <bndbox>
      <xmin>740.74</xmin>
      <ymin>480.3</ymin>
      <xmax>787.26</xmax>
      <ymax>527.7</ymax>
    </bndbox>
  </object>
  <object>
    <name>WHITE</name>
    <occluded>0</occluded>
    <bndbox>
      <xmin>704.4</xmin>
      <ymin>215.1</ymin>
      <xmax>750.0</xmax>
      <ymax>246.0</ymax>
    </bndbox>
  </object>
  <object>
    <name>WHITE</name>
    <occluded>0</occluded>
    <bndbox>
      <xmin>866.0</xmin>
      <ymin>423.5</ymin>
      <xmax>904.0</xmax>
      <ymax>468.5</ymax>
    </bndbox>
  </object>
  <object>
    <name>WHITE</name>
    <occluded>0</occluded>
    <bndbox>
      <xmin>853.78</xmin>
      <ymin>284.42</ymin>
      <xmax>888.22</xmax>
      <ymax>329.58</ymax>
    </bndbox>
  </object>
  <object>
    <name>WHITE</name>
    <occluded>0</occluded>
    <bndbox>
      <xmin>705.23</xmin>
      <ymin>399.9</ymin>
      <xmax>754.8</xmax>
      <ymax>449.33</ymax>
    </bndbox>
  </object>
  <object>
    <name>WHITE</name>
    <occluded>0</occluded>
    <bndbox>
      <xmin>803.68</xmin>
      <ymin>346.05</ymin>
      <xmax>847.08</xmax>
      <ymax>390.43</ymax>
    </bndbox>
  </object>
  <object>
    <name>WHITE</name>
    <occluded>0</occluded>
    <bndbox>
      <xmin>784.8</xmin>
      <ymin>407.74</ymin>
      <xmax>829.91</xmax>
      <ymax>454.26</ymax>
    </bndbox>
  </object>
  <object>
    <name>WHITE</name>
    <occluded>0</occluded>
    <bndbox>
      <xmin>722.84</xmin>
      <ymin>532.54</ymin>
      <xmax>774.5</xmax>
      <ymax>581.4</ymax>
    </bndbox>
  </object>
  <object>
    <name>WHITE</name>
    <occluded>0</occluded>
    <bndbox>
      <xmin>536.27</xmin>
      <ymin>121.27</ymin>
      <xmax>580.75</xmax>
      <ymax>145.96</ymax>
    </bndbox>
  </object>
  <object>
    <name>WHITE</name>
    <occluded>0</occluded>
    <bndbox>
      <xmin>609.31</xmin>
      <ymin>108.28</ymin>
      <xmax>655.6</xmax>
      <ymax>141.28</ymax>
    </bndbox>
  </object>
  <object>
    <name>BLACK</name>
    <occluded>0</occluded>
    <bndbox>
      <xmin>659.73</xmin>
      <ymin>78.39</ymin>
      <xmax>707.32</xmax>
      <ymax>102.82</ymax>
    </bndbox>
  </object>
  <object>
    <name>WHITE</name>
    <occluded>0</occluded>
    <bndbox>
      <xmin>733.31</xmin>
      <ymin>78.39</ymin>
      <xmax>775.16</xmax>
      <ymax>101.26</ymax>
    </bndbox>
  </object>
  <object>
    <name>WHITE</name>
    <occluded>0</occluded>
    <bndbox>
      <xmin>695.63</xmin>
      <ymin>108.02</ymin>
      <xmax>744.75</xmax>
      <ymax>136.61</ymax>
    </bndbox>
  </object>
  <object>
    <name>WHITE</name>
    <occluded>0</occluded>
    <bndbox>
      <xmin>787.12</xmin>
      <ymin>114.51</ymin>
      <xmax>829.74</xmax>
      <ymax>145.7</ymax>
    </bndbox>
  </object>
  <object>
    <name>WHITE</name>
    <occluded>0</occluded>
    <bndbox>
      <xmin>931.1</xmin>
      <ymin>317.73</ymin>
      <xmax>965.72</xmax>
      <ymax>365.45</ymax>
    </bndbox>
  </object>
  <object>
    <name>WHITE</name>
    <occluded>0</occluded>
    <bndbox>
      <xmin>955.12</xmin>
      <ymin>401.0</ymin>
      <xmax>988.18</xmax>
      <ymax>447.48</ymax>
    </bndbox>
  </object>
  <object>
    <name>WHITE</name>
    <occluded>0</occluded>
    <bndbox>
      <xmin>360.02</xmin>
      <ymin>402.88</ymin>
      <xmax>391.52</xmax>
      <ymax>448.72</ymax>
    </bndbox>
  </object>
  <object>
    <name>WHITE</name>
    <occluded>0</occluded>
    <bndbox>
      <xmin>328.52</xmin>
      <ymin>464.63</ymin>
      <xmax>359.09</xmax>
      <ymax>512.98</ymax>
    </bndbox>
  </object>
  <object>
    <name>WHITE</name>
    <occluded>0</occluded>
    <bndbox>
      <xmin>334.13</xmin>
      <ymin>539.46</ymin>
      <xmax>356.28</xmax>
      <ymax>588.14</ymax>
    </bndbox>
  </object>
  <object>
    <name>BLACK</name>
    <occluded>0</occluded>
    <bndbox>
      <xmin>307.94</xmin>
      <ymin>522.96</ymin>
      <xmax>339.12</xmax>
      <ymax>571.92</ymax>
    </bndbox>
  </object>
  <object>
    <name>WHITE</name>
    <occluded>0</occluded>
    <bndbox>
      <xmin>317.29</xmin>
      <ymin>597.16</ymin>
      <xmax>343.8</xmax>
      <ymax>641.79</ymax>
    </bndbox>
  </object>
  <object>
    <name>WHITE</name>
    <occluded>0</occluded>
    <bndbox>
      <xmin>329.46</xmin>
      <ymin>623.67</ymin>
      <xmax>362.52</xmax>
      <ymax>672.98</ymax>
    </bndbox>
  </object>
  <object>
    <name>WHITE</name>
    <occluded>0</occluded>
    <bndbox>
      <xmin>345.36</xmin>
      <ymin>585.96</ymin>
      <xmax>385.6</xmax>
      <ymax>633.37</ymax>
    </bndbox>
  </object>
  <object>
    <name>WHITE</name>
    <occluded>0</occluded>
    <bndbox>
      <xmin>393.71</xmin>
      <ymin>553.83</ymin>
      <xmax>441.43</xmax>
      <ymax>603.74</ymax>
    </bndbox>
  </object>
  <object>
    <name>BLACK</name>
    <occluded>0</occluded>
    <bndbox>
      <xmin>395.58</xmin>
      <ymin>643.66</ymin>
      <xmax>443.3</xmax>
      <ymax>695.75</ymax>
    </bndbox>
  </object>
  <object>
    <name>WHITE</name>
    <occluded>0</occluded>
    <bndbox>
      <xmin>437.77</xmin>
      <ymin>189.37</ymin>
      <xmax>470.8</xmax>
      <ymax>225.24</ymax>
    </bndbox>
  </object>
  <object>
    <name>WHITE</name>
    <occluded>0</occluded>
    <bndbox>
      <xmin>446.6</xmin>
      <ymin>237.97</ymin>
      <xmax>483.28</xmax>
      <ymax>278.52</ymax>
    </bndbox>
  </object>
  <object>
    <name>WHITE</name>
    <occluded>0</occluded>
    <bndbox>
      <xmin>416.97</xmin>
      <ymin>310.75</ymin>
      <xmax>450.53</xmax>
      <ymax>353.89</ymax>
    </bndbox>
  </object>
  <object>
    <name>WHITE</name>
    <occluded>0</occluded>
    <bndbox>
      <xmin>398.52</xmin>
      <ymin>254.61</ymin>
      <xmax>426.88</xmax>
      <ymax>294.89</ymax>
    </bndbox>
  </object>
  <object>
    <name>WHITE</name>
    <occluded>0</occluded>
    <bndbox>
      <xmin>370.19</xmin>
      <ymin>326.86</ymin>
      <xmax>394.65</xmax>
      <ymax>369.75</ymax>
    </bndbox>
  </object>
  <object>
    <name>WHITE</name>
    <occluded>0</occluded>
    <bndbox>
      <xmin>604.16</xmin>
      <ymin>80.02</ymin>
      <xmax>646.55</xmax>
      <ymax>100.04</ymax>
    </bndbox>
  </object>
  <object>
    <name>WHITE</name>
    <occluded>0</occluded>
    <bndbox>
      <xmin>483.77</xmin>
      <ymin>136.35</ymin>
      <xmax>521.22</xmax>
      <ymax>163.9</ymax>
    </bndbox>
  </object>
</annotation>
