<annotation>
  <folder>MK</folder>
  <filename>MK_camera7.png</filename>
  <source>
    <database>Unknown</database>
    <annotation>Unknown</annotation>
    <image>Unknown</image>
  </source>
  <size>
    <width>1280</width>
    <height>960</height>
    <depth></depth>
  </size>
  <segmented>0</segmented>
  <object>
    <name>WHITE</name>
    <occluded>0</occluded>
    <bndbox>
      <xmin>486.14</xmin>
      <ymin>442.04</ymin>
      <xmax>542.5</xmax>
      <ymax>495.7</ymax>
    </bndbox>
  </object>
  <object>
    <name>WHITE</name>
    <occluded>0</occluded>
    <bndbox>
      <xmin>519.49</xmin>
      <ymin>404.42</ymin>
      <xmax>573.6</xmax>
      <ymax>459.9</ymax>
    </bndbox>
  </object>
  <object>
    <name>WHITE</name>
    <occluded>0</occluded>
    <bndbox>
      <xmin>642.35</xmin>
      <ymin>26.5</ymin>
      <xmax>687.6</xmax>
      <ymax>56.8</ymax>
    </bndbox>
  </object>
  <object>
    <name>BLACK</name>
    <occluded>0</occluded>
    <bndbox>
      <xmin>389.27</xmin>
      <ymin>559.83</ymin>
      <xmax>428.1</xmax>
      <ymax>618.9</ymax>
    </bndbox>
  </object>
  <object>
    <name>WHITE</name>
    <occluded>0</occluded>
    <bndbox>
      <xmin>409.6</xmin>
      <ymin>473.2</ymin>
      <xmax>457.8</xmax>
      <ymax>528.1</ymax>
    </bndbox>
  </object>
  <object>
    <name>WHITE</name>
    <occluded>0</occluded>
    <bndbox>
      <xmin>424.1</xmin>
      <ymin>402.04</ymin>
      <xmax>478.46</xmax>
      <ymax>458.9</ymax>
    </bndbox>
  </object>
  <object>
    <name>BLACK</name>
    <occluded>0</occluded>
    <bndbox>
      <xmin>458.69</xmin>
      <ymin>355.14</ymin>
      <xmax>512.4</xmax>
      <ymax>413.8</ymax>
    </bndbox>
  </object>
  <object>
    <name>WHITE</name>
    <occluded>0</occluded>
    <bndbox>
      <xmin>335.6</xmin>
      <ymin>569.3</ymin>
      <xmax>365.51</xmax>
      <ymax>620.42</ymax>
    </bndbox>
  </object>
  <object>
    <name>WHITE</name>
    <occluded>0</occluded>
    <bndbox>
      <xmin>349.2</xmin>
      <ymin>476.53</ymin>
      <xmax>388.1</xmax>
      <ymax>530.9</ymax>
    </bndbox>
  </object>
  <object>
    <name>WHITE</name>
    <occluded>0</occluded>
    <bndbox>
      <xmin>712.3</xmin>
      <ymin>76.23</ymin>
      <xmax>749.6</xmax>
      <ymax>113.0</ymax>
    </bndbox>
  </object>
  <object>
    <name>BLACK</name>
    <occluded>0</occluded>
    <bndbox>
      <xmin>764.33</xmin>
      <ymin>141.39</ymin>
      <xmax>804.7</xmax>
      <ymax>176.9</ymax>
    </bndbox>
  </object>
  <object>
    <name>WHITE</name>
    <occluded>0</occluded>
    <bndbox>
      <xmin>526.77</xmin>
      <ymin>31.45</ymin>
      <xmax>576.9</xmax>
      <ymax>66.4</ymax>
    </bndbox>
  </object>
  <object>
    <name>WHITE</name>
    <occluded>0</occluded>
    <bndbox>
      <xmin>368.0</xmin>
      <ymin>280.37</ymin>
      <xmax>409.15</xmax>
      <ymax>331.0</ymax>
    </bndbox>
  </object>
  <object>
    <name>WHITE</name>
    <occluded>0</occluded>
    <bndbox>
      <xmin>305.35</xmin>
      <ymin>496.11</ymin>
      <xmax>328.4</xmax>
      <ymax>547.6</ymax>
    </bndbox>
  </object>
  <object>
    <name>WHITE</name>
    <occluded>0</occluded>
    <bndbox>
      <xmin>363.2</xmin>
      <ymin>389.99</ymin>
      <xmax>403.48</xmax>
      <ymax>444.5</ymax>
    </bndbox>
  </object>
  <object>
    <name>WHITE</name>
    <occluded>0</occluded>
    <bndbox>
      <xmin>590.81</xmin>
      <ymin>55.91</ymin>
      <xmax>640.7</xmax>
      <ymax>94.3</ymax>
    </bndbox>
  </object>
  <object>
    <name>WHITE</name>
    <occluded>0</occluded>
    <bndbox>
      <xmin>458.4</xmin>
      <ymin>104.36</ymin>
      <xmax>509.2</xmax>
      <ymax>148.1</ymax>
    </bndbox>
  </object>
  <object>
    <name>WHITE</name>
    <occluded>0</occluded>
    <bndbox>
      <xmin>412.2</xmin>
      <ymin>82.65</ymin>
      <xmax>455.48</xmax>
      <ymax>124.7</ymax>
    </bndbox>
  </object>
  <object>
    <name>WHITE</name>
    <occluded>0</occluded>
    <bndbox>
      <xmin>372.1</xmin>
      <ymin>186.28</ymin>
      <xmax>414.61</xmax>
      <ymax>234.2</ymax>
    </bndbox>
  </object>
  <object>
    <name>WHITE</name>
    <occluded>0</occluded>
    <bndbox>
      <xmin>464.0</xmin>
      <ymin>492.0</ymin>
      <xmax>512.0</xmax>
      <ymax>547.4</ymax>
    </bndbox>
  </object>
  <object>
    <name>WHITE</name>
    <occluded>0</occluded>
    <bndbox>
      <xmin>408.9</xmin>
      <ymin>321.0</ymin>
      <xmax>451.13</xmax>
      <ymax>371.2</ymax>
    </bndbox>
  </object>
  <object>
    <name>WHITE</name>
    <occluded>0</occluded>
    <bndbox>
      <xmin>785.67</xmin>
      <ymin>107.71</ymin>
      <xmax>823.1</xmax>
      <ymax>140.27</ymax>
    </bndbox>
  </object>
  <object>
    <name>WHITE</name>
    <occluded>0</occluded>
    <bndbox>
      <xmin>732.15</xmin>
      <ymin>54.94</ymin>
      <xmax>769.95</xmax>
      <ymax>87.13</ymax>
    </bndbox>
  </object>
  <object>
    <name>WHITE</name>
    <occluded>0</occluded>
    <bndbox>
      <xmin>465.11</xmin>
      <ymin>16.29</ymin>
      <xmax>510.47</xmax>
      <ymax>40.99</ymax>
    </bndbox>
  </object>
  <object>
    <name>WHITE</name>
    <occluded>0</occluded>
    <bndbox>
      <xmin>260.3</xmin>
      <ymin>428.59</ymin>
      <xmax>288.6</xmax>
      <ymax>480.24</ymax>
    </bndbox>
  </object>
  <object>
    <name>WHITE</name>
    <occluded>0</occluded>
    <bndbox>
      <xmin>311.06</xmin>
      <ymin>399.4</ymin>
      <xmax>338.0</xmax>
      <ymax>451.5</ymax>
    </bndbox>
  </object>
  <object>
    <name>WHITE</name>
    <occluded>0</occluded>
    <bndbox>
      <xmin>313.3</xmin>
      <ymin>307.78</ymin>
      <xmax>350.13</xmax>
      <ymax>359.43</ymax>
    </bndbox>
  </object>
  <object>
    <name>BLACK</name>
    <occluded>0</occluded>
    <bndbox>
      <xmin>279.17</xmin>
      <ymin>336.97</ymin>
      <xmax>302.52</xmax>
      <ymax>389.07</ymax>
    </bndbox>
  </object>
  <object>
    <name>WHITE</name>
    <occluded>0</occluded>
    <bndbox>
      <xmin>304.32</xmin>
      <ymin>243.55</ymin>
      <xmax>344.29</xmax>
      <ymax>288.46</ymax>
    </bndbox>
  </object>
  <object>
    <name>WHITE</name>
    <occluded>0</occluded>
    <bndbox>
      <xmin>257.16</xmin>
      <ymin>288.91</ymin>
      <xmax>289.5</xmax>
      <ymax>336.97</ymax>
    </bndbox>
  </object>
  <object>
    <name>WHITE</name>
    <occluded>0</occluded>
    <bndbox>
      <xmin>338.9</xmin>
      <ymin>142.95</ymin>
      <xmax>373.93</xmax>
      <ymax>189.66</ymax>
    </bndbox>
  </object>
  <object>
    <name>WHITE</name>
    <occluded>0</occluded>
    <bndbox>
      <xmin>278.72</xmin>
      <ymin>201.33</ymin>
      <xmax>309.71</xmax>
      <ymax>248.49</ymax>
    </bndbox>
  </object>
  <object>
    <name>WHITE</name>
    <occluded>0</occluded>
    <bndbox>
      <xmin>300.38</xmin>
      <ymin>579.12</ymin>
      <xmax>317.62</xmax>
      <ymax>629.4</ymax>
    </bndbox>
  </object>
  <object>
    <name>WHITE</name>
    <occluded>0</occluded>
    <bndbox>
      <xmin>307.01</xmin>
      <ymin>120.94</ymin>
      <xmax>339.8</xmax>
      <ymax>162.26</ymax>
    </bndbox>
  </object>
  <object>
    <name>WHITE</name>
    <occluded>0</occluded>
    <bndbox>
      <xmin>368.54</xmin>
      <ymin>68.84</ymin>
      <xmax>406.27</xmax>
      <ymax>107.46</ymax>
    </bndbox>
  </object>
</annotation>
