<annotation>
  <folder>MK</folder>
  <filename>MK_camera6.png</filename>
  <source>
    <database>Unknown</database>
    <annotation>Unknown</annotation>
    <image>Unknown</image>
  </source>
  <size>
    <width>1280</width>
    <height>960</height>
    <depth></depth>
  </size>
  <segmented>0</segmented>
  <object>
    <name>WHITE</name>
    <occluded>0</occluded>
    <bndbox>
      <xmin>335.97</xmin>
      <ymin>244.84</ymin>
      <xmax>376.21</xmax>
      <ymax>282.89</ymax>
    </bndbox>
  </object>
  <object>
    <name>WHITE</name>
    <occluded>0</occluded>
    <bndbox>
      <xmin>609.0</xmin>
      <ymin>592.0</ymin>
      <xmax>651.0</xmax>
      <ymax>630.0</ymax>
    </bndbox>
  </object>
  <object>
    <name>WHITE</name>
    <occluded>0</occluded>
    <bndbox>
      <xmin>678.01</xmin>
      <ymin>358.06</ymin>
      <xmax>717.99</xmax>
      <ymax>401.94</ymax>
    </bndbox>
  </object>
  <object>
    <name>WHITE</name>
    <occluded>0</occluded>
    <bndbox>
      <xmin>598.0</xmin>
      <ymin>348.0</ymin>
      <xmax>642.0</xmax>
      <ymax>390.0</ymax>
    </bndbox>
  </object>
  <object>
    <name>WHITE</name>
    <occluded>0</occluded>
    <bndbox>
      <xmin>516.5</xmin>
      <ymin>328.5</ymin>
      <xmax>561.5</xmax>
      <ymax>369.5</ymax>
    </bndbox>
  </object>
  <object>
    <name>WHITE</name>
    <occluded>0</occluded>
    <bndbox>
      <xmin>818.79</xmin>
      <ymin>610.69</ymin>
      <xmax>845.3</xmax>
      <ymax>655.29</ymax>
    </bndbox>
  </object>
  <object>
    <name>WHITE</name>
    <occluded>0</occluded>
    <bndbox>
      <xmin>791.03</xmin>
      <ymin>567.03</ymin>
      <xmax>820.97</xmax>
      <ymax>611.63</ymax>
    </bndbox>
  </object>
  <object>
    <name>WHITE</name>
    <occluded>0</occluded>
    <bndbox>
      <xmin>825.34</xmin>
      <ymin>478.45</ymin>
      <xmax>850.92</xmax>
      <ymax>522.74</ymax>
    </bndbox>
  </object>
  <object>
    <name>WHITE</name>
    <occluded>0</occluded>
    <bndbox>
      <xmin>865.26</xmin>
      <ymin>448.82</ymin>
      <xmax>884.6</xmax>
      <ymax>490.61</ymax>
    </bndbox>
  </object>
  <object>
    <name>WHITE</name>
    <occluded>0</occluded>
    <bndbox>
      <xmin>830.64</xmin>
      <ymin>318.45</ymin>
      <xmax>852.47</xmax>
      <ymax>360.24</ymax>
    </bndbox>
  </object>
  <object>
    <name>WHITE</name>
    <occluded>0</occluded>
    <bndbox>
      <xmin>779.49</xmin>
      <ymin>274.78</ymin>
      <xmax>807.87</xmax>
      <ymax>316.58</ymax>
    </bndbox>
  </object>
  <object>
    <name>WHITE</name>
    <occluded>0</occluded>
    <bndbox>
      <xmin>704.64</xmin>
      <ymin>232.05</ymin>
      <xmax>744.25</xmax>
      <ymax>270.1</ymax>
    </bndbox>
  </object>
  <object>
    <name>WHITE</name>
    <occluded>0</occluded>
    <bndbox>
      <xmin>755.47</xmin>
      <ymin>225.19</ymin>
      <xmax>787.6</xmax>
      <ymax>259.81</ymax>
    </bndbox>
  </object>
  <object>
    <name>WHITE</name>
    <occluded>0</occluded>
    <bndbox>
      <xmin>670.01</xmin>
      <ymin>183.08</ymin>
      <xmax>711.81</xmax>
      <ymax>213.34</ymax>
    </bndbox>
  </object>
  <object>
    <name>WHITE</name>
    <occluded>0</occluded>
    <bndbox>
      <xmin>221.82</xmin>
      <ymin>448.2</ymin>
      <xmax>254.57</xmax>
      <ymax>497.2</ymax>
    </bndbox>
  </object>
  <object>
    <name>WHITE</name>
    <occluded>0</occluded>
    <bndbox>
      <xmin>210.28</xmin>
      <ymin>373.96</ymin>
      <xmax>235.54</xmax>
      <ymax>418.88</ymax>
    </bndbox>
  </object>
  <object>
    <name>WHITE</name>
    <occluded>0</occluded>
    <bndbox>
      <xmin>271.41</xmin>
      <ymin>265.74</ymin>
      <xmax>308.84</xmax>
      <ymax>302.54</ymax>
    </bndbox>
  </object>
  <object>
    <name>WHITE</name>
    <occluded>0</occluded>
    <bndbox>
      <xmin>224.94</xmin>
      <ymin>295.68</ymin>
      <xmax>251.76</xmax>
      <ymax>336.85</ymax>
    </bndbox>
  </object>
  <object>
    <name>WHITE</name>
    <occluded>0</occluded>
    <bndbox>
      <xmin>367.48</xmin>
      <ymin>199.3</ymin>
      <xmax>409.27</xmax>
      <ymax>227.37</ymax>
    </bndbox>
  </object>
  <object>
    <name>WHITE</name>
    <occluded>0</occluded>
    <bndbox>
      <xmin>422.06</xmin>
      <ymin>163.43</ymin>
      <xmax>463.23</xmax>
      <ymax>192.44</ymax>
    </bndbox>
  </object>
  <object>
    <name>WHITE</name>
    <occluded>0</occluded>
    <bndbox>
      <xmin>528.41</xmin>
      <ymin>876.12</ymin>
      <xmax>572.39</xmax>
      <ymax>899.2</ymax>
    </bndbox>
  </object>
  <object>
    <name>WHITE</name>
    <occluded>0</occluded>
    <bndbox>
      <xmin>441.4</xmin>
      <ymin>790.34</ymin>
      <xmax>485.69</xmax>
      <ymax>828.71</ymax>
    </bndbox>
  </object>
  <object>
    <name>WHITE</name>
    <occluded>0</occluded>
    <bndbox>
      <xmin>505.96</xmin>
      <ymin>775.37</ymin>
      <xmax>548.69</xmax>
      <ymax>813.74</ymax>
    </bndbox>
  </object>
  <object>
    <name>WHITE</name>
    <occluded>0</occluded>
    <bndbox>
      <xmin>549.0</xmin>
      <ymin>824.34</ymin>
      <xmax>590.17</xmax>
      <ymax>860.83</ymax>
    </bndbox>
  </object>
  <object>
    <name>WHITE</name>
    <occluded>0</occluded>
    <bndbox>
      <xmin>610.75</xmin>
      <ymin>843.37</ymin>
      <xmax>649.12</xmax>
      <ymax>877.68</ymax>
    </bndbox>
  </object>
  <object>
    <name>WHITE</name>
    <occluded>0</occluded>
    <bndbox>
      <xmin>762.02</xmin>
      <ymin>633.15</ymin>
      <xmax>801.01</xmax>
      <ymax>670.58</ymax>
    </bndbox>
  </object>
  <object>
    <name>WHITE</name>
    <occluded>0</occluded>
    <bndbox>
      <xmin>490.25</xmin>
      <ymin>710.0</ymin>
      <xmax>531.3</xmax>
      <ymax>754.56</ymax>
    </bndbox>
  </object>
  <object>
    <name>WHITE</name>
    <occluded>0</occluded>
    <bndbox>
      <xmin>837.6</xmin>
      <ymin>396.2</ymin>
      <xmax>857.69</xmax>
      <ymax>438.44</ymax>
    </bndbox>
  </object>
  <object>
    <name>WHITE</name>
    <occluded>0</occluded>
    <bndbox>
      <xmin>623.7</xmin>
      <ymin>793.5</ymin>
      <xmax>654.7</xmax>
      <ymax>832.2</ymax>
    </bndbox>
  </object>
  <object>
    <name>WHITE</name>
    <occluded>0</occluded>
    <bndbox>
      <xmin>793.7</xmin>
      <ymin>343.5</ymin>
      <xmax>821.37</xmax>
      <ymax>390.89</ymax>
    </bndbox>
  </object>
  <object>
    <name>WHITE</name>
    <occluded>0</occluded>
    <bndbox>
      <xmin>782.01</xmin>
      <ymin>426.56</ymin>
      <xmax>814.1</xmax>
      <ymax>471.1</ymax>
    </bndbox>
  </object>
  <object>
    <name>WHITE</name>
    <occluded>0</occluded>
    <bndbox>
      <xmin>750.4</xmin>
      <ymin>506.98</ymin>
      <xmax>786.05</xmax>
      <ymax>550.9</ymax>
    </bndbox>
  </object>
  <object>
    <name>WHITE</name>
    <occluded>0</occluded>
    <bndbox>
      <xmin>714.38</xmin>
      <ymin>588.12</ymin>
      <xmax>755.9</xmax>
      <ymax>632.1</ymax>
    </bndbox>
  </object>
  <object>
    <name>WHITE</name>
    <occluded>0</occluded>
    <bndbox>
      <xmin>584.2</xmin>
      <ymin>753.2</ymin>
      <xmax>616.38</xmax>
      <ymax>797.0</ymax>
    </bndbox>
  </object>
  <object>
    <name>BLACK</name>
    <occluded>0</occluded>
    <bndbox>
      <xmin>738.52</xmin>
      <ymin>373.64</ymin>
      <xmax>780.9</xmax>
      <ymax>424.4</ymax>
    </bndbox>
  </object>
  <object>
    <name>WHITE</name>
    <occluded>0</occluded>
    <bndbox>
      <xmin>703.35</xmin>
      <ymin>439.45</ymin>
      <xmax>749.75</xmax>
      <ymax>488.1</ymax>
    </bndbox>
  </object>
  <object>
    <name>WHITE</name>
    <occluded>0</occluded>
    <bndbox>
      <xmin>662.5</xmin>
      <ymin>525.5</ymin>
      <xmax>707.6</xmax>
      <ymax>568.1</ymax>
    </bndbox>
  </object>
  <object>
    <name>WHITE</name>
    <occluded>0</occluded>
    <bndbox>
      <xmin>634.48</xmin>
      <ymin>153.11</ymin>
      <xmax>675.4</xmax>
      <ymax>175.5</ymax>
    </bndbox>
  </object>
  <object>
    <name>WHITE</name>
    <occluded>0</occluded>
    <bndbox>
      <xmin>510.5</xmin>
      <ymin>161.94</ymin>
      <xmax>557.4</xmax>
      <ymax>184.9</ymax>
    </bndbox>
  </object>
  <object>
    <name>WHITE</name>
    <occluded>0</occluded>
    <bndbox>
      <xmin>460.3</xmin>
      <ymin>193.4</ymin>
      <xmax>506.71</xmax>
      <ymax>224.4</ymax>
    </bndbox>
  </object>
  <object>
    <name>WHITE</name>
    <occluded>0</occluded>
    <bndbox>
      <xmin>414.6</xmin>
      <ymin>234.6</ymin>
      <xmax>457.71</xmax>
      <ymax>272.0</ymax>
    </bndbox>
  </object>
  <object>
    <name>WHITE</name>
    <occluded>0</occluded>
    <bndbox>
      <xmin>252.6</xmin>
      <ymin>332.72</ymin>
      <xmax>283.09</xmax>
      <ymax>380.1</ymax>
    </bndbox>
  </object>
  <object>
    <name>WHITE</name>
    <occluded>0</occluded>
    <bndbox>
      <xmin>311.3</xmin>
      <ymin>309.52</ymin>
      <xmax>350.7</xmax>
      <ymax>357.1</ymax>
    </bndbox>
  </object>
  <object>
    <name>BLACK</name>
    <occluded>0</occluded>
    <bndbox>
      <xmin>371.01</xmin>
      <ymin>286.86</ymin>
      <xmax>418.1</xmax>
      <ymax>333.4</ymax>
    </bndbox>
  </object>
  <object>
    <name>WHITE</name>
    <occluded>0</occluded>
    <bndbox>
      <xmin>260.5</xmin>
      <ymin>435.07</ymin>
      <xmax>296.2</xmax>
      <ymax>483.0</ymax>
    </bndbox>
  </object>
  <object>
    <name>WHITE</name>
    <occluded>0</occluded>
    <bndbox>
      <xmin>314.95</xmin>
      <ymin>391.75</ymin>
      <xmax>359.5</xmax>
      <ymax>440.7</ymax>
    </bndbox>
  </object>
  <object>
    <name>WHITE</name>
    <occluded>0</occluded>
    <bndbox>
      <xmin>382.62</xmin>
      <ymin>356.92</ymin>
      <xmax>429.2</xmax>
      <ymax>405.7</ymax>
    </bndbox>
  </object>
  <object>
    <name>WHITE</name>
    <occluded>0</occluded>
    <bndbox>
      <xmin>741.74</xmin>
      <ymin>784.2</ymin>
      <xmax>770.9</xmax>
      <ymax>816.94</ymax>
    </bndbox>
  </object>
  <object>
    <name>WHITE</name>
    <occluded>0</occluded>
    <bndbox>
      <xmin>761.42</xmin>
      <ymin>722.1</ymin>
      <xmax>795.6</xmax>
      <ymax>753.64</ymax>
    </bndbox>
  </object>
  <object>
    <name>WHITE</name>
    <occluded>0</occluded>
    <bndbox>
      <xmin>709.3</xmin>
      <ymin>777.42</ymin>
      <xmax>744.76</xmax>
      <ymax>805.2</ymax>
    </bndbox>
  </object>
  <object>
    <name>WHITE</name>
    <occluded>0</occluded>
    <bndbox>
      <xmin>677.7</xmin>
      <ymin>812.39</ymin>
      <xmax>710.53</xmax>
      <ymax>848.9</ymax>
    </bndbox>
  </object>
  <object>
    <name>WHITE</name>
    <occluded>0</occluded>
    <bndbox>
      <xmin>374.16</xmin>
      <ymin>749.58</ymin>
      <xmax>419.7</xmax>
      <ymax>788.0</ymax>
    </bndbox>
  </object>
  <object>
    <name>WHITE</name>
    <occluded>0</occluded>
    <bndbox>
      <xmin>761.69</xmin>
      <ymin>750.8</ymin>
      <xmax>790.1</xmax>
      <ymax>786.59</ymax>
    </bndbox>
  </object>
  <object>
    <name>WHITE</name>
    <occluded>0</occluded>
    <bndbox>
      <xmin>438.78</xmin>
      <ymin>295.0</ymin>
      <xmax>484.8</xmax>
      <ymax>342.29</ymax>
    </bndbox>
  </object>
  <object>
    <name>WHITE</name>
    <occluded>0</occluded>
    <bndbox>
      <xmin>496.7</xmin>
      <ymin>242.7</ymin>
      <xmax>542.83</xmax>
      <ymax>283.05</ymax>
    </bndbox>
  </object>
  <object>
    <name>WHITE</name>
    <occluded>0</occluded>
    <bndbox>
      <xmin>541.95</xmin>
      <ymin>205.25</ymin>
      <xmax>587.7</xmax>
      <ymax>236.4</ymax>
    </bndbox>
  </object>
  <object>
    <name>WHITE</name>
    <occluded>0</occluded>
    <bndbox>
      <xmin>591.45</xmin>
      <ymin>175.76</ymin>
      <xmax>634.9</xmax>
      <ymax>205.2</ymax>
    </bndbox>
  </object>
  <object>
    <name>WHITE</name>
    <occluded>0</occluded>
    <bndbox>
      <xmin>306.06</xmin>
      <ymin>534.73</ymin>
      <xmax>345.98</xmax>
      <ymax>577.15</ymax>
    </bndbox>
  </object>
  <object>
    <name>WHITE</name>
    <occluded>0</occluded>
    <bndbox>
      <xmin>352.91</xmin>
      <ymin>495.7</ymin>
      <xmax>396.7</xmax>
      <ymax>542.57</ymax>
    </bndbox>
  </object>
  <object>
    <name>WHITE</name>
    <occluded>0</occluded>
    <bndbox>
      <xmin>407.19</xmin>
      <ymin>449.52</ymin>
      <xmax>456.2</xmax>
      <ymax>498.6</ymax>
    </bndbox>
  </object>
  <object>
    <name>WHITE</name>
    <occluded>0</occluded>
    <bndbox>
      <xmin>460.6</xmin>
      <ymin>389.44</ymin>
      <xmax>508.31</xmax>
      <ymax>437.8</ymax>
    </bndbox>
  </object>
  <object>
    <name>WHITE</name>
    <occluded>0</occluded>
    <bndbox>
      <xmin>573.5</xmin>
      <ymin>261.1</ymin>
      <xmax>619.0</xmax>
      <ymax>305.0</ymax>
    </bndbox>
  </object>
  <object>
    <name>WHITE</name>
    <occluded>0</occluded>
    <bndbox>
      <xmin>624.07</xmin>
      <ymin>218.18</ymin>
      <xmax>668.0</xmax>
      <ymax>255.1</ymax>
    </bndbox>
  </object>
  <object>
    <name>WHITE</name>
    <occluded>0</occluded>
    <bndbox>
      <xmin>396.44</xmin>
      <ymin>611.06</ymin>
      <xmax>442.7</xmax>
      <ymax>650.06</ymax>
    </bndbox>
  </object>
  <object>
    <name>WHITE</name>
    <occluded>0</occluded>
    <bndbox>
      <xmin>434.67</xmin>
      <ymin>543.83</ymin>
      <xmax>482.2</xmax>
      <ymax>589.3</ymax>
    </bndbox>
  </object>
  <object>
    <name>WHITE</name>
    <occluded>0</occluded>
    <bndbox>
      <xmin>312.73</xmin>
      <ymin>783.21</ymin>
      <xmax>350.8</xmax>
      <ymax>823.5</ymax>
    </bndbox>
  </object>
  <object>
    <name>WHITE</name>
    <occluded>0</occluded>
    <bndbox>
      <xmin>340.49</xmin>
      <ymin>819.45</ymin>
      <xmax>385.9</xmax>
      <ymax>856.6</ymax>
    </bndbox>
  </object>
  <object>
    <name>WHITE</name>
    <occluded>0</occluded>
    <bndbox>
      <xmin>484.94</xmin>
      <ymin>637.38</ymin>
      <xmax>533.2</xmax>
      <ymax>680.12</ymax>
    </bndbox>
  </object>
  <object>
    <name>WHITE</name>
    <occluded>0</occluded>
    <bndbox>
      <xmin>525.38</xmin>
      <ymin>571.82</ymin>
      <xmax>574.3</xmax>
      <ymax>616.2</ymax>
    </bndbox>
  </object>
  <object>
    <name>WHITE</name>
    <occluded>0</occluded>
    <bndbox>
      <xmin>577.96</xmin>
      <ymin>508.73</ymin>
      <xmax>625.5</xmax>
      <ymax>555.9</ymax>
    </bndbox>
  </object>
  <object>
    <name>WHITE</name>
    <occluded>0</occluded>
    <bndbox>
      <xmin>621.5</xmin>
      <ymin>429.9</ymin>
      <xmax>664.5</xmax>
      <ymax>478.0</ymax>
    </bndbox>
  </object>
  <object>
    <name>WHITE</name>
    <occluded>0</occluded>
    <bndbox>
      <xmin>728.1</xmin>
      <ymin>302.53</ymin>
      <xmax>765.1</xmax>
      <ymax>345.47</ymax>
    </bndbox>
  </object>
  <object>
    <name>WHITE</name>
    <occluded>0</occluded>
    <bndbox>
      <xmin>647.6</xmin>
      <ymin>276.9</ymin>
      <xmax>689.0</xmax>
      <ymax>318.3</ymax>
    </bndbox>
  </object>
  <object>
    <name>WHITE</name>
    <occluded>0</occluded>
    <bndbox>
      <xmin>564.0</xmin>
      <ymin>649.9</ymin>
      <xmax>609.4</xmax>
      <ymax>688.87</ymax>
    </bndbox>
  </object>
  <object>
    <name>WHITE</name>
    <occluded>0</occluded>
    <bndbox>
      <xmin>539.6</xmin>
      <ymin>414.4</ymin>
      <xmax>585.5</xmax>
      <ymax>460.0</ymax>
    </bndbox>
  </object>
  <object>
    <name>WHITE</name>
    <occluded>0</occluded>
    <bndbox>
      <xmin>488.0</xmin>
      <ymin>484.0</ymin>
      <xmax>538.9</xmax>
      <ymax>531.4</ymax>
    </bndbox>
  </object>
  <object>
    <name>WHITE</name>
    <occluded>0</occluded>
    <bndbox>
      <xmin>367.33</xmin>
      <ymin>853.5</ymin>
      <xmax>411.3</xmax>
      <ymax>885.1</ymax>
    </bndbox>
  </object>
  <object>
    <name>BLACK</name>
    <occluded>0</occluded>
    <bndbox>
      <xmin>340.9</xmin>
      <ymin>783.03</ymin>
      <xmax>383.2</xmax>
      <ymax>813.8</ymax>
    </bndbox>
  </object>
  <object>
    <name>WHITE</name>
    <occluded>0</occluded>
    <bndbox>
      <xmin>377.59</xmin>
      <ymin>806.59</ymin>
      <xmax>421.3</xmax>
      <ymax>838.2</ymax>
    </bndbox>
  </object>
  <object>
    <name>WHITE</name>
    <occluded>0</occluded>
    <bndbox>
      <xmin>409.6</xmin>
      <ymin>849.95</ymin>
      <xmax>453.23</xmax>
      <ymax>880.9</ymax>
    </bndbox>
  </object>
  <object>
    <name>BLACK</name>
    <occluded>0</occluded>
    <bndbox>
      <xmin>461.2</xmin>
      <ymin>886.14</ymin>
      <xmax>503.8</xmax>
      <ymax>916.6</ymax>
    </bndbox>
  </object>
  <object>
    <name>WHITE</name>
    <occluded>0</occluded>
    <bndbox>
      <xmin>479.19</xmin>
      <ymin>842.3</ymin>
      <xmax>519.6</xmax>
      <ymax>875.43</ymax>
    </bndbox>
  </object>
  <object>
    <name>WHITE</name>
    <occluded>0</occluded>
    <bndbox>
      <xmin>412.17</xmin>
      <ymin>706.4</ymin>
      <xmax>458.8</xmax>
      <ymax>742.9</ymax>
    </bndbox>
  </object>
  <object>
    <name>BLACK</name>
    <occluded>0</occluded>
    <bndbox>
      <xmin>533.32</xmin>
      <ymin>711.17</ymin>
      <xmax>579.7</xmax>
      <ymax>750.8</ymax>
    </bndbox>
  </object>
</annotation>
