<annotation>
  <folder>MK</folder>
  <filename>MK_camera2.png</filename>
  <source>
    <database>Unknown</database>
    <annotation>Unknown</annotation>
    <image>Unknown</image>
  </source>
  <size>
    <width>960</width>
    <height>1280</height>
    <depth></depth>
  </size>
  <segmented>0</segmented>
  <object>
    <name>WHITE</name>
    <occluded>0</occluded>
    <bndbox>
      <xmin>198.07</xmin>
      <ymin>584.94</ymin>
      <xmax>234.9</xmax>
      <ymax>635.0</ymax>
    </bndbox>
  </object>
  <object>
    <name>WHITE</name>
    <occluded>0</occluded>
    <bndbox>
      <xmin>492.72</xmin>
      <ymin>329.82</ymin>
      <xmax>541.6</xmax>
      <ymax>366.2</ymax>
    </bndbox>
  </object>
  <object>
    <name>WHITE</name>
    <occluded>0</occluded>
    <bndbox>
      <xmin>688.3</xmin>
      <ymin>447.59</ymin>
      <xmax>715.79</xmax>
      <ymax>493.6</ymax>
    </bndbox>
  </object>
  <object>
    <name>WHITE</name>
    <occluded>0</occluded>
    <bndbox>
      <xmin>665.5</xmin>
      <ymin>508.0</ymin>
      <xmax>698.0</xmax>
      <ymax>558.2</ymax>
    </bndbox>
  </object>
  <object>
    <name>WHITE</name>
    <occluded>0</occluded>
    <bndbox>
      <xmin>627.01</xmin>
      <ymin>584.5</ymin>
      <xmax>666.5</xmax>
      <ymax>633.5</ymax>
    </bndbox>
  </object>
  <object>
    <name>WHITE</name>
    <occluded>0</occluded>
    <bndbox>
      <xmin>577.01</xmin>
      <ymin>631.5</ymin>
      <xmax>624.0</xmax>
      <ymax>683.5</ymax>
    </bndbox>
  </object>
  <object>
    <name>BLACK</name>
    <occluded>0</occluded>
    <bndbox>
      <xmin>631.13</xmin>
      <ymin>394.14</ymin>
      <xmax>668.0</xmax>
      <ymax>437.9</ymax>
    </bndbox>
  </object>
  <object>
    <name>WHITE</name>
    <occluded>0</occluded>
    <bndbox>
      <xmin>447.38</xmin>
      <ymin>366.23</ymin>
      <xmax>499.0</xmax>
      <ymax>405.4</ymax>
    </bndbox>
  </object>
  <object>
    <name>WHITE</name>
    <occluded>0</occluded>
    <bndbox>
      <xmin>401.14</xmin>
      <ymin>426.95</ymin>
      <xmax>452.9</xmax>
      <ymax>472.05</ymax>
    </bndbox>
  </object>
  <object>
    <name>WHITE</name>
    <occluded>0</occluded>
    <bndbox>
      <xmin>347.02</xmin>
      <ymin>502.19</ymin>
      <xmax>401.5</xmax>
      <ymax>554.8</ymax>
    </bndbox>
  </object>
  <object>
    <name>WHITE</name>
    <occluded>0</occluded>
    <bndbox>
      <xmin>292.0</xmin>
      <ymin>581.0</ymin>
      <xmax>340.0</xmax>
      <ymax>632.0</ymax>
    </bndbox>
  </object>
  <object>
    <name>WHITE</name>
    <occluded>0</occluded>
    <bndbox>
      <xmin>245.46</xmin>
      <ymin>503.79</ymin>
      <xmax>291.54</xmax>
      <ymax>555.7</ymax>
    </bndbox>
  </object>
  <object>
    <name>WHITE</name>
    <occluded>0</occluded>
    <bndbox>
      <xmin>303.02</xmin>
      <ymin>433.91</ymin>
      <xmax>353.5</xmax>
      <ymax>479.6</ymax>
    </bndbox>
  </object>
  <object>
    <name>WHITE</name>
    <occluded>0</occluded>
    <bndbox>
      <xmin>666.11</xmin>
      <ymin>377.54</ymin>
      <xmax>703.88</xmax>
      <ymax>418.78</ymax>
    </bndbox>
  </object>
  <object>
    <name>WHITE</name>
    <occluded>0</occluded>
    <bndbox>
      <xmin>728.49</xmin>
      <ymin>516.16</ymin>
      <xmax>750.32</xmax>
      <ymax>561.21</ymax>
    </bndbox>
  </object>
  <object>
    <name>WHITE</name>
    <occluded>0</occluded>
    <bndbox>
      <xmin>249.62</xmin>
      <ymin>343.29</ymin>
      <xmax>290.04</xmax>
      <ymax>381.22</ymax>
    </bndbox>
  </object>
  <object>
    <name>WHITE</name>
    <occluded>0</occluded>
    <bndbox>
      <xmin>326.4</xmin>
      <ymin>333.31</ymin>
      <xmax>374.38</xmax>
      <ymax>365.75</ymax>
    </bndbox>
  </object>
  <object>
    <name>WHITE</name>
    <occluded>0</occluded>
    <bndbox>
      <xmin>268.59</xmin>
      <ymin>381.22</ymin>
      <xmax>315.5</xmax>
      <ymax>424.63</ymax>
    </bndbox>
  </object>
  <object>
    <name>BLACK</name>
    <occluded>0</occluded>
    <bndbox>
      <xmin>208.7</xmin>
      <ymin>397.69</ymin>
      <xmax>247.63</xmax>
      <ymax>442.6</ymax>
    </bndbox>
  </object>
  <object>
    <name>WHITE</name>
    <occluded>0</occluded>
    <bndbox>
      <xmin>707.24</xmin>
      <ymin>584.82</ymin>
      <xmax>731.69</xmax>
      <ymax>632.23</ymax>
    </bndbox>
  </object>
  <object>
    <name>WHITE</name>
    <occluded>0</occluded>
    <bndbox>
      <xmin>166.29</xmin>
      <ymin>651.39</ymin>
      <xmax>192.24</xmax>
      <ymax>697.31</ymax>
    </bndbox>
  </object>
  <object>
    <name>WHITE</name>
    <occluded>0</occluded>
    <bndbox>
      <xmin>677.29</xmin>
      <ymin>649.7</ymin>
      <xmax>704.74</xmax>
      <ymax>697.61</ymax>
    </bndbox>
  </object>
  <object>
    <name>WHITE</name>
    <occluded>0</occluded>
    <bndbox>
      <xmin>653.27</xmin>
      <ymin>900.04</ymin>
      <xmax>684.46</xmax>
      <ymax>942.04</ymax>
    </bndbox>
  </object>
  <object>
    <name>WHITE</name>
    <occluded>0</occluded>
    <bndbox>
      <xmin>361.0</xmin>
      <ymin>370.5</ymin>
      <xmax>409.5</xmax>
      <ymax>411.2</ymax>
    </bndbox>
  </object>
  <object>
    <name>WHITE</name>
    <occluded>0</occluded>
    <bndbox>
      <xmin>406.39</xmin>
      <ymin>325.3</ymin>
      <xmax>456.8</xmax>
      <ymax>357.27</ymax>
    </bndbox>
  </object>
  <object>
    <name>WHITE</name>
    <occluded>0</occluded>
    <bndbox>
      <xmin>462.81</xmin>
      <ymin>287.49</ymin>
      <xmax>506.8</xmax>
      <ymax>317.4</ymax>
    </bndbox>
  </object>
  <object>
    <name>WHITE</name>
    <occluded>0</occluded>
    <bndbox>
      <xmin>238.32</xmin>
      <ymin>638.23</ymin>
      <xmax>277.7</xmax>
      <ymax>685.8</ymax>
    </bndbox>
  </object>
  <object>
    <name>WHITE</name>
    <occluded>0</occluded>
    <bndbox>
      <xmin>604.22</xmin>
      <ymin>441.64</ymin>
      <xmax>649.6</xmax>
      <ymax>491.4</ymax>
    </bndbox>
  </object>
  <object>
    <name>WHITE</name>
    <occluded>0</occluded>
    <bndbox>
      <xmin>560.38</xmin>
      <ymin>500.27</ymin>
      <xmax>610.4</xmax>
      <ymax>549.4</ymax>
    </bndbox>
  </object>
  <object>
    <name>WHITE</name>
    <occluded>0</occluded>
    <bndbox>
      <xmin>517.0</xmin>
      <ymin>574.5</ymin>
      <xmax>566.0</xmax>
      <ymax>624.5</ymax>
    </bndbox>
  </object>
  <object>
    <name>WHITE</name>
    <occluded>0</occluded>
    <bndbox>
      <xmin>454.0</xmin>
      <ymin>641.01</ymin>
      <xmax>506.0</xmax>
      <ymax>694.5</ymax>
    </bndbox>
  </object>
  <object>
    <name>BLACK</name>
    <occluded>0</occluded>
    <bndbox>
      <xmin>403.67</xmin>
      <ymin>717.68</ymin>
      <xmax>456.2</xmax>
      <ymax>769.6</ymax>
    </bndbox>
  </object>
  <object>
    <name>WHITE</name>
    <occluded>0</occluded>
    <bndbox>
      <xmin>547.22</xmin>
      <ymin>378.38</ymin>
      <xmax>594.3</xmax>
      <ymax>421.9</ymax>
    </bndbox>
  </object>
  <object>
    <name>WHITE</name>
    <occluded>0</occluded>
    <bndbox>
      <xmin>397.85</xmin>
      <ymin>578.09</ymin>
      <xmax>451.1</xmax>
      <ymax>629.9</ymax>
    </bndbox>
  </object>
  <object>
    <name>WHITE</name>
    <occluded>0</occluded>
    <bndbox>
      <xmin>350.01</xmin>
      <ymin>647.5</ymin>
      <xmax>402.0</xmax>
      <ymax>698.0</ymax>
    </bndbox>
  </object>
  <object>
    <name>WHITE</name>
    <occluded>0</occluded>
    <bndbox>
      <xmin>504.4</xmin>
      <ymin>429.0</ymin>
      <xmax>554.0</xmax>
      <ymax>473.3</ymax>
    </bndbox>
  </object>
  <object>
    <name>WHITE</name>
    <occluded>0</occluded>
    <bndbox>
      <xmin>453.3</xmin>
      <ymin>497.0</ymin>
      <xmax>501.03</xmax>
      <ymax>547.26</ymax>
    </bndbox>
  </object>
  <object>
    <name>WHITE</name>
    <occluded>0</occluded>
    <bndbox>
      <xmin>724.8</xmin>
      <ymin>443.2</ymin>
      <xmax>749.3</xmax>
      <ymax>486.9</ymax>
    </bndbox>
  </object>
  <object>
    <name>WHITE</name>
    <occluded>0</occluded>
    <bndbox>
      <xmin>212.5</xmin>
      <ymin>447.3</ymin>
      <xmax>252.47</xmax>
      <ymax>493.2</ymax>
    </bndbox>
  </object>
  <object>
    <name>WHITE</name>
    <occluded>0</occluded>
    <bndbox>
      <xmin>173.5</xmin>
      <ymin>515.5</ymin>
      <xmax>201.0</xmax>
      <ymax>561.5</ymax>
    </bndbox>
  </object>
  <object>
    <name>WHITE</name>
    <occluded>0</occluded>
    <bndbox>
      <xmin>167.0</xmin>
      <ymin>449.96</ymin>
      <xmax>190.99</xmax>
      <ymax>493.98</ymax>
    </bndbox>
  </object>
  <object>
    <name>WHITE</name>
    <occluded>0</occluded>
    <bndbox>
      <xmin>369.77</xmin>
      <ymin>291.25</ymin>
      <xmax>416.59</xmax>
      <ymax>315.16</ymax>
    </bndbox>
  </object>
  <object>
    <name>WHITE</name>
    <occluded>0</occluded>
    <bndbox>
      <xmin>420.75</xmin>
      <ymin>258.67</ymin>
      <xmax>467.19</xmax>
      <ymax>279.12</ymax>
    </bndbox>
  </object>
  <object>
    <name>WHITE</name>
    <occluded>0</occluded>
    <bndbox>
      <xmin>505.66</xmin>
      <ymin>255.2</ymin>
      <xmax>548.97</xmax>
      <ymax>278.08</ymax>
    </bndbox>
  </object>
  <object>
    <name>WHITE</name>
    <occluded>0</occluded>
    <bndbox>
      <xmin>548.63</xmin>
      <ymin>293.32</ymin>
      <xmax>594.03</xmax>
      <ymax>322.78</ymax>
    </bndbox>
  </object>
  <object>
    <name>WHITE</name>
    <occluded>0</occluded>
    <bndbox>
      <xmin>590.56</xmin>
      <ymin>338.38</ymin>
      <xmax>632.15</xmax>
      <ymax>375.8</ymax>
    </bndbox>
  </object>
</annotation>
