<annotation>
  <folder>MRB</folder>
  <filename>MRB_camera8.png</filename>
  <source>
    <database>Unknown</database>
    <annotation>Unknown</annotation>
    <image>Unknown</image>
  </source>
  <size>
    <width>1280</width>
    <height>960</height>
    <depth></depth>
  </size>
  <segmented>0</segmented>
  <object>
    <name>WHITE</name>
    <occluded>0</occluded>
    <bndbox>
      <xmin>286.37</xmin>
      <ymin>292.96</ymin>
      <xmax>333.03</xmax>
      <ymax>337.6</ymax>
    </bndbox>
  </object>
  <object>
    <name>WHITE</name>
    <occluded>0</occluded>
    <bndbox>
      <xmin>332.45</xmin>
      <ymin>234.46</ymin>
      <xmax>378.59</xmax>
      <ymax>279.1</ymax>
    </bndbox>
  </object>
  <object>
    <name>WHITE</name>
    <occluded>0</occluded>
    <bndbox>
      <xmin>394.76</xmin>
      <ymin>181.57</ymin>
      <xmax>446.1</xmax>
      <ymax>220.2</ymax>
    </bndbox>
  </object>
  <object>
    <name>WHITE</name>
    <occluded>0</occluded>
    <bndbox>
      <xmin>411.0</xmin>
      <ymin>455.8</ymin>
      <xmax>461.9</xmax>
      <ymax>508.0</ymax>
    </bndbox>
  </object>
  <object>
    <name>WHITE</name>
    <occluded>0</occluded>
    <bndbox>
      <xmin>672.16</xmin>
      <ymin>256.55</ymin>
      <xmax>707.3</xmax>
      <ymax>297.8</ymax>
    </bndbox>
  </object>
  <object>
    <name>WHITE</name>
    <occluded>0</occluded>
    <bndbox>
      <xmin>341.5</xmin>
      <ymin>516.0</ymin>
      <xmax>394.0</xmax>
      <ymax>564.8</ymax>
    </bndbox>
  </object>
  <object>
    <name>WHITE</name>
    <occluded>0</occluded>
    <bndbox>
      <xmin>657.15</xmin>
      <ymin>154.94</ymin>
      <xmax>692.9</xmax>
      <ymax>188.6</ymax>
    </bndbox>
  </object>
  <object>
    <name>WHITE</name>
    <occluded>0</occluded>
    <bndbox>
      <xmin>600.9</xmin>
      <ymin>240.2</ymin>
      <xmax>645.5</xmax>
      <ymax>277.0</ymax>
    </bndbox>
  </object>
  <object>
    <name>WHITE</name>
    <occluded>0</occluded>
    <bndbox>
      <xmin>324.6</xmin>
      <ymin>441.84</ymin>
      <xmax>373.6</xmax>
      <ymax>487.6</ymax>
    </bndbox>
  </object>
  <object>
    <name>BLACK</name>
    <occluded>0</occluded>
    <bndbox>
      <xmin>256.36</xmin>
      <ymin>501.94</ymin>
      <xmax>302.7</xmax>
      <ymax>557.0</ymax>
    </bndbox>
  </object>
  <object>
    <name>WHITE</name>
    <occluded>0</occluded>
    <bndbox>
      <xmin>604.3</xmin>
      <ymin>127.84</ymin>
      <xmax>640.7</xmax>
      <ymax>162.9</ymax>
    </bndbox>
  </object>
  <object>
    <name>WHITE</name>
    <occluded>0</occluded>
    <bndbox>
      <xmin>492.54</xmin>
      <ymin>203.71</ymin>
      <xmax>538.5</xmax>
      <ymax>241.8</ymax>
    </bndbox>
  </object>
  <object>
    <name>WHITE</name>
    <occluded>0</occluded>
    <bndbox>
      <xmin>559.58</xmin>
      <ymin>164.27</ymin>
      <xmax>605.2</xmax>
      <ymax>206.8</ymax>
    </bndbox>
  </object>
  <object>
    <name>WHITE</name>
    <occluded>0</occluded>
    <bndbox>
      <xmin>411.1</xmin>
      <ymin>238.0</ymin>
      <xmax>461.5</xmax>
      <ymax>279.88</ymax>
    </bndbox>
  </object>
  <object>
    <name>WHITE</name>
    <occluded>0</occluded>
    <bndbox>
      <xmin>355.78</xmin>
      <ymin>297.43</ymin>
      <xmax>402.74</xmax>
      <ymax>343.6</ymax>
    </bndbox>
  </object>
  <object>
    <name>WHITE</name>
    <occluded>0</occluded>
    <bndbox>
      <xmin>243.1</xmin>
      <ymin>429.7</ymin>
      <xmax>284.4</xmax>
      <ymax>477.7</ymax>
    </bndbox>
  </object>
  <object>
    <name>WHITE</name>
    <occluded>0</occluded>
    <bndbox>
      <xmin>527.5</xmin>
      <ymin>102.63</ymin>
      <xmax>571.1</xmax>
      <ymax>136.9</ymax>
    </bndbox>
  </object>
  <object>
    <name>BLACK</name>
    <occluded>0</occluded>
    <bndbox>
      <xmin>648.62</xmin>
      <ymin>386.3</ymin>
      <xmax>698.62</xmax>
      <ymax>436.3</ymax>
    </bndbox>
  </object>
  <object>
    <name>BLACK</name>
    <occluded>0</occluded>
    <bndbox>
      <xmin>678.92</xmin>
      <ymin>670.72</ymin>
      <xmax>728.0</xmax>
      <ymax>720.9</ymax>
    </bndbox>
  </object>
  <object>
    <name>WHITE</name>
    <occluded>0</occluded>
    <bndbox>
      <xmin>750.6</xmin>
      <ymin>622.59</ymin>
      <xmax>779.36</xmax>
      <ymax>671.7</ymax>
    </bndbox>
  </object>
  <object>
    <name>WHITE</name>
    <occluded>0</occluded>
    <bndbox>
      <xmin>690.02</xmin>
      <ymin>579.02</ymin>
      <xmax>735.22</xmax>
      <ymax>627.9</ymax>
    </bndbox>
  </object>
  <object>
    <name>WHITE</name>
    <occluded>0</occluded>
    <bndbox>
      <xmin>730.7</xmin>
      <ymin>525.94</ymin>
      <xmax>770.8</xmax>
      <ymax>572.4</ymax>
    </bndbox>
  </object>
  <object>
    <name>WHITE</name>
    <occluded>0</occluded>
    <bndbox>
      <xmin>622.97</xmin>
      <ymin>541.15</ymin>
      <xmax>671.2</xmax>
      <ymax>591.5</ymax>
    </bndbox>
  </object>
  <object>
    <name>WHITE</name>
    <occluded>0</occluded>
    <bndbox>
      <xmin>688.34</xmin>
      <ymin>479.03</ymin>
      <xmax>727.3</xmax>
      <ymax>527.8</ymax>
    </bndbox>
  </object>
  <object>
    <name>WHITE</name>
    <occluded>0</occluded>
    <bndbox>
      <xmin>618.96</xmin>
      <ymin>446.4</ymin>
      <xmax>665.04</xmax>
      <ymax>498.1</ymax>
    </bndbox>
  </object>
  <object>
    <name>WHITE</name>
    <occluded>0</occluded>
    <bndbox>
      <xmin>452.6</xmin>
      <ymin>539.0</ymin>
      <xmax>503.3</xmax>
      <ymax>590.0</ymax>
    </bndbox>
  </object>
  <object>
    <name>WHITE</name>
    <occluded>0</occluded>
    <bndbox>
      <xmin>691.14</xmin>
      <ymin>212.17</ymin>
      <xmax>723.4</xmax>
      <ymax>249.2</ymax>
    </bndbox>
  </object>
  <object>
    <name>WHITE</name>
    <occluded>0</occluded>
    <bndbox>
      <xmin>291.72</xmin>
      <ymin>356.29</ymin>
      <xmax>336.28</xmax>
      <ymax>397.71</ymax>
    </bndbox>
  </object>
  <object>
    <name>WHITE</name>
    <occluded>0</occluded>
    <bndbox>
      <xmin>362.3</xmin>
      <ymin>363.98</ymin>
      <xmax>409.7</xmax>
      <ymax>406.02</ymax>
    </bndbox>
  </object>
  <object>
    <name>WHITE</name>
    <occluded>0</occluded>
    <bndbox>
      <xmin>467.4</xmin>
      <ymin>135.92</ymin>
      <xmax>516.2</xmax>
      <ymax>172.6</ymax>
    </bndbox>
  </object>
  <object>
    <name>WHITE</name>
    <occluded>0</occluded>
    <bndbox>
      <xmin>229.6</xmin>
      <ymin>177.1</ymin>
      <xmax>269.43</xmax>
      <ymax>216.7</ymax>
    </bndbox>
  </object>
  <object>
    <name>BLACK</name>
    <occluded>0</occluded>
    <bndbox>
      <xmin>196.8</xmin>
      <ymin>299.26</ymin>
      <xmax>240.39</xmax>
      <ymax>350.1</ymax>
    </bndbox>
  </object>
  <object>
    <name>WHITE</name>
    <occluded>0</occluded>
    <bndbox>
      <xmin>253.36</xmin>
      <ymin>232.89</ymin>
      <xmax>298.23</xmax>
      <ymax>276.9</ymax>
    </bndbox>
  </object>
  <object>
    <name>WHITE</name>
    <occluded>0</occluded>
    <bndbox>
      <xmin>307.12</xmin>
      <ymin>172.37</ymin>
      <xmax>351.84</xmax>
      <ymax>216.5</ymax>
    </bndbox>
  </object>
  <object>
    <name>WHITE</name>
    <occluded>0</occluded>
    <bndbox>
      <xmin>366.15</xmin>
      <ymin>120.3</ymin>
      <xmax>411.4</xmax>
      <ymax>153.5</ymax>
    </bndbox>
  </object>
  <object>
    <name>WHITE</name>
    <occluded>0</occluded>
    <bndbox>
      <xmin>787.13</xmin>
      <ymin>630.0</ymin>
      <xmax>812.08</xmax>
      <ymax>677.41</ymax>
    </bndbox>
  </object>
  <object>
    <name>WHITE</name>
    <occluded>0</occluded>
    <bndbox>
      <xmin>219.02</xmin>
      <ymin>364.68</ymin>
      <xmax>264.98</xmax>
      <ymax>399.32</ymax>
    </bndbox>
  </object>
  <object>
    <name>WHITE</name>
    <occluded>0</occluded>
    <bndbox>
      <xmin>624.05</xmin>
      <ymin>624.85</ymin>
      <xmax>672.35</xmax>
      <ymax>675.1</ymax>
    </bndbox>
  </object>
  <object>
    <name>WHITE</name>
    <occluded>0</occluded>
    <bndbox>
      <xmin>535.25</xmin>
      <ymin>572.65</ymin>
      <xmax>587.45</xmax>
      <ymax>624.42</ymax>
    </bndbox>
  </object>
  <object>
    <name>WHITE</name>
    <occluded>0</occluded>
    <bndbox>
      <xmin>753.76</xmin>
      <ymin>673.04</ymin>
      <xmax>781.83</xmax>
      <ymax>721.07</ymax>
    </bndbox>
  </object>
  <object>
    <name>WHITE</name>
    <occluded>0</occluded>
    <bndbox>
      <xmin>779.65</xmin>
      <ymin>575.42</ymin>
      <xmax>807.72</xmax>
      <ymax>623.45</ymax>
    </bndbox>
  </object>
  <object>
    <name>BLACK</name>
    <occluded>0</occluded>
    <bndbox>
      <xmin>806.78</xmin>
      <ymin>558.58</ymin>
      <xmax>827.37</xmax>
      <ymax>604.42</ymax>
    </bndbox>
  </object>
  <object>
    <name>WHITE</name>
    <occluded>0</occluded>
    <bndbox>
      <xmin>800.86</xmin>
      <ymin>611.29</ymin>
      <xmax>823.31</xmax>
      <ymax>655.57</ymax>
    </bndbox>
  </object>
  <object>
    <name>WHITE</name>
    <occluded>0</occluded>
    <bndbox>
      <xmin>539.49</xmin>
      <ymin>497.13</ymin>
      <xmax>592.82</xmax>
      <ymax>547.97</ymax>
    </bndbox>
  </object>
  <object>
    <name>WHITE</name>
    <occluded>0</occluded>
    <bndbox>
      <xmin>785.35</xmin>
      <ymin>504.46</ymin>
      <xmax>808.22</xmax>
      <ymax>547.35</ymax>
    </bndbox>
  </object>
  <object>
    <name>WHITE</name>
    <occluded>0</occluded>
    <bndbox>
      <xmin>707.89</xmin>
      <ymin>414.27</ymin>
      <xmax>744.02</xmax>
      <ymax>460.25</ymax>
    </bndbox>
  </object>
  <object>
    <name>WHITE</name>
    <occluded>0</occluded>
    <bndbox>
      <xmin>753.64</xmin>
      <ymin>443.12</ymin>
      <xmax>783.01</xmax>
      <ymax>488.35</ymax>
    </bndbox>
  </object>
  <object>
    <name>WHITE</name>
    <occluded>0</occluded>
    <bndbox>
      <xmin>645.52</xmin>
      <ymin>312.12</ymin>
      <xmax>680.6</xmax>
      <ymax>355.01</ymax>
    </bndbox>
  </object>
  <object>
    <name>WHITE</name>
    <occluded>0</occluded>
    <bndbox>
      <xmin>704.0</xmin>
      <ymin>336.3</ymin>
      <xmax>735.96</xmax>
      <ymax>376.84</ymax>
    </bndbox>
  </object>
  <object>
    <name>WHITE</name>
    <occluded>0</occluded>
    <bndbox>
      <xmin>755.46</xmin>
      <ymin>363.07</ymin>
      <xmax>781.71</xmax>
      <ymax>406.21</ymax>
    </bndbox>
  </object>
  <object>
    <name>WHITE</name>
    <occluded>0</occluded>
    <bndbox>
      <xmin>798.87</xmin>
      <ymin>368.01</ymin>
      <xmax>811.86</xmax>
      <ymax>407.51</ymax>
    </bndbox>
  </object>
  <object>
    <name>WHITE</name>
    <occluded>0</occluded>
    <bndbox>
      <xmin>731.03</xmin>
      <ymin>286.65</ymin>
      <xmax>761.44</xmax>
      <ymax>325.38</ymax>
    </bndbox>
  </object>
  <object>
    <name>WHITE</name>
    <occluded>0</occluded>
    <bndbox>
      <xmin>775.73</xmin>
      <ymin>304.07</ymin>
      <xmax>798.08</xmax>
      <ymax>342.79</ymax>
    </bndbox>
  </object>
  <object>
    <name>WHITE</name>
    <occluded>0</occluded>
    <bndbox>
      <xmin>632.52</xmin>
      <ymin>191.53</ymin>
      <xmax>672.29</xmax>
      <ymax>228.69</ymax>
    </bndbox>
  </object>
  <object>
    <name>WHITE</name>
    <occluded>0</occluded>
    <bndbox>
      <xmin>737.01</xmin>
      <ymin>240.1</ymin>
      <xmax>765.08</xmax>
      <ymax>274.96</ymax>
    </bndbox>
  </object>
  <object>
    <name>WHITE</name>
    <occluded>0</occluded>
    <bndbox>
      <xmin>436.81</xmin>
      <ymin>84.18</ymin>
      <xmax>484.1</xmax>
      <ymax>113.8</ymax>
    </bndbox>
  </object>
  <object>
    <name>BLACK</name>
    <occluded>0</occluded>
    <bndbox>
      <xmin>489.31</xmin>
      <ymin>64.69</ymin>
      <xmax>534.01</xmax>
      <ymax>90.16</ymax>
    </bndbox>
  </object>
  <object>
    <name>WHITE</name>
    <occluded>0</occluded>
    <bndbox>
      <xmin>352.33</xmin>
      <ymin>80.54</ymin>
      <xmax>399.38</xmax>
      <ymax>101.86</ymax>
    </bndbox>
  </object>
  <object>
    <name>WHITE</name>
    <occluded>0</occluded>
    <bndbox>
      <xmin>286.32</xmin>
      <ymin>119.53</ymin>
      <xmax>326.34</xmax>
      <ymax>152.28</ymax>
    </bndbox>
  </object>
  <object>
    <name>WHITE</name>
    <occluded>0</occluded>
    <bndbox>
      <xmin>174.03</xmin>
      <ymin>247.15</ymin>
      <xmax>207.56</xmax>
      <ymax>290.03</ymax>
    </bndbox>
  </object>
  <object>
    <name>WHITE</name>
    <occluded>0</occluded>
    <bndbox>
      <xmin>145.18</xmin>
      <ymin>325.64</ymin>
      <xmax>172.47</xmax>
      <ymax>374.76</ymax>
    </bndbox>
  </object>
  <object>
    <name>WHITE</name>
    <occluded>0</occluded>
    <bndbox>
      <xmin>194.31</xmin>
      <ymin>506.54</ymin>
      <xmax>237.97</xmax>
      <ymax>557.22</ymax>
    </bndbox>
  </object>
  <object>
    <name>WHITE</name>
    <occluded>0</occluded>
    <bndbox>
      <xmin>191.45</xmin>
      <ymin>444.68</ymin>
      <xmax>222.64</xmax>
      <ymax>494.84</ymax>
    </bndbox>
  </object>
  <object>
    <name>WHITE</name>
    <occluded>0</occluded>
    <bndbox>
      <xmin>153.24</xmin>
      <ymin>526.29</ymin>
      <xmax>183.13</xmax>
      <ymax>575.68</ymax>
    </bndbox>
  </object>
  <object>
    <name>WHITE</name>
    <occluded>0</occluded>
    <bndbox>
      <xmin>418.79</xmin>
      <ymin>53.28</ymin>
      <xmax>462.46</xmax>
      <ymax>74.07</ymax>
    </bndbox>
  </object>
  <object>
    <name>WHITE</name>
    <occluded>0</occluded>
    <bndbox>
      <xmin>218.68</xmin>
      <ymin>141.28</ymin>
      <xmax>252.78</xmax>
      <ymax>179.09</ymax>
    </bndbox>
  </object>
  <object>
    <name>WHITE</name>
    <occluded>0</occluded>
    <bndbox>
      <xmin>161.75</xmin>
      <ymin>381.42</ymin>
      <xmax>194.19</xmax>
      <ymax>424.46</ymax>
    </bndbox>
  </object>
</annotation>
