<annotation>
  <folder>MRB</folder>
  <filename>MRB_camera6.png</filename>
  <source>
    <database>Unknown</database>
    <annotation>Unknown</annotation>
    <image>Unknown</image>
  </source>
  <size>
    <width>1280</width>
    <height>960</height>
    <depth></depth>
  </size>
  <segmented>0</segmented>
  <object>
    <name>WHITE</name>
    <occluded>0</occluded>
    <bndbox>
      <xmin>658.29</xmin>
      <ymin>167.85</ymin>
      <xmax>699.71</xmax>
      <ymax>194.15</ymax>
    </bndbox>
  </object>
  <object>
    <name>WHITE</name>
    <occluded>0</occluded>
    <bndbox>
      <xmin>899.41</xmin>
      <ymin>176.13</ymin>
      <xmax>936.53</xmax>
      <ymax>211.68</ymax>
    </bndbox>
  </object>
  <object>
    <name>WHITE</name>
    <occluded>0</occluded>
    <bndbox>
      <xmin>377.22</xmin>
      <ymin>471.26</ymin>
      <xmax>393.9</xmax>
      <ymax>516.32</ymax>
    </bndbox>
  </object>
  <object>
    <name>WHITE</name>
    <occluded>0</occluded>
    <bndbox>
      <xmin>497.32</xmin>
      <ymin>205.91</ymin>
      <xmax>538.18</xmax>
      <ymax>233.36</ymax>
    </bndbox>
  </object>
  <object>
    <name>WHITE</name>
    <occluded>0</occluded>
    <bndbox>
      <xmin>377.55</xmin>
      <ymin>325.06</ymin>
      <xmax>404.06</xmax>
      <ymax>363.42</ymax>
    </bndbox>
  </object>
  <object>
    <name>WHITE</name>
    <occluded>0</occluded>
    <bndbox>
      <xmin>533.0</xmin>
      <ymin>454.5</ymin>
      <xmax>575.0</xmax>
      <ymax>497.5</ymax>
    </bndbox>
  </object>
  <object>
    <name>WHITE</name>
    <occluded>0</occluded>
    <bndbox>
      <xmin>753.09</xmin>
      <ymin>434.53</ymin>
      <xmax>796.91</xmax>
      <ymax>477.47</ymax>
    </bndbox>
  </object>
  <object>
    <name>WHITE</name>
    <occluded>0</occluded>
    <bndbox>
      <xmin>902.0</xmin>
      <ymin>281.0</ymin>
      <xmax>936.0</xmax>
      <ymax>321.0</ymax>
    </bndbox>
  </object>
  <object>
    <name>WHITE</name>
    <occluded>0</occluded>
    <bndbox>
      <xmin>544.75</xmin>
      <ymin>810.74</ymin>
      <xmax>589.5</xmax>
      <ymax>846.6</ymax>
    </bndbox>
  </object>
  <object>
    <name>WHITE</name>
    <occluded>0</occluded>
    <bndbox>
      <xmin>983.6</xmin>
      <ymin>263.62</ymin>
      <xmax>1009.5</xmax>
      <ymax>304.9</ymax>
    </bndbox>
  </object>
  <object>
    <name>WHITE</name>
    <occluded>0</occluded>
    <bndbox>
      <xmin>1004.27</xmin>
      <ymin>340.79</ymin>
      <xmax>1021.8</xmax>
      <ymax>381.09</ymax>
    </bndbox>
  </object>
  <object>
    <name>WHITE</name>
    <occluded>0</occluded>
    <bndbox>
      <xmin>946.5</xmin>
      <ymin>463.59</ymin>
      <xmax>976.08</xmax>
      <ymax>505.4</ymax>
    </bndbox>
  </object>
  <object>
    <name>WHITE</name>
    <occluded>0</occluded>
    <bndbox>
      <xmin>958.7</xmin>
      <ymin>557.24</ymin>
      <xmax>989.0</xmax>
      <ymax>593.2</ymax>
    </bndbox>
  </object>
  <object>
    <name>WHITE</name>
    <occluded>0</occluded>
    <bndbox>
      <xmin>939.08</xmin>
      <ymin>234.54</ymin>
      <xmax>967.8</xmax>
      <ymax>274.2</ymax>
    </bndbox>
  </object>
  <object>
    <name>WHITE</name>
    <occluded>0</occluded>
    <bndbox>
      <xmin>960.78</xmin>
      <ymin>305.65</ymin>
      <xmax>990.0</xmax>
      <ymax>349.5</ymax>
    </bndbox>
  </object>
  <object>
    <name>WHITE</name>
    <occluded>0</occluded>
    <bndbox>
      <xmin>967.01</xmin>
      <ymin>385.69</ymin>
      <xmax>993.7</xmax>
      <ymax>430.4</ymax>
    </bndbox>
  </object>
  <object>
    <name>WHITE</name>
    <occluded>0</occluded>
    <bndbox>
      <xmin>919.6</xmin>
      <ymin>535.97</ymin>
      <xmax>953.83</xmax>
      <ymax>576.8</ymax>
    </bndbox>
  </object>
  <object>
    <name>WHITE</name>
    <occluded>0</occluded>
    <bndbox>
      <xmin>793.6</xmin>
      <ymin>738.49</ymin>
      <xmax>831.45</xmax>
      <ymax>770.5</ymax>
    </bndbox>
  </object>
  <object>
    <name>BLACK</name>
    <occluded>0</occluded>
    <bndbox>
      <xmin>926.63</xmin>
      <ymin>349.76</ymin>
      <xmax>961.7</xmax>
      <ymax>397.3</ymax>
    </bndbox>
  </object>
  <object>
    <name>WHITE</name>
    <occluded>0</occluded>
    <bndbox>
      <xmin>591.63</xmin>
      <ymin>858.88</ymin>
      <xmax>633.8</xmax>
      <ymax>885.4</ymax>
    </bndbox>
  </object>
  <object>
    <name>BLACK</name>
    <occluded>0</occluded>
    <bndbox>
      <xmin>535.89</xmin>
      <ymin>756.94</ymin>
      <xmax>576.8</xmax>
      <ymax>792.0</ymax>
    </bndbox>
  </object>
  <object>
    <name>WHITE</name>
    <occluded>0</occluded>
    <bndbox>
      <xmin>593.7</xmin>
      <ymin>799.4</ymin>
      <xmax>638.4</xmax>
      <ymax>832.2</ymax>
    </bndbox>
  </object>
  <object>
    <name>WHITE</name>
    <occluded>0</occluded>
    <bndbox>
      <xmin>592.78</xmin>
      <ymin>744.23</ymin>
      <xmax>638.9</xmax>
      <ymax>779.9</ymax>
    </bndbox>
  </object>
  <object>
    <name>WHITE</name>
    <occluded>0</occluded>
    <bndbox>
      <xmin>638.66</xmin>
      <ymin>703.18</ymin>
      <xmax>682.8</xmax>
      <ymax>739.3</ymax>
    </bndbox>
  </object>
  <object>
    <name>WHITE</name>
    <occluded>0</occluded>
    <bndbox>
      <xmin>713.0</xmin>
      <ymin>697.6</ymin>
      <xmax>749.16</xmax>
      <ymax>741.3</ymax>
    </bndbox>
  </object>
  <object>
    <name>WHITE</name>
    <occluded>0</occluded>
    <bndbox>
      <xmin>724.82</xmin>
      <ymin>755.73</ymin>
      <xmax>764.74</xmax>
      <ymax>791.0</ymax>
    </bndbox>
  </object>
  <object>
    <name>WHITE</name>
    <occluded>0</occluded>
    <bndbox>
      <xmin>755.07</xmin>
      <ymin>797.4</ymin>
      <xmax>793.53</xmax>
      <ymax>828.3</ymax>
    </bndbox>
  </object>
  <object>
    <name>WHITE</name>
    <occluded>0</occluded>
    <bndbox>
      <xmin>791.21</xmin>
      <ymin>802.81</ymin>
      <xmax>827.9</xmax>
      <ymax>831.1</ymax>
    </bndbox>
  </object>
  <object>
    <name>BLACK</name>
    <occluded>0</occluded>
    <bndbox>
      <xmin>719.82</xmin>
      <ymin>113.38</ymin>
      <xmax>759.4</xmax>
      <ymax>129.2</ymax>
    </bndbox>
  </object>
  <object>
    <name>WHITE</name>
    <occluded>0</occluded>
    <bndbox>
      <xmin>715.0</xmin>
      <ymin>353.31</ymin>
      <xmax>763.6</xmax>
      <ymax>398.2</ymax>
    </bndbox>
  </object>
  <object>
    <name>WHITE</name>
    <occluded>0</occluded>
    <bndbox>
      <xmin>491.38</xmin>
      <ymin>743.48</ymin>
      <xmax>531.8</xmax>
      <ymax>789.29</ymax>
    </bndbox>
  </object>
  <object>
    <name>WHITE</name>
    <occluded>0</occluded>
    <bndbox>
      <xmin>658.62</xmin>
      <ymin>779.89</ymin>
      <xmax>701.79</xmax>
      <ymax>814.46</ymax>
    </bndbox>
  </object>
  <object>
    <name>WHITE</name>
    <occluded>0</occluded>
    <bndbox>
      <xmin>630.29</xmin>
      <ymin>839.93</ymin>
      <xmax>670.08</xmax>
      <ymax>868.78</ymax>
    </bndbox>
  </object>
  <object>
    <name>WHITE</name>
    <occluded>0</occluded>
    <bndbox>
      <xmin>696.04</xmin>
      <ymin>819.66</ymin>
      <xmax>730.38</xmax>
      <ymax>851.34</ymax>
    </bndbox>
  </object>
  <object>
    <name>WHITE</name>
    <occluded>0</occluded>
    <bndbox>
      <xmin>730.35</xmin>
      <ymin>851.86</ymin>
      <xmax>770.92</xmax>
      <ymax>875.51</ymax>
    </bndbox>
  </object>
  <object>
    <name>WHITE</name>
    <occluded>0</occluded>
    <bndbox>
      <xmin>844.45</xmin>
      <ymin>775.19</ymin>
      <xmax>886.06</xmax>
      <ymax>798.86</ymax>
    </bndbox>
  </object>
  <object>
    <name>WHITE</name>
    <occluded>0</occluded>
    <bndbox>
      <xmin>820.8</xmin>
      <ymin>753.12</ymin>
      <xmax>852.8</xmax>
      <ymax>789.77</ymax>
    </bndbox>
  </object>
  <object>
    <name>WHITE</name>
    <occluded>0</occluded>
    <bndbox>
      <xmin>974.3</xmin>
      <ymin>495.88</ymin>
      <xmax>1004.87</xmax>
      <ymax>543.29</ymax>
    </bndbox>
  </object>
  <object>
    <name>WHITE</name>
    <occluded>0</occluded>
    <bndbox>
      <xmin>1023.27</xmin>
      <ymin>375.18</ymin>
      <xmax>1039.49</xmax>
      <ymax>415.1</ymax>
    </bndbox>
  </object>
  <object>
    <name>WHITE</name>
    <occluded>0</occluded>
    <bndbox>
      <xmin>1002.37</xmin>
      <ymin>418.53</ymin>
      <xmax>1020.77</xmax>
      <ymax>458.14</ymax>
    </bndbox>
  </object>
  <object>
    <name>WHITE</name>
    <occluded>0</occluded>
    <bndbox>
      <xmin>434.1</xmin>
      <ymin>515.84</ymin>
      <xmax>463.42</xmax>
      <ymax>562.63</ymax>
    </bndbox>
  </object>
  <object>
    <name>WHITE</name>
    <occluded>0</occluded>
    <bndbox>
      <xmin>402.6</xmin>
      <ymin>439.74</ymin>
      <xmax>432.23</xmax>
      <ymax>485.9</ymax>
    </bndbox>
  </object>
  <object>
    <name>WHITE</name>
    <occluded>0</occluded>
    <bndbox>
      <xmin>369.22</xmin>
      <ymin>398.57</ymin>
      <xmax>392.93</xmax>
      <ymax>439.74</ymax>
    </bndbox>
  </object>
  <object>
    <name>WHITE</name>
    <occluded>0</occluded>
    <bndbox>
      <xmin>764.64</xmin>
      <ymin>131.37</ymin>
      <xmax>808.9</xmax>
      <ymax>152.58</ymax>
    </bndbox>
  </object>
  <object>
    <name>WHITE</name>
    <occluded>0</occluded>
    <bndbox>
      <xmin>603.36</xmin>
      <ymin>146.34</ymin>
      <xmax>646.12</xmax>
      <ymax>167.24</ymax>
    </bndbox>
  </object>
  <object>
    <name>WHITE</name>
    <occluded>0</occluded>
    <bndbox>
      <xmin>565.94</xmin>
      <ymin>184.71</ymin>
      <xmax>609.91</xmax>
      <ymax>211.5</ymax>
    </bndbox>
  </object>
  <object>
    <name>WHITE</name>
    <occluded>0</occluded>
    <bndbox>
      <xmin>529.13</xmin>
      <ymin>233.99</ymin>
      <xmax>573.73</xmax>
      <ymax>269.85</ymax>
    </bndbox>
  </object>
  <object>
    <name>WHITE</name>
    <occluded>0</occluded>
    <bndbox>
      <xmin>470.5</xmin>
      <ymin>248.96</ymin>
      <xmax>508.55</xmax>
      <ymax>291.06</ymax>
    </bndbox>
  </object>
  <object>
    <name>WHITE</name>
    <occluded>0</occluded>
    <bndbox>
      <xmin>414.04</xmin>
      <ymin>287.63</ymin>
      <xmax>451.78</xmax>
      <ymax>325.06</ymax>
    </bndbox>
  </object>
  <object>
    <name>WHITE</name>
    <occluded>0</occluded>
    <bndbox>
      <xmin>862.9</xmin>
      <ymin>206.8</ymin>
      <xmax>903.5</xmax>
      <ymax>245.1</ymax>
    </bndbox>
  </object>
  <object>
    <name>WHITE</name>
    <occluded>0</occluded>
    <bndbox>
      <xmin>820.72</xmin>
      <ymin>274.37</ymin>
      <xmax>865.8</xmax>
      <ymax>317.63</ymax>
    </bndbox>
  </object>
  <object>
    <name>WHITE</name>
    <occluded>0</occluded>
    <bndbox>
      <xmin>791.84</xmin>
      <ymin>354.09</ymin>
      <xmax>836.7</xmax>
      <ymax>402.0</ymax>
    </bndbox>
  </object>
  <object>
    <name>WHITE</name>
    <occluded>0</occluded>
    <bndbox>
      <xmin>712.71</xmin>
      <ymin>503.71</ymin>
      <xmax>760.0</xmax>
      <ymax>548.8</ymax>
    </bndbox>
  </object>
  <object>
    <name>WHITE</name>
    <occluded>0</occluded>
    <bndbox>
      <xmin>662.9</xmin>
      <ymin>566.4</ymin>
      <xmax>707.5</xmax>
      <ymax>607.2</ymax>
    </bndbox>
  </object>
  <object>
    <name>WHITE</name>
    <occluded>0</occluded>
    <bndbox>
      <xmin>622.68</xmin>
      <ymin>625.96</ymin>
      <xmax>669.6</xmax>
      <ymax>662.7</ymax>
    </bndbox>
  </object>
  <object>
    <name>WHITE</name>
    <occluded>0</occluded>
    <bndbox>
      <xmin>814.54</xmin>
      <ymin>157.65</ymin>
      <xmax>857.0</xmax>
      <ymax>192.5</ymax>
    </bndbox>
  </object>
  <object>
    <name>WHITE</name>
    <occluded>0</occluded>
    <bndbox>
      <xmin>752.04</xmin>
      <ymin>274.14</ymin>
      <xmax>796.6</xmax>
      <ymax>318.5</ymax>
    </bndbox>
  </object>
  <object>
    <name>WHITE</name>
    <occluded>0</occluded>
    <bndbox>
      <xmin>786.55</xmin>
      <ymin>215.5</ymin>
      <xmax>828.8</xmax>
      <ymax>256.6</ymax>
    </bndbox>
  </object>
  <object>
    <name>WHITE</name>
    <occluded>0</occluded>
    <bndbox>
      <xmin>865.0</xmin>
      <ymin>348.68</ymin>
      <xmax>904.01</xmax>
      <ymax>393.6</ymax>
    </bndbox>
  </object>
  <object>
    <name>WHITE</name>
    <occluded>0</occluded>
    <bndbox>
      <xmin>825.32</xmin>
      <ymin>429.68</ymin>
      <xmax>868.6</xmax>
      <ymax>476.1</ymax>
    </bndbox>
  </object>
  <object>
    <name>BLACK</name>
    <occluded>0</occluded>
    <bndbox>
      <xmin>756.1</xmin>
      <ymin>693.95</ymin>
      <xmax>801.16</xmax>
      <ymax>725.9</ymax>
    </bndbox>
  </object>
  <object>
    <name>WHITE</name>
    <occluded>0</occluded>
    <bndbox>
      <xmin>516.9</xmin>
      <ymin>287.32</ymin>
      <xmax>560.21</xmax>
      <ymax>326.4</ymax>
    </bndbox>
  </object>
  <object>
    <name>WHITE</name>
    <occluded>0</occluded>
    <bndbox>
      <xmin>450.5</xmin>
      <ymin>320.3</ymin>
      <xmax>489.73</xmax>
      <ymax>362.7</ymax>
    </bndbox>
  </object>
  <object>
    <name>WHITE</name>
    <occluded>0</occluded>
    <bndbox>
      <xmin>400.4</xmin>
      <ymin>358.94</ymin>
      <xmax>430.44</xmax>
      <ymax>400.9</ymax>
    </bndbox>
  </object>
  <object>
    <name>WHITE</name>
    <occluded>0</occluded>
    <bndbox>
      <xmin>625.72</xmin>
      <ymin>215.51</ymin>
      <xmax>672.5</xmax>
      <ymax>251.9</ymax>
    </bndbox>
  </object>
  <object>
    <name>WHITE</name>
    <occluded>0</occluded>
    <bndbox>
      <xmin>691.4</xmin>
      <ymin>133.1</ymin>
      <xmax>732.9</xmax>
      <ymax>155.5</ymax>
    </bndbox>
  </object>
  <object>
    <name>WHITE</name>
    <occluded>0</occluded>
    <bndbox>
      <xmin>901.5</xmin>
      <ymin>421.5</ymin>
      <xmax>940.9</xmax>
      <ymax>465.0</ymax>
    </bndbox>
  </object>
  <object>
    <name>WHITE</name>
    <occluded>0</occluded>
    <bndbox>
      <xmin>874.5</xmin>
      <ymin>500.5</ymin>
      <xmax>912.3</xmax>
      <ymax>543.6</ymax>
    </bndbox>
  </object>
  <object>
    <name>WHITE</name>
    <occluded>0</occluded>
    <bndbox>
      <xmin>832.9</xmin>
      <ymin>571.58</ymin>
      <xmax>871.43</xmax>
      <ymax>611.4</ymax>
    </bndbox>
  </object>
  <object>
    <name>WHITE</name>
    <occluded>0</occluded>
    <bndbox>
      <xmin>594.5</xmin>
      <ymin>270.5</ymin>
      <xmax>642.5</xmax>
      <ymax>311.6</ymax>
    </bndbox>
  </object>
  <object>
    <name>WHITE</name>
    <occluded>0</occluded>
    <bndbox>
      <xmin>788.5</xmin>
      <ymin>632.72</ymin>
      <xmax>829.54</xmax>
      <ymax>669.3</ymax>
    </bndbox>
  </object>
  <object>
    <name>WHITE</name>
    <occluded>0</occluded>
    <bndbox>
      <xmin>448.4</xmin>
      <ymin>397.43</ymin>
      <xmax>485.5</xmax>
      <ymax>445.6</ymax>
    </bndbox>
  </object>
  <object>
    <name>WHITE</name>
    <occluded>0</occluded>
    <bndbox>
      <xmin>509.48</xmin>
      <ymin>362.92</ymin>
      <xmax>553.3</xmax>
      <ymax>410.7</ymax>
    </bndbox>
  </object>
  <object>
    <name>BLACK</name>
    <occluded>0</occluded>
    <bndbox>
      <xmin>569.76</xmin>
      <ymin>330.39</ymin>
      <xmax>617.3</xmax>
      <ymax>381.6</ymax>
    </bndbox>
  </object>
  <object>
    <name>WHITE</name>
    <occluded>0</occluded>
    <bndbox>
      <xmin>478.43</xmin>
      <ymin>494.82</ymin>
      <xmax>517.4</xmax>
      <ymax>542.4</ymax>
    </bndbox>
  </object>
  <object>
    <name>WHITE</name>
    <occluded>0</occluded>
    <bndbox>
      <xmin>595.6</xmin>
      <ymin>403.08</ymin>
      <xmax>641.92</xmax>
      <ymax>448.8</ymax>
    </bndbox>
  </object>
  <object>
    <name>WHITE</name>
    <occluded>0</occluded>
    <bndbox>
      <xmin>638.63</xmin>
      <ymin>335.13</ymin>
      <xmax>685.4</xmax>
      <ymax>381.4</ymax>
    </bndbox>
  </object>
  <object>
    <name>WHITE</name>
    <occluded>0</occluded>
    <bndbox>
      <xmin>676.68</xmin>
      <ymin>270.75</ymin>
      <xmax>722.2</xmax>
      <ymax>312.2</ymax>
    </bndbox>
  </object>
  <object>
    <name>WHITE</name>
    <occluded>0</occluded>
    <bndbox>
      <xmin>708.54</xmin>
      <ymin>216.4</ymin>
      <xmax>753.0</xmax>
      <ymax>253.12</ymax>
    </bndbox>
  </object>
  <object>
    <name>WHITE</name>
    <occluded>0</occluded>
    <bndbox>
      <xmin>740.25</xmin>
      <ymin>167.91</ymin>
      <xmax>784.9</xmax>
      <ymax>203.0</ymax>
    </bndbox>
  </object>
  <object>
    <name>WHITE</name>
    <occluded>0</occluded>
    <bndbox>
      <xmin>529.28</xmin>
      <ymin>583.69</ymin>
      <xmax>571.21</xmax>
      <ymax>626.23</ymax>
    </bndbox>
  </object>
  <object>
    <name>WHITE</name>
    <occluded>0</occluded>
    <bndbox>
      <xmin>573.67</xmin>
      <ymin>541.01</ymin>
      <xmax>624.3</xmax>
      <ymax>586.0</ymax>
    </bndbox>
  </object>
  <object>
    <name>WHITE</name>
    <occluded>0</occluded>
    <bndbox>
      <xmin>633.5</xmin>
      <ymin>486.5</ymin>
      <xmax>679.3</xmax>
      <ymax>533.6</ymax>
    </bndbox>
  </object>
  <object>
    <name>WHITE</name>
    <occluded>0</occluded>
    <bndbox>
      <xmin>676.3</xmin>
      <ymin>420.4</ymin>
      <xmax>724.3</xmax>
      <ymax>469.4</ymax>
    </bndbox>
  </object>
  <object>
    <name>WHITE</name>
    <occluded>0</occluded>
    <bndbox>
      <xmin>796.8</xmin>
      <ymin>506.5</ymin>
      <xmax>839.2</xmax>
      <ymax>550.2</ymax>
    </bndbox>
  </object>
  <object>
    <name>WHITE</name>
    <occluded>0</occluded>
    <bndbox>
      <xmin>753.46</xmin>
      <ymin>571.68</ymin>
      <xmax>797.6</xmax>
      <ymax>612.3</ymax>
    </bndbox>
  </object>
  <object>
    <name>WHITE</name>
    <occluded>0</occluded>
    <bndbox>
      <xmin>710.98</xmin>
      <ymin>636.56</ymin>
      <xmax>755.1</xmax>
      <ymax>675.1</ymax>
    </bndbox>
  </object>
</annotation>
