<annotation>
  <folder>MRB</folder>
  <filename>MRB_camera7.png</filename>
  <source>
    <database>Unknown</database>
    <annotation>Unknown</annotation>
    <image>Unknown</image>
  </source>
  <size>
    <width>1280</width>
    <height>960</height>
    <depth></depth>
  </size>
  <segmented>0</segmented>
  <object>
    <name>WHITE</name>
    <occluded>0</occluded>
    <bndbox>
      <xmin>431.0</xmin>
      <ymin>196.0</ymin>
      <xmax>471.0</xmax>
      <ymax>228.0</ymax>
    </bndbox>
  </object>
  <object>
    <name>WHITE</name>
    <occluded>0</occluded>
    <bndbox>
      <xmin>414.64</xmin>
      <ymin>585.86</ymin>
      <xmax>459.36</xmax>
      <ymax>630.14</ymax>
    </bndbox>
  </object>
  <object>
    <name>WHITE</name>
    <occluded>0</occluded>
    <bndbox>
      <xmin>267.39</xmin>
      <ymin>531.81</ymin>
      <xmax>291.4</xmax>
      <ymax>576.73</ymax>
    </bndbox>
  </object>
  <object>
    <name>WHITE</name>
    <occluded>0</occluded>
    <bndbox>
      <xmin>231.52</xmin>
      <ymin>457.89</ymin>
      <xmax>265.83</xmax>
      <ymax>504.68</ymax>
    </bndbox>
  </object>
  <object>
    <name>BLACK</name>
    <occluded>0</occluded>
    <bndbox>
      <xmin>268.04</xmin>
      <ymin>381.48</ymin>
      <xmax>297.67</xmax>
      <ymax>429.51</ymax>
    </bndbox>
  </object>
  <object>
    <name>WHITE</name>
    <occluded>0</occluded>
    <bndbox>
      <xmin>312.65</xmin>
      <ymin>372.12</ymin>
      <xmax>349.45</xmax>
      <ymax>418.6</ymax>
    </bndbox>
  </object>
  <object>
    <name>WHITE</name>
    <occluded>0</occluded>
    <bndbox>
      <xmin>282.42</xmin>
      <ymin>249.45</ymin>
      <xmax>317.23</xmax>
      <ymax>287.25</ymax>
    </bndbox>
  </object>
  <object>
    <name>WHITE</name>
    <occluded>0</occluded>
    <bndbox>
      <xmin>484.09</xmin>
      <ymin>138.33</ymin>
      <xmax>527.48</xmax>
      <ymax>166.08</ymax>
    </bndbox>
  </object>
  <object>
    <name>WHITE</name>
    <occluded>0</occluded>
    <bndbox>
      <xmin>442.61</xmin>
      <ymin>111.5</ymin>
      <xmax>482.57</xmax>
      <ymax>138.33</ymax>
    </bndbox>
  </object>
  <object>
    <name>BLACK</name>
    <occluded>0</occluded>
    <bndbox>
      <xmin>482.22</xmin>
      <ymin>91.54</ymin>
      <xmax>525.61</xmax>
      <ymax>110.26</ymax>
    </bndbox>
  </object>
  <object>
    <name>WHITE</name>
    <occluded>0</occluded>
    <bndbox>
      <xmin>372.75</xmin>
      <ymin>131.46</ymin>
      <xmax>412.08</xmax>
      <ymax>158.6</ymax>
    </bndbox>
  </object>
  <object>
    <name>WHITE</name>
    <occluded>0</occluded>
    <bndbox>
      <xmin>360.9</xmin>
      <ymin>110.26</ymin>
      <xmax>403.34</xmax>
      <ymax>133.96</ymax>
    </bndbox>
  </object>
  <object>
    <name>WHITE</name>
    <occluded>0</occluded>
    <bndbox>
      <xmin>312.86</xmin>
      <ymin>147.06</ymin>
      <xmax>351.88</xmax>
      <ymax>176.07</ymax>
    </bndbox>
  </object>
  <object>
    <name>WHITE</name>
    <occluded>0</occluded>
    <bndbox>
      <xmin>582.81</xmin>
      <ymin>122.57</ymin>
      <xmax>624.18</xmax>
      <ymax>151.59</ymax>
    </bndbox>
  </object>
  <object>
    <name>WHITE</name>
    <occluded>0</occluded>
    <bndbox>
      <xmin>693.06</xmin>
      <ymin>225.67</ymin>
      <xmax>725.76</xmax>
      <ymax>264.44</ymax>
    </bndbox>
  </object>
  <object>
    <name>WHITE</name>
    <occluded>0</occluded>
    <bndbox>
      <xmin>263.9</xmin>
      <ymin>211.11</ymin>
      <xmax>294.89</xmax>
      <ymax>248.58</ymax>
    </bndbox>
  </object>
  <object>
    <name>WHITE</name>
    <occluded>0</occluded>
    <bndbox>
      <xmin>711.25</xmin>
      <ymin>198.81</ymin>
      <xmax>745.04</xmax>
      <ymax>229.78</ymax>
    </bndbox>
  </object>
  <object>
    <name>WHITE</name>
    <occluded>0</occluded>
    <bndbox>
      <xmin>748.94</xmin>
      <ymin>259.02</ymin>
      <xmax>781.0</xmax>
      <ymax>295.85</ymax>
    </bndbox>
  </object>
  <object>
    <name>BLACK</name>
    <occluded>0</occluded>
    <bndbox>
      <xmin>727.28</xmin>
      <ymin>294.33</ymin>
      <xmax>760.63</xmax>
      <ymax>331.8</ymax>
    </bndbox>
  </object>
  <object>
    <name>WHITE</name>
    <occluded>0</occluded>
    <bndbox>
      <xmin>793.81</xmin>
      <ymin>309.71</ymin>
      <xmax>814.08</xmax>
      <ymax>348.39</ymax>
    </bndbox>
  </object>
  <object>
    <name>WHITE</name>
    <occluded>0</occluded>
    <bndbox>
      <xmin>520.0</xmin>
      <ymin>100.39</ymin>
      <xmax>568.73</xmax>
      <ymax>118.58</ymax>
    </bndbox>
  </object>
  <object>
    <name>WHITE</name>
    <occluded>0</occluded>
    <bndbox>
      <xmin>265.85</xmin>
      <ymin>167.36</ymin>
      <xmax>295.97</xmax>
      <ymax>199.63</ymax>
    </bndbox>
  </object>
  <object>
    <name>WHITE</name>
    <occluded>0</occluded>
    <bndbox>
      <xmin>408.26</xmin>
      <ymin>403.69</ymin>
      <xmax>456.1</xmax>
      <ymax>445.69</ymax>
    </bndbox>
  </object>
  <object>
    <name>WHITE</name>
    <occluded>0</occluded>
    <bndbox>
      <xmin>235.0</xmin>
      <ymin>592.9</ymin>
      <xmax>257.0</xmax>
      <ymax>639.5</ymax>
    </bndbox>
  </object>
  <object>
    <name>WHITE</name>
    <occluded>0</occluded>
    <bndbox>
      <xmin>462.19</xmin>
      <ymin>516.86</ymin>
      <xmax>510.6</xmax>
      <ymax>564.8</ymax>
    </bndbox>
  </object>
  <object>
    <name>WHITE</name>
    <occluded>0</occluded>
    <bndbox>
      <xmin>288.0</xmin>
      <ymin>448.5</ymin>
      <xmax>322.0</xmax>
      <ymax>495.9</ymax>
    </bndbox>
  </object>
  <object>
    <name>WHITE</name>
    <occluded>0</occluded>
    <bndbox>
      <xmin>370.5</xmin>
      <ymin>365.0</ymin>
      <xmax>411.5</xmax>
      <ymax>409.9</ymax>
    </bndbox>
  </object>
  <object>
    <name>WHITE</name>
    <occluded>0</occluded>
    <bndbox>
      <xmin>355.4</xmin>
      <ymin>222.7</ymin>
      <xmax>393.01</xmax>
      <ymax>261.7</ymax>
    </bndbox>
  </object>
  <object>
    <name>WHITE</name>
    <occluded>0</occluded>
    <bndbox>
      <xmin>306.69</xmin>
      <ymin>302.63</ymin>
      <xmax>346.69</xmax>
      <ymax>341.1</ymax>
    </bndbox>
  </object>
  <object>
    <name>WHITE</name>
    <occluded>0</occluded>
    <bndbox>
      <xmin>323.2</xmin>
      <ymin>182.56</ymin>
      <xmax>359.16</xmax>
      <ymax>217.8</ymax>
    </bndbox>
  </object>
  <object>
    <name>WHITE</name>
    <occluded>0</occluded>
    <bndbox>
      <xmin>635.85</xmin>
      <ymin>167.02</ymin>
      <xmax>674.8</xmax>
      <ymax>201.7</ymax>
    </bndbox>
  </object>
  <object>
    <name>WHITE</name>
    <occluded>0</occluded>
    <bndbox>
      <xmin>249.8</xmin>
      <ymin>322.98</ymin>
      <xmax>286.73</xmax>
      <ymax>363.3</ymax>
    </bndbox>
  </object>
  <object>
    <name>WHITE</name>
    <occluded>0</occluded>
    <bndbox>
      <xmin>590.94</xmin>
      <ymin>203.11</ymin>
      <xmax>635.2</xmax>
      <ymax>245.0</ymax>
    </bndbox>
  </object>
  <object>
    <name>WHITE</name>
    <occluded>0</occluded>
    <bndbox>
      <xmin>536.3</xmin>
      <ymin>169.9</ymin>
      <xmax>582.5</xmax>
      <ymax>209.2</ymax>
    </bndbox>
  </object>
  <object>
    <name>WHITE</name>
    <occluded>0</occluded>
    <bndbox>
      <xmin>471.5</xmin>
      <ymin>236.0</ymin>
      <xmax>515.5</xmax>
      <ymax>279.5</ymax>
    </bndbox>
  </object>
  <object>
    <name>WHITE</name>
    <occluded>0</occluded>
    <bndbox>
      <xmin>381.2</xmin>
      <ymin>280.13</ymin>
      <xmax>421.47</xmax>
      <ymax>322.4</ymax>
    </bndbox>
  </object>
  <object>
    <name>WHITE</name>
    <occluded>0</occluded>
    <bndbox>
      <xmin>390.96</xmin>
      <ymin>160.4</ymin>
      <xmax>431.0</xmax>
      <ymax>193.63</ymax>
    </bndbox>
  </object>
  <object>
    <name>WHITE</name>
    <occluded>0</occluded>
    <bndbox>
      <xmin>502.2</xmin>
      <ymin>485.0</ymin>
      <xmax>547.14</xmax>
      <ymax>530.36</ymax>
    </bndbox>
  </object>
  <object>
    <name>BLACK</name>
    <occluded>0</occluded>
    <bndbox>
      <xmin>341.5</xmin>
      <ymin>619.8</ymin>
      <xmax>368.5</xmax>
      <ymax>666.6</ymax>
    </bndbox>
  </object>
  <object>
    <name>WHITE</name>
    <occluded>0</occluded>
    <bndbox>
      <xmin>375.6</xmin>
      <ymin>545.1</ymin>
      <xmax>422.1</xmax>
      <ymax>593.5</ymax>
    </bndbox>
  </object>
  <object>
    <name>WHITE</name>
    <occluded>0</occluded>
    <bndbox>
      <xmin>409.7</xmin>
      <ymin>477.5</ymin>
      <xmax>454.4</xmax>
      <ymax>526.4</ymax>
    </bndbox>
  </object>
  <object>
    <name>BLACK</name>
    <occluded>0</occluded>
    <bndbox>
      <xmin>461.8</xmin>
      <ymin>437.36</ymin>
      <xmax>510.3</xmax>
      <ymax>485.3</ymax>
    </bndbox>
  </object>
  <object>
    <name>WHITE</name>
    <occluded>0</occluded>
    <bndbox>
      <xmin>291.18</xmin>
      <ymin>599.89</ymin>
      <xmax>315.1</xmax>
      <ymax>648.19</ymax>
    </bndbox>
  </object>
  <object>
    <name>WHITE</name>
    <occluded>0</occluded>
    <bndbox>
      <xmin>320.5</xmin>
      <ymin>530.5</ymin>
      <xmax>351.9</xmax>
      <ymax>581.0</ymax>
    </bndbox>
  </object>
  <object>
    <name>WHITE</name>
    <occluded>0</occluded>
    <bndbox>
      <xmin>349.8</xmin>
      <ymin>460.59</ymin>
      <xmax>383.11</xmax>
      <ymax>508.3</ymax>
    </bndbox>
  </object>
</annotation>
