<annotation>
  <folder>MRB</folder>
  <filename>MRB_camera9.png</filename>
  <source>
    <database>Unknown</database>
    <annotation>Unknown</annotation>
    <image>Unknown</image>
  </source>
  <size>
    <width>960</width>
    <height>1280</height>
    <depth></depth>
  </size>
  <segmented>0</segmented>
  <object>
    <name>WHITE</name>
    <occluded>0</occluded>
    <bndbox>
      <xmin>726.41</xmin>
      <ymin>586.2</ymin>
      <xmax>759.62</xmax>
      <ymax>630.96</ymax>
    </bndbox>
  </object>
  <object>
    <name>WHITE</name>
    <occluded>0</occluded>
    <bndbox>
      <xmin>761.04</xmin>
      <ymin>670.67</ymin>
      <xmax>781.76</xmax>
      <ymax>716.88</ymax>
    </bndbox>
  </object>
  <object>
    <name>WHITE</name>
    <occluded>0</occluded>
    <bndbox>
      <xmin>775.38</xmin>
      <ymin>581.08</ymin>
      <xmax>792.95</xmax>
      <ymax>622.23</ymax>
    </bndbox>
  </object>
  <object>
    <name>BLACK</name>
    <occluded>0</occluded>
    <bndbox>
      <xmin>722.32</xmin>
      <ymin>658.4</ymin>
      <xmax>755.77</xmax>
      <ymax>707.25</ymax>
    </bndbox>
  </object>
  <object>
    <name>WHITE</name>
    <occluded>0</occluded>
    <bndbox>
      <xmin>748.67</xmin>
      <ymin>538.96</ymin>
      <xmax>771.78</xmax>
      <ymax>584.21</ymax>
    </bndbox>
  </object>
  <object>
    <name>WHITE</name>
    <occluded>0</occluded>
    <bndbox>
      <xmin>704.89</xmin>
      <ymin>505.14</ymin>
      <xmax>737.81</xmax>
      <ymax>552.61</ymax>
    </bndbox>
  </object>
  <object>
    <name>BLACK</name>
    <occluded>0</occluded>
    <bndbox>
      <xmin>696.57</xmin>
      <ymin>427.51</ymin>
      <xmax>723.95</xmax>
      <ymax>474.29</ymax>
    </bndbox>
  </object>
  <object>
    <name>WHITE</name>
    <occluded>0</occluded>
    <bndbox>
      <xmin>748.17</xmin>
      <ymin>476.03</ymin>
      <xmax>767.58</xmax>
      <ymax>519.34</ymax>
    </bndbox>
  </object>
  <object>
    <name>WHITE</name>
    <occluded>0</occluded>
    <bndbox>
      <xmin>699.69</xmin>
      <ymin>314.88</ymin>
      <xmax>729.49</xmax>
      <ymax>357.16</ymax>
    </bndbox>
  </object>
  <object>
    <name>WHITE</name>
    <occluded>0</occluded>
    <bndbox>
      <xmin>528.81</xmin>
      <ymin>185.27</ymin>
      <xmax>574.2</xmax>
      <ymax>209.88</ymax>
    </bndbox>
  </object>
  <object>
    <name>WHITE</name>
    <occluded>0</occluded>
    <bndbox>
      <xmin>400.58</xmin>
      <ymin>212.65</ymin>
      <xmax>448.06</xmax>
      <ymax>238.64</ymax>
    </bndbox>
  </object>
  <object>
    <name>WHITE</name>
    <occluded>0</occluded>
    <bndbox>
      <xmin>352.41</xmin>
      <ymin>187.7</ymin>
      <xmax>398.16</xmax>
      <ymax>216.1</ymax>
    </bndbox>
  </object>
  <object>
    <name>WHITE</name>
    <occluded>0</occluded>
    <bndbox>
      <xmin>213.1</xmin>
      <ymin>337.06</ymin>
      <xmax>249.49</xmax>
      <ymax>377.26</ymax>
    </bndbox>
  </object>
  <object>
    <name>WHITE</name>
    <occluded>0</occluded>
    <bndbox>
      <xmin>263.38</xmin>
      <ymin>479.49</ymin>
      <xmax>301.12</xmax>
      <ymax>528.35</ymax>
    </bndbox>
  </object>
  <object>
    <name>WHITE</name>
    <occluded>0</occluded>
    <bndbox>
      <xmin>243.59</xmin>
      <ymin>570.98</ymin>
      <xmax>272.36</xmax>
      <ymax>621.23</ymax>
    </bndbox>
  </object>
  <object>
    <name>BLACK</name>
    <occluded>0</occluded>
    <bndbox>
      <xmin>235.31</xmin>
      <ymin>640.98</ymin>
      <xmax>260.61</xmax>
      <ymax>690.89</ymax>
    </bndbox>
  </object>
  <object>
    <name>WHITE</name>
    <occluded>0</occluded>
    <bndbox>
      <xmin>404.05</xmin>
      <ymin>584.15</ymin>
      <xmax>454.33</xmax>
      <ymax>634.4</ymax>
    </bndbox>
  </object>
  <object>
    <name>WHITE</name>
    <occluded>0</occluded>
    <bndbox>
      <xmin>196.31</xmin>
      <ymin>310.79</ymin>
      <xmax>223.98</xmax>
      <ymax>350.02</ymax>
    </bndbox>
  </object>
  <object>
    <name>WHITE</name>
    <occluded>0</occluded>
    <bndbox>
      <xmin>356.95</xmin>
      <ymin>381.92</ymin>
      <xmax>403.05</xmax>
      <ymax>429.1</ymax>
    </bndbox>
  </object>
  <object>
    <name>WHITE</name>
    <occluded>0</occluded>
    <bndbox>
      <xmin>683.5</xmin>
      <ymin>630.1</ymin>
      <xmax>716.9</xmax>
      <ymax>680.0</ymax>
    </bndbox>
  </object>
  <object>
    <name>WHITE</name>
    <occluded>0</occluded>
    <bndbox>
      <xmin>672.89</xmin>
      <ymin>563.12</ymin>
      <xmax>707.89</xmax>
      <ymax>607.12</ymax>
    </bndbox>
  </object>
  <object>
    <name>WHITE</name>
    <occluded>0</occluded>
    <bndbox>
      <xmin>618.7</xmin>
      <ymin>612.83</ymin>
      <xmax>664.0</xmax>
      <ymax>661.7</ymax>
    </bndbox>
  </object>
  <object>
    <name>WHITE</name>
    <occluded>0</occluded>
    <bndbox>
      <xmin>601.07</xmin>
      <ymin>538.07</ymin>
      <xmax>648.1</xmax>
      <ymax>584.23</ymax>
    </bndbox>
  </object>
  <object>
    <name>WHITE</name>
    <occluded>0</occluded>
    <bndbox>
      <xmin>550.8</xmin>
      <ymin>593.46</ymin>
      <xmax>598.6</xmax>
      <ymax>640.0</ymax>
    </bndbox>
  </object>
  <object>
    <name>WHITE</name>
    <occluded>0</occluded>
    <bndbox>
      <xmin>656.32</xmin>
      <ymin>344.12</ymin>
      <xmax>692.6</xmax>
      <ymax>384.5</ymax>
    </bndbox>
  </object>
  <object>
    <name>WHITE</name>
    <occluded>0</occluded>
    <bndbox>
      <xmin>621.14</xmin>
      <ymin>393.89</ymin>
      <xmax>656.92</xmax>
      <ymax>439.51</ymax>
    </bndbox>
  </object>
  <object>
    <name>WHITE</name>
    <occluded>0</occluded>
    <bndbox>
      <xmin>570.39</xmin>
      <ymin>453.85</ymin>
      <xmax>615.4</xmax>
      <ymax>500.6</ymax>
    </bndbox>
  </object>
  <object>
    <name>WHITE</name>
    <occluded>0</occluded>
    <bndbox>
      <xmin>530.35</xmin>
      <ymin>522.16</ymin>
      <xmax>574.7</xmax>
      <ymax>569.12</ymax>
    </bndbox>
  </object>
  <object>
    <name>WHITE</name>
    <occluded>0</occluded>
    <bndbox>
      <xmin>649.66</xmin>
      <ymin>248.63</ymin>
      <xmax>687.7</xmax>
      <ymax>285.2</ymax>
    </bndbox>
  </object>
  <object>
    <name>WHITE</name>
    <occluded>0</occluded>
    <bndbox>
      <xmin>616.82</xmin>
      <ymin>277.05</ymin>
      <xmax>657.5</xmax>
      <ymax>317.4</ymax>
    </bndbox>
  </object>
  <object>
    <name>WHITE</name>
    <occluded>0</occluded>
    <bndbox>
      <xmin>573.2</xmin>
      <ymin>317.26</ymin>
      <xmax>615.5</xmax>
      <ymax>356.8</ymax>
    </bndbox>
  </object>
  <object>
    <name>WHITE</name>
    <occluded>0</occluded>
    <bndbox>
      <xmin>536.02</xmin>
      <ymin>377.06</ymin>
      <xmax>577.74</xmax>
      <ymax>423.02</ymax>
    </bndbox>
  </object>
  <object>
    <name>WHITE</name>
    <occluded>0</occluded>
    <bndbox>
      <xmin>489.14</xmin>
      <ymin>442.27</ymin>
      <xmax>536.2</xmax>
      <ymax>491.6</ymax>
    </bndbox>
  </object>
  <object>
    <name>WHITE</name>
    <occluded>0</occluded>
    <bndbox>
      <xmin>441.34</xmin>
      <ymin>517.3</ymin>
      <xmax>494.6</xmax>
      <ymax>565.4</ymax>
    </bndbox>
  </object>
  <object>
    <name>WHITE</name>
    <occluded>0</occluded>
    <bndbox>
      <xmin>566.9</xmin>
      <ymin>217.0</ymin>
      <xmax>610.62</xmax>
      <ymax>247.6</ymax>
    </bndbox>
  </object>
  <object>
    <name>WHITE</name>
    <occluded>0</occluded>
    <bndbox>
      <xmin>355.85</xmin>
      <ymin>263.26</ymin>
      <xmax>404.8</xmax>
      <ymax>299.5</ymax>
    </bndbox>
  </object>
  <object>
    <name>WHITE</name>
    <occluded>0</occluded>
    <bndbox>
      <xmin>272.9</xmin>
      <ymin>612.97</ymin>
      <xmax>317.53</xmax>
      <ymax>664.3</ymax>
    </bndbox>
  </object>
  <object>
    <name>WHITE</name>
    <occluded>0</occluded>
    <bndbox>
      <xmin>532.18</xmin>
      <ymin>254.25</ymin>
      <xmax>578.9</xmax>
      <ymax>294.0</ymax>
    </bndbox>
  </object>
  <object>
    <name>WHITE</name>
    <occluded>0</occluded>
    <bndbox>
      <xmin>489.6</xmin>
      <ymin>303.19</ymin>
      <xmax>537.4</xmax>
      <ymax>348.81</ymax>
    </bndbox>
  </object>
  <object>
    <name>WHITE</name>
    <occluded>0</occluded>
    <bndbox>
      <xmin>412.06</xmin>
      <ymin>447.64</ymin>
      <xmax>455.06</xmax>
      <ymax>492.64</ymax>
    </bndbox>
  </object>
  <object>
    <name>WHITE</name>
    <occluded>0</occluded>
    <bndbox>
      <xmin>362.6</xmin>
      <ymin>522.47</ymin>
      <xmax>410.9</xmax>
      <ymax>571.8</ymax>
    </bndbox>
  </object>
  <object>
    <name>WHITE</name>
    <occluded>0</occluded>
    <bndbox>
      <xmin>399.0</xmin>
      <ymin>312.5</ymin>
      <xmax>443.0</xmax>
      <ymax>351.5</ymax>
    </bndbox>
  </object>
  <object>
    <name>WHITE</name>
    <occluded>0</occluded>
    <bndbox>
      <xmin>447.0</xmin>
      <ymin>374.5</ymin>
      <xmax>493.0</xmax>
      <ymax>415.5</ymax>
    </bndbox>
  </object>
  <object>
    <name>WHITE</name>
    <occluded>0</occluded>
    <bndbox>
      <xmin>650.98</xmin>
      <ymin>475.07</ymin>
      <xmax>687.02</xmax>
      <ymax>520.93</ymax>
    </bndbox>
  </object>
  <object>
    <name>WHITE</name>
    <occluded>0</occluded>
    <bndbox>
      <xmin>290.89</xmin>
      <ymin>540.7</ymin>
      <xmax>340.8</xmax>
      <ymax>590.8</ymax>
    </bndbox>
  </object>
  <object>
    <name>WHITE</name>
    <occluded>0</occluded>
    <bndbox>
      <xmin>328.5</xmin>
      <ymin>460.2</ymin>
      <xmax>372.3</xmax>
      <ymax>507.0</ymax>
    </bndbox>
  </object>
  <object>
    <name>WHITE</name>
    <occluded>0</occluded>
    <bndbox>
      <xmin>313.59</xmin>
      <ymin>330.8</ymin>
      <xmax>358.79</xmax>
      <ymax>373.6</ymax>
    </bndbox>
  </object>
  <object>
    <name>BLACK</name>
    <occluded>0</occluded>
    <bndbox>
      <xmin>284.93</xmin>
      <ymin>408.14</ymin>
      <xmax>322.41</xmax>
      <ymax>456.5</ymax>
    </bndbox>
  </object>
  <object>
    <name>WHITE</name>
    <occluded>0</occluded>
    <bndbox>
      <xmin>310.8</xmin>
      <ymin>231.3</ymin>
      <xmax>354.24</xmax>
      <ymax>264.9</ymax>
    </bndbox>
  </object>
  <object>
    <name>WHITE</name>
    <occluded>0</occluded>
    <bndbox>
      <xmin>272.5</xmin>
      <ymin>291.34</ymin>
      <xmax>308.76</xmax>
      <ymax>331.4</ymax>
    </bndbox>
  </object>
  <object>
    <name>WHITE</name>
    <occluded>0</occluded>
    <bndbox>
      <xmin>245.4</xmin>
      <ymin>366.51</ymin>
      <xmax>282.34</xmax>
      <ymax>405.6</ymax>
    </bndbox>
  </object>
  <object>
    <name>WHITE</name>
    <occluded>0</occluded>
    <bndbox>
      <xmin>221.1</xmin>
      <ymin>445.17</ymin>
      <xmax>249.8</xmax>
      <ymax>493.9</ymax>
    </bndbox>
  </object>
  <object>
    <name>WHITE</name>
    <occluded>0</occluded>
    <bndbox>
      <xmin>220.4</xmin>
      <ymin>514.9</ymin>
      <xmax>251.6</xmax>
      <ymax>562.0</ymax>
    </bndbox>
  </object>
  <object>
    <name>WHITE</name>
    <occluded>0</occluded>
    <bndbox>
      <xmin>196.0</xmin>
      <ymin>414.18</ymin>
      <xmax>223.81</xmax>
      <ymax>455.7</ymax>
    </bndbox>
  </object>
  <object>
    <name>WHITE</name>
    <occluded>0</occluded>
    <bndbox>
      <xmin>186.27</xmin>
      <ymin>482.91</ymin>
      <xmax>211.88</xmax>
      <ymax>530.03</ymax>
    </bndbox>
  </object>
  <object>
    <name>WHITE</name>
    <occluded>0</occluded>
    <bndbox>
      <xmin>184.0</xmin>
      <ymin>551.34</ymin>
      <xmax>211.28</xmax>
      <ymax>595.4</ymax>
    </bndbox>
  </object>
  <object>
    <name>WHITE</name>
    <occluded>0</occluded>
    <bndbox>
      <xmin>331.41</xmin>
      <ymin>597.89</ymin>
      <xmax>378.67</xmax>
      <ymax>649.1</ymax>
    </bndbox>
  </object>
  <object>
    <name>WHITE</name>
    <occluded>0</occluded>
    <bndbox>
      <xmin>480.43</xmin>
      <ymin>208.92</ymin>
      <xmax>530.7</xmax>
      <ymax>242.4</ymax>
    </bndbox>
  </object>
  <object>
    <name>WHITE</name>
    <occluded>0</occluded>
    <bndbox>
      <xmin>445.64</xmin>
      <ymin>250.82</ymin>
      <xmax>491.0</xmax>
      <ymax>287.2</ymax>
    </bndbox>
  </object>
</annotation>
