<annotation>
  <folder>MRB</folder>
  <filename>MRB_camera10.png</filename>
  <source>
    <database>Unknown</database>
    <annotation>Unknown</annotation>
    <image>Unknown</image>
  </source>
  <size>
    <width>1280</width>
    <height>960</height>
    <depth></depth>
  </size>
  <segmented>0</segmented>
  <object>
    <name>WHITE</name>
    <occluded>0</occluded>
    <bndbox>
      <xmin>504.34</xmin>
      <ymin>401.19</ymin>
      <xmax>541.76</xmax>
      <ymax>448.91</ymax>
    </bndbox>
  </object>
  <object>
    <name>WHITE</name>
    <occluded>0</occluded>
    <bndbox>
      <xmin>501.84</xmin>
      <ymin>214.37</ymin>
      <xmax>533.65</xmax>
      <ymax>257.72</ymax>
    </bndbox>
  </object>
  <object>
    <name>WHITE</name>
    <occluded>0</occluded>
    <bndbox>
      <xmin>788.51</xmin>
      <ymin>33.25</ymin>
      <xmax>835.6</xmax>
      <ymax>71.3</ymax>
    </bndbox>
  </object>
  <object>
    <name>WHITE</name>
    <occluded>0</occluded>
    <bndbox>
      <xmin>692.13</xmin>
      <ymin>32.0</ymin>
      <xmax>732.71</xmax>
      <ymax>56.33</ymax>
    </bndbox>
  </object>
  <object>
    <name>WHITE</name>
    <occluded>0</occluded>
    <bndbox>
      <xmin>754.51</xmin>
      <ymin>7.36</ymin>
      <xmax>804.75</xmax>
      <ymax>31.38</ymax>
    </bndbox>
  </object>
  <object>
    <name>BLACK</name>
    <occluded>0</occluded>
    <bndbox>
      <xmin>820.97</xmin>
      <ymin>0.0</ymin>
      <xmax>868.69</xmax>
      <ymax>22.64</ymax>
    </bndbox>
  </object>
  <object>
    <name>WHITE</name>
    <occluded>0</occluded>
    <bndbox>
      <xmin>876.8</xmin>
      <ymin>22.64</ymin>
      <xmax>923.59</xmax>
      <ymax>50.4</ymax>
    </bndbox>
  </object>
  <object>
    <name>WHITE</name>
    <occluded>0</occluded>
    <bndbox>
      <xmin>1111.4</xmin>
      <ymin>457.28</ymin>
      <xmax>1144.6</xmax>
      <ymax>504.72</ymax>
    </bndbox>
  </object>
  <object>
    <name>WHITE</name>
    <occluded>0</occluded>
    <bndbox>
      <xmin>1029.19</xmin>
      <ymin>309.96</ymin>
      <xmax>1072.86</xmax>
      <ymax>361.11</ymax>
    </bndbox>
  </object>
  <object>
    <name>WHITE</name>
    <occluded>0</occluded>
    <bndbox>
      <xmin>1081.59</xmin>
      <ymin>134.99</ymin>
      <xmax>1115.9</xmax>
      <ymax>174.91</ymax>
    </bndbox>
  </object>
  <object>
    <name>WHITE</name>
    <occluded>0</occluded>
    <bndbox>
      <xmin>998.0</xmin>
      <ymin>184.27</ymin>
      <xmax>1041.04</xmax>
      <ymax>226.06</ymax>
    </bndbox>
  </object>
  <object>
    <name>WHITE</name>
    <occluded>0</occluded>
    <bndbox>
      <xmin>1016.09</xmin>
      <ymin>123.14</ymin>
      <xmax>1054.46</xmax>
      <ymax>161.81</ymax>
    </bndbox>
  </object>
  <object>
    <name>WHITE</name>
    <occluded>0</occluded>
    <bndbox>
      <xmin>917.18</xmin>
      <ymin>180.38</ymin>
      <xmax>965.78</xmax>
      <ymax>226.38</ymax>
    </bndbox>
  </object>
  <object>
    <name>WHITE</name>
    <occluded>0</occluded>
    <bndbox>
      <xmin>954.78</xmin>
      <ymin>22.64</ymin>
      <xmax>1001.56</xmax>
      <ymax>53.21</ymax>
    </bndbox>
  </object>
  <object>
    <name>WHITE</name>
    <occluded>0</occluded>
    <bndbox>
      <xmin>1156.43</xmin>
      <ymin>469.64</ymin>
      <xmax>1177.76</xmax>
      <ymax>519.41</ymax>
    </bndbox>
  </object>
  <object>
    <name>WHITE</name>
    <occluded>0</occluded>
    <bndbox>
      <xmin>776.0</xmin>
      <ymin>527.17</ymin>
      <xmax>828.4</xmax>
      <ymax>582.09</ymax>
    </bndbox>
  </object>
  <object>
    <name>WHITE</name>
    <occluded>0</occluded>
    <bndbox>
      <xmin>529.91</xmin>
      <ymin>591.73</ymin>
      <xmax>571.71</xmax>
      <ymax>644.47</ymax>
    </bndbox>
  </object>
  <object>
    <name>WHITE</name>
    <occluded>0</occluded>
    <bndbox>
      <xmin>509.64</xmin>
      <ymin>481.01</ymin>
      <xmax>552.37</xmax>
      <ymax>530.94</ymax>
    </bndbox>
  </object>
  <object>
    <name>WHITE</name>
    <occluded>0</occluded>
    <bndbox>
      <xmin>483.44</xmin>
      <ymin>533.75</ymin>
      <xmax>519.93</xmax>
      <ymax>583.03</ymax>
    </bndbox>
  </object>
  <object>
    <name>BLACK</name>
    <occluded>0</occluded>
    <bndbox>
      <xmin>469.4</xmin>
      <ymin>454.21</ymin>
      <xmax>498.1</xmax>
      <ymax>501.62</ymax>
    </bndbox>
  </object>
  <object>
    <name>WHITE</name>
    <occluded>0</occluded>
    <bndbox>
      <xmin>899.13</xmin>
      <ymin>395.42</ymin>
      <xmax>951.22</xmax>
      <ymax>443.8</ymax>
    </bndbox>
  </object>
  <object>
    <name>WHITE</name>
    <occluded>0</occluded>
    <bndbox>
      <xmin>964.01</xmin>
      <ymin>309.34</ymin>
      <xmax>1007.98</xmax>
      <ymax>357.68</ymax>
    </bndbox>
  </object>
  <object>
    <name>WHITE</name>
    <occluded>0</occluded>
    <bndbox>
      <xmin>679.68</xmin>
      <ymin>565.58</ymin>
      <xmax>735.73</xmax>
      <ymax>625.95</ymax>
    </bndbox>
  </object>
  <object>
    <name>BLACK</name>
    <occluded>0</occluded>
    <bndbox>
      <xmin>658.39</xmin>
      <ymin>304.15</ymin>
      <xmax>702.0</xmax>
      <ymax>357.7</ymax>
    </bndbox>
  </object>
  <object>
    <name>WHITE</name>
    <occluded>0</occluded>
    <bndbox>
      <xmin>602.32</xmin>
      <ymin>321.0</ymin>
      <xmax>653.0</xmax>
      <ymax>366.4</ymax>
    </bndbox>
  </object>
  <object>
    <name>WHITE</name>
    <occluded>0</occluded>
    <bndbox>
      <xmin>542.5</xmin>
      <ymin>343.42</ymin>
      <xmax>581.9</xmax>
      <ymax>391.6</ymax>
    </bndbox>
  </object>
  <object>
    <name>WHITE</name>
    <occluded>0</occluded>
    <bndbox>
      <xmin>612.78</xmin>
      <ymin>501.03</ymin>
      <xmax>665.7</xmax>
      <ymax>554.1</ymax>
    </bndbox>
  </object>
  <object>
    <name>WHITE</name>
    <occluded>0</occluded>
    <bndbox>
      <xmin>560.63</xmin>
      <ymin>433.93</ymin>
      <xmax>611.9</xmax>
      <ymax>484.2</ymax>
    </bndbox>
  </object>
  <object>
    <name>BLACK</name>
    <occluded>0</occluded>
    <bndbox>
      <xmin>616.57</xmin>
      <ymin>613.19</ymin>
      <xmax>669.2</xmax>
      <ymax>666.0</ymax>
    </bndbox>
  </object>
  <object>
    <name>WHITE</name>
    <occluded>0</occluded>
    <bndbox>
      <xmin>545.7</xmin>
      <ymin>538.19</ymin>
      <xmax>597.2</xmax>
      <ymax>590.5</ymax>
    </bndbox>
  </object>
  <object>
    <name>WHITE</name>
    <occluded>0</occluded>
    <bndbox>
      <xmin>1095.2</xmin>
      <ymin>314.83</ymin>
      <xmax>1130.16</xmax>
      <ymax>361.17</ymax>
    </bndbox>
  </object>
  <object>
    <name>WHITE</name>
    <occluded>0</occluded>
    <bndbox>
      <xmin>1059.79</xmin>
      <ymin>384.58</ymin>
      <xmax>1104.8</xmax>
      <ymax>432.44</ymax>
    </bndbox>
  </object>
  <object>
    <name>BLACK</name>
    <occluded>0</occluded>
    <bndbox>
      <xmin>1033.88</xmin>
      <ymin>446.93</ymin>
      <xmax>1085.1</xmax>
      <ymax>494.5</ymax>
    </bndbox>
  </object>
  <object>
    <name>WHITE</name>
    <occluded>0</occluded>
    <bndbox>
      <xmin>1070.17</xmin>
      <ymin>188.84</ymin>
      <xmax>1108.4</xmax>
      <ymax>225.6</ymax>
    </bndbox>
  </object>
  <object>
    <name>WHITE</name>
    <occluded>0</occluded>
    <bndbox>
      <xmin>1041.04</xmin>
      <ymin>243.39</ymin>
      <xmax>1083.6</xmax>
      <ymax>291.8</ymax>
    </bndbox>
  </object>
  <object>
    <name>WHITE</name>
    <occluded>0</occluded>
    <bndbox>
      <xmin>978.97</xmin>
      <ymin>385.08</ymin>
      <xmax>1033.4</xmax>
      <ymax>432.04</ymax>
    </bndbox>
  </object>
  <object>
    <name>WHITE</name>
    <occluded>0</occluded>
    <bndbox>
      <xmin>951.68</xmin>
      <ymin>454.25</ymin>
      <xmax>1001.9</xmax>
      <ymax>502.99</ymax>
    </bndbox>
  </object>
  <object>
    <name>WHITE</name>
    <occluded>0</occluded>
    <bndbox>
      <xmin>929.11</xmin>
      <ymin>126.04</ymin>
      <xmax>978.5</xmax>
      <ymax>174.6</ymax>
    </bndbox>
  </object>
  <object>
    <name>WHITE</name>
    <occluded>0</occluded>
    <bndbox>
      <xmin>1021.72</xmin>
      <ymin>74.71</ymin>
      <xmax>1063.0</xmax>
      <ymax>106.4</ymax>
    </bndbox>
  </object>
  <object>
    <name>WHITE</name>
    <occluded>0</occluded>
    <bndbox>
      <xmin>975.37</xmin>
      <ymin>244.5</ymin>
      <xmax>1023.2</xmax>
      <ymax>290.12</ymax>
    </bndbox>
  </object>
  <object>
    <name>WHITE</name>
    <occluded>0</occluded>
    <bndbox>
      <xmin>849.18</xmin>
      <ymin>481.6</ymin>
      <xmax>901.0</xmax>
      <ymax>533.81</ymax>
    </bndbox>
  </object>
  <object>
    <name>WHITE</name>
    <occluded>0</occluded>
    <bndbox>
      <xmin>955.26</xmin>
      <ymin>63.95</ymin>
      <xmax>995.1</xmax>
      <ymax>101.0</ymax>
    </bndbox>
  </object>
  <object>
    <name>WHITE</name>
    <occluded>0</occluded>
    <bndbox>
      <xmin>780.59</xmin>
      <ymin>433.92</ymin>
      <xmax>834.7</xmax>
      <ymax>485.2</ymax>
    </bndbox>
  </object>
  <object>
    <name>WHITE</name>
    <occluded>0</occluded>
    <bndbox>
      <xmin>856.24</xmin>
      <ymin>71.92</ymin>
      <xmax>903.3</xmax>
      <ymax>112.9</ymax>
    </bndbox>
  </object>
  <object>
    <name>WHITE</name>
    <occluded>0</occluded>
    <bndbox>
      <xmin>589.2</xmin>
      <ymin>95.74</ymin>
      <xmax>626.97</xmax>
      <ymax>132.4</ymax>
    </bndbox>
  </object>
  <object>
    <name>WHITE</name>
    <occluded>0</occluded>
    <bndbox>
      <xmin>546.8</xmin>
      <ymin>151.81</ymin>
      <xmax>582.96</xmax>
      <ymax>190.1</ymax>
    </bndbox>
  </object>
  <object>
    <name>WHITE</name>
    <occluded>0</occluded>
    <bndbox>
      <xmin>637.5</xmin>
      <ymin>177.75</ymin>
      <xmax>684.01</xmax>
      <ymax>220.9</ymax>
    </bndbox>
  </object>
  <object>
    <name>WHITE</name>
    <occluded>0</occluded>
    <bndbox>
      <xmin>679.5</xmin>
      <ymin>114.16</ymin>
      <xmax>724.08</xmax>
      <ymax>153.2</ymax>
    </bndbox>
  </object>
  <object>
    <name>WHITE</name>
    <occluded>0</occluded>
    <bndbox>
      <xmin>708.73</xmin>
      <ymin>59.08</ymin>
      <xmax>753.89</xmax>
      <ymax>86.2</ymax>
    </bndbox>
  </object>
  <object>
    <name>WHITE</name>
    <occluded>0</occluded>
    <bndbox>
      <xmin>631.9</xmin>
      <ymin>398.61</ymin>
      <xmax>681.6</xmax>
      <ymax>447.3</ymax>
    </bndbox>
  </object>
  <object>
    <name>WHITE</name>
    <occluded>0</occluded>
    <bndbox>
      <xmin>680.69</xmin>
      <ymin>232.16</ymin>
      <xmax>728.07</xmax>
      <ymax>277.9</ymax>
    </bndbox>
  </object>
  <object>
    <name>WHITE</name>
    <occluded>0</occluded>
    <bndbox>
      <xmin>719.1</xmin>
      <ymin>161.5</ymin>
      <xmax>767.26</xmax>
      <ymax>205.66</ymax>
    </bndbox>
  </object>
  <object>
    <name>WHITE</name>
    <occluded>0</occluded>
    <bndbox>
      <xmin>762.0</xmin>
      <ymin>97.8</ymin>
      <xmax>809.5</xmax>
      <ymax>136.5</ymax>
    </bndbox>
  </object>
  <object>
    <name>WHITE</name>
    <occluded>0</occluded>
    <bndbox>
      <xmin>710.3</xmin>
      <ymin>365.1</ymin>
      <xmax>762.6</xmax>
      <ymax>418.3</ymax>
    </bndbox>
  </object>
  <object>
    <name>WHITE</name>
    <occluded>0</occluded>
    <bndbox>
      <xmin>604.9</xmin>
      <ymin>254.7</ymin>
      <xmax>646.69</xmax>
      <ymax>299.8</ymax>
    </bndbox>
  </object>
  <object>
    <name>WHITE</name>
    <occluded>0</occluded>
    <bndbox>
      <xmin>646.1</xmin>
      <ymin>77.14</ymin>
      <xmax>686.85</xmax>
      <ymax>111.8</ymax>
    </bndbox>
  </object>
  <object>
    <name>WHITE</name>
    <occluded>0</occluded>
    <bndbox>
      <xmin>606.7</xmin>
      <ymin>134.22</ymin>
      <xmax>643.88</xmax>
      <ymax>170.7</ymax>
    </bndbox>
  </object>
  <object>
    <name>WHITE</name>
    <occluded>0</occluded>
    <bndbox>
      <xmin>562.7</xmin>
      <ymin>199.76</ymin>
      <xmax>602.21</xmax>
      <ymax>242.9</ymax>
    </bndbox>
  </object>
  <object>
    <name>WHITE</name>
    <occluded>0</occluded>
    <bndbox>
      <xmin>532.0</xmin>
      <ymin>267.76</ymin>
      <xmax>570.96</xmax>
      <ymax>314.2</ymax>
    </bndbox>
  </object>
  <object>
    <name>WHITE</name>
    <occluded>0</occluded>
    <bndbox>
      <xmin>838.5</xmin>
      <ymin>143.6</ymin>
      <xmax>885.5</xmax>
      <ymax>185.06</ymax>
    </bndbox>
  </object>
  <object>
    <name>WHITE</name>
    <occluded>0</occluded>
    <bndbox>
      <xmin>692.5</xmin>
      <ymin>473.0</ymin>
      <xmax>744.8</xmax>
      <ymax>526.9</ymax>
    </bndbox>
  </object>
</annotation>
