<annotation>
  <folder>MRB</folder>
  <filename>MRB_camera4.png</filename>
  <source>
    <database>Unknown</database>
    <annotation>Unknown</annotation>
    <image>Unknown</image>
  </source>
  <size>
    <width>1280</width>
    <height>960</height>
    <depth></depth>
  </size>
  <segmented>0</segmented>
  <object>
    <name>WHITE</name>
    <occluded>0</occluded>
    <bndbox>
      <xmin>573.07</xmin>
      <ymin>280.7</ymin>
      <xmax>620.19</xmax>
      <ymax>326.8</ymax>
    </bndbox>
  </object>
  <object>
    <name>WHITE</name>
    <occluded>0</occluded>
    <bndbox>
      <xmin>635.63</xmin>
      <ymin>643.5</ymin>
      <xmax>686.6</xmax>
      <ymax>691.3</ymax>
    </bndbox>
  </object>
  <object>
    <name>WHITE</name>
    <occluded>0</occluded>
    <bndbox>
      <xmin>686.0</xmin>
      <ymin>563.12</ymin>
      <xmax>738.07</xmax>
      <ymax>615.98</ymax>
    </bndbox>
  </object>
  <object>
    <name>WHITE</name>
    <occluded>0</occluded>
    <bndbox>
      <xmin>685.0</xmin>
      <ymin>718.7</ymin>
      <xmax>726.11</xmax>
      <ymax>761.9</ymax>
    </bndbox>
  </object>
  <object>
    <name>WHITE</name>
    <occluded>0</occluded>
    <bndbox>
      <xmin>483.58</xmin>
      <ymin>279.81</ymin>
      <xmax>529.68</xmax>
      <ymax>322.7</ymax>
    </bndbox>
  </object>
  <object>
    <name>WHITE</name>
    <occluded>0</occluded>
    <bndbox>
      <xmin>790.6</xmin>
      <ymin>818.3</ymin>
      <xmax>830.88</xmax>
      <ymax>855.3</ymax>
    </bndbox>
  </object>
  <object>
    <name>BLACK</name>
    <occluded>0</occluded>
    <bndbox>
      <xmin>619.3</xmin>
      <ymin>780.86</ymin>
      <xmax>664.86</xmax>
      <ymax>818.0</ymax>
    </bndbox>
  </object>
  <object>
    <name>WHITE</name>
    <occluded>0</occluded>
    <bndbox>
      <xmin>567.5</xmin>
      <ymin>832.25</ymin>
      <xmax>615.6</xmax>
      <ymax>866.7</ymax>
    </bndbox>
  </object>
  <object>
    <name>WHITE</name>
    <occluded>0</occluded>
    <bndbox>
      <xmin>537.81</xmin>
      <ymin>873.6</ymin>
      <xmax>580.8</xmax>
      <ymax>906.0</ymax>
    </bndbox>
  </object>
  <object>
    <name>WHITE</name>
    <occluded>0</occluded>
    <bndbox>
      <xmin>498.37</xmin>
      <ymin>907.28</ymin>
      <xmax>542.4</xmax>
      <ymax>944.5</ymax>
    </bndbox>
  </object>
  <object>
    <name>WHITE</name>
    <occluded>0</occluded>
    <bndbox>
      <xmin>817.38</xmin>
      <ymin>343.46</ymin>
      <xmax>861.7</xmax>
      <ymax>391.3</ymax>
    </bndbox>
  </object>
  <object>
    <name>WHITE</name>
    <occluded>0</occluded>
    <bndbox>
      <xmin>791.5</xmin>
      <ymin>406.5</ymin>
      <xmax>834.0</xmax>
      <ymax>457.0</ymax>
    </bndbox>
  </object>
  <object>
    <name>WHITE</name>
    <occluded>0</occluded>
    <bndbox>
      <xmin>744.2</xmin>
      <ymin>479.8</ymin>
      <xmax>792.3</xmax>
      <ymax>532.2</ymax>
    </bndbox>
  </object>
  <object>
    <name>BLACK</name>
    <occluded>0</occluded>
    <bndbox>
      <xmin>691.1</xmin>
      <ymin>932.76</ymin>
      <xmax>734.38</xmax>
      <ymax>955.4</ymax>
    </bndbox>
  </object>
  <object>
    <name>WHITE</name>
    <occluded>0</occluded>
    <bndbox>
      <xmin>831.6</xmin>
      <ymin>690.94</ymin>
      <xmax>868.35</xmax>
      <ymax>734.2</ymax>
    </bndbox>
  </object>
  <object>
    <name>WHITE</name>
    <occluded>0</occluded>
    <bndbox>
      <xmin>789.08</xmin>
      <ymin>769.0</ymin>
      <xmax>829.9</xmax>
      <ymax>807.56</ymax>
    </bndbox>
  </object>
  <object>
    <name>WHITE</name>
    <occluded>0</occluded>
    <bndbox>
      <xmin>724.9</xmin>
      <ymin>823.18</ymin>
      <xmax>769.88</xmax>
      <ymax>861.2</ymax>
    </bndbox>
  </object>
  <object>
    <name>WHITE</name>
    <occluded>0</occluded>
    <bndbox>
      <xmin>680.3</xmin>
      <ymin>883.56</ymin>
      <xmax>726.6</xmax>
      <ymax>923.1</ymax>
    </bndbox>
  </object>
  <object>
    <name>WHITE</name>
    <occluded>0</occluded>
    <bndbox>
      <xmin>625.0</xmin>
      <ymin>935.0</ymin>
      <xmax>671.9</xmax>
      <ymax>960.0</ymax>
    </bndbox>
  </object>
  <object>
    <name>WHITE</name>
    <occluded>0</occluded>
    <bndbox>
      <xmin>889.8</xmin>
      <ymin>379.7</ymin>
      <xmax>922.0</xmax>
      <ymax>423.45</ymax>
    </bndbox>
  </object>
  <object>
    <name>WHITE</name>
    <occluded>0</occluded>
    <bndbox>
      <xmin>818.1</xmin>
      <ymin>634.21</ymin>
      <xmax>855.13</xmax>
      <ymax>681.8</ymax>
    </bndbox>
  </object>
  <object>
    <name>WHITE</name>
    <occluded>0</occluded>
    <bndbox>
      <xmin>761.18</xmin>
      <ymin>713.23</ymin>
      <xmax>806.8</xmax>
      <ymax>750.9</ymax>
    </bndbox>
  </object>
  <object>
    <name>WHITE</name>
    <occluded>0</occluded>
    <bndbox>
      <xmin>719.4</xmin>
      <ymin>769.0</ymin>
      <xmax>764.2</xmax>
      <ymax>808.89</ymax>
    </bndbox>
  </object>
  <object>
    <name>WHITE</name>
    <occluded>0</occluded>
    <bndbox>
      <xmin>649.69</xmin>
      <ymin>829.74</ymin>
      <xmax>694.55</xmax>
      <ymax>865.1</ymax>
    </bndbox>
  </object>
  <object>
    <name>WHITE</name>
    <occluded>0</occluded>
    <bndbox>
      <xmin>449.67</xmin>
      <ymin>349.1</ymin>
      <xmax>496.33</xmax>
      <ymax>399.0</ymax>
    </bndbox>
  </object>
  <object>
    <name>WHITE</name>
    <occluded>0</occluded>
    <bndbox>
      <xmin>521.6</xmin>
      <ymin>234.09</ymin>
      <xmax>567.14</xmax>
      <ymax>269.7</ymax>
    </bndbox>
  </object>
  <object>
    <name>WHITE</name>
    <occluded>0</occluded>
    <bndbox>
      <xmin>333.3</xmin>
      <ymin>430.52</ymin>
      <xmax>360.95</xmax>
      <ymax>480.0</ymax>
    </bndbox>
  </object>
  <object>
    <name>WHITE</name>
    <occluded>0</occluded>
    <bndbox>
      <xmin>402.1</xmin>
      <ymin>313.87</ymin>
      <xmax>441.51</xmax>
      <ymax>356.8</ymax>
    </bndbox>
  </object>
  <object>
    <name>WHITE</name>
    <occluded>0</occluded>
    <bndbox>
      <xmin>500.8</xmin>
      <ymin>407.0</ymin>
      <xmax>550.04</xmax>
      <ymax>460.12</ymax>
    </bndbox>
  </object>
  <object>
    <name>WHITE</name>
    <occluded>0</occluded>
    <bndbox>
      <xmin>454.31</xmin>
      <ymin>474.7</ymin>
      <xmax>501.69</xmax>
      <ymax>524.8</ymax>
    </bndbox>
  </object>
  <object>
    <name>WHITE</name>
    <occluded>0</occluded>
    <bndbox>
      <xmin>402.5</xmin>
      <ymin>536.5</ymin>
      <xmax>445.5</xmax>
      <ymax>586.5</ymax>
    </bndbox>
  </object>
  <object>
    <name>WHITE</name>
    <occluded>0</occluded>
    <bndbox>
      <xmin>369.48</xmin>
      <ymin>597.5</ymin>
      <xmax>406.5</xmax>
      <ymax>644.0</ymax>
    </bndbox>
  </object>
  <object>
    <name>BLACK</name>
    <occluded>0</occluded>
    <bndbox>
      <xmin>429.89</xmin>
      <ymin>412.14</ymin>
      <xmax>473.4</xmax>
      <ymax>465.5</ymax>
    </bndbox>
  </object>
  <object>
    <name>WHITE</name>
    <occluded>0</occluded>
    <bndbox>
      <xmin>378.9</xmin>
      <ymin>454.0</ymin>
      <xmax>420.6</xmax>
      <ymax>501.9</ymax>
    </bndbox>
  </object>
  <object>
    <name>WHITE</name>
    <occluded>0</occluded>
    <bndbox>
      <xmin>343.01</xmin>
      <ymin>513.75</ymin>
      <xmax>382.1</xmax>
      <ymax>562.0</ymax>
    </bndbox>
  </object>
  <object>
    <name>WHITE</name>
    <occluded>0</occluded>
    <bndbox>
      <xmin>376.1</xmin>
      <ymin>382.28</ymin>
      <xmax>413.79</xmax>
      <ymax>430.2</ymax>
    </bndbox>
  </object>
  <object>
    <name>WHITE</name>
    <occluded>0</occluded>
    <bndbox>
      <xmin>560.47</xmin>
      <ymin>206.11</ymin>
      <xmax>607.29</xmax>
      <ymax>229.31</ymax>
    </bndbox>
  </object>
  <object>
    <name>WHITE</name>
    <occluded>0</occluded>
    <bndbox>
      <xmin>647.71</xmin>
      <ymin>203.11</ymin>
      <xmax>696.0</xmax>
      <ymax>225.2</ymax>
    </bndbox>
  </object>
  <object>
    <name>WHITE</name>
    <occluded>0</occluded>
    <bndbox>
      <xmin>699.74</xmin>
      <ymin>232.68</ymin>
      <xmax>747.27</xmax>
      <ymax>262.25</ymax>
    </bndbox>
  </object>
  <object>
    <name>WHITE</name>
    <occluded>0</occluded>
    <bndbox>
      <xmin>755.13</xmin>
      <ymin>276.1</ymin>
      <xmax>799.3</xmax>
      <ymax>315.77</ymax>
    </bndbox>
  </object>
  <object>
    <name>WHITE</name>
    <occluded>0</occluded>
    <bndbox>
      <xmin>900.35</xmin>
      <ymin>465.86</ymin>
      <xmax>925.05</xmax>
      <ymax>516.38</ymax>
    </bndbox>
  </object>
  <object>
    <name>WHITE</name>
    <occluded>0</occluded>
    <bndbox>
      <xmin>868.5</xmin>
      <ymin>551.19</ymin>
      <xmax>902.6</xmax>
      <ymax>597.97</ymax>
    </bndbox>
  </object>
  <object>
    <name>WHITE</name>
    <occluded>0</occluded>
    <bndbox>
      <xmin>306.38</xmin>
      <ymin>488.69</ymin>
      <xmax>327.71</xmax>
      <ymax>535.84</ymax>
    </bndbox>
  </object>
  <object>
    <name>WHITE</name>
    <occluded>0</occluded>
    <bndbox>
      <xmin>318.35</xmin>
      <ymin>572.52</ymin>
      <xmax>351.29</xmax>
      <ymax>618.56</ymax>
    </bndbox>
  </object>
  <object>
    <name>WHITE</name>
    <occluded>0</occluded>
    <bndbox>
      <xmin>349.75</xmin>
      <ymin>650.75</ymin>
      <xmax>376.37</xmax>
      <ymax>693.79</ymax>
    </bndbox>
  </object>
  <object>
    <name>WHITE</name>
    <occluded>0</occluded>
    <bndbox>
      <xmin>387.22</xmin>
      <ymin>728.97</ymin>
      <xmax>419.41</xmax>
      <ymax>767.89</ymax>
    </bndbox>
  </object>
  <object>
    <name>WHITE</name>
    <occluded>0</occluded>
    <bndbox>
      <xmin>404.06</xmin>
      <ymin>864.46</ymin>
      <xmax>436.25</xmax>
      <ymax>900.39</ymax>
    </bndbox>
  </object>
  <object>
    <name>WHITE</name>
    <occluded>0</occluded>
    <bndbox>
      <xmin>885.72</xmin>
      <ymin>617.81</ymin>
      <xmax>913.82</xmax>
      <ymax>663.85</ymax>
    </bndbox>
  </object>
  <object>
    <name>WHITE</name>
    <occluded>0</occluded>
    <bndbox>
      <xmin>540.67</xmin>
      <ymin>338.49</ymin>
      <xmax>587.33</xmax>
      <ymax>379.51</ymax>
    </bndbox>
  </object>
  <object>
    <name>WHITE</name>
    <occluded>0</occluded>
    <bndbox>
      <xmin>750.98</xmin>
      <ymin>868.95</ymin>
      <xmax>792.56</xmax>
      <ymax>906.75</ymax>
    </bndbox>
  </object>
  <object>
    <name>WHITE</name>
    <occluded>0</occluded>
    <bndbox>
      <xmin>756.59</xmin>
      <ymin>906.75</ymin>
      <xmax>793.31</xmax>
      <ymax>940.81</ymax>
    </bndbox>
  </object>
  <object>
    <name>WHITE</name>
    <occluded>0</occluded>
    <bndbox>
      <xmin>807.12</xmin>
      <ymin>855.1</ymin>
      <xmax>847.58</xmax>
      <ymax>883.92</ymax>
    </bndbox>
  </object>
  <object>
    <name>WHITE</name>
    <occluded>0</occluded>
    <bndbox>
      <xmin>631.16</xmin>
      <ymin>335.46</ymin>
      <xmax>678.84</xmax>
      <ymax>378.54</ymax>
    </bndbox>
  </object>
  <object>
    <name>WHITE</name>
    <occluded>0</occluded>
    <bndbox>
      <xmin>605.51</xmin>
      <ymin>886.87</ymin>
      <xmax>648.51</xmax>
      <ymax>916.87</ymax>
    </bndbox>
  </object>
  <object>
    <name>WHITE</name>
    <occluded>0</occluded>
    <bndbox>
      <xmin>558.88</xmin>
      <ymin>930.24</ymin>
      <xmax>603.7</xmax>
      <ymax>960.0</ymax>
    </bndbox>
  </object>
  <object>
    <name>WHITE</name>
    <occluded>0</occluded>
    <bndbox>
      <xmin>611.6</xmin>
      <ymin>235.51</ymin>
      <xmax>660.37</xmax>
      <ymax>268.0</ymax>
    </bndbox>
  </object>
  <object>
    <name>WHITE</name>
    <occluded>0</occluded>
    <bndbox>
      <xmin>402.51</xmin>
      <ymin>679.26</ymin>
      <xmax>440.5</xmax>
      <ymax>722.6</ymax>
    </bndbox>
  </object>
  <object>
    <name>WHITE</name>
    <occluded>0</occluded>
    <bndbox>
      <xmin>439.68</xmin>
      <ymin>617.31</ymin>
      <xmax>480.3</xmax>
      <ymax>664.69</ymax>
    </bndbox>
  </object>
  <object>
    <name>WHITE</name>
    <occluded>0</occluded>
    <bndbox>
      <xmin>474.25</xmin>
      <ymin>548.0</ymin>
      <xmax>526.1</xmax>
      <ymax>601.9</ymax>
    </bndbox>
  </object>
  <object>
    <name>WHITE</name>
    <occluded>0</occluded>
    <bndbox>
      <xmin>547.6</xmin>
      <ymin>477.25</ymin>
      <xmax>598.5</xmax>
      <ymax>531.3</ymax>
    </bndbox>
  </object>
  <object>
    <name>WHITE</name>
    <occluded>0</occluded>
    <bndbox>
      <xmin>593.3</xmin>
      <ymin>402.9</ymin>
      <xmax>645.2</xmax>
      <ymax>455.6</ymax>
    </bndbox>
  </object>
  <object>
    <name>WHITE</name>
    <occluded>0</occluded>
    <bndbox>
      <xmin>666.95</xmin>
      <ymin>278.71</ymin>
      <xmax>716.4</xmax>
      <ymax>322.0</ymax>
    </bndbox>
  </object>
  <object>
    <name>BLACK</name>
    <occluded>0</occluded>
    <bndbox>
      <xmin>862.23</xmin>
      <ymin>414.29</ymin>
      <xmax>895.4</xmax>
      <ymax>465.0</ymax>
    </bndbox>
  </object>
  <object>
    <name>WHITE</name>
    <occluded>0</occluded>
    <bndbox>
      <xmin>835.02</xmin>
      <ymin>483.58</ymin>
      <xmax>873.5</xmax>
      <ymax>532.9</ymax>
    </bndbox>
  </object>
  <object>
    <name>WHITE</name>
    <occluded>0</occluded>
    <bndbox>
      <xmin>781.0</xmin>
      <ymin>566.3</ymin>
      <xmax>827.7</xmax>
      <ymax>613.5</ymax>
    </bndbox>
  </object>
  <object>
    <name>WHITE</name>
    <occluded>0</occluded>
    <bndbox>
      <xmin>729.3</xmin>
      <ymin>651.79</ymin>
      <xmax>780.03</xmax>
      <ymax>691.4</ymax>
    </bndbox>
  </object>
  <object>
    <name>WHITE</name>
    <occluded>0</occluded>
    <bndbox>
      <xmin>425.7</xmin>
      <ymin>798.15</ymin>
      <xmax>468.2</xmax>
      <ymax>837.3</ymax>
    </bndbox>
  </object>
  <object>
    <name>WHITE</name>
    <occluded>0</occluded>
    <bndbox>
      <xmin>445.44</xmin>
      <ymin>753.98</ymin>
      <xmax>489.6</xmax>
      <ymax>794.0</ymax>
    </bndbox>
  </object>
  <object>
    <name>WHITE</name>
    <occluded>0</occluded>
    <bndbox>
      <xmin>472.0</xmin>
      <ymin>696.01</ymin>
      <xmax>518.9</xmax>
      <ymax>743.7</ymax>
    </bndbox>
  </object>
  <object>
    <name>WHITE</name>
    <occluded>0</occluded>
    <bndbox>
      <xmin>528.53</xmin>
      <ymin>636.25</ymin>
      <xmax>571.6</xmax>
      <ymax>683.75</ymax>
    </bndbox>
  </object>
  <object>
    <name>WHITE</name>
    <occluded>0</occluded>
    <bndbox>
      <xmin>581.54</xmin>
      <ymin>561.86</ymin>
      <xmax>631.8</xmax>
      <ymax>612.1</ymax>
    </bndbox>
  </object>
  <object>
    <name>WHITE</name>
    <occluded>0</occluded>
    <bndbox>
      <xmin>639.82</xmin>
      <ymin>478.38</ymin>
      <xmax>695.7</xmax>
      <ymax>534.0</ymax>
    </bndbox>
  </object>
  <object>
    <name>WHITE</name>
    <occluded>0</occluded>
    <bndbox>
      <xmin>688.6</xmin>
      <ymin>402.1</ymin>
      <xmax>740.9</xmax>
      <ymax>452.1</ymax>
    </bndbox>
  </object>
  <object>
    <name>WHITE</name>
    <occluded>0</occluded>
    <bndbox>
      <xmin>725.53</xmin>
      <ymin>334.34</ymin>
      <xmax>774.8</xmax>
      <ymax>380.4</ymax>
    </bndbox>
  </object>
  <object>
    <name>WHITE</name>
    <occluded>0</occluded>
    <bndbox>
      <xmin>470.2</xmin>
      <ymin>859.4</ymin>
      <xmax>506.5</xmax>
      <ymax>892.22</ymax>
    </bndbox>
  </object>
  <object>
    <name>WHITE</name>
    <occluded>0</occluded>
    <bndbox>
      <xmin>492.61</xmin>
      <ymin>815.83</ymin>
      <xmax>530.4</xmax>
      <ymax>854.0</ymax>
    </bndbox>
  </object>
  <object>
    <name>WHITE</name>
    <occluded>0</occluded>
    <bndbox>
      <xmin>527.2</xmin>
      <ymin>773.23</ymin>
      <xmax>573.0</xmax>
      <ymax>811.1</ymax>
    </bndbox>
  </object>
  <object>
    <name>WHITE</name>
    <occluded>0</occluded>
    <bndbox>
      <xmin>561.76</xmin>
      <ymin>708.88</ymin>
      <xmax>615.5</xmax>
      <ymax>755.4</ymax>
    </bndbox>
  </object>
  <object>
    <name>WHITE</name>
    <occluded>0</occluded>
    <bndbox>
      <xmin>429.48</xmin>
      <ymin>258.13</ymin>
      <xmax>469.56</xmax>
      <ymax>295.19</ymax>
    </bndbox>
  </object>
  <object>
    <name>WHITE</name>
    <occluded>0</occluded>
    <bndbox>
      <xmin>340.4</xmin>
      <ymin>353.57</ymin>
      <xmax>374.12</xmax>
      <ymax>400.73</ymax>
    </bndbox>
  </object>
  <object>
    <name>WHITE</name>
    <occluded>0</occluded>
    <bndbox>
      <xmin>372.59</xmin>
      <ymin>290.47</ymin>
      <xmax>404.41</xmax>
      <ymax>329.14</ymax>
    </bndbox>
  </object>
</annotation>
