<annotation>
  <folder>MRB</folder>
  <filename>MRB_camera1.png</filename>
  <source>
    <database>Unknown</database>
    <annotation>Unknown</annotation>
    <image>Unknown</image>
  </source>
  <size>
    <width>960</width>
    <height>1280</height>
    <depth></depth>
  </size>
  <segmented>0</segmented>
  <object>
    <name>WHITE</name>
    <occluded>0</occluded>
    <bndbox>
      <xmin>515.11</xmin>
      <ymin>360.0</ymin>
      <xmax>556.7</xmax>
      <ymax>388.3</ymax>
    </bndbox>
  </object>
  <object>
    <name>WHITE</name>
    <occluded>0</occluded>
    <bndbox>
      <xmin>434.39</xmin>
      <ymin>439.71</ymin>
      <xmax>481.4</xmax>
      <ymax>483.2</ymax>
    </bndbox>
  </object>
  <object>
    <name>WHITE</name>
    <occluded>0</occluded>
    <bndbox>
      <xmin>470.6</xmin>
      <ymin>393.4</ymin>
      <xmax>514.0</xmax>
      <ymax>426.0</ymax>
    </bndbox>
  </object>
  <object>
    <name>WHITE</name>
    <occluded>0</occluded>
    <bndbox>
      <xmin>412.0</xmin>
      <ymin>653.0</ymin>
      <xmax>460.6</xmax>
      <ymax>701.5</ymax>
    </bndbox>
  </object>
  <object>
    <name>WHITE</name>
    <occluded>0</occluded>
    <bndbox>
      <xmin>448.69</xmin>
      <ymin>563.78</ymin>
      <xmax>498.2</xmax>
      <ymax>609.7</ymax>
    </bndbox>
  </object>
  <object>
    <name>WHITE</name>
    <occluded>0</occluded>
    <bndbox>
      <xmin>487.1</xmin>
      <ymin>492.8</ymin>
      <xmax>535.8</xmax>
      <ymax>538.0</ymax>
    </bndbox>
  </object>
  <object>
    <name>WHITE</name>
    <occluded>0</occluded>
    <bndbox>
      <xmin>515.51</xmin>
      <ymin>435.45</ymin>
      <xmax>558.8</xmax>
      <ymax>475.1</ymax>
    </bndbox>
  </object>
  <object>
    <name>WHITE</name>
    <occluded>0</occluded>
    <bndbox>
      <xmin>471.5</xmin>
      <ymin>782.4</ymin>
      <xmax>518.5</xmax>
      <ymax>828.7</ymax>
    </bndbox>
  </object>
  <object>
    <name>WHITE</name>
    <occluded>0</occluded>
    <bndbox>
      <xmin>386.76</xmin>
      <ymin>832.84</ymin>
      <xmax>435.6</xmax>
      <ymax>876.2</ymax>
    </bndbox>
  </object>
  <object>
    <name>WHITE</name>
    <occluded>0</occluded>
    <bndbox>
      <xmin>320.1</xmin>
      <ymin>861.66</ymin>
      <xmax>364.7</xmax>
      <ymax>905.2</ymax>
    </bndbox>
  </object>
  <object>
    <name>WHITE</name>
    <occluded>0</occluded>
    <bndbox>
      <xmin>266.81</xmin>
      <ymin>789.21</ymin>
      <xmax>304.6</xmax>
      <ymax>836.9</ymax>
    </bndbox>
  </object>
  <object>
    <name>WHITE</name>
    <occluded>0</occluded>
    <bndbox>
      <xmin>222.3</xmin>
      <ymin>715.5</ymin>
      <xmax>246.5</xmax>
      <ymax>762.0</ymax>
    </bndbox>
  </object>
  <object>
    <name>WHITE</name>
    <occluded>0</occluded>
    <bndbox>
      <xmin>325.79</xmin>
      <ymin>767.0</ymin>
      <xmax>370.0</xmax>
      <ymax>813.9</ymax>
    </bndbox>
  </object>
  <object>
    <name>WHITE</name>
    <occluded>0</occluded>
    <bndbox>
      <xmin>604.93</xmin>
      <ymin>380.22</ymin>
      <xmax>643.91</xmax>
      <ymax>412.27</ymax>
    </bndbox>
  </object>
  <object>
    <name>WHITE</name>
    <occluded>0</occluded>
    <bndbox>
      <xmin>488.54</xmin>
      <ymin>918.24</ymin>
      <xmax>536.48</xmax>
      <ymax>951.45</ymax>
    </bndbox>
  </object>
  <object>
    <name>WHITE</name>
    <occluded>0</occluded>
    <bndbox>
      <xmin>412.88</xmin>
      <ymin>955.2</ymin>
      <xmax>460.53</xmax>
      <ymax>983.5</ymax>
    </bndbox>
  </object>
  <object>
    <name>WHITE</name>
    <occluded>0</occluded>
    <bndbox>
      <xmin>574.03</xmin>
      <ymin>927.48</ymin>
      <xmax>618.21</xmax>
      <ymax>959.82</ymax>
    </bndbox>
  </object>
  <object>
    <name>WHITE</name>
    <occluded>0</occluded>
    <bndbox>
      <xmin>470.35</xmin>
      <ymin>334.88</ymin>
      <xmax>512.8</xmax>
      <ymax>356.54</ymax>
    </bndbox>
  </object>
  <object>
    <name>WHITE</name>
    <occluded>0</occluded>
    <bndbox>
      <xmin>206.68</xmin>
      <ymin>600.56</ymin>
      <xmax>235.27</xmax>
      <ymax>645.62</ymax>
    </bndbox>
  </object>
  <object>
    <name>WHITE</name>
    <occluded>0</occluded>
    <bndbox>
      <xmin>596.2</xmin>
      <ymin>642.4</ymin>
      <xmax>637.8</xmax>
      <ymax>687.6</ymax>
    </bndbox>
  </object>
  <object>
    <name>WHITE</name>
    <occluded>0</occluded>
    <bndbox>
      <xmin>390.55</xmin>
      <ymin>407.79</ymin>
      <xmax>433.45</xmax>
      <ymax>436.21</ymax>
    </bndbox>
  </object>
  <object>
    <name>BLACK</name>
    <occluded>0</occluded>
    <bndbox>
      <xmin>262.71</xmin>
      <ymin>474.36</ymin>
      <xmax>292.74</xmax>
      <ymax>515.08</ymax>
    </bndbox>
  </object>
  <object>
    <name>WHITE</name>
    <occluded>0</occluded>
    <bndbox>
      <xmin>316.67</xmin>
      <ymin>435.23</ymin>
      <xmax>354.1</xmax>
      <ymax>475.15</ymax>
    </bndbox>
  </object>
  <object>
    <name>WHITE</name>
    <occluded>0</occluded>
    <bndbox>
      <xmin>347.03</xmin>
      <ymin>379.09</ymin>
      <xmax>386.53</xmax>
      <ymax>411.94</ymax>
    </bndbox>
  </object>
  <object>
    <name>WHITE</name>
    <occluded>0</occluded>
    <bndbox>
      <xmin>382.37</xmin>
      <ymin>343.74</ymin>
      <xmax>424.79</xmax>
      <ymax>364.0</ymax>
    </bndbox>
  </object>
  <object>
    <name>WHITE</name>
    <occluded>0</occluded>
    <bndbox>
      <xmin>228.34</xmin>
      <ymin>865.96</ymin>
      <xmax>259.24</xmax>
      <ymax>905.24</ymax>
    </bndbox>
  </object>
  <object>
    <name>BLACK</name>
    <occluded>0</occluded>
    <bndbox>
      <xmin>629.18</xmin>
      <ymin>426.13</ymin>
      <xmax>668.46</xmax>
      <ymax>464.54</ymax>
    </bndbox>
  </object>
  <object>
    <name>WHITE</name>
    <occluded>0</occluded>
    <bndbox>
      <xmin>677.82</xmin>
      <ymin>474.82</ymin>
      <xmax>709.87</xmax>
      <ymax>517.57</ymax>
    </bndbox>
  </object>
  <object>
    <name>WHITE</name>
    <occluded>0</occluded>
    <bndbox>
      <xmin>265.88</xmin>
      <ymin>871.45</ymin>
      <xmax>302.27</xmax>
      <ymax>908.99</ymax>
    </bndbox>
  </object>
  <object>
    <name>WHITE</name>
    <occluded>0</occluded>
    <bndbox>
      <xmin>217.08</xmin>
      <ymin>799.83</ymin>
      <xmax>245.09</xmax>
      <ymax>841.42</ymax>
    </bndbox>
  </object>
  <object>
    <name>WHITE</name>
    <occluded>0</occluded>
    <bndbox>
      <xmin>282.06</xmin>
      <ymin>921.7</ymin>
      <xmax>318.44</xmax>
      <ymax>960.11</ymax>
    </bndbox>
  </object>
  <object>
    <name>WHITE</name>
    <occluded>0</occluded>
    <bndbox>
      <xmin>427.6</xmin>
      <ymin>359.09</ymin>
      <xmax>468.9</xmax>
      <ymax>389.7</ymax>
    </bndbox>
  </object>
  <object>
    <name>WHITE</name>
    <occluded>0</occluded>
    <bndbox>
      <xmin>363.58</xmin>
      <ymin>598.33</ymin>
      <xmax>411.9</xmax>
      <ymax>645.4</ymax>
    </bndbox>
  </object>
  <object>
    <name>WHITE</name>
    <occluded>0</occluded>
    <bndbox>
      <xmin>395.09</xmin>
      <ymin>507.1</ymin>
      <xmax>444.4</xmax>
      <ymax>550.7</ymax>
    </bndbox>
  </object>
  <object>
    <name>WHITE</name>
    <occluded>0</occluded>
    <bndbox>
      <xmin>711.49</xmin>
      <ymin>816.29</ymin>
      <xmax>747.3</xmax>
      <ymax>858.46</ymax>
    </bndbox>
  </object>
  <object>
    <name>WHITE</name>
    <occluded>0</occluded>
    <bndbox>
      <xmin>753.37</xmin>
      <ymin>729.65</ymin>
      <xmax>784.55</xmax>
      <ymax>776.15</ymax>
    </bndbox>
  </object>
  <object>
    <name>WHITE</name>
    <occluded>0</occluded>
    <bndbox>
      <xmin>782.29</xmin>
      <ymin>661.05</ymin>
      <xmax>805.16</xmax>
      <ymax>706.77</ymax>
    </bndbox>
  </object>
  <object>
    <name>WHITE</name>
    <occluded>0</occluded>
    <bndbox>
      <xmin>703.99</xmin>
      <ymin>582.07</ymin>
      <xmax>737.6</xmax>
      <ymax>626.08</ymax>
    </bndbox>
  </object>
  <object>
    <name>WHITE</name>
    <occluded>0</occluded>
    <bndbox>
      <xmin>275.68</xmin>
      <ymin>422.79</ymin>
      <xmax>306.72</xmax>
      <ymax>457.93</ymax>
    </bndbox>
  </object>
  <object>
    <name>WHITE</name>
    <occluded>0</occluded>
    <bndbox>
      <xmin>712.24</xmin>
      <ymin>871.8</ymin>
      <xmax>744.71</xmax>
      <ymax>910.06</ymax>
    </bndbox>
  </object>
  <object>
    <name>WHITE</name>
    <occluded>0</occluded>
    <bndbox>
      <xmin>496.03</xmin>
      <ymin>970.36</ymin>
      <xmax>544.68</xmax>
      <ymax>996.56</ymax>
    </bndbox>
  </object>
  <object>
    <name>WHITE</name>
    <occluded>0</occluded>
    <bndbox>
      <xmin>645.28</xmin>
      <ymin>932.52</ymin>
      <xmax>688.99</xmax>
      <ymax>959.55</ymax>
    </bndbox>
  </object>
  <object>
    <name>WHITE</name>
    <occluded>0</occluded>
    <bndbox>
      <xmin>557.85</xmin>
      <ymin>401.3</ymin>
      <xmax>601.46</xmax>
      <ymax>439.42</ymax>
    </bndbox>
  </object>
  <object>
    <name>WHITE</name>
    <occluded>0</occluded>
    <bndbox>
      <xmin>688.9</xmin>
      <ymin>735.35</ymin>
      <xmax>725.95</xmax>
      <ymax>783.8</ymax>
    </bndbox>
  </object>
  <object>
    <name>WHITE</name>
    <occluded>0</occluded>
    <bndbox>
      <xmin>260.6</xmin>
      <ymin>580.19</ymin>
      <xmax>291.15</xmax>
      <ymax>625.8</ymax>
    </bndbox>
  </object>
  <object>
    <name>WHITE</name>
    <occluded>0</occluded>
    <bndbox>
      <xmin>286.0</xmin>
      <ymin>625.5</ymin>
      <xmax>320.0</xmax>
      <ymax>672.3</ymax>
    </bndbox>
  </object>
  <object>
    <name>WHITE</name>
    <occluded>0</occluded>
    <bndbox>
      <xmin>325.43</xmin>
      <ymin>677.62</ymin>
      <xmax>366.9</xmax>
      <ymax>727.3</ymax>
    </bndbox>
  </object>
  <object>
    <name>WHITE</name>
    <occluded>0</occluded>
    <bndbox>
      <xmin>394.0</xmin>
      <ymin>737.2</ymin>
      <xmax>441.2</xmax>
      <ymax>786.5</ymax>
    </bndbox>
  </object>
  <object>
    <name>WHITE</name>
    <occluded>0</occluded>
    <bndbox>
      <xmin>234.3</xmin>
      <ymin>647.4</ymin>
      <xmax>260.91</xmax>
      <ymax>695.8</ymax>
    </bndbox>
  </object>
  <object>
    <name>WHITE</name>
    <occluded>0</occluded>
    <bndbox>
      <xmin>264.27</xmin>
      <ymin>700.82</ymin>
      <xmax>299.4</xmax>
      <ymax>747.4</ymax>
    </bndbox>
  </object>
  <object>
    <name>WHITE</name>
    <occluded>0</occluded>
    <bndbox>
      <xmin>647.5</xmin>
      <ymin>879.06</ymin>
      <xmax>689.67</xmax>
      <ymax>919.1</ymax>
    </bndbox>
  </object>
  <object>
    <name>WHITE</name>
    <occluded>0</occluded>
    <bndbox>
      <xmin>568.9</xmin>
      <ymin>812.0</ymin>
      <xmax>614.27</xmax>
      <ymax>856.86</ymax>
    </bndbox>
  </object>
  <object>
    <name>WHITE</name>
    <occluded>0</occluded>
    <bndbox>
      <xmin>574.8</xmin>
      <ymin>885.3</ymin>
      <xmax>622.85</xmax>
      <ymax>916.9</ymax>
    </bndbox>
  </object>
  <object>
    <name>WHITE</name>
    <occluded>0</occluded>
    <bndbox>
      <xmin>348.17</xmin>
      <ymin>969.73</ymin>
      <xmax>393.0</xmax>
      <ymax>997.3</ymax>
    </bndbox>
  </object>
  <object>
    <name>WHITE</name>
    <occluded>0</occluded>
    <bndbox>
      <xmin>481.5</xmin>
      <ymin>855.0</ymin>
      <xmax>528.5</xmax>
      <ymax>895.6</ymax>
    </bndbox>
  </object>
  <object>
    <name>WHITE</name>
    <occluded>0</occluded>
    <bndbox>
      <xmin>397.09</xmin>
      <ymin>905.37</ymin>
      <xmax>447.27</xmax>
      <ymax>940.14</ymax>
    </bndbox>
  </object>
  <object>
    <name>WHITE</name>
    <occluded>0</occluded>
    <bndbox>
      <xmin>673.82</xmin>
      <ymin>648.71</ymin>
      <xmax>714.8</xmax>
      <ymax>695.0</ymax>
    </bndbox>
  </object>
  <object>
    <name>WHITE</name>
    <occluded>0</occluded>
    <bndbox>
      <xmin>644.92</xmin>
      <ymin>820.98</ymin>
      <xmax>689.08</xmax>
      <ymax>864.7</ymax>
    </bndbox>
  </object>
  <object>
    <name>WHITE</name>
    <occluded>0</occluded>
    <bndbox>
      <xmin>734.9</xmin>
      <ymin>646.65</ymin>
      <xmax>767.76</xmax>
      <ymax>691.3</ymax>
    </bndbox>
  </object>
  <object>
    <name>WHITE</name>
    <occluded>0</occluded>
    <bndbox>
      <xmin>500.18</xmin>
      <ymin>637.76</ymin>
      <xmax>551.8</xmax>
      <ymax>689.4</ymax>
    </bndbox>
  </object>
  <object>
    <name>WHITE</name>
    <occluded>0</occluded>
    <bndbox>
      <xmin>618.2</xmin>
      <ymin>729.6</ymin>
      <xmax>661.5</xmax>
      <ymax>777.5</ymax>
    </bndbox>
  </object>
  <object>
    <name>BLACK</name>
    <occluded>0</occluded>
    <bndbox>
      <xmin>462.78</xmin>
      <ymin>703.8</ymin>
      <xmax>514.9</xmax>
      <ymax>758.0</ymax>
    </bndbox>
  </object>
  <object>
    <name>WHITE</name>
    <occluded>0</occluded>
    <bndbox>
      <xmin>605.68</xmin>
      <ymin>462.16</ymin>
      <xmax>645.5</xmax>
      <ymax>502.1</ymax>
    </bndbox>
  </object>
  <object>
    <name>WHITE</name>
    <occluded>0</occluded>
    <bndbox>
      <xmin>577.92</xmin>
      <ymin>510.44</ymin>
      <xmax>621.0</xmax>
      <ymax>553.4</ymax>
    </bndbox>
  </object>
  <object>
    <name>WHITE</name>
    <occluded>0</occluded>
    <bndbox>
      <xmin>655.11</xmin>
      <ymin>523.79</ymin>
      <xmax>692.9</xmax>
      <ymax>563.3</ymax>
    </bndbox>
  </object>
  <object>
    <name>WHITE</name>
    <occluded>0</occluded>
    <bndbox>
      <xmin>539.2</xmin>
      <ymin>573.64</ymin>
      <xmax>586.3</xmax>
      <ymax>619.2</ymax>
    </bndbox>
  </object>
  <object>
    <name>WHITE</name>
    <occluded>0</occluded>
    <bndbox>
      <xmin>634.68</xmin>
      <ymin>575.73</ymin>
      <xmax>675.9</xmax>
      <ymax>624.8</ymax>
    </bndbox>
  </object>
  <object>
    <name>WHITE</name>
    <occluded>0</occluded>
    <bndbox>
      <xmin>540.26</xmin>
      <ymin>717.71</ymin>
      <xmax>586.4</xmax>
      <ymax>766.6</ymax>
    </bndbox>
  </object>
  <object>
    <name>WHITE</name>
    <occluded>0</occluded>
    <bndbox>
      <xmin>334.42</xmin>
      <ymin>920.28</ymin>
      <xmax>381.9</xmax>
      <ymax>954.9</ymax>
    </bndbox>
  </object>
  <object>
    <name>WHITE</name>
    <occluded>0</occluded>
    <bndbox>
      <xmin>358.43</xmin>
      <ymin>460.38</ymin>
      <xmax>402.7</xmax>
      <ymax>498.0</ymax>
    </bndbox>
  </object>
  <object>
    <name>WHITE</name>
    <occluded>0</occluded>
    <bndbox>
      <xmin>322.63</xmin>
      <ymin>550.94</ymin>
      <xmax>362.2</xmax>
      <ymax>594.0</ymax>
    </bndbox>
  </object>
  <object>
    <name>WHITE</name>
    <occluded>0</occluded>
    <bndbox>
      <xmin>287.4</xmin>
      <ymin>506.65</ymin>
      <xmax>322.31</xmax>
      <ymax>550.5</ymax>
    </bndbox>
  </object>
  <object>
    <name>WHITE</name>
    <occluded>0</occluded>
    <bndbox>
      <xmin>234.1</xmin>
      <ymin>533.28</ymin>
      <xmax>264.82</xmax>
      <ymax>577.3</ymax>
    </bndbox>
  </object>
</annotation>
