<annotation>
  <folder>MRB</folder>
  <filename>MRB_camera5.png</filename>
  <source>
    <database>Unknown</database>
    <annotation>Unknown</annotation>
    <image>Unknown</image>
  </source>
  <size>
    <width>1280</width>
    <height>960</height>
    <depth></depth>
  </size>
  <segmented>0</segmented>
  <object>
    <name>WHITE</name>
    <occluded>0</occluded>
    <bndbox>
      <xmin>677.31</xmin>
      <ymin>662.84</ymin>
      <xmax>727.53</xmax>
      <ymax>711.81</ymax>
    </bndbox>
  </object>
  <object>
    <name>WHITE</name>
    <occluded>0</occluded>
    <bndbox>
      <xmin>762.77</xmin>
      <ymin>859.96</ymin>
      <xmax>801.45</xmax>
      <ymax>895.2</ymax>
    </bndbox>
  </object>
  <object>
    <name>WHITE</name>
    <occluded>0</occluded>
    <bndbox>
      <xmin>820.13</xmin>
      <ymin>837.19</ymin>
      <xmax>857.59</xmax>
      <ymax>871.81</ymax>
    </bndbox>
  </object>
  <object>
    <name>WHITE</name>
    <occluded>0</occluded>
    <bndbox>
      <xmin>905.28</xmin>
      <ymin>713.99</ymin>
      <xmax>937.12</xmax>
      <ymax>755.47</ymax>
    </bndbox>
  </object>
  <object>
    <name>WHITE</name>
    <occluded>0</occluded>
    <bndbox>
      <xmin>928.39</xmin>
      <ymin>462.92</ymin>
      <xmax>956.46</xmax>
      <ymax>510.95</ymax>
    </bndbox>
  </object>
  <object>
    <name>WHITE</name>
    <occluded>0</occluded>
    <bndbox>
      <xmin>978.29</xmin>
      <ymin>430.17</ymin>
      <xmax>1002.93</xmax>
      <ymax>479.13</ymax>
    </bndbox>
  </object>
  <object>
    <name>WHITE</name>
    <occluded>0</occluded>
    <bndbox>
      <xmin>946.94</xmin>
      <ymin>681.64</ymin>
      <xmax>972.67</xmax>
      <ymax>723.49</ymax>
    </bndbox>
  </object>
  <object>
    <name>WHITE</name>
    <occluded>0</occluded>
    <bndbox>
      <xmin>858.84</xmin>
      <ymin>189.7</ymin>
      <xmax>892.83</xmax>
      <ymax>231.18</ymax>
    </bndbox>
  </object>
  <object>
    <name>BLACK</name>
    <occluded>0</occluded>
    <bndbox>
      <xmin>664.19</xmin>
      <ymin>130.93</ymin>
      <xmax>710.75</xmax>
      <ymax>148.69</ymax>
    </bndbox>
  </object>
  <object>
    <name>WHITE</name>
    <occluded>0</occluded>
    <bndbox>
      <xmin>598.99</xmin>
      <ymin>135.91</ymin>
      <xmax>644.26</xmax>
      <ymax>155.17</ymax>
    </bndbox>
  </object>
  <object>
    <name>WHITE</name>
    <occluded>0</occluded>
    <bndbox>
      <xmin>801.45</xmin>
      <ymin>148.87</ymin>
      <xmax>848.23</xmax>
      <ymax>180.99</ymax>
    </bndbox>
  </object>
  <object>
    <name>WHITE</name>
    <occluded>0</occluded>
    <bndbox>
      <xmin>765.89</xmin>
      <ymin>174.1</ymin>
      <xmax>812.4</xmax>
      <ymax>210.59</ymax>
    </bndbox>
  </object>
  <object>
    <name>BLACK</name>
    <occluded>0</occluded>
    <bndbox>
      <xmin>472.07</xmin>
      <ymin>390.02</ymin>
      <xmax>515.0</xmax>
      <ymax>444.7</ymax>
    </bndbox>
  </object>
  <object>
    <name>WHITE</name>
    <occluded>0</occluded>
    <bndbox>
      <xmin>542.23</xmin>
      <ymin>170.05</ymin>
      <xmax>584.06</xmax>
      <ymax>199.36</ymax>
    </bndbox>
  </object>
  <object>
    <name>WHITE</name>
    <occluded>0</occluded>
    <bndbox>
      <xmin>588.7</xmin>
      <ymin>184.71</ymin>
      <xmax>638.01</xmax>
      <ymax>219.95</ymax>
    </bndbox>
  </object>
  <object>
    <name>WHITE</name>
    <occluded>0</occluded>
    <bndbox>
      <xmin>546.91</xmin>
      <ymin>238.04</ymin>
      <xmax>596.22</xmax>
      <ymax>278.59</ymax>
    </bndbox>
  </object>
  <object>
    <name>WHITE</name>
    <occluded>0</occluded>
    <bndbox>
      <xmin>932.76</xmin>
      <ymin>600.77</ymin>
      <xmax>963.63</xmax>
      <ymax>643.19</ymax>
    </bndbox>
  </object>
  <object>
    <name>WHITE</name>
    <occluded>0</occluded>
    <bndbox>
      <xmin>500.44</xmin>
      <ymin>218.7</ymin>
      <xmax>539.46</xmax>
      <ymax>256.13</ymax>
    </bndbox>
  </object>
  <object>
    <name>WHITE</name>
    <occluded>0</occluded>
    <bndbox>
      <xmin>479.85</xmin>
      <ymin>193.75</ymin>
      <xmax>516.69</xmax>
      <ymax>232.11</ymax>
    </bndbox>
  </object>
  <object>
    <name>WHITE</name>
    <occluded>0</occluded>
    <bndbox>
      <xmin>433.38</xmin>
      <ymin>228.99</ymin>
      <xmax>465.85</xmax>
      <ymax>265.17</ymax>
    </bndbox>
  </object>
  <object>
    <name>WHITE</name>
    <occluded>0</occluded>
    <bndbox>
      <xmin>441.49</xmin>
      <ymin>253.01</ymin>
      <xmax>474.58</xmax>
      <ymax>297.61</ymax>
    </bndbox>
  </object>
  <object>
    <name>WHITE</name>
    <occluded>0</occluded>
    <bndbox>
      <xmin>462.42</xmin>
      <ymin>277.34</ymin>
      <xmax>501.72</xmax>
      <ymax>323.5</ymax>
    </bndbox>
  </object>
  <object>
    <name>WHITE</name>
    <occluded>0</occluded>
    <bndbox>
      <xmin>375.4</xmin>
      <ymin>476.95</ymin>
      <xmax>398.79</xmax>
      <ymax>524.67</ymax>
    </bndbox>
  </object>
  <object>
    <name>WHITE</name>
    <occluded>0</occluded>
    <bndbox>
      <xmin>371.31</xmin>
      <ymin>384.63</ymin>
      <xmax>395.67</xmax>
      <ymax>431.73</ymax>
    </bndbox>
  </object>
  <object>
    <name>WHITE</name>
    <occluded>0</occluded>
    <bndbox>
      <xmin>860.0</xmin>
      <ymin>487.5</ymin>
      <xmax>902.0</xmax>
      <ymax>534.5</ymax>
    </bndbox>
  </object>
  <object>
    <name>WHITE</name>
    <occluded>0</occluded>
    <bndbox>
      <xmin>944.24</xmin>
      <ymin>384.42</ymin>
      <xmax>973.76</xmax>
      <ymax>429.58</ymax>
    </bndbox>
  </object>
  <object>
    <name>WHITE</name>
    <occluded>0</occluded>
    <bndbox>
      <xmin>980.29</xmin>
      <ymin>351.31</ymin>
      <xmax>993.71</xmax>
      <ymax>394.69</ymax>
    </bndbox>
  </object>
  <object>
    <name>WHITE</name>
    <occluded>0</occluded>
    <bndbox>
      <xmin>953.0</xmin>
      <ymin>273.6</ymin>
      <xmax>981.1</xmax>
      <ymax>320.69</ymax>
    </bndbox>
  </object>
  <object>
    <name>WHITE</name>
    <occluded>0</occluded>
    <bndbox>
      <xmin>463.7</xmin>
      <ymin>593.91</ymin>
      <xmax>498.29</xmax>
      <ymax>639.14</ymax>
    </bndbox>
  </object>
  <object>
    <name>WHITE</name>
    <occluded>0</occluded>
    <bndbox>
      <xmin>437.3</xmin>
      <ymin>357.88</ymin>
      <xmax>472.22</xmax>
      <ymax>408.8</ymax>
    </bndbox>
  </object>
  <object>
    <name>WHITE</name>
    <occluded>0</occluded>
    <bndbox>
      <xmin>636.46</xmin>
      <ymin>729.59</ymin>
      <xmax>683.24</xmax>
      <ymax>761.71</ymax>
    </bndbox>
  </object>
  <object>
    <name>WHITE</name>
    <occluded>0</occluded>
    <bndbox>
      <xmin>565.66</xmin>
      <ymin>725.84</ymin>
      <xmax>614.31</xmax>
      <ymax>764.21</ymax>
    </bndbox>
  </object>
  <object>
    <name>WHITE</name>
    <occluded>0</occluded>
    <bndbox>
      <xmin>402.53</xmin>
      <ymin>768.57</ymin>
      <xmax>435.28</xmax>
      <ymax>801.01</ymax>
    </bndbox>
  </object>
  <object>
    <name>WHITE</name>
    <occluded>0</occluded>
    <bndbox>
      <xmin>372.9</xmin>
      <ymin>747.05</ymin>
      <xmax>404.09</xmax>
      <ymax>777.62</ymax>
    </bndbox>
  </object>
  <object>
    <name>WHITE</name>
    <occluded>0</occluded>
    <bndbox>
      <xmin>394.74</xmin>
      <ymin>721.17</ymin>
      <xmax>425.3</xmax>
      <ymax>757.97</ymax>
    </bndbox>
  </object>
  <object>
    <name>WHITE</name>
    <occluded>0</occluded>
    <bndbox>
      <xmin>370.41</xmin>
      <ymin>694.03</ymin>
      <xmax>393.49</xmax>
      <ymax>731.15</ymax>
    </bndbox>
  </object>
  <object>
    <name>WHITE</name>
    <occluded>0</occluded>
    <bndbox>
      <xmin>345.77</xmin>
      <ymin>676.88</ymin>
      <xmax>370.1</xmax>
      <ymax>713.99</ymax>
    </bndbox>
  </object>
  <object>
    <name>WHITE</name>
    <occluded>0</occluded>
    <bndbox>
      <xmin>346.7</xmin>
      <ymin>624.17</ymin>
      <xmax>377.89</xmax>
      <ymax>663.78</ymax>
    </bndbox>
  </object>
  <object>
    <name>WHITE</name>
    <occluded>0</occluded>
    <bndbox>
      <xmin>376.65</xmin>
      <ymin>599.84</ymin>
      <xmax>400.35</xmax>
      <ymax>641.94</ymax>
    </bndbox>
  </object>
  <object>
    <name>WHITE</name>
    <occluded>0</occluded>
    <bndbox>
      <xmin>390.06</xmin>
      <ymin>561.79</ymin>
      <xmax>419.38</xmax>
      <ymax>605.76</ymax>
    </bndbox>
  </object>
  <object>
    <name>WHITE</name>
    <occluded>0</occluded>
    <bndbox>
      <xmin>415.32</xmin>
      <ymin>513.44</ymin>
      <xmax>444.6</xmax>
      <ymax>560.54</ymax>
    </bndbox>
  </object>
  <object>
    <name>WHITE</name>
    <occluded>0</occluded>
    <bndbox>
      <xmin>394.42</xmin>
      <ymin>416.13</ymin>
      <xmax>425.61</xmax>
      <ymax>464.16</ymax>
    </bndbox>
  </object>
  <object>
    <name>WHITE</name>
    <occluded>0</occluded>
    <bndbox>
      <xmin>476.9</xmin>
      <ymin>529.8</ymin>
      <xmax>518.6</xmax>
      <ymax>574.5</ymax>
    </bndbox>
  </object>
  <object>
    <name>WHITE</name>
    <occluded>0</occluded>
    <bndbox>
      <xmin>505.6</xmin>
      <ymin>457.2</ymin>
      <xmax>551.0</xmax>
      <ymax>509.5</ymax>
    </bndbox>
  </object>
  <object>
    <name>WHITE</name>
    <occluded>0</occluded>
    <bndbox>
      <xmin>548.0</xmin>
      <ymin>378.0</ymin>
      <xmax>595.5</xmax>
      <ymax>426.0</ymax>
    </bndbox>
  </object>
  <object>
    <name>WHITE</name>
    <occluded>0</occluded>
    <bndbox>
      <xmin>592.03</xmin>
      <ymin>298.14</ymin>
      <xmax>639.97</xmax>
      <ymax>348.1</ymax>
    </bndbox>
  </object>
  <object>
    <name>WHITE</name>
    <occluded>0</occluded>
    <bndbox>
      <xmin>640.2</xmin>
      <ymin>234.7</ymin>
      <xmax>690.62</xmax>
      <ymax>276.68</ymax>
    </bndbox>
  </object>
  <object>
    <name>WHITE</name>
    <occluded>0</occluded>
    <bndbox>
      <xmin>676.13</xmin>
      <ymin>183.45</ymin>
      <xmax>725.5</xmax>
      <ymax>220.1</ymax>
    </bndbox>
  </object>
  <object>
    <name>WHITE</name>
    <occluded>0</occluded>
    <bndbox>
      <xmin>710.64</xmin>
      <ymin>146.7</ymin>
      <xmax>758.9</xmax>
      <ymax>172.1</ymax>
    </bndbox>
  </object>
  <object>
    <name>WHITE</name>
    <occluded>0</occluded>
    <bndbox>
      <xmin>449.24</xmin>
      <ymin>776.38</ymin>
      <xmax>483.7</xmax>
      <ymax>816.6</ymax>
    </bndbox>
  </object>
  <object>
    <name>WHITE</name>
    <occluded>0</occluded>
    <bndbox>
      <xmin>519.97</xmin>
      <ymin>658.8</ymin>
      <xmax>561.5</xmax>
      <ymax>700.6</ymax>
    </bndbox>
  </object>
  <object>
    <name>WHITE</name>
    <occluded>0</occluded>
    <bndbox>
      <xmin>533.81</xmin>
      <ymin>608.18</ymin>
      <xmax>578.3</xmax>
      <ymax>651.3</ymax>
    </bndbox>
  </object>
  <object>
    <name>WHITE</name>
    <occluded>0</occluded>
    <bndbox>
      <xmin>565.5</xmin>
      <ymin>532.5</ymin>
      <xmax>615.2</xmax>
      <ymax>580.6</ymax>
    </bndbox>
  </object>
  <object>
    <name>WHITE</name>
    <occluded>0</occluded>
    <bndbox>
      <xmin>637.17</xmin>
      <ymin>358.98</ymin>
      <xmax>689.4</xmax>
      <ymax>413.6</ymax>
    </bndbox>
  </object>
  <object>
    <name>WHITE</name>
    <occluded>0</occluded>
    <bndbox>
      <xmin>688.97</xmin>
      <ymin>284.1</ymin>
      <xmax>741.6</xmax>
      <ymax>330.36</ymax>
    </bndbox>
  </object>
  <object>
    <name>WHITE</name>
    <occluded>0</occluded>
    <bndbox>
      <xmin>731.74</xmin>
      <ymin>226.0</ymin>
      <xmax>778.7</xmax>
      <ymax>268.5</ymax>
    </bndbox>
  </object>
  <object>
    <name>WHITE</name>
    <occluded>0</occluded>
    <bndbox>
      <xmin>518.48</xmin>
      <ymin>797.35</ymin>
      <xmax>557.9</xmax>
      <ymax>832.4</ymax>
    </bndbox>
  </object>
  <object>
    <name>WHITE</name>
    <occluded>0</occluded>
    <bndbox>
      <xmin>555.97</xmin>
      <ymin>768.32</ymin>
      <xmax>599.9</xmax>
      <ymax>802.5</ymax>
    </bndbox>
  </object>
  <object>
    <name>WHITE</name>
    <occluded>0</occluded>
    <bndbox>
      <xmin>590.41</xmin>
      <ymin>672.7</ymin>
      <xmax>637.4</xmax>
      <ymax>713.8</ymax>
    </bndbox>
  </object>
  <object>
    <name>WHITE</name>
    <occluded>0</occluded>
    <bndbox>
      <xmin>622.7</xmin>
      <ymin>603.2</ymin>
      <xmax>672.5</xmax>
      <ymax>650.0</ymax>
    </bndbox>
  </object>
  <object>
    <name>WHITE</name>
    <occluded>0</occluded>
    <bndbox>
      <xmin>812.64</xmin>
      <ymin>702.68</ymin>
      <xmax>857.36</xmax>
      <ymax>739.7</ymax>
    </bndbox>
  </object>
  <object>
    <name>WHITE</name>
    <occluded>0</occluded>
    <bndbox>
      <xmin>891.11</xmin>
      <ymin>240.04</ymin>
      <xmax>926.3</xmax>
      <ymax>281.3</ymax>
    </bndbox>
  </object>
  <object>
    <name>WHITE</name>
    <occluded>0</occluded>
    <bndbox>
      <xmin>697.83</xmin>
      <ymin>868.42</ymin>
      <xmax>740.53</xmax>
      <ymax>899.5</ymax>
    </bndbox>
  </object>
  <object>
    <name>WHITE</name>
    <occluded>0</occluded>
    <bndbox>
      <xmin>801.1</xmin>
      <ymin>809.38</ymin>
      <xmax>842.38</xmax>
      <ymax>842.8</ymax>
    </bndbox>
  </object>
  <object>
    <name>WHITE</name>
    <occluded>0</occluded>
    <bndbox>
      <xmin>858.8</xmin>
      <ymin>627.79</ymin>
      <xmax>901.36</xmax>
      <ymax>673.4</ymax>
    </bndbox>
  </object>
  <object>
    <name>WHITE</name>
    <occluded>0</occluded>
    <bndbox>
      <xmin>893.8</xmin>
      <ymin>676.1</ymin>
      <xmax>924.15</xmax>
      <ymax>712.7</ymax>
    </bndbox>
  </object>
  <object>
    <name>WHITE</name>
    <occluded>0</occluded>
    <bndbox>
      <xmin>815.31</xmin>
      <ymin>217.08</ymin>
      <xmax>855.2</xmax>
      <ymax>260.0</ymax>
    </bndbox>
  </object>
  <object>
    <name>WHITE</name>
    <occluded>0</occluded>
    <bndbox>
      <xmin>758.02</xmin>
      <ymin>510.18</ymin>
      <xmax>809.0</xmax>
      <ymax>562.0</ymax>
    </bndbox>
  </object>
  <object>
    <name>WHITE</name>
    <occluded>0</occluded>
    <bndbox>
      <xmin>790.4</xmin>
      <ymin>427.5</ymin>
      <xmax>836.9</xmax>
      <ymax>476.5</ymax>
    </bndbox>
  </object>
  <object>
    <name>WHITE</name>
    <occluded>0</occluded>
    <bndbox>
      <xmin>826.0</xmin>
      <ymin>349.0</ymin>
      <xmax>869.7</xmax>
      <ymax>397.8</ymax>
    </bndbox>
  </object>
  <object>
    <name>BLACK</name>
    <occluded>0</occluded>
    <bndbox>
      <xmin>625.94</xmin>
      <ymin>855.24</ymin>
      <xmax>672.2</xmax>
      <ymax>899.0</ymax>
    </bndbox>
  </object>
  <object>
    <name>WHITE</name>
    <occluded>0</occluded>
    <bndbox>
      <xmin>658.2</xmin>
      <ymin>522.3</ymin>
      <xmax>709.7</xmax>
      <ymax>571.3</ymax>
    </bndbox>
  </object>
  <object>
    <name>WHITE</name>
    <occluded>0</occluded>
    <bndbox>
      <xmin>780.5</xmin>
      <ymin>279.96</ymin>
      <xmax>826.4</xmax>
      <ymax>328.04</ymax>
    </bndbox>
  </object>
  <object>
    <name>WHITE</name>
    <occluded>0</occluded>
    <bndbox>
      <xmin>865.0</xmin>
      <ymin>282.67</ymin>
      <xmax>901.0</xmax>
      <ymax>330.9</ymax>
    </bndbox>
  </object>
  <object>
    <name>WHITE</name>
    <occluded>0</occluded>
    <bndbox>
      <xmin>561.17</xmin>
      <ymin>842.57</ymin>
      <xmax>598.0</xmax>
      <ymax>880.4</ymax>
    </bndbox>
  </object>
  <object>
    <name>WHITE</name>
    <occluded>0</occluded>
    <bndbox>
      <xmin>601.0</xmin>
      <ymin>451.5</ymin>
      <xmax>649.0</xmax>
      <ymax>498.5</ymax>
    </bndbox>
  </object>
  <object>
    <name>WHITE</name>
    <occluded>0</occluded>
    <bndbox>
      <xmin>694.85</xmin>
      <ymin>441.85</ymin>
      <xmax>743.15</xmax>
      <ymax>490.15</ymax>
    </bndbox>
  </object>
  <object>
    <name>WHITE</name>
    <occluded>0</occluded>
    <bndbox>
      <xmin>736.43</xmin>
      <ymin>354.88</ymin>
      <xmax>783.57</xmax>
      <ymax>403.12</ymax>
    </bndbox>
  </object>
  <object>
    <name>WHITE</name>
    <occluded>0</occluded>
    <bndbox>
      <xmin>660.37</xmin>
      <ymin>816.83</ymin>
      <xmax>688.99</xmax>
      <ymax>860.25</ymax>
    </bndbox>
  </object>
  <object>
    <name>WHITE</name>
    <occluded>0</occluded>
    <bndbox>
      <xmin>628.2</xmin>
      <ymin>151.84</ymin>
      <xmax>676.2</xmax>
      <ymax>173.6</ymax>
    </bndbox>
  </object>
  <object>
    <name>WHITE</name>
    <occluded>0</occluded>
    <bndbox>
      <xmin>499.52</xmin>
      <ymin>315.4</ymin>
      <xmax>546.48</xmax>
      <ymax>365.2</ymax>
    </bndbox>
  </object>
  <object>
    <name>WHITE</name>
    <occluded>0</occluded>
    <bndbox>
      <xmin>778.6</xmin>
      <ymin>649.41</ymin>
      <xmax>819.21</xmax>
      <ymax>692.0</ymax>
    </bndbox>
  </object>
  <object>
    <name>WHITE</name>
    <occluded>0</occluded>
    <bndbox>
      <xmin>696.04</xmin>
      <ymin>771.75</ymin>
      <xmax>740.32</xmax>
      <ymax>804.25</ymax>
    </bndbox>
  </object>
  <object>
    <name>BLACK</name>
    <occluded>0</occluded>
    <bndbox>
      <xmin>724.9</xmin>
      <ymin>718.0</ymin>
      <xmax>774.13</xmax>
      <ymax>757.94</ymax>
    </bndbox>
  </object>
  <object>
    <name>WHITE</name>
    <occluded>0</occluded>
    <bndbox>
      <xmin>733.97</xmin>
      <ymin>826.77</ymin>
      <xmax>777.43</xmax>
      <ymax>856.49</ymax>
    </bndbox>
  </object>
  <object>
    <name>WHITE</name>
    <occluded>0</occluded>
    <bndbox>
      <xmin>772.86</xmin>
      <ymin>767.4</ymin>
      <xmax>817.14</xmax>
      <ymax>802.21</ymax>
    </bndbox>
  </object>
  <object>
    <name>WHITE</name>
    <occluded>0</occluded>
    <bndbox>
      <xmin>825.68</xmin>
      <ymin>572.6</ymin>
      <xmax>866.2</xmax>
      <ymax>620.26</ymax>
    </bndbox>
  </object>
  <object>
    <name>WHITE</name>
    <occluded>0</occluded>
    <bndbox>
      <xmin>868.0</xmin>
      <ymin>410.5</ymin>
      <xmax>907.9</xmax>
      <ymax>457.5</ymax>
    </bndbox>
  </object>
  <object>
    <name>WHITE</name>
    <occluded>0</occluded>
    <bndbox>
      <xmin>931.83</xmin>
      <ymin>307.07</ymin>
      <xmax>961.1</xmax>
      <ymax>353.7</ymax>
    </bndbox>
  </object>
  <object>
    <name>WHITE</name>
    <occluded>0</occluded>
    <bndbox>
      <xmin>408.5</xmin>
      <ymin>334.72</ymin>
      <xmax>436.64</xmax>
      <ymax>381.4</ymax>
    </bndbox>
  </object>
  <object>
    <name>WHITE</name>
    <occluded>0</occluded>
    <bndbox>
      <xmin>582.73</xmin>
      <ymin>807.86</ymin>
      <xmax>625.5</xmax>
      <ymax>848.9</ymax>
    </bndbox>
  </object>
  <object>
    <name>WHITE</name>
    <occluded>0</occluded>
    <bndbox>
      <xmin>623.7</xmin>
      <ymin>775.79</ymin>
      <xmax>670.3</xmax>
      <ymax>804.1</ymax>
    </bndbox>
  </object>
  <object>
    <name>WHITE</name>
    <occluded>0</occluded>
    <bndbox>
      <xmin>717.9</xmin>
      <ymin>595.1</ymin>
      <xmax>767.4</xmax>
      <ymax>641.5</ymax>
    </bndbox>
  </object>
  <object>
    <name>BLACK</name>
    <occluded>0</occluded>
    <bndbox>
      <xmin>893.62</xmin>
      <ymin>342.45</ymin>
      <xmax>931.4</xmax>
      <ymax>394.4</ymax>
    </bndbox>
  </object>
  <object>
    <name>WHITE</name>
    <occluded>0</occluded>
    <bndbox>
      <xmin>439.12</xmin>
      <ymin>448.82</ymin>
      <xmax>468.88</xmax>
      <ymax>495.18</ymax>
    </bndbox>
  </object>
</annotation>
