<annotation>
  <folder>MRB</folder>
  <filename>MRB_camera11.png</filename>
  <source>
    <database>Unknown</database>
    <annotation>Unknown</annotation>
    <image>Unknown</image>
  </source>
  <size>
    <width>1280</width>
    <height>960</height>
    <depth></depth>
  </size>
  <segmented>0</segmented>
  <object>
    <name>WHITE</name>
    <occluded>0</occluded>
    <bndbox>
      <xmin>717.5</xmin>
      <ymin>156.55</ymin>
      <xmax>761.3</xmax>
      <ymax>187.5</ymax>
    </bndbox>
  </object>
  <object>
    <name>WHITE</name>
    <occluded>0</occluded>
    <bndbox>
      <xmin>669.46</xmin>
      <ymin>178.62</ymin>
      <xmax>712.6</xmax>
      <ymax>215.1</ymax>
    </bndbox>
  </object>
  <object>
    <name>BLACK</name>
    <occluded>0</occluded>
    <bndbox>
      <xmin>532.0</xmin>
      <ymin>248.01</ymin>
      <xmax>568.24</xmax>
      <ymax>287.5</ymax>
    </bndbox>
  </object>
  <object>
    <name>WHITE</name>
    <occluded>0</occluded>
    <bndbox>
      <xmin>620.5</xmin>
      <ymin>136.21</ymin>
      <xmax>661.45</xmax>
      <ymax>171.6</ymax>
    </bndbox>
  </object>
  <object>
    <name>WHITE</name>
    <occluded>0</occluded>
    <bndbox>
      <xmin>541.5</xmin>
      <ymin>157.92</ymin>
      <xmax>575.16</xmax>
      <ymax>186.5</ymax>
    </bndbox>
  </object>
  <object>
    <name>WHITE</name>
    <occluded>0</occluded>
    <bndbox>
      <xmin>736.56</xmin>
      <ymin>418.18</ymin>
      <xmax>781.7</xmax>
      <ymax>452.4</ymax>
    </bndbox>
  </object>
  <object>
    <name>WHITE</name>
    <occluded>0</occluded>
    <bndbox>
      <xmin>796.18</xmin>
      <ymin>112.54</ymin>
      <xmax>829.4</xmax>
      <ymax>141.8</ymax>
    </bndbox>
  </object>
  <object>
    <name>WHITE</name>
    <occluded>0</occluded>
    <bndbox>
      <xmin>813.65</xmin>
      <ymin>190.65</ymin>
      <xmax>849.6</xmax>
      <ymax>226.7</ymax>
    </bndbox>
  </object>
  <object>
    <name>WHITE</name>
    <occluded>0</occluded>
    <bndbox>
      <xmin>857.35</xmin>
      <ymin>272.87</ymin>
      <xmax>888.4</xmax>
      <ymax>312.67</ymax>
    </bndbox>
  </object>
  <object>
    <name>WHITE</name>
    <occluded>0</occluded>
    <bndbox>
      <xmin>903.44</xmin>
      <ymin>444.28</ymin>
      <xmax>926.1</xmax>
      <ymax>489.0</ymax>
    </bndbox>
  </object>
  <object>
    <name>WHITE</name>
    <occluded>0</occluded>
    <bndbox>
      <xmin>938.22</xmin>
      <ymin>442.47</ymin>
      <xmax>959.5</xmax>
      <ymax>485.8</ymax>
    </bndbox>
  </object>
  <object>
    <name>WHITE</name>
    <occluded>0</occluded>
    <bndbox>
      <xmin>935.82</xmin>
      <ymin>592.38</ymin>
      <xmax>958.52</xmax>
      <ymax>634.9</ymax>
    </bndbox>
  </object>
  <object>
    <name>BLACK</name>
    <occluded>0</occluded>
    <bndbox>
      <xmin>890.0</xmin>
      <ymin>605.5</ymin>
      <xmax>919.37</xmax>
      <ymax>645.9</ymax>
    </bndbox>
  </object>
  <object>
    <name>WHITE</name>
    <occluded>0</occluded>
    <bndbox>
      <xmin>882.2</xmin>
      <ymin>521.8</ymin>
      <xmax>903.6</xmax>
      <ymax>566.0</ymax>
    </bndbox>
  </object>
  <object>
    <name>WHITE</name>
    <occluded>0</occluded>
    <bndbox>
      <xmin>851.49</xmin>
      <ymin>379.89</ymin>
      <xmax>886.3</xmax>
      <ymax>423.5</ymax>
    </bndbox>
  </object>
  <object>
    <name>WHITE</name>
    <occluded>0</occluded>
    <bndbox>
      <xmin>804.3</xmin>
      <ymin>479.49</ymin>
      <xmax>844.45</xmax>
      <ymax>522.6</ymax>
    </bndbox>
  </object>
  <object>
    <name>WHITE</name>
    <occluded>0</occluded>
    <bndbox>
      <xmin>841.88</xmin>
      <ymin>552.76</ymin>
      <xmax>875.88</xmax>
      <ymax>600.9</ymax>
    </bndbox>
  </object>
  <object>
    <name>WHITE</name>
    <occluded>0</occluded>
    <bndbox>
      <xmin>572.0</xmin>
      <ymin>187.35</ymin>
      <xmax>608.61</xmax>
      <ymax>222.9</ymax>
    </bndbox>
  </object>
  <object>
    <name>WHITE</name>
    <occluded>0</occluded>
    <bndbox>
      <xmin>853.38</xmin>
      <ymin>452.89</ymin>
      <xmax>885.5</xmax>
      <ymax>499.4</ymax>
    </bndbox>
  </object>
  <object>
    <name>BLACK</name>
    <occluded>0</occluded>
    <bndbox>
      <xmin>796.32</xmin>
      <ymin>396.84</ymin>
      <xmax>838.2</xmax>
      <ymax>441.2</ymax>
    </bndbox>
  </object>
  <object>
    <name>WHITE</name>
    <occluded>0</occluded>
    <bndbox>
      <xmin>757.87</xmin>
      <ymin>131.41</ymin>
      <xmax>797.9</xmax>
      <ymax>161.6</ymax>
    </bndbox>
  </object>
  <object>
    <name>WHITE</name>
    <occluded>0</occluded>
    <bndbox>
      <xmin>915.46</xmin>
      <ymin>307.15</ymin>
      <xmax>940.8</xmax>
      <ymax>345.71</ymax>
    </bndbox>
  </object>
  <object>
    <name>WHITE</name>
    <occluded>0</occluded>
    <bndbox>
      <xmin>958.99</xmin>
      <ymin>330.98</ymin>
      <xmax>979.57</xmax>
      <ymax>369.53</ymax>
    </bndbox>
  </object>
  <object>
    <name>WHITE</name>
    <occluded>0</occluded>
    <bndbox>
      <xmin>877.12</xmin>
      <ymin>228.74</ymin>
      <xmax>905.28</xmax>
      <ymax>267.95</ymax>
    </bndbox>
  </object>
  <object>
    <name>WHITE</name>
    <occluded>0</occluded>
    <bndbox>
      <xmin>779.0</xmin>
      <ymin>220.3</ymin>
      <xmax>818.86</xmax>
      <ymax>258.85</ymax>
    </bndbox>
  </object>
  <object>
    <name>WHITE</name>
    <occluded>0</occluded>
    <bndbox>
      <xmin>895.31</xmin>
      <ymin>197.99</ymin>
      <xmax>923.47</xmax>
      <ymax>228.75</ymax>
    </bndbox>
  </object>
  <object>
    <name>WHITE</name>
    <occluded>0</occluded>
    <bndbox>
      <xmin>841.38</xmin>
      <ymin>167.23</ymin>
      <xmax>873.22</xmax>
      <ymax>200.37</ymax>
    </bndbox>
  </object>
  <object>
    <name>WHITE</name>
    <occluded>0</occluded>
    <bndbox>
      <xmin>854.25</xmin>
      <ymin>138.89</ymin>
      <xmax>886.22</xmax>
      <ymax>169.82</ymax>
    </bndbox>
  </object>
  <object>
    <name>WHITE</name>
    <occluded>0</occluded>
    <bndbox>
      <xmin>667.63</xmin>
      <ymin>104.84</ymin>
      <xmax>706.62</xmax>
      <ymax>132.4</ymax>
    </bndbox>
  </object>
  <object>
    <name>WHITE</name>
    <occluded>0</occluded>
    <bndbox>
      <xmin>714.42</xmin>
      <ymin>90.29</ymin>
      <xmax>752.11</xmax>
      <ymax>113.68</ymax>
    </bndbox>
  </object>
  <object>
    <name>BLACK</name>
    <occluded>0</occluded>
    <bndbox>
      <xmin>749.51</xmin>
      <ymin>86.91</ymin>
      <xmax>788.23</xmax>
      <ymax>109.0</ymax>
    </bndbox>
  </object>
  <object>
    <name>WHITE</name>
    <occluded>0</occluded>
    <bndbox>
      <xmin>503.6</xmin>
      <ymin>210.11</ymin>
      <xmax>538.46</xmax>
      <ymax>245.72</ymax>
    </bndbox>
  </object>
  <object>
    <name>WHITE</name>
    <occluded>0</occluded>
    <bndbox>
      <xmin>478.13</xmin>
      <ymin>187.5</ymin>
      <xmax>507.27</xmax>
      <ymax>221.81</ymax>
    </bndbox>
  </object>
  <object>
    <name>WHITE</name>
    <occluded>0</occluded>
    <bndbox>
      <xmin>584.75</xmin>
      <ymin>114.31</ymin>
      <xmax>623.5</xmax>
      <ymax>136.92</ymax>
    </bndbox>
  </object>
  <object>
    <name>WHITE</name>
    <occluded>0</occluded>
    <bndbox>
      <xmin>923.44</xmin>
      <ymin>519.38</ymin>
      <xmax>939.04</xmax>
      <ymax>562.53</ymax>
    </bndbox>
  </object>
  <object>
    <name>WHITE</name>
    <occluded>0</occluded>
    <bndbox>
      <xmin>952.81</xmin>
      <ymin>524.84</ymin>
      <xmax>968.41</xmax>
      <ymax>564.86</ymax>
    </bndbox>
  </object>
  <object>
    <name>WHITE</name>
    <occluded>0</occluded>
    <bndbox>
      <xmin>974.27</xmin>
      <ymin>573.54</ymin>
      <xmax>999.2</xmax>
      <ymax>613.07</ymax>
    </bndbox>
  </object>
  <object>
    <name>WHITE</name>
    <occluded>0</occluded>
    <bndbox>
      <xmin>879.54</xmin>
      <ymin>350.77</ymin>
      <xmax>909.17</xmax>
      <ymax>391.84</ymax>
    </bndbox>
  </object>
  <object>
    <name>BLACK</name>
    <occluded>0</occluded>
    <bndbox>
      <xmin>945.04</xmin>
      <ymin>380.14</ymin>
      <xmax>976.49</xmax>
      <ymax>423.55</ymax>
    </bndbox>
  </object>
  <object>
    <name>WHITE</name>
    <occluded>0</occluded>
    <bndbox>
      <xmin>974.67</xmin>
      <ymin>451.88</ymin>
      <xmax>992.34</xmax>
      <ymax>493.99</ymax>
    </bndbox>
  </object>
</annotation>
