<annotation>
  <folder>MRB</folder>
  <filename>MRB_camera3.png</filename>
  <source>
    <database>Unknown</database>
    <annotation>Unknown</annotation>
    <image>Unknown</image>
  </source>
  <size>
    <width>1280</width>
    <height>960</height>
    <depth></depth>
  </size>
  <segmented>0</segmented>
  <object>
    <name>WHITE</name>
    <occluded>0</occluded>
    <bndbox>
      <xmin>509.0</xmin>
      <ymin>341.0</ymin>
      <xmax>553.0</xmax>
      <ymax>385.0</ymax>
    </bndbox>
  </object>
  <object>
    <name>WHITE</name>
    <occluded>0</occluded>
    <bndbox>
      <xmin>586.64</xmin>
      <ymin>337.06</ymin>
      <xmax>629.36</xmax>
      <ymax>380.94</ymax>
    </bndbox>
  </object>
  <object>
    <name>WHITE</name>
    <occluded>0</occluded>
    <bndbox>
      <xmin>542.64</xmin>
      <ymin>565.1</ymin>
      <xmax>593.2</xmax>
      <ymax>607.7</ymax>
    </bndbox>
  </object>
  <object>
    <name>WHITE</name>
    <occluded>0</occluded>
    <bndbox>
      <xmin>575.68</xmin>
      <ymin>195.14</ymin>
      <xmax>623.4</xmax>
      <ymax>237.82</ymax>
    </bndbox>
  </object>
  <object>
    <name>WHITE</name>
    <occluded>0</occluded>
    <bndbox>
      <xmin>334.77</xmin>
      <ymin>743.7</ymin>
      <xmax>365.8</xmax>
      <ymax>778.1</ymax>
    </bndbox>
  </object>
  <object>
    <name>WHITE</name>
    <occluded>0</occluded>
    <bndbox>
      <xmin>467.46</xmin>
      <ymin>570.35</ymin>
      <xmax>510.5</xmax>
      <ymax>613.49</ymax>
    </bndbox>
  </object>
  <object>
    <name>WHITE</name>
    <occluded>0</occluded>
    <bndbox>
      <xmin>501.5</xmin>
      <ymin>503.6</ymin>
      <xmax>546.69</xmax>
      <ymax>549.58</ymax>
    </bndbox>
  </object>
  <object>
    <name>WHITE</name>
    <occluded>0</occluded>
    <bndbox>
      <xmin>551.0</xmin>
      <ymin>413.1</ymin>
      <xmax>599.2</xmax>
      <ymax>462.0</ymax>
    </bndbox>
  </object>
  <object>
    <name>WHITE</name>
    <occluded>0</occluded>
    <bndbox>
      <xmin>618.82</xmin>
      <ymin>248.3</ymin>
      <xmax>663.4</xmax>
      <ymax>291.5</ymax>
    </bndbox>
  </object>
  <object>
    <name>WHITE</name>
    <occluded>0</occluded>
    <bndbox>
      <xmin>510.62</xmin>
      <ymin>634.9</ymin>
      <xmax>557.6</xmax>
      <ymax>675.0</ymax>
    </bndbox>
  </object>
  <object>
    <name>WHITE</name>
    <occluded>0</occluded>
    <bndbox>
      <xmin>722.4</xmin>
      <ymin>520.68</ymin>
      <xmax>764.1</xmax>
      <ymax>564.2</ymax>
    </bndbox>
  </object>
  <object>
    <name>WHITE</name>
    <occluded>0</occluded>
    <bndbox>
      <xmin>674.6</xmin>
      <ymin>611.5</ymin>
      <xmax>717.0</xmax>
      <ymax>652.1</ymax>
    </bndbox>
  </object>
  <object>
    <name>WHITE</name>
    <occluded>0</occluded>
    <bndbox>
      <xmin>585.11</xmin>
      <ymin>488.43</ymin>
      <xmax>632.1</xmax>
      <ymax>532.9</ymax>
    </bndbox>
  </object>
  <object>
    <name>WHITE</name>
    <occluded>0</occluded>
    <bndbox>
      <xmin>626.6</xmin>
      <ymin>403.3</ymin>
      <xmax>670.4</xmax>
      <ymax>449.0</ymax>
    </bndbox>
  </object>
  <object>
    <name>WHITE</name>
    <occluded>0</occluded>
    <bndbox>
      <xmin>703.7</xmin>
      <ymin>379.5</ymin>
      <xmax>746.5</xmax>
      <ymax>428.0</ymax>
    </bndbox>
  </object>
  <object>
    <name>BLACK</name>
    <occluded>0</occluded>
    <bndbox>
      <xmin>721.24</xmin>
      <ymin>309.59</ymin>
      <xmax>765.9</xmax>
      <ymax>356.3</ymax>
    </bndbox>
  </object>
  <object>
    <name>WHITE</name>
    <occluded>0</occluded>
    <bndbox>
      <xmin>601.0</xmin>
      <ymin>697.91</ymin>
      <xmax>645.13</xmax>
      <ymax>731.7</ymax>
    </bndbox>
  </object>
  <object>
    <name>WHITE</name>
    <occluded>0</occluded>
    <bndbox>
      <xmin>667.48</xmin>
      <ymin>694.02</ymin>
      <xmax>711.8</xmax>
      <ymax>727.7</ymax>
    </bndbox>
  </object>
  <object>
    <name>WHITE</name>
    <occluded>0</occluded>
    <bndbox>
      <xmin>530.38</xmin>
      <ymin>795.74</ymin>
      <xmax>572.8</xmax>
      <ymax>828.1</ymax>
    </bndbox>
  </object>
  <object>
    <name>WHITE</name>
    <occluded>0</occluded>
    <bndbox>
      <xmin>469.5</xmin>
      <ymin>805.7</ymin>
      <xmax>510.5</xmax>
      <ymax>836.4</ymax>
    </bndbox>
  </object>
  <object>
    <name>WHITE</name>
    <occluded>0</occluded>
    <bndbox>
      <xmin>712.25</xmin>
      <ymin>724.49</ymin>
      <xmax>752.19</xmax>
      <ymax>764.5</ymax>
    </bndbox>
  </object>
  <object>
    <name>WHITE</name>
    <occluded>0</occluded>
    <bndbox>
      <xmin>550.85</xmin>
      <ymin>834.74</ymin>
      <xmax>589.8</xmax>
      <ymax>862.8</ymax>
    </bndbox>
  </object>
  <object>
    <name>WHITE</name>
    <occluded>0</occluded>
    <bndbox>
      <xmin>667.77</xmin>
      <ymin>469.5</ymin>
      <xmax>713.5</xmax>
      <ymax>512.5</ymax>
    </bndbox>
  </object>
  <object>
    <name>WHITE</name>
    <occluded>0</occluded>
    <bndbox>
      <xmin>591.27</xmin>
      <ymin>626.08</ymin>
      <xmax>635.5</xmax>
      <ymax>667.6</ymax>
    </bndbox>
  </object>
  <object>
    <name>WHITE</name>
    <occluded>0</occluded>
    <bndbox>
      <xmin>475.9</xmin>
      <ymin>423.3</ymin>
      <xmax>520.5</xmax>
      <ymax>467.8</ymax>
    </bndbox>
  </object>
  <object>
    <name>WHITE</name>
    <occluded>0</occluded>
    <bndbox>
      <xmin>423.01</xmin>
      <ymin>500.4</ymin>
      <xmax>467.6</xmax>
      <ymax>543.3</ymax>
    </bndbox>
  </object>
  <object>
    <name>WHITE</name>
    <occluded>0</occluded>
    <bndbox>
      <xmin>544.5</xmin>
      <ymin>255.5</ymin>
      <xmax>590.4</xmax>
      <ymax>297.6</ymax>
    </bndbox>
  </object>
  <object>
    <name>WHITE</name>
    <occluded>0</occluded>
    <bndbox>
      <xmin>501.6</xmin>
      <ymin>757.4</ymin>
      <xmax>545.5</xmax>
      <ymax>780.43</ymax>
    </bndbox>
  </object>
  <object>
    <name>BLACK</name>
    <occluded>0</occluded>
    <bndbox>
      <xmin>537.06</xmin>
      <ymin>694.86</ymin>
      <xmax>580.9</xmax>
      <ymax>731.0</ymax>
    </bndbox>
  </object>
  <object>
    <name>WHITE</name>
    <occluded>0</occluded>
    <bndbox>
      <xmin>454.51</xmin>
      <ymin>771.3</ymin>
      <xmax>492.2</xmax>
      <ymax>804.1</ymax>
    </bndbox>
  </object>
  <object>
    <name>WHITE</name>
    <occluded>0</occluded>
    <bndbox>
      <xmin>407.93</xmin>
      <ymin>777.72</ymin>
      <xmax>441.0</xmax>
      <ymax>810.0</ymax>
    </bndbox>
  </object>
  <object>
    <name>WHITE</name>
    <occluded>0</occluded>
    <bndbox>
      <xmin>693.4</xmin>
      <ymin>252.12</ymin>
      <xmax>736.8</xmax>
      <ymax>290.2</ymax>
    </bndbox>
  </object>
  <object>
    <name>WHITE</name>
    <occluded>0</occluded>
    <bndbox>
      <xmin>657.26</xmin>
      <ymin>316.14</ymin>
      <xmax>704.6</xmax>
      <ymax>363.5</ymax>
    </bndbox>
  </object>
  <object>
    <name>WHITE</name>
    <occluded>0</occluded>
    <bndbox>
      <xmin>741.6</xmin>
      <ymin>790.94</ymin>
      <xmax>781.99</xmax>
      <ymax>821.5</ymax>
    </bndbox>
  </object>
  <object>
    <name>WHITE</name>
    <occluded>0</occluded>
    <bndbox>
      <xmin>636.39</xmin>
      <ymin>552.4</ymin>
      <xmax>686.5</xmax>
      <ymax>592.9</ymax>
    </bndbox>
  </object>
  <object>
    <name>WHITE</name>
    <occluded>0</occluded>
    <bndbox>
      <xmin>695.39</xmin>
      <ymin>834.74</ymin>
      <xmax>732.95</xmax>
      <ymax>866.88</ymax>
    </bndbox>
  </object>
  <object>
    <name>WHITE</name>
    <occluded>0</occluded>
    <bndbox>
      <xmin>433.5</xmin>
      <ymin>336.0</ymin>
      <xmax>476.5</xmax>
      <ymax>381.5</ymax>
    </bndbox>
  </object>
  <object>
    <name>BLACK</name>
    <occluded>0</occluded>
    <bndbox>
      <xmin>614.0</xmin>
      <ymin>856.07</ymin>
      <xmax>651.04</xmax>
      <ymax>881.41</ymax>
    </bndbox>
  </object>
  <object>
    <name>WHITE</name>
    <occluded>0</occluded>
    <bndbox>
      <xmin>670.51</xmin>
      <ymin>822.06</ymin>
      <xmax>710.38</xmax>
      <ymax>854.55</ymax>
    </bndbox>
  </object>
  <object>
    <name>WHITE</name>
    <occluded>0</occluded>
    <bndbox>
      <xmin>602.95</xmin>
      <ymin>811.01</ymin>
      <xmax>643.67</xmax>
      <ymax>840.47</ymax>
    </bndbox>
  </object>
  <object>
    <name>WHITE</name>
    <occluded>0</occluded>
    <bndbox>
      <xmin>575.88</xmin>
      <ymin>759.9</ymin>
      <xmax>620.71</xmax>
      <ymax>792.82</ymax>
    </bndbox>
  </object>
  <object>
    <name>WHITE</name>
    <occluded>0</occluded>
    <bndbox>
      <xmin>638.04</xmin>
      <ymin>766.83</ymin>
      <xmax>684.61</xmax>
      <ymax>802.13</ymax>
    </bndbox>
  </object>
  <object>
    <name>WHITE</name>
    <occluded>0</occluded>
    <bndbox>
      <xmin>704.73</xmin>
      <ymin>778.74</ymin>
      <xmax>749.15</xmax>
      <ymax>813.4</ymax>
    </bndbox>
  </object>
  <object>
    <name>BLACK</name>
    <occluded>0</occluded>
    <bndbox>
      <xmin>754.77</xmin>
      <ymin>744.52</ymin>
      <xmax>793.77</xmax>
      <ymax>777.88</ymax>
    </bndbox>
  </object>
  <object>
    <name>WHITE</name>
    <occluded>0</occluded>
    <bndbox>
      <xmin>771.44</xmin>
      <ymin>755.57</ymin>
      <xmax>810.45</xmax>
      <ymax>790.44</ymax>
    </bndbox>
  </object>
  <object>
    <name>WHITE</name>
    <occluded>0</occluded>
    <bndbox>
      <xmin>817.79</xmin>
      <ymin>474.38</ymin>
      <xmax>850.93</xmax>
      <ymax>516.19</ymax>
    </bndbox>
  </object>
  <object>
    <name>WHITE</name>
    <occluded>0</occluded>
    <bndbox>
      <xmin>881.13</xmin>
      <ymin>415.1</ymin>
      <xmax>902.96</xmax>
      <ymax>459.55</ymax>
    </bndbox>
  </object>
  <object>
    <name>WHITE</name>
    <occluded>0</occluded>
    <bndbox>
      <xmin>314.78</xmin>
      <ymin>573.39</ymin>
      <xmax>350.12</xmax>
      <ymax>611.08</ymax>
    </bndbox>
  </object>
  <object>
    <name>WHITE</name>
    <occluded>0</occluded>
    <bndbox>
      <xmin>300.48</xmin>
      <ymin>508.93</ymin>
      <xmax>330.89</xmax>
      <ymax>552.86</ymax>
    </bndbox>
  </object>
  <object>
    <name>WHITE</name>
    <occluded>0</occluded>
    <bndbox>
      <xmin>292.74</xmin>
      <ymin>613.94</ymin>
      <xmax>321.85</xmax>
      <ymax>647.73</ymax>
    </bndbox>
  </object>
  <object>
    <name>WHITE</name>
    <occluded>0</occluded>
    <bndbox>
      <xmin>237.14</xmin>
      <ymin>505.14</ymin>
      <xmax>264.95</xmax>
      <ymax>543.6</ymax>
    </bndbox>
  </object>
  <object>
    <name>WHITE</name>
    <occluded>0</occluded>
    <bndbox>
      <xmin>278.73</xmin>
      <ymin>421.44</ymin>
      <xmax>304.46</xmax>
      <ymax>467.71</ymax>
    </bndbox>
  </object>
  <object>
    <name>WHITE</name>
    <occluded>0</occluded>
    <bndbox>
      <xmin>654.77</xmin>
      <ymin>199.69</ymin>
      <xmax>698.69</xmax>
      <ymax>237.11</ymax>
    </bndbox>
  </object>
  <object>
    <name>WHITE</name>
    <occluded>0</occluded>
    <bndbox>
      <xmin>742.88</xmin>
      <ymin>220.48</ymin>
      <xmax>784.98</xmax>
      <ymax>253.75</ymax>
    </bndbox>
  </object>
  <object>
    <name>WHITE</name>
    <occluded>0</occluded>
    <bndbox>
      <xmin>695.83</xmin>
      <ymin>178.89</ymin>
      <xmax>738.5</xmax>
      <ymax>205.7</ymax>
    </bndbox>
  </object>
  <object>
    <name>WHITE</name>
    <occluded>0</occluded>
    <bndbox>
      <xmin>612.4</xmin>
      <ymin>159.66</ymin>
      <xmax>655.81</xmax>
      <ymax>185.39</ymax>
    </bndbox>
  </object>
  <object>
    <name>WHITE</name>
    <occluded>0</occluded>
    <bndbox>
      <xmin>799.54</xmin>
      <ymin>237.89</ymin>
      <xmax>833.07</xmax>
      <ymax>270.9</ymax>
    </bndbox>
  </object>
  <object>
    <name>WHITE</name>
    <occluded>0</occluded>
    <bndbox>
      <xmin>872.37</xmin>
      <ymin>339.25</ymin>
      <xmax>897.64</xmax>
      <ymax>378.86</ymax>
    </bndbox>
  </object>
  <object>
    <name>WHITE</name>
    <occluded>0</occluded>
    <bndbox>
      <xmin>568.32</xmin>
      <ymin>129.46</ymin>
      <xmax>612.51</xmax>
      <ymax>149.73</ymax>
    </bndbox>
  </object>
  <object>
    <name>WHITE</name>
    <occluded>0</occluded>
    <bndbox>
      <xmin>316.7</xmin>
      <ymin>197.56</ymin>
      <xmax>348.95</xmax>
      <ymax>231.86</ymax>
    </bndbox>
  </object>
  <object>
    <name>WHITE</name>
    <occluded>0</occluded>
    <bndbox>
      <xmin>365.4</xmin>
      <ymin>544.68</ymin>
      <xmax>405.0</xmax>
      <ymax>586.2</ymax>
    </bndbox>
  </object>
  <object>
    <name>WHITE</name>
    <occluded>0</occluded>
    <bndbox>
      <xmin>533.0</xmin>
      <ymin>161.0</ymin>
      <xmax>578.9</xmax>
      <ymax>190.5</ymax>
    </bndbox>
  </object>
  <object>
    <name>WHITE</name>
    <occluded>0</occluded>
    <bndbox>
      <xmin>496.5</xmin>
      <ymin>205.0</ymin>
      <xmax>542.6</xmax>
      <ymax>239.4</ymax>
    </bndbox>
  </object>
  <object>
    <name>WHITE</name>
    <occluded>0</occluded>
    <bndbox>
      <xmin>470.5</xmin>
      <ymin>259.5</ymin>
      <xmax>518.4</xmax>
      <ymax>301.6</ymax>
    </bndbox>
  </object>
  <object>
    <name>WHITE</name>
    <occluded>0</occluded>
    <bndbox>
      <xmin>393.96</xmin>
      <ymin>412.54</ymin>
      <xmax>436.3</xmax>
      <ymax>457.4</ymax>
    </bndbox>
  </object>
  <object>
    <name>WHITE</name>
    <occluded>0</occluded>
    <bndbox>
      <xmin>342.68</xmin>
      <ymin>467.31</ymin>
      <xmax>380.5</xmax>
      <ymax>510.69</ymax>
    </bndbox>
  </object>
  <object>
    <name>BLACK</name>
    <occluded>0</occluded>
    <bndbox>
      <xmin>365.76</xmin>
      <ymin>340.63</ymin>
      <xmax>409.4</xmax>
      <ymax>390.4</ymax>
    </bndbox>
  </object>
  <object>
    <name>WHITE</name>
    <occluded>0</occluded>
    <bndbox>
      <xmin>322.24</xmin>
      <ymin>382.1</ymin>
      <xmax>357.9</xmax>
      <ymax>429.5</ymax>
    </bndbox>
  </object>
  <object>
    <name>WHITE</name>
    <occluded>0</occluded>
    <bndbox>
      <xmin>385.08</xmin>
      <ymin>268.32</ymin>
      <xmax>427.4</xmax>
      <ymax>312.7</ymax>
    </bndbox>
  </object>
  <object>
    <name>WHITE</name>
    <occluded>0</occluded>
    <bndbox>
      <xmin>321.0</xmin>
      <ymin>297.95</ymin>
      <xmax>357.89</xmax>
      <ymax>346.0</ymax>
    </bndbox>
  </object>
  <object>
    <name>WHITE</name>
    <occluded>0</occluded>
    <bndbox>
      <xmin>275.5</xmin>
      <ymin>339.62</ymin>
      <xmax>307.84</xmax>
      <ymax>384.0</ymax>
    </bndbox>
  </object>
  <object>
    <name>WHITE</name>
    <occluded>0</occluded>
    <bndbox>
      <xmin>242.82</xmin>
      <ymin>379.36</ymin>
      <xmax>262.82</xmax>
      <ymax>420.36</ymax>
    </bndbox>
  </object>
  <object>
    <name>WHITE</name>
    <occluded>0</occluded>
    <bndbox>
      <xmin>414.65</xmin>
      <ymin>199.14</ymin>
      <xmax>457.35</xmax>
      <ymax>235.6</ymax>
    </bndbox>
  </object>
  <object>
    <name>WHITE</name>
    <occluded>0</occluded>
    <bndbox>
      <xmin>335.9</xmin>
      <ymin>224.93</ymin>
      <xmax>373.23</xmax>
      <ymax>264.2</ymax>
    </bndbox>
  </object>
  <object>
    <name>WHITE</name>
    <occluded>0</occluded>
    <bndbox>
      <xmin>287.8</xmin>
      <ymin>260.77</ymin>
      <xmax>316.96</xmax>
      <ymax>301.3</ymax>
    </bndbox>
  </object>
  <object>
    <name>WHITE</name>
    <occluded>0</occluded>
    <bndbox>
      <xmin>452.7</xmin>
      <ymin>154.12</ymin>
      <xmax>496.02</xmax>
      <ymax>183.1</ymax>
    </bndbox>
  </object>
  <object>
    <name>WHITE</name>
    <occluded>0</occluded>
    <bndbox>
      <xmin>367.2</xmin>
      <ymin>172.97</ymin>
      <xmax>405.29</xmax>
      <ymax>205.5</ymax>
    </bndbox>
  </object>
  <object>
    <name>WHITE</name>
    <occluded>0</occluded>
    <bndbox>
      <xmin>489.9</xmin>
      <ymin>125.7</ymin>
      <xmax>536.16</xmax>
      <ymax>144.9</ymax>
    </bndbox>
  </object>
  <object>
    <name>WHITE</name>
    <occluded>0</occluded>
    <bndbox>
      <xmin>827.12</xmin>
      <ymin>299.77</ymin>
      <xmax>859.9</xmax>
      <ymax>340.2</ymax>
    </bndbox>
  </object>
  <object>
    <name>WHITE</name>
    <occluded>0</occluded>
    <bndbox>
      <xmin>843.17</xmin>
      <ymin>374.81</ymin>
      <xmax>868.2</xmax>
      <ymax>418.5</ymax>
    </bndbox>
  </object>
  <object>
    <name>WHITE</name>
    <occluded>0</occluded>
    <bndbox>
      <xmin>763.4</xmin>
      <ymin>563.94</ymin>
      <xmax>801.05</xmax>
      <ymax>602.1</ymax>
    </bndbox>
  </object>
  <object>
    <name>WHITE</name>
    <occluded>0</occluded>
    <bndbox>
      <xmin>767.49</xmin>
      <ymin>269.88</ymin>
      <xmax>808.2</xmax>
      <ymax>308.6</ymax>
    </bndbox>
  </object>
  <object>
    <name>WHITE</name>
    <occluded>0</occluded>
    <bndbox>
      <xmin>780.17</xmin>
      <ymin>343.98</ymin>
      <xmax>820.9</xmax>
      <ymax>387.3</ymax>
    </bndbox>
  </object>
  <object>
    <name>WHITE</name>
    <occluded>0</occluded>
    <bndbox>
      <xmin>762.0</xmin>
      <ymin>431.0</ymin>
      <xmax>804.3</xmax>
      <ymax>477.5</ymax>
    </bndbox>
  </object>
</annotation>
