<annotation>
  <folder>MRB</folder>
  <filename>MRB_camera2.png</filename>
  <source>
    <database>Unknown</database>
    <annotation>Unknown</annotation>
    <image>Unknown</image>
  </source>
  <size>
    <width>960</width>
    <height>1280</height>
    <depth></depth>
  </size>
  <segmented>0</segmented>
  <object>
    <name>BLACK</name>
    <occluded>0</occluded>
    <bndbox>
      <xmin>697.76</xmin>
      <ymin>367.56</ymin>
      <xmax>725.3</xmax>
      <ymax>409.1</ymax>
    </bndbox>
  </object>
  <object>
    <name>WHITE</name>
    <occluded>0</occluded>
    <bndbox>
      <xmin>686.91</xmin>
      <ymin>413.76</ymin>
      <xmax>717.4</xmax>
      <ymax>457.1</ymax>
    </bndbox>
  </object>
  <object>
    <name>WHITE</name>
    <occluded>0</occluded>
    <bndbox>
      <xmin>433.5</xmin>
      <ymin>400.5</ymin>
      <xmax>474.5</xmax>
      <ymax>441.5</ymax>
    </bndbox>
  </object>
  <object>
    <name>WHITE</name>
    <occluded>0</occluded>
    <bndbox>
      <xmin>628.3</xmin>
      <ymin>539.13</ymin>
      <xmax>667.35</xmax>
      <ymax>582.7</ymax>
    </bndbox>
  </object>
  <object>
    <name>WHITE</name>
    <occluded>0</occluded>
    <bndbox>
      <xmin>571.87</xmin>
      <ymin>597.7</ymin>
      <xmax>615.5</xmax>
      <ymax>643.24</ymax>
    </bndbox>
  </object>
  <object>
    <name>BLACK</name>
    <occluded>0</occluded>
    <bndbox>
      <xmin>523.87</xmin>
      <ymin>662.78</ymin>
      <xmax>569.2</xmax>
      <ymax>704.3</ymax>
    </bndbox>
  </object>
  <object>
    <name>WHITE</name>
    <occluded>0</occluded>
    <bndbox>
      <xmin>638.08</xmin>
      <ymin>351.05</ymin>
      <xmax>673.7</xmax>
      <ymax>389.8</ymax>
    </bndbox>
  </object>
  <object>
    <name>WHITE</name>
    <occluded>0</occluded>
    <bndbox>
      <xmin>611.14</xmin>
      <ymin>409.05</ymin>
      <xmax>650.0</xmax>
      <ymax>451.7</ymax>
    </bndbox>
  </object>
  <object>
    <name>WHITE</name>
    <occluded>0</occluded>
    <bndbox>
      <xmin>569.0</xmin>
      <ymin>472.0</ymin>
      <xmax>616.8</xmax>
      <ymax>517.6</ymax>
    </bndbox>
  </object>
  <object>
    <name>WHITE</name>
    <occluded>0</occluded>
    <bndbox>
      <xmin>523.61</xmin>
      <ymin>536.5</ymin>
      <xmax>572.3</xmax>
      <ymax>585.8</ymax>
    </bndbox>
  </object>
  <object>
    <name>WHITE</name>
    <occluded>0</occluded>
    <bndbox>
      <xmin>483.59</xmin>
      <ymin>602.4</ymin>
      <xmax>527.3</xmax>
      <ymax>644.71</ymax>
    </bndbox>
  </object>
  <object>
    <name>WHITE</name>
    <occluded>0</occluded>
    <bndbox>
      <xmin>592.88</xmin>
      <ymin>304.53</ymin>
      <xmax>631.3</xmax>
      <ymax>340.7</ymax>
    </bndbox>
  </object>
  <object>
    <name>WHITE</name>
    <occluded>0</occluded>
    <bndbox>
      <xmin>564.28</xmin>
      <ymin>342.82</ymin>
      <xmax>604.0</xmax>
      <ymax>385.3</ymax>
    </bndbox>
  </object>
  <object>
    <name>WHITE</name>
    <occluded>0</occluded>
    <bndbox>
      <xmin>525.0</xmin>
      <ymin>405.0</ymin>
      <xmax>569.9</xmax>
      <ymax>448.0</ymax>
    </bndbox>
  </object>
  <object>
    <name>WHITE</name>
    <occluded>0</occluded>
    <bndbox>
      <xmin>230.85</xmin>
      <ymin>379.26</ymin>
      <xmax>253.38</xmax>
      <ymax>421.14</ymax>
    </bndbox>
  </object>
  <object>
    <name>WHITE</name>
    <occluded>0</occluded>
    <bndbox>
      <xmin>292.42</xmin>
      <ymin>260.31</ymin>
      <xmax>325.06</xmax>
      <ymax>293.52</ymax>
    </bndbox>
  </object>
  <object>
    <name>WHITE</name>
    <occluded>0</occluded>
    <bndbox>
      <xmin>537.9</xmin>
      <ymin>185.8</ymin>
      <xmax>579.77</xmax>
      <ymax>205.15</ymax>
    </bndbox>
  </object>
  <object>
    <name>WHITE</name>
    <occluded>0</occluded>
    <bndbox>
      <xmin>757.96</xmin>
      <ymin>534.37</ymin>
      <xmax>773.26</xmax>
      <ymax>574.23</ymax>
    </bndbox>
  </object>
  <object>
    <name>WHITE</name>
    <occluded>0</occluded>
    <bndbox>
      <xmin>688.07</xmin>
      <ymin>289.11</ymin>
      <xmax>716.47</xmax>
      <ymax>323.52</ymax>
    </bndbox>
  </object>
  <object>
    <name>WHITE</name>
    <occluded>0</occluded>
    <bndbox>
      <xmin>389.17</xmin>
      <ymin>193.81</ymin>
      <xmax>427.2</xmax>
      <ymax>216.19</ymax>
    </bndbox>
  </object>
  <object>
    <name>WHITE</name>
    <occluded>0</occluded>
    <bndbox>
      <xmin>363.18</xmin>
      <ymin>302.34</ymin>
      <xmax>400.0</xmax>
      <ymax>339.41</ymax>
    </bndbox>
  </object>
  <object>
    <name>WHITE</name>
    <occluded>0</occluded>
    <bndbox>
      <xmin>582.18</xmin>
      <ymin>215.37</ymin>
      <xmax>620.21</xmax>
      <ymax>243.04</ymax>
    </bndbox>
  </object>
  <object>
    <name>WHITE</name>
    <occluded>0</occluded>
    <bndbox>
      <xmin>625.98</xmin>
      <ymin>260.85</ymin>
      <xmax>661.12</xmax>
      <ymax>292.14</ymax>
    </bndbox>
  </object>
  <object>
    <name>WHITE</name>
    <occluded>0</occluded>
    <bndbox>
      <xmin>664.49</xmin>
      <ymin>310.91</ymin>
      <xmax>696.26</xmax>
      <ymax>349.18</ymax>
    </bndbox>
  </object>
  <object>
    <name>WHITE</name>
    <occluded>0</occluded>
    <bndbox>
      <xmin>740.54</xmin>
      <ymin>339.79</ymin>
      <xmax>765.81</xmax>
      <ymax>375.89</ymax>
    </bndbox>
  </object>
  <object>
    <name>WHITE</name>
    <occluded>0</occluded>
    <bndbox>
      <xmin>720.08</xmin>
      <ymin>349.18</ymin>
      <xmax>745.35</xmax>
      <ymax>386.96</ymax>
    </bndbox>
  </object>
  <object>
    <name>WHITE</name>
    <occluded>0</occluded>
    <bndbox>
      <xmin>729.47</xmin>
      <ymin>478.41</ymin>
      <xmax>751.61</xmax>
      <ymax>520.77</ymax>
    </bndbox>
  </object>
  <object>
    <name>WHITE</name>
    <occluded>0</occluded>
    <bndbox>
      <xmin>738.06</xmin>
      <ymin>592.1</ymin>
      <xmax>762.39</xmax>
      <ymax>632.77</ymax>
    </bndbox>
  </object>
  <object>
    <name>WHITE</name>
    <occluded>0</occluded>
    <bndbox>
      <xmin>706.32</xmin>
      <ymin>539.63</ymin>
      <xmax>736.4</xmax>
      <ymax>583.19</ymax>
    </bndbox>
  </object>
  <object>
    <name>WHITE</name>
    <occluded>0</occluded>
    <bndbox>
      <xmin>258.45</xmin>
      <ymin>465.03</ymin>
      <xmax>278.18</xmax>
      <ymax>507.63</ymax>
    </bndbox>
  </object>
  <object>
    <name>WHITE</name>
    <occluded>0</occluded>
    <bndbox>
      <xmin>273.13</xmin>
      <ymin>533.62</ymin>
      <xmax>297.92</xmax>
      <ymax>576.7</ymax>
    </bndbox>
  </object>
  <object>
    <name>WHITE</name>
    <occluded>0</occluded>
    <bndbox>
      <xmin>299.85</xmin>
      <ymin>597.56</ymin>
      <xmax>329.59</xmax>
      <ymax>636.55</ymax>
    </bndbox>
  </object>
  <object>
    <name>WHITE</name>
    <occluded>0</occluded>
    <bndbox>
      <xmin>260.86</xmin>
      <ymin>599.01</ymin>
      <xmax>282.23</xmax>
      <ymax>635.65</ymax>
    </bndbox>
  </object>
  <object>
    <name>WHITE</name>
    <occluded>0</occluded>
    <bndbox>
      <xmin>234.29</xmin>
      <ymin>570.13</ymin>
      <xmax>249.1</xmax>
      <ymax>607.67</ymax>
    </bndbox>
  </object>
  <object>
    <name>WHITE</name>
    <occluded>0</occluded>
    <bndbox>
      <xmin>281.39</xmin>
      <ymin>721.92</ymin>
      <xmax>305.66</xmax>
      <ymax>760.83</ymax>
    </bndbox>
  </object>
  <object>
    <name>WHITE</name>
    <occluded>0</occluded>
    <bndbox>
      <xmin>463.83</xmin>
      <ymin>182.93</ymin>
      <xmax>506.9</xmax>
      <ymax>202.5</ymax>
    </bndbox>
  </object>
  <object>
    <name>WHITE</name>
    <occluded>0</occluded>
    <bndbox>
      <xmin>739.9</xmin>
      <ymin>413.71</ymin>
      <xmax>758.85</xmax>
      <ymax>452.29</ymax>
    </bndbox>
  </object>
  <object>
    <name>WHITE</name>
    <occluded>0</occluded>
    <bndbox>
      <xmin>668.1</xmin>
      <ymin>589.51</ymin>
      <xmax>708.4</xmax>
      <ymax>630.3</ymax>
    </bndbox>
  </object>
  <object>
    <name>WHITE</name>
    <occluded>0</occluded>
    <bndbox>
      <xmin>661.24</xmin>
      <ymin>472.26</ymin>
      <xmax>697.6</xmax>
      <ymax>517.6</ymax>
    </bndbox>
  </object>
  <object>
    <name>WHITE</name>
    <occluded>0</occluded>
    <bndbox>
      <xmin>509.1</xmin>
      <ymin>216.73</ymin>
      <xmax>551.3</xmax>
      <ymax>241.5</ymax>
    </bndbox>
  </object>
  <object>
    <name>WHITE</name>
    <occluded>0</occluded>
    <bndbox>
      <xmin>345.29</xmin>
      <ymin>414.24</ymin>
      <xmax>386.71</xmax>
      <ymax>447.76</ymax>
    </bndbox>
  </object>
  <object>
    <name>WHITE</name>
    <occluded>0</occluded>
    <bndbox>
      <xmin>326.3</xmin>
      <ymin>275.14</ymin>
      <xmax>361.59</xmax>
      <ymax>311.6</ymax>
    </bndbox>
  </object>
  <object>
    <name>WHITE</name>
    <occluded>0</occluded>
    <bndbox>
      <xmin>432.53</xmin>
      <ymin>213.9</ymin>
      <xmax>474.1</xmax>
      <ymax>238.0</ymax>
    </bndbox>
  </object>
  <object>
    <name>WHITE</name>
    <occluded>0</occluded>
    <bndbox>
      <xmin>265.7</xmin>
      <ymin>326.74</ymin>
      <xmax>294.73</xmax>
      <ymax>369.5</ymax>
    </bndbox>
  </object>
  <object>
    <name>WHITE</name>
    <occluded>0</occluded>
    <bndbox>
      <xmin>394.26</xmin>
      <ymin>254.6</ymin>
      <xmax>431.74</xmax>
      <ymax>285.1</ymax>
    </bndbox>
  </object>
  <object>
    <name>WHITE</name>
    <occluded>0</occluded>
    <bndbox>
      <xmin>256.3</xmin>
      <ymin>393.2</ymin>
      <xmax>281.52</xmax>
      <ymax>436.2</ymax>
    </bndbox>
  </object>
  <object>
    <name>WHITE</name>
    <occluded>0</occluded>
    <bndbox>
      <xmin>299.9</xmin>
      <ymin>339.95</ymin>
      <xmax>329.35</xmax>
      <ymax>379.2</ymax>
    </bndbox>
  </object>
  <object>
    <name>WHITE</name>
    <occluded>0</occluded>
    <bndbox>
      <xmin>291.7</xmin>
      <ymin>407.72</ymin>
      <xmax>320.3</xmax>
      <ymax>450.5</ymax>
    </bndbox>
  </object>
  <object>
    <name>BLACK</name>
    <occluded>0</occluded>
    <bndbox>
      <xmin>332.8</xmin>
      <ymin>357.08</ymin>
      <xmax>368.41</xmax>
      <ymax>401.3</ymax>
    </bndbox>
  </object>
  <object>
    <name>BLACK</name>
    <occluded>0</occluded>
    <bndbox>
      <xmin>311.69</xmin>
      <ymin>768.69</ymin>
      <xmax>336.3</xmax>
      <ymax>807.7</ymax>
    </bndbox>
  </object>
  <object>
    <name>WHITE</name>
    <occluded>0</occluded>
    <bndbox>
      <xmin>329.76</xmin>
      <ymin>814.7</ymin>
      <xmax>352.9</xmax>
      <ymax>849.9</ymax>
    </bndbox>
  </object>
  <object>
    <name>WHITE</name>
    <occluded>0</occluded>
    <bndbox>
      <xmin>348.36</xmin>
      <ymin>805.97</ymin>
      <xmax>373.1</xmax>
      <ymax>842.4</ymax>
    </bndbox>
  </object>
  <object>
    <name>WHITE</name>
    <occluded>0</occluded>
    <bndbox>
      <xmin>682.2</xmin>
      <ymin>769.6</ymin>
      <xmax>711.0</xmax>
      <ymax>812.1</ymax>
    </bndbox>
  </object>
  <object>
    <name>WHITE</name>
    <occluded>0</occluded>
    <bndbox>
      <xmin>470.56</xmin>
      <ymin>257.98</ymin>
      <xmax>514.4</xmax>
      <ymax>284.98</ymax>
    </bndbox>
  </object>
  <object>
    <name>WHITE</name>
    <occluded>0</occluded>
    <bndbox>
      <xmin>335.6</xmin>
      <ymin>545.45</ymin>
      <xmax>373.7</xmax>
      <ymax>586.55</ymax>
    </bndbox>
  </object>
  <object>
    <name>WHITE</name>
    <occluded>0</occluded>
    <bndbox>
      <xmin>383.0</xmin>
      <ymin>469.4</ymin>
      <xmax>429.5</xmax>
      <ymax>515.0</ymax>
    </bndbox>
  </object>
  <object>
    <name>WHITE</name>
    <occluded>0</occluded>
    <bndbox>
      <xmin>481.0</xmin>
      <ymin>342.0</ymin>
      <xmax>526.9</xmax>
      <ymax>381.4</ymax>
    </bndbox>
  </object>
  <object>
    <name>WHITE</name>
    <occluded>0</occluded>
    <bndbox>
      <xmin>519.1</xmin>
      <ymin>299.1</ymin>
      <xmax>561.09</xmax>
      <ymax>331.06</ymax>
    </bndbox>
  </object>
  <object>
    <name>WHITE</name>
    <occluded>0</occluded>
    <bndbox>
      <xmin>553.72</xmin>
      <ymin>256.78</ymin>
      <xmax>593.9</xmax>
      <ymax>284.0</ymax>
    </bndbox>
  </object>
  <object>
    <name>WHITE</name>
    <occluded>0</occluded>
    <bndbox>
      <xmin>377.04</xmin>
      <ymin>593.76</ymin>
      <xmax>420.7</xmax>
      <ymax>635.7</ymax>
    </bndbox>
  </object>
  <object>
    <name>WHITE</name>
    <occluded>0</occluded>
    <bndbox>
      <xmin>424.2</xmin>
      <ymin>539.43</ymin>
      <xmax>470.6</xmax>
      <ymax>584.2</ymax>
    </bndbox>
  </object>
  <object>
    <name>WHITE</name>
    <occluded>0</occluded>
    <bndbox>
      <xmin>477.2</xmin>
      <ymin>467.4</ymin>
      <xmax>525.5</xmax>
      <ymax>516.1</ymax>
    </bndbox>
  </object>
  <object>
    <name>WHITE</name>
    <occluded>0</occluded>
    <bndbox>
      <xmin>306.5</xmin>
      <ymin>473.5</ymin>
      <xmax>336.9</xmax>
      <ymax>520.3</ymax>
    </bndbox>
  </object>
  <object>
    <name>WHITE</name>
    <occluded>0</occluded>
    <bndbox>
      <xmin>443.5</xmin>
      <ymin>304.5</ymin>
      <xmax>484.5</xmax>
      <ymax>336.9</ymax>
    </bndbox>
  </object>
  <object>
    <name>WHITE</name>
    <occluded>0</occluded>
    <bndbox>
      <xmin>396.5</xmin>
      <ymin>347.5</ymin>
      <xmax>440.6</xmax>
      <ymax>386.9</ymax>
    </bndbox>
  </object>
</annotation>
