<annotation>
  <folder>RA</folder>
  <filename>RA_camera4.png</filename>
  <source>
    <database>Unknown</database>
    <annotation>Unknown</annotation>
    <image>Unknown</image>
  </source>
  <size>
    <width>1280</width>
    <height>960</height>
    <depth></depth>
  </size>
  <segmented>0</segmented>
  <object>
    <name>WHITE</name>
    <occluded>0</occluded>
    <bndbox>
      <xmin>985.03</xmin>
      <ymin>366.19</ymin>
      <xmax>1005.8</xmax>
      <ymax>406.0</ymax>
    </bndbox>
  </object>
  <object>
    <name>WHITE</name>
    <occluded>0</occluded>
    <bndbox>
      <xmin>449.27</xmin>
      <ymin>493.75</ymin>
      <xmax>482.1</xmax>
      <ymax>534.9</ymax>
    </bndbox>
  </object>
  <object>
    <name>BLACK</name>
    <occluded>0</occluded>
    <bndbox>
      <xmin>479.4</xmin>
      <ymin>377.97</ymin>
      <xmax>511.49</xmax>
      <ymax>421.3</ymax>
    </bndbox>
  </object>
  <object>
    <name>WHITE</name>
    <occluded>0</occluded>
    <bndbox>
      <xmin>441.5</xmin>
      <ymin>419.75</ymin>
      <xmax>468.45</xmax>
      <ymax>462.3</ymax>
    </bndbox>
  </object>
  <object>
    <name>WHITE</name>
    <occluded>0</occluded>
    <bndbox>
      <xmin>450.3</xmin>
      <ymin>349.32</ymin>
      <xmax>479.08</xmax>
      <ymax>391.9</ymax>
    </bndbox>
  </object>
  <object>
    <name>BLACK</name>
    <occluded>0</occluded>
    <bndbox>
      <xmin>961.3</xmin>
      <ymin>635.36</ymin>
      <xmax>991.27</xmax>
      <ymax>672.79</ymax>
    </bndbox>
  </object>
  <object>
    <name>WHITE</name>
    <occluded>0</occluded>
    <bndbox>
      <xmin>901.13</xmin>
      <ymin>797.86</ymin>
      <xmax>929.2</xmax>
      <ymax>836.54</ymax>
    </bndbox>
  </object>
  <object>
    <name>WHITE</name>
    <occluded>0</occluded>
    <bndbox>
      <xmin>951.03</xmin>
      <ymin>747.65</ymin>
      <xmax>975.05</xmax>
      <ymax>781.96</ymax>
    </bndbox>
  </object>
  <object>
    <name>WHITE</name>
    <occluded>0</occluded>
    <bndbox>
      <xmin>846.24</xmin>
      <ymin>812.21</ymin>
      <xmax>881.79</xmax>
      <ymax>844.33</ymax>
    </bndbox>
  </object>
  <object>
    <name>WHITE</name>
    <occluded>0</occluded>
    <bndbox>
      <xmin>825.65</xmin>
      <ymin>782.55</ymin>
      <xmax>861.21</xmax>
      <ymax>815.95</ymax>
    </bndbox>
  </object>
  <object>
    <name>WHITE</name>
    <occluded>0</occluded>
    <bndbox>
      <xmin>788.54</xmin>
      <ymin>830.92</ymin>
      <xmax>825.34</xmax>
      <ymax>863.67</ymax>
    </bndbox>
  </object>
  <object>
    <name>WHITE</name>
    <occluded>0</occluded>
    <bndbox>
      <xmin>768.57</xmin>
      <ymin>798.17</ymin>
      <xmax>805.69</xmax>
      <ymax>831.55</ymax>
    </bndbox>
  </object>
  <object>
    <name>WHITE</name>
    <occluded>0</occluded>
    <bndbox>
      <xmin>789.8</xmin>
      <ymin>749.83</ymin>
      <xmax>830.33</xmax>
      <ymax>782.27</ymax>
    </bndbox>
  </object>
  <object>
    <name>BLACK</name>
    <occluded>0</occluded>
    <bndbox>
      <xmin>724.91</xmin>
      <ymin>845.6</ymin>
      <xmax>766.4</xmax>
      <ymax>878.02</ymax>
    </bndbox>
  </object>
  <object>
    <name>WHITE</name>
    <occluded>0</occluded>
    <bndbox>
      <xmin>871.5</xmin>
      <ymin>582.03</ymin>
      <xmax>905.5</xmax>
      <ymax>625.69</ymax>
    </bndbox>
  </object>
  <object>
    <name>WHITE</name>
    <occluded>0</occluded>
    <bndbox>
      <xmin>519.28</xmin>
      <ymin>793.43</ymin>
      <xmax>552.96</xmax>
      <ymax>829.3</ymax>
    </bndbox>
  </object>
  <object>
    <name>WHITE</name>
    <occluded>0</occluded>
    <bndbox>
      <xmin>481.09</xmin>
      <ymin>770.67</ymin>
      <xmax>507.98</xmax>
      <ymax>808.22</ymax>
    </bndbox>
  </object>
  <object>
    <name>WHITE</name>
    <occluded>0</occluded>
    <bndbox>
      <xmin>579.14</xmin>
      <ymin>811.4</ymin>
      <xmax>611.8</xmax>
      <ymax>843.3</ymax>
    </bndbox>
  </object>
  <object>
    <name>WHITE</name>
    <occluded>0</occluded>
    <bndbox>
      <xmin>489.38</xmin>
      <ymin>435.37</ymin>
      <xmax>527.6</xmax>
      <ymax>480.1</ymax>
    </bndbox>
  </object>
  <object>
    <name>WHITE</name>
    <occluded>0</occluded>
    <bndbox>
      <xmin>533.1</xmin>
      <ymin>371.29</ymin>
      <xmax>570.38</xmax>
      <ymax>414.2</ymax>
    </bndbox>
  </object>
  <object>
    <name>WHITE</name>
    <occluded>0</occluded>
    <bndbox>
      <xmin>570.74</xmin>
      <ymin>306.75</ymin>
      <xmax>611.76</xmax>
      <ymax>346.0</ymax>
    </bndbox>
  </object>
  <object>
    <name>WHITE</name>
    <occluded>0</occluded>
    <bndbox>
      <xmin>611.6</xmin>
      <ymin>260.93</ymin>
      <xmax>652.4</xmax>
      <ymax>296.2</ymax>
    </bndbox>
  </object>
  <object>
    <name>WHITE</name>
    <occluded>0</occluded>
    <bndbox>
      <xmin>659.4</xmin>
      <ymin>226.0</ymin>
      <xmax>702.5</xmax>
      <ymax>249.7</ymax>
    </bndbox>
  </object>
  <object>
    <name>WHITE</name>
    <occluded>0</occluded>
    <bndbox>
      <xmin>474.76</xmin>
      <ymin>566.78</ymin>
      <xmax>509.4</xmax>
      <ymax>607.9</ymax>
    </bndbox>
  </object>
  <object>
    <name>WHITE</name>
    <occluded>0</occluded>
    <bndbox>
      <xmin>505.68</xmin>
      <ymin>499.7</ymin>
      <xmax>546.56</xmax>
      <ymax>547.9</ymax>
    </bndbox>
  </object>
  <object>
    <name>WHITE</name>
    <occluded>0</occluded>
    <bndbox>
      <xmin>557.2</xmin>
      <ymin>432.8</ymin>
      <xmax>601.4</xmax>
      <ymax>479.8</ymax>
    </bndbox>
  </object>
  <object>
    <name>WHITE</name>
    <occluded>0</occluded>
    <bndbox>
      <xmin>606.5</xmin>
      <ymin>366.8</ymin>
      <xmax>650.9</xmax>
      <ymax>412.5</ymax>
    </bndbox>
  </object>
  <object>
    <name>WHITE</name>
    <occluded>0</occluded>
    <bndbox>
      <xmin>645.52</xmin>
      <ymin>307.14</ymin>
      <xmax>690.6</xmax>
      <ymax>347.74</ymax>
    </bndbox>
  </object>
  <object>
    <name>WHITE</name>
    <occluded>0</occluded>
    <bndbox>
      <xmin>688.69</xmin>
      <ymin>264.5</ymin>
      <xmax>734.4</xmax>
      <ymax>298.6</ymax>
    </bndbox>
  </object>
  <object>
    <name>WHITE</name>
    <occluded>0</occluded>
    <bndbox>
      <xmin>505.4</xmin>
      <ymin>635.9</ymin>
      <xmax>538.0</xmax>
      <ymax>675.6</ymax>
    </bndbox>
  </object>
  <object>
    <name>WHITE</name>
    <occluded>0</occluded>
    <bndbox>
      <xmin>540.34</xmin>
      <ymin>583.32</ymin>
      <xmax>579.4</xmax>
      <ymax>624.68</ymax>
    </bndbox>
  </object>
  <object>
    <name>WHITE</name>
    <occluded>0</occluded>
    <bndbox>
      <xmin>583.88</xmin>
      <ymin>510.63</ymin>
      <xmax>630.1</xmax>
      <ymax>558.0</ymax>
    </bndbox>
  </object>
  <object>
    <name>WHITE</name>
    <occluded>0</occluded>
    <bndbox>
      <xmin>637.4</xmin>
      <ymin>442.04</ymin>
      <xmax>682.37</xmax>
      <ymax>486.6</ymax>
    </bndbox>
  </object>
  <object>
    <name>WHITE</name>
    <occluded>0</occluded>
    <bndbox>
      <xmin>687.85</xmin>
      <ymin>372.79</ymin>
      <xmax>733.0</xmax>
      <ymax>416.7</ymax>
    </bndbox>
  </object>
  <object>
    <name>WHITE</name>
    <occluded>0</occluded>
    <bndbox>
      <xmin>773.86</xmin>
      <ymin>270.14</ymin>
      <xmax>814.5</xmax>
      <ymax>305.7</ymax>
    </bndbox>
  </object>
  <object>
    <name>WHITE</name>
    <occluded>0</occluded>
    <bndbox>
      <xmin>533.5</xmin>
      <ymin>746.63</ymin>
      <xmax>564.1</xmax>
      <ymax>783.1</ymax>
    </bndbox>
  </object>
  <object>
    <name>WHITE</name>
    <occluded>0</occluded>
    <bndbox>
      <xmin>551.94</xmin>
      <ymin>704.9</ymin>
      <xmax>588.8</xmax>
      <ymax>741.5</ymax>
    </bndbox>
  </object>
  <object>
    <name>WHITE</name>
    <occluded>0</occluded>
    <bndbox>
      <xmin>573.96</xmin>
      <ymin>648.24</ymin>
      <xmax>618.9</xmax>
      <ymax>689.38</ymax>
    </bndbox>
  </object>
  <object>
    <name>WHITE</name>
    <occluded>0</occluded>
    <bndbox>
      <xmin>629.2</xmin>
      <ymin>586.1</ymin>
      <xmax>674.2</xmax>
      <ymax>629.06</ymax>
    </bndbox>
  </object>
  <object>
    <name>WHITE</name>
    <occluded>0</occluded>
    <bndbox>
      <xmin>669.2</xmin>
      <ymin>514.7</ymin>
      <xmax>714.5</xmax>
      <ymax>561.75</ymax>
    </bndbox>
  </object>
  <object>
    <name>WHITE</name>
    <occluded>0</occluded>
    <bndbox>
      <xmin>725.0</xmin>
      <ymin>445.9</ymin>
      <xmax>769.7</xmax>
      <ymax>490.1</ymax>
    </bndbox>
  </object>
  <object>
    <name>WHITE</name>
    <occluded>0</occluded>
    <bndbox>
      <xmin>775.2</xmin>
      <ymin>382.8</ymin>
      <xmax>817.09</xmax>
      <ymax>427.86</ymax>
    </bndbox>
  </object>
  <object>
    <name>WHITE</name>
    <occluded>0</occluded>
    <bndbox>
      <xmin>816.12</xmin>
      <ymin>330.24</ymin>
      <xmax>855.5</xmax>
      <ymax>372.5</ymax>
    </bndbox>
  </object>
  <object>
    <name>WHITE</name>
    <occluded>0</occluded>
    <bndbox>
      <xmin>552.25</xmin>
      <ymin>841.82</ymin>
      <xmax>588.25</xmax>
      <ymax>879.5</ymax>
    </bndbox>
  </object>
  <object>
    <name>WHITE</name>
    <occluded>0</occluded>
    <bndbox>
      <xmin>594.3</xmin>
      <ymin>764.19</ymin>
      <xmax>627.32</xmax>
      <ymax>797.6</ymax>
    </bndbox>
  </object>
  <object>
    <name>BLACK</name>
    <occluded>0</occluded>
    <bndbox>
      <xmin>621.22</xmin>
      <ymin>718.32</ymin>
      <xmax>665.4</xmax>
      <ymax>755.0</ymax>
    </bndbox>
  </object>
  <object>
    <name>WHITE</name>
    <occluded>0</occluded>
    <bndbox>
      <xmin>671.5</xmin>
      <ymin>658.0</ymin>
      <xmax>717.8</xmax>
      <ymax>700.0</ymax>
    </bndbox>
  </object>
  <object>
    <name>WHITE</name>
    <occluded>0</occluded>
    <bndbox>
      <xmin>716.0</xmin>
      <ymin>595.0</ymin>
      <xmax>756.0</xmax>
      <ymax>638.4</ymax>
    </bndbox>
  </object>
  <object>
    <name>WHITE</name>
    <occluded>0</occluded>
    <bndbox>
      <xmin>757.06</xmin>
      <ymin>523.61</ymin>
      <xmax>799.3</xmax>
      <ymax>566.5</ymax>
    </bndbox>
  </object>
  <object>
    <name>WHITE</name>
    <occluded>0</occluded>
    <bndbox>
      <xmin>811.85</xmin>
      <ymin>459.26</ymin>
      <xmax>852.5</xmax>
      <ymax>500.5</ymax>
    </bndbox>
  </object>
  <object>
    <name>BLACK</name>
    <occluded>0</occluded>
    <bndbox>
      <xmin>847.22</xmin>
      <ymin>397.27</ymin>
      <xmax>882.9</xmax>
      <ymax>445.6</ymax>
    </bndbox>
  </object>
  <object>
    <name>WHITE</name>
    <occluded>0</occluded>
    <bndbox>
      <xmin>608.12</xmin>
      <ymin>848.26</ymin>
      <xmax>647.9</xmax>
      <ymax>886.4</ymax>
    </bndbox>
  </object>
  <object>
    <name>WHITE</name>
    <occluded>0</occluded>
    <bndbox>
      <xmin>668.15</xmin>
      <ymin>763.8</ymin>
      <xmax>703.3</xmax>
      <ymax>799.0</ymax>
    </bndbox>
  </object>
  <object>
    <name>WHITE</name>
    <occluded>0</occluded>
    <bndbox>
      <xmin>712.02</xmin>
      <ymin>711.5</ymin>
      <xmax>751.02</xmax>
      <ymax>745.6</ymax>
    </bndbox>
  </object>
  <object>
    <name>WHITE</name>
    <occluded>0</occluded>
    <bndbox>
      <xmin>752.56</xmin>
      <ymin>656.19</ymin>
      <xmax>793.88</xmax>
      <ymax>697.1</ymax>
    </bndbox>
  </object>
  <object>
    <name>WHITE</name>
    <occluded>0</occluded>
    <bndbox>
      <xmin>795.61</xmin>
      <ymin>591.01</ymin>
      <xmax>836.63</xmax>
      <ymax>634.0</ymax>
    </bndbox>
  </object>
  <object>
    <name>WHITE</name>
    <occluded>0</occluded>
    <bndbox>
      <xmin>845.1</xmin>
      <ymin>516.0</ymin>
      <xmax>882.4</xmax>
      <ymax>559.7</ymax>
    </bndbox>
  </object>
  <object>
    <name>WHITE</name>
    <occluded>0</occluded>
    <bndbox>
      <xmin>885.39</xmin>
      <ymin>446.9</ymin>
      <xmax>919.1</xmax>
      <ymax>492.0</ymax>
    </bndbox>
  </object>
  <object>
    <name>WHITE</name>
    <occluded>0</occluded>
    <bndbox>
      <xmin>886.46</xmin>
      <ymin>367.88</ymin>
      <xmax>920.4</xmax>
      <ymax>411.5</ymax>
    </bndbox>
  </object>
  <object>
    <name>WHITE</name>
    <occluded>0</occluded>
    <bndbox>
      <xmin>667.01</xmin>
      <ymin>858.0</ymin>
      <xmax>704.99</xmax>
      <ymax>884.6</ymax>
    </bndbox>
  </object>
  <object>
    <name>WHITE</name>
    <occluded>0</occluded>
    <bndbox>
      <xmin>703.19</xmin>
      <ymin>806.82</ymin>
      <xmax>743.9</xmax>
      <ymax>845.1</ymax>
    </bndbox>
  </object>
  <object>
    <name>WHITE</name>
    <occluded>0</occluded>
    <bndbox>
      <xmin>729.23</xmin>
      <ymin>762.69</ymin>
      <xmax>771.3</xmax>
      <ymax>794.1</ymax>
    </bndbox>
  </object>
  <object>
    <name>WHITE</name>
    <occluded>0</occluded>
    <bndbox>
      <xmin>782.3</xmin>
      <ymin>708.65</ymin>
      <xmax>817.96</xmax>
      <ymax>747.0</ymax>
    </bndbox>
  </object>
  <object>
    <name>WHITE</name>
    <occluded>0</occluded>
    <bndbox>
      <xmin>818.4</xmin>
      <ymin>646.77</ymin>
      <xmax>854.15</xmax>
      <ymax>682.9</ymax>
    </bndbox>
  </object>
  <object>
    <name>WHITE</name>
    <occluded>0</occluded>
    <bndbox>
      <xmin>935.5</xmin>
      <ymin>422.9</ymin>
      <xmax>961.9</xmax>
      <ymax>464.5</ymax>
    </bndbox>
  </object>
  <object>
    <name>WHITE</name>
    <occluded>0</occluded>
    <bndbox>
      <xmin>925.09</xmin>
      <ymin>348.97</ymin>
      <xmax>953.0</xmax>
      <ymax>390.0</ymax>
    </bndbox>
  </object>
  <object>
    <name>WHITE</name>
    <occluded>0</occluded>
    <bndbox>
      <xmin>967.01</xmin>
      <ymin>395.85</ymin>
      <xmax>992.0</xmax>
      <ymax>436.5</ymax>
    </bndbox>
  </object>
  <object>
    <name>WHITE</name>
    <occluded>0</occluded>
    <bndbox>
      <xmin>972.9</xmin>
      <ymin>680.46</ymin>
      <xmax>1004.03</xmax>
      <ymax>720.0</ymax>
    </bndbox>
  </object>
  <object>
    <name>WHITE</name>
    <occluded>0</occluded>
    <bndbox>
      <xmin>887.16</xmin>
      <ymin>282.48</ymin>
      <xmax>921.15</xmax>
      <ymax>314.3</ymax>
    </bndbox>
  </object>
  <object>
    <name>WHITE</name>
    <occluded>0</occluded>
    <bndbox>
      <xmin>859.4</xmin>
      <ymin>302.45</ymin>
      <xmax>896.83</xmax>
      <ymax>338.31</ymax>
    </bndbox>
  </object>
  <object>
    <name>WHITE</name>
    <occluded>0</occluded>
    <bndbox>
      <xmin>946.11</xmin>
      <ymin>327.09</ymin>
      <xmax>974.18</xmax>
      <ymax>363.89</ymax>
    </bndbox>
  </object>
  <object>
    <name>WHITE</name>
    <occluded>0</occluded>
    <bndbox>
      <xmin>958.4</xmin>
      <ymin>480.79</ymin>
      <xmax>983.1</xmax>
      <ymax>523.46</ymax>
    </bndbox>
  </object>
  <object>
    <name>WHITE</name>
    <occluded>0</occluded>
    <bndbox>
      <xmin>914.95</xmin>
      <ymin>508.49</ymin>
      <xmax>943.8</xmax>
      <ymax>551.15</ymax>
    </bndbox>
  </object>
  <object>
    <name>WHITE</name>
    <occluded>0</occluded>
    <bndbox>
      <xmin>481.04</xmin>
      <ymin>289.03</ymin>
      <xmax>509.45</xmax>
      <ymax>326.15</ymax>
    </bndbox>
  </object>
  <object>
    <name>WHITE</name>
    <occluded>0</occluded>
    <bndbox>
      <xmin>938.56</xmin>
      <ymin>552.65</ymin>
      <xmax>966.26</xmax>
      <ymax>596.81</ymax>
    </bndbox>
  </object>
  <object>
    <name>WHITE</name>
    <occluded>0</occluded>
    <bndbox>
      <xmin>505.15</xmin>
      <ymin>319.85</ymin>
      <xmax>536.4</xmax>
      <ymax>361.4</ymax>
    </bndbox>
  </object>
  <object>
    <name>WHITE</name>
    <occluded>0</occluded>
    <bndbox>
      <xmin>411.96</xmin>
      <ymin>471.43</ymin>
      <xmax>437.79</xmax>
      <ymax>513.35</ymax>
    </bndbox>
  </object>
  <object>
    <name>WHITE</name>
    <occluded>0</occluded>
    <bndbox>
      <xmin>497.44</xmin>
      <ymin>686.98</ymin>
      <xmax>528.01</xmax>
      <ymax>723.47</ymax>
    </bndbox>
  </object>
  <object>
    <name>WHITE</name>
    <occluded>0</occluded>
    <bndbox>
      <xmin>706.26</xmin>
      <ymin>199.21</ymin>
      <xmax>748.99</xmax>
      <ymax>222.6</ymax>
    </bndbox>
  </object>
  <object>
    <name>WHITE</name>
    <occluded>0</occluded>
    <bndbox>
      <xmin>456.3</xmin>
      <ymin>616.49</ymin>
      <xmax>485.9</xmax>
      <ymax>657.04</ymax>
    </bndbox>
  </object>
  <object>
    <name>WHITE</name>
    <occluded>0</occluded>
    <bndbox>
      <xmin>786.41</xmin>
      <ymin>216.05</ymin>
      <xmax>825.09</xmax>
      <ymax>239.44</ymax>
    </bndbox>
  </object>
  <object>
    <name>WHITE</name>
    <occluded>0</occluded>
    <bndbox>
      <xmin>584.31</xmin>
      <ymin>221.67</ymin>
      <xmax>625.17</xmax>
      <ymax>249.42</ymax>
    </bndbox>
  </object>
  <object>
    <name>WHITE</name>
    <occluded>0</occluded>
    <bndbox>
      <xmin>543.1</xmin>
      <ymin>258.16</ymin>
      <xmax>580.56</xmax>
      <ymax>292.78</ymax>
    </bndbox>
  </object>
  <object>
    <name>WHITE</name>
    <occluded>0</occluded>
    <bndbox>
      <xmin>454.4</xmin>
      <ymin>665.77</ymin>
      <xmax>478.42</xmax>
      <ymax>701.64</ymax>
    </bndbox>
  </object>
  <object>
    <name>WHITE</name>
    <occluded>0</occluded>
    <bndbox>
      <xmin>736.2</xmin>
      <ymin>226.34</ymin>
      <xmax>781.42</xmax>
      <ymax>252.85</ymax>
    </bndbox>
  </object>
  <object>
    <name>WHITE</name>
    <occluded>0</occluded>
    <bndbox>
      <xmin>640.0</xmin>
      <ymin>821.0</ymin>
      <xmax>678.0</xmax>
      <ymax>849.0</ymax>
    </bndbox>
  </object>
  <object>
    <name>WHITE</name>
    <occluded>0</occluded>
    <bndbox>
      <xmin>735.0</xmin>
      <ymin>321.5</ymin>
      <xmax>775.0</xmax>
      <ymax>356.5</ymax>
    </bndbox>
  </object>
  <object>
    <name>WHITE</name>
    <occluded>0</occluded>
    <bndbox>
      <xmin>825.09</xmin>
      <ymin>254.73</ymin>
      <xmax>865.32</xmax>
      <ymax>287.79</ymax>
    </bndbox>
  </object>
</annotation>
