<annotation>
  <folder>RA</folder>
  <filename>RA_camera8.png</filename>
  <source>
    <database>Unknown</database>
    <annotation>Unknown</annotation>
    <image>Unknown</image>
  </source>
  <size>
    <width>1280</width>
    <height>960</height>
    <depth></depth>
  </size>
  <segmented>0</segmented>
  <object>
    <name>WHITE</name>
    <occluded>0</occluded>
    <bndbox>
      <xmin>558.34</xmin>
      <ymin>249.69</ymin>
      <xmax>603.05</xmax>
      <ymax>280.88</ymax>
    </bndbox>
  </object>
  <object>
    <name>BLACK</name>
    <occluded>0</occluded>
    <bndbox>
      <xmin>581.73</xmin>
      <ymin>180.3</ymin>
      <xmax>624.62</xmax>
      <ymax>207.59</ymax>
    </bndbox>
  </object>
  <object>
    <name>WHITE</name>
    <occluded>0</occluded>
    <bndbox>
      <xmin>643.85</xmin>
      <ymin>186.02</ymin>
      <xmax>684.4</xmax>
      <ymax>204.73</ymax>
    </bndbox>
  </object>
  <object>
    <name>WHITE</name>
    <occluded>0</occluded>
    <bndbox>
      <xmin>708.83</xmin>
      <ymin>197.97</ymin>
      <xmax>748.08</xmax>
      <ymax>219.8</ymax>
    </bndbox>
  </object>
  <object>
    <name>WHITE</name>
    <occluded>0</occluded>
    <bndbox>
      <xmin>531.57</xmin>
      <ymin>204.99</ymin>
      <xmax>575.23</xmax>
      <ymax>235.14</ymax>
    </bndbox>
  </object>
  <object>
    <name>WHITE</name>
    <occluded>0</occluded>
    <bndbox>
      <xmin>519.61</xmin>
      <ymin>179.52</ymin>
      <xmax>560.94</xmax>
      <ymax>197.71</ymax>
    </bndbox>
  </object>
  <object>
    <name>WHITE</name>
    <occluded>0</occluded>
    <bndbox>
      <xmin>457.75</xmin>
      <ymin>206.55</ymin>
      <xmax>495.96</xmax>
      <ymax>233.84</ymax>
    </bndbox>
  </object>
  <object>
    <name>WHITE</name>
    <occluded>0</occluded>
    <bndbox>
      <xmin>351.71</xmin>
      <ymin>311.29</ymin>
      <xmax>390.18</xmax>
      <ymax>348.72</ymax>
    </bndbox>
  </object>
  <object>
    <name>BLACK</name>
    <occluded>0</occluded>
    <bndbox>
      <xmin>328.84</xmin>
      <ymin>430.07</ymin>
      <xmax>360.03</xmax>
      <ymax>477.9</ymax>
    </bndbox>
  </object>
  <object>
    <name>WHITE</name>
    <occluded>0</occluded>
    <bndbox>
      <xmin>359.25</xmin>
      <ymin>481.8</ymin>
      <xmax>392.26</xmax>
      <ymax>525.98</ymax>
    </bndbox>
  </object>
  <object>
    <name>WHITE</name>
    <occluded>0</occluded>
    <bndbox>
      <xmin>338.19</xmin>
      <ymin>560.55</ymin>
      <xmax>377.21</xmax>
      <ymax>608.37</ymax>
    </bndbox>
  </object>
  <object>
    <name>WHITE</name>
    <occluded>0</occluded>
    <bndbox>
      <xmin>317.4</xmin>
      <ymin>634.11</ymin>
      <xmax>353.53</xmax>
      <ymax>674.65</ymax>
    </bndbox>
  </object>
  <object>
    <name>WHITE</name>
    <occluded>0</occluded>
    <bndbox>
      <xmin>308.2</xmin>
      <ymin>385.75</ymin>
      <xmax>341.11</xmax>
      <ymax>423.87</ymax>
    </bndbox>
  </object>
  <object>
    <name>WHITE</name>
    <occluded>0</occluded>
    <bndbox>
      <xmin>907.21</xmin>
      <ymin>707.82</ymin>
      <xmax>942.77</xmax>
      <ymax>755.85</ymax>
    </bndbox>
  </object>
  <object>
    <name>WHITE</name>
    <occluded>0</occluded>
    <bndbox>
      <xmin>873.53</xmin>
      <ymin>568.09</ymin>
      <xmax>916.57</xmax>
      <ymax>608.01</ymax>
    </bndbox>
  </object>
  <object>
    <name>WHITE</name>
    <occluded>0</occluded>
    <bndbox>
      <xmin>884.76</xmin>
      <ymin>485.75</ymin>
      <xmax>923.43</xmax>
      <ymax>529.1</ymax>
    </bndbox>
  </object>
  <object>
    <name>WHITE</name>
    <occluded>0</occluded>
    <bndbox>
      <xmin>879.14</xmin>
      <ymin>411.45</ymin>
      <xmax>912.51</xmax>
      <ymax>452.31</ymax>
    </bndbox>
  </object>
  <object>
    <name>WHITE</name>
    <occluded>0</occluded>
    <bndbox>
      <xmin>902.22</xmin>
      <ymin>355.31</ymin>
      <xmax>928.42</xmax>
      <ymax>392.74</ymax>
    </bndbox>
  </object>
  <object>
    <name>WHITE</name>
    <occluded>0</occluded>
    <bndbox>
      <xmin>853.25</xmin>
      <ymin>301.35</ymin>
      <xmax>887.88</xmax>
      <ymax>330.98</ymax>
    </bndbox>
  </object>
  <object>
    <name>WHITE</name>
    <occluded>0</occluded>
    <bndbox>
      <xmin>814.27</xmin>
      <ymin>250.2</ymin>
      <xmax>848.58</xmax>
      <ymax>278.59</ymax>
    </bndbox>
  </object>
  <object>
    <name>WHITE</name>
    <occluded>0</occluded>
    <bndbox>
      <xmin>758.73</xmin>
      <ymin>235.14</ymin>
      <xmax>798.24</xmax>
      <ymax>259.83</ymax>
    </bndbox>
  </object>
  <object>
    <name>WHITE</name>
    <occluded>0</occluded>
    <bndbox>
      <xmin>694.79</xmin>
      <ymin>224.48</ymin>
      <xmax>735.34</xmax>
      <ymax>251.51</ymax>
    </bndbox>
  </object>
  <object>
    <name>WHITE</name>
    <occluded>0</occluded>
    <bndbox>
      <xmin>616.56</xmin>
      <ymin>211.23</ymin>
      <xmax>661.01</xmax>
      <ymax>244.5</ymax>
    </bndbox>
  </object>
  <object>
    <name>WHITE</name>
    <occluded>0</occluded>
    <bndbox>
      <xmin>415.5</xmin>
      <ymin>299.24</ymin>
      <xmax>457.75</xmax>
      <ymax>335.4</ymax>
    </bndbox>
  </object>
  <object>
    <name>WHITE</name>
    <occluded>0</occluded>
    <bndbox>
      <xmin>494.02</xmin>
      <ymin>300.41</ymin>
      <xmax>535.98</xmax>
      <ymax>331.59</ymax>
    </bndbox>
  </object>
  <object>
    <name>WHITE</name>
    <occluded>0</occluded>
    <bndbox>
      <xmin>362.5</xmin>
      <ymin>618.0</ymin>
      <xmax>399.5</xmax>
      <ymax>662.0</ymax>
    </bndbox>
  </object>
  <object>
    <name>WHITE</name>
    <occluded>0</occluded>
    <bndbox>
      <xmin>514.5</xmin>
      <ymin>353.0</ymin>
      <xmax>557.5</xmax>
      <ymax>387.0</ymax>
    </bndbox>
  </object>
  <object>
    <name>WHITE</name>
    <occluded>0</occluded>
    <bndbox>
      <xmin>683.23</xmin>
      <ymin>634.64</ymin>
      <xmax>728.77</xmax>
      <ymax>679.36</ymax>
    </bndbox>
  </object>
  <object>
    <name>BLACK</name>
    <occluded>0</occluded>
    <bndbox>
      <xmin>760.25</xmin>
      <ymin>447.32</ymin>
      <xmax>809.1</xmax>
      <ymax>492.2</ymax>
    </bndbox>
  </object>
  <object>
    <name>WHITE</name>
    <occluded>0</occluded>
    <bndbox>
      <xmin>809.81</xmin>
      <ymin>395.36</ymin>
      <xmax>847.9</xmax>
      <ymax>433.1</ymax>
    </bndbox>
  </object>
  <object>
    <name>WHITE</name>
    <occluded>0</occluded>
    <bndbox>
      <xmin>841.56</xmin>
      <ymin>345.23</ymin>
      <xmax>880.3</xmax>
      <ymax>379.7</ymax>
    </bndbox>
  </object>
  <object>
    <name>WHITE</name>
    <occluded>0</occluded>
    <bndbox>
      <xmin>826.02</xmin>
      <ymin>461.92</ymin>
      <xmax>868.2</xmax>
      <ymax>503.96</ymax>
    </bndbox>
  </object>
  <object>
    <name>WHITE</name>
    <occluded>0</occluded>
    <bndbox>
      <xmin>801.25</xmin>
      <ymin>526.16</ymin>
      <xmax>846.8</xmax>
      <ymax>572.6</ymax>
    </bndbox>
  </object>
  <object>
    <name>WHITE</name>
    <occluded>0</occluded>
    <bndbox>
      <xmin>759.88</xmin>
      <ymin>589.13</ymin>
      <xmax>806.7</xmax>
      <ymax>637.2</ymax>
    </bndbox>
  </object>
  <object>
    <name>WHITE</name>
    <occluded>0</occluded>
    <bndbox>
      <xmin>928.76</xmin>
      <ymin>545.15</ymin>
      <xmax>962.2</xmax>
      <ymax>586.9</ymax>
    </bndbox>
  </object>
  <object>
    <name>WHITE</name>
    <occluded>0</occluded>
    <bndbox>
      <xmin>833.71</xmin>
      <ymin>616.06</ymin>
      <xmax>878.6</xmax>
      <ymax>664.7</ymax>
    </bndbox>
  </object>
  <object>
    <name>WHITE</name>
    <occluded>0</occluded>
    <bndbox>
      <xmin>774.5</xmin>
      <ymin>666.0</ymin>
      <xmax>821.6</xmax>
      <ymax>714.2</ymax>
    </bndbox>
  </object>
  <object>
    <name>BLACK</name>
    <occluded>0</occluded>
    <bndbox>
      <xmin>969.07</xmin>
      <ymin>592.13</ymin>
      <xmax>987.1</xmax>
      <ymax>638.1</ymax>
    </bndbox>
  </object>
  <object>
    <name>WHITE</name>
    <occluded>0</occluded>
    <bndbox>
      <xmin>933.5</xmin>
      <ymin>617.5</ymin>
      <xmax>958.7</xmax>
      <ymax>663.6</ymax>
    </bndbox>
  </object>
  <object>
    <name>WHITE</name>
    <occluded>0</occluded>
    <bndbox>
      <xmin>895.98</xmin>
      <ymin>662.9</ymin>
      <xmax>926.4</xmax>
      <ymax>710.87</ymax>
    </bndbox>
  </object>
  <object>
    <name>BLACK</name>
    <occluded>0</occluded>
    <bndbox>
      <xmin>839.76</xmin>
      <ymin>700.85</ymin>
      <xmax>885.0</xmax>
      <ymax>751.8</ymax>
    </bndbox>
  </object>
  <object>
    <name>WHITE</name>
    <occluded>0</occluded>
    <bndbox>
      <xmin>943.39</xmin>
      <ymin>667.68</ymin>
      <xmax>975.9</xmax>
      <ymax>712.0</ymax>
    </bndbox>
  </object>
  <object>
    <name>WHITE</name>
    <occluded>0</occluded>
    <bndbox>
      <xmin>737.0</xmin>
      <ymin>381.26</ymin>
      <xmax>780.1</xmax>
      <ymax>424.24</ymax>
    </bndbox>
  </object>
  <object>
    <name>WHITE</name>
    <occluded>0</occluded>
    <bndbox>
      <xmin>549.13</xmin>
      <ymin>544.07</ymin>
      <xmax>597.1</xmax>
      <ymax>589.93</ymax>
    </bndbox>
  </object>
  <object>
    <name>WHITE</name>
    <occluded>0</occluded>
    <bndbox>
      <xmin>505.5</xmin>
      <ymin>613.18</ymin>
      <xmax>553.4</xmax>
      <ymax>658.6</ymax>
    </bndbox>
  </object>
  <object>
    <name>WHITE</name>
    <occluded>0</occluded>
    <bndbox>
      <xmin>727.06</xmin>
      <ymin>271.8</ymin>
      <xmax>767.2</xmax>
      <ymax>309.0</ymax>
    </bndbox>
  </object>
  <object>
    <name>WHITE</name>
    <occluded>0</occluded>
    <bndbox>
      <xmin>692.63</xmin>
      <ymin>323.44</ymin>
      <xmax>740.1</xmax>
      <ymax>362.1</ymax>
    </bndbox>
  </object>
  <object>
    <name>WHITE</name>
    <occluded>0</occluded>
    <bndbox>
      <xmin>488.04</xmin>
      <ymin>467.56</ymin>
      <xmax>536.5</xmax>
      <ymax>513.56</ymax>
    </bndbox>
  </object>
  <object>
    <name>WHITE</name>
    <occluded>0</occluded>
    <bndbox>
      <xmin>470.57</xmin>
      <ymin>544.4</ymin>
      <xmax>515.7</xmax>
      <ymax>590.6</ymax>
    </bndbox>
  </object>
  <object>
    <name>BLACK</name>
    <occluded>0</occluded>
    <bndbox>
      <xmin>420.72</xmin>
      <ymin>602.16</ymin>
      <xmax>472.8</xmax>
      <ymax>654.2</ymax>
    </bndbox>
  </object>
  <object>
    <name>WHITE</name>
    <occluded>0</occluded>
    <bndbox>
      <xmin>649.26</xmin>
      <ymin>264.95</ymin>
      <xmax>695.8</xmax>
      <ymax>301.8</ymax>
    </bndbox>
  </object>
  <object>
    <name>WHITE</name>
    <occluded>0</occluded>
    <bndbox>
      <xmin>586.2</xmin>
      <ymin>307.4</ymin>
      <xmax>631.0</xmax>
      <ymax>345.7</ymax>
    </bndbox>
  </object>
  <object>
    <name>WHITE</name>
    <occluded>0</occluded>
    <bndbox>
      <xmin>466.57</xmin>
      <ymin>407.88</ymin>
      <xmax>513.5</xmax>
      <ymax>452.9</ymax>
    </bndbox>
  </object>
  <object>
    <name>WHITE</name>
    <occluded>0</occluded>
    <bndbox>
      <xmin>418.66</xmin>
      <ymin>468.4</ymin>
      <xmax>463.8</xmax>
      <ymax>515.56</ymax>
    </bndbox>
  </object>
  <object>
    <name>WHITE</name>
    <occluded>0</occluded>
    <bndbox>
      <xmin>397.08</xmin>
      <ymin>544.04</ymin>
      <xmax>437.68</xmax>
      <ymax>586.12</ymax>
    </bndbox>
  </object>
  <object>
    <name>WHITE</name>
    <occluded>0</occluded>
    <bndbox>
      <xmin>397.13</xmin>
      <ymin>406.35</ymin>
      <xmax>441.6</xmax>
      <ymax>451.7</ymax>
    </bndbox>
  </object>
  <object>
    <name>WHITE</name>
    <occluded>0</occluded>
    <bndbox>
      <xmin>466.43</xmin>
      <ymin>244.72</ymin>
      <xmax>507.57</xmax>
      <ymax>279.9</ymax>
    </bndbox>
  </object>
  <object>
    <name>WHITE</name>
    <occluded>0</occluded>
    <bndbox>
      <xmin>443.0</xmin>
      <ymin>349.5</ymin>
      <xmax>483.0</xmax>
      <ymax>384.5</ymax>
    </bndbox>
  </object>
  <object>
    <name>WHITE</name>
    <occluded>0</occluded>
    <bndbox>
      <xmin>370.13</xmin>
      <ymin>357.88</ymin>
      <xmax>412.55</xmax>
      <ymax>399.8</ymax>
    </bndbox>
  </object>
  <object>
    <name>WHITE</name>
    <occluded>0</occluded>
    <bndbox>
      <xmin>397.3</xmin>
      <ymin>252.98</ymin>
      <xmax>433.5</xmax>
      <ymax>289.1</ymax>
    </bndbox>
  </object>
  <object>
    <name>WHITE</name>
    <occluded>0</occluded>
    <bndbox>
      <xmin>768.33</xmin>
      <ymin>329.01</ymin>
      <xmax>811.7</xmax>
      <ymax>367.3</ymax>
    </bndbox>
  </object>
  <object>
    <name>WHITE</name>
    <occluded>0</occluded>
    <bndbox>
      <xmin>797.14</xmin>
      <ymin>284.22</ymin>
      <xmax>834.77</xmax>
      <ymax>321.06</ymax>
    </bndbox>
  </object>
  <object>
    <name>WHITE</name>
    <occluded>0</occluded>
    <bndbox>
      <xmin>597.37</xmin>
      <ymin>621.73</ymin>
      <xmax>649.4</xmax>
      <ymax>670.2</ymax>
    </bndbox>
  </object>
  <object>
    <name>WHITE</name>
    <occluded>0</occluded>
    <bndbox>
      <xmin>667.64</xmin>
      <ymin>564.64</ymin>
      <xmax>715.5</xmax>
      <ymax>609.36</ymax>
    </bndbox>
  </object>
  <object>
    <name>WHITE</name>
    <occluded>0</occluded>
    <bndbox>
      <xmin>727.91</xmin>
      <ymin>506.67</ymin>
      <xmax>773.7</xmax>
      <ymax>552.6</ymax>
    </bndbox>
  </object>
</annotation>
