<annotation>
  <folder>RA</folder>
  <filename>RA_camera7.png</filename>
  <source>
    <database>Unknown</database>
    <annotation>Unknown</annotation>
    <image>Unknown</image>
  </source>
  <size>
    <width>1280</width>
    <height>960</height>
    <depth></depth>
  </size>
  <segmented>0</segmented>
  <object>
    <name>WHITE</name>
    <occluded>0</occluded>
    <bndbox>
      <xmin>709.92</xmin>
      <ymin>115.14</ymin>
      <xmax>758.4</xmax>
      <ymax>152.9</ymax>
    </bndbox>
  </object>
  <object>
    <name>WHITE</name>
    <occluded>0</occluded>
    <bndbox>
      <xmin>424.51</xmin>
      <ymin>202.13</ymin>
      <xmax>458.85</xmax>
      <ymax>243.46</ymax>
    </bndbox>
  </object>
  <object>
    <name>WHITE</name>
    <occluded>0</occluded>
    <bndbox>
      <xmin>371.75</xmin>
      <ymin>242.42</ymin>
      <xmax>398.55</xmax>
      <ymax>284.0</ymax>
    </bndbox>
  </object>
  <object>
    <name>WHITE</name>
    <occluded>0</occluded>
    <bndbox>
      <xmin>758.45</xmin>
      <ymin>91.14</ymin>
      <xmax>799.6</xmax>
      <ymax>118.65</ymax>
    </bndbox>
  </object>
  <object>
    <name>WHITE</name>
    <occluded>0</occluded>
    <bndbox>
      <xmin>463.2</xmin>
      <ymin>133.77</ymin>
      <xmax>502.87</xmax>
      <ymax>168.8</ymax>
    </bndbox>
  </object>
  <object>
    <name>WHITE</name>
    <occluded>0</occluded>
    <bndbox>
      <xmin>382.3</xmin>
      <ymin>286.99</ymin>
      <xmax>416.75</xmax>
      <ymax>328.5</ymax>
    </bndbox>
  </object>
  <object>
    <name>BLACK</name>
    <occluded>0</occluded>
    <bndbox>
      <xmin>800.35</xmin>
      <ymin>261.94</ymin>
      <xmax>840.7</xmax>
      <ymax>308.3</ymax>
    </bndbox>
  </object>
  <object>
    <name>WHITE</name>
    <occluded>0</occluded>
    <bndbox>
      <xmin>805.04</xmin>
      <ymin>148.79</ymin>
      <xmax>846.5</xmax>
      <ymax>188.6</ymax>
    </bndbox>
  </object>
  <object>
    <name>WHITE</name>
    <occluded>0</occluded>
    <bndbox>
      <xmin>440.3</xmin>
      <ymin>252.05</ymin>
      <xmax>480.06</xmax>
      <ymax>299.8</ymax>
    </bndbox>
  </object>
  <object>
    <name>WHITE</name>
    <occluded>0</occluded>
    <bndbox>
      <xmin>489.81</xmin>
      <ymin>160.78</ymin>
      <xmax>535.07</xmax>
      <ymax>201.1</ymax>
    </bndbox>
  </object>
  <object>
    <name>WHITE</name>
    <occluded>0</occluded>
    <bndbox>
      <xmin>551.97</xmin>
      <ymin>97.02</ymin>
      <xmax>595.79</xmax>
      <ymax>126.3</ymax>
    </bndbox>
  </object>
  <object>
    <name>WHITE</name>
    <occluded>0</occluded>
    <bndbox>
      <xmin>528.2</xmin>
      <ymin>192.0</ymin>
      <xmax>576.98</xmax>
      <ymax>231.68</ymax>
    </bndbox>
  </object>
  <object>
    <name>WHITE</name>
    <occluded>0</occluded>
    <bndbox>
      <xmin>598.1</xmin>
      <ymin>120.9</ymin>
      <xmax>646.5</xmax>
      <ymax>153.5</ymax>
    </bndbox>
  </object>
  <object>
    <name>WHITE</name>
    <occluded>0</occluded>
    <bndbox>
      <xmin>648.12</xmin>
      <ymin>158.24</ymin>
      <xmax>696.3</xmax>
      <ymax>204.76</ymax>
    </bndbox>
  </object>
  <object>
    <name>WHITE</name>
    <occluded>0</occluded>
    <bndbox>
      <xmin>376.37</xmin>
      <ymin>349.6</ymin>
      <xmax>406.96</xmax>
      <ymax>401.69</ymax>
    </bndbox>
  </object>
  <object>
    <name>WHITE</name>
    <occluded>0</occluded>
    <bndbox>
      <xmin>761.71</xmin>
      <ymin>180.01</ymin>
      <xmax>806.2</xmax>
      <ymax>221.3</ymax>
    </bndbox>
  </object>
  <object>
    <name>WHITE</name>
    <occluded>0</occluded>
    <bndbox>
      <xmin>424.1</xmin>
      <ymin>336.77</ymin>
      <xmax>456.8</xmax>
      <ymax>386.3</ymax>
    </bndbox>
  </object>
  <object>
    <name>WHITE</name>
    <occluded>0</occluded>
    <bndbox>
      <xmin>453.5</xmin>
      <ymin>375.41</ymin>
      <xmax>496.28</xmax>
      <ymax>424.5</ymax>
    </bndbox>
  </object>
  <object>
    <name>WHITE</name>
    <occluded>0</occluded>
    <bndbox>
      <xmin>453.73</xmin>
      <ymin>460.58</ymin>
      <xmax>502.77</xmax>
      <ymax>509.4</ymax>
    </bndbox>
  </object>
  <object>
    <name>BLACK</name>
    <occluded>0</occluded>
    <bndbox>
      <xmin>512.88</xmin>
      <ymin>398.87</ymin>
      <xmax>568.1</xmax>
      <ymax>451.1</ymax>
    </bndbox>
  </object>
  <object>
    <name>WHITE</name>
    <occluded>0</occluded>
    <bndbox>
      <xmin>366.5</xmin>
      <ymin>514.19</ymin>
      <xmax>394.52</xmax>
      <ymax>565.3</ymax>
    </bndbox>
  </object>
  <object>
    <name>WHITE</name>
    <occluded>0</occluded>
    <bndbox>
      <xmin>457.63</xmin>
      <ymin>568.12</ymin>
      <xmax>503.63</xmax>
      <ymax>618.12</ymax>
    </bndbox>
  </object>
  <object>
    <name>WHITE</name>
    <occluded>0</occluded>
    <bndbox>
      <xmin>511.16</xmin>
      <ymin>493.98</ymin>
      <xmax>560.1</xmax>
      <ymax>543.76</ymax>
    </bndbox>
  </object>
  <object>
    <name>WHITE</name>
    <occluded>0</occluded>
    <bndbox>
      <xmin>578.79</xmin>
      <ymin>438.16</ymin>
      <xmax>634.0</xmax>
      <ymax>490.4</ymax>
    </bndbox>
  </object>
  <object>
    <name>BLACK</name>
    <occluded>0</occluded>
    <bndbox>
      <xmin>383.5</xmin>
      <ymin>595.37</ymin>
      <xmax>416.17</xmax>
      <ymax>646.5</ymax>
    </bndbox>
  </object>
  <object>
    <name>WHITE</name>
    <occluded>0</occluded>
    <bndbox>
      <xmin>416.26</xmin>
      <ymin>529.25</ymin>
      <xmax>464.0</xmax>
      <ymax>582.0</ymax>
    </bndbox>
  </object>
  <object>
    <name>WHITE</name>
    <occluded>0</occluded>
    <bndbox>
      <xmin>395.7</xmin>
      <ymin>436.62</ymin>
      <xmax>430.67</xmax>
      <ymax>486.53</ymax>
    </bndbox>
  </object>
  <object>
    <name>WHITE</name>
    <occluded>0</occluded>
    <bndbox>
      <xmin>884.88</xmin>
      <ymin>193.03</ymin>
      <xmax>911.08</xmax>
      <ymax>235.76</ymax>
    </bndbox>
  </object>
  <object>
    <name>WHITE</name>
    <occluded>0</occluded>
    <bndbox>
      <xmin>843.09</xmin>
      <ymin>217.05</ymin>
      <xmax>882.7</xmax>
      <ymax>259.8</ymax>
    </bndbox>
  </object>
  <object>
    <name>WHITE</name>
    <occluded>0</occluded>
    <bndbox>
      <xmin>659.38</xmin>
      <ymin>70.77</ymin>
      <xmax>707.41</xmax>
      <ymax>94.16</ymax>
    </bndbox>
  </object>
  <object>
    <name>WHITE</name>
    <occluded>0</occluded>
    <bndbox>
      <xmin>520.27</xmin>
      <ymin>76.7</ymin>
      <xmax>561.13</xmax>
      <ymax>106.95</ymax>
    </bndbox>
  </object>
  <object>
    <name>WHITE</name>
    <occluded>0</occluded>
    <bndbox>
      <xmin>404.25</xmin>
      <ymin>168.71</ymin>
      <xmax>436.06</xmax>
      <ymax>208.0</ymax>
    </bndbox>
  </object>
  <object>
    <name>WHITE</name>
    <occluded>0</occluded>
    <bndbox>
      <xmin>339.16</xmin>
      <ymin>316.96</ymin>
      <xmax>369.73</xmax>
      <ymax>364.4</ymax>
    </bndbox>
  </object>
  <object>
    <name>WHITE</name>
    <occluded>0</occluded>
    <bndbox>
      <xmin>319.51</xmin>
      <ymin>451.97</ymin>
      <xmax>338.6</xmax>
      <ymax>499.5</ymax>
    </bndbox>
  </object>
  <object>
    <name>WHITE</name>
    <occluded>0</occluded>
    <bndbox>
      <xmin>332.2</xmin>
      <ymin>518.22</ymin>
      <xmax>357.32</xmax>
      <ymax>566.12</ymax>
    </bndbox>
  </object>
  <object>
    <name>WHITE</name>
    <occluded>0</occluded>
    <bndbox>
      <xmin>337.82</xmin>
      <ymin>589.7</ymin>
      <xmax>369.67</xmax>
      <ymax>637.98</ymax>
    </bndbox>
  </object>
</annotation>
