<annotation>
  <folder>RA</folder>
  <filename>RA_camera11.png</filename>
  <source>
    <database>Unknown</database>
    <annotation>Unknown</annotation>
    <image>Unknown</image>
  </source>
  <size>
    <width>1280</width>
    <height>960</height>
    <depth></depth>
  </size>
  <segmented>0</segmented>
  <object>
    <name>WHITE</name>
    <occluded>0</occluded>
    <bndbox>
      <xmin>424.54</xmin>
      <ymin>132.75</ymin>
      <xmax>466.96</xmax>
      <ymax>173.9</ymax>
    </bndbox>
  </object>
  <object>
    <name>WHITE</name>
    <occluded>0</occluded>
    <bndbox>
      <xmin>883.62</xmin>
      <ymin>225.13</ymin>
      <xmax>915.85</xmax>
      <ymax>269.06</ymax>
    </bndbox>
  </object>
  <object>
    <name>WHITE</name>
    <occluded>0</occluded>
    <bndbox>
      <xmin>897.4</xmin>
      <ymin>171.07</ymin>
      <xmax>928.33</xmax>
      <ymax>215.0</ymax>
    </bndbox>
  </object>
  <object>
    <name>BLACK</name>
    <occluded>0</occluded>
    <bndbox>
      <xmin>604.49</xmin>
      <ymin>44.51</ymin>
      <xmax>650.65</xmax>
      <ymax>72.58</ymax>
    </bndbox>
  </object>
  <object>
    <name>WHITE</name>
    <occluded>0</occluded>
    <bndbox>
      <xmin>665.93</xmin>
      <ymin>51.37</ymin>
      <xmax>713.96</xmax>
      <ymax>76.63</ymax>
    </bndbox>
  </object>
  <object>
    <name>WHITE</name>
    <occluded>0</occluded>
    <bndbox>
      <xmin>484.06</xmin>
      <ymin>83.81</ymin>
      <xmax>527.45</xmax>
      <ymax>118.74</ymax>
    </bndbox>
  </object>
  <object>
    <name>WHITE</name>
    <occluded>0</occluded>
    <bndbox>
      <xmin>620.0</xmin>
      <ymin>413.5</ymin>
      <xmax>664.0</xmax>
      <ymax>458.5</ymax>
    </bndbox>
  </object>
  <object>
    <name>WHITE</name>
    <occluded>0</occluded>
    <bndbox>
      <xmin>550.53</xmin>
      <ymin>60.42</ymin>
      <xmax>597.0</xmax>
      <ymax>86.93</ymax>
    </bndbox>
  </object>
  <object>
    <name>WHITE</name>
    <occluded>0</occluded>
    <bndbox>
      <xmin>523.0</xmin>
      <ymin>147.5</ymin>
      <xmax>570.7</xmax>
      <ymax>186.9</ymax>
    </bndbox>
  </object>
  <object>
    <name>WHITE</name>
    <occluded>0</occluded>
    <bndbox>
      <xmin>466.94</xmin>
      <ymin>181.0</ymin>
      <xmax>513.9</xmax>
      <ymax>223.4</ymax>
    </bndbox>
  </object>
  <object>
    <name>WHITE</name>
    <occluded>0</occluded>
    <bndbox>
      <xmin>378.1</xmin>
      <ymin>198.55</ymin>
      <xmax>409.01</xmax>
      <ymax>245.0</ymax>
    </bndbox>
  </object>
  <object>
    <name>WHITE</name>
    <occluded>0</occluded>
    <bndbox>
      <xmin>713.21</xmin>
      <ymin>101.32</ymin>
      <xmax>757.1</xmax>
      <ymax>136.1</ymax>
    </bndbox>
  </object>
  <object>
    <name>WHITE</name>
    <occluded>0</occluded>
    <bndbox>
      <xmin>682.0</xmin>
      <ymin>141.5</ymin>
      <xmax>725.5</xmax>
      <ymax>178.4</ymax>
    </bndbox>
  </object>
  <object>
    <name>WHITE</name>
    <occluded>0</occluded>
    <bndbox>
      <xmin>628.99</xmin>
      <ymin>178.25</ymin>
      <xmax>674.8</xmax>
      <ymax>221.49</ymax>
    </bndbox>
  </object>
  <object>
    <name>WHITE</name>
    <occluded>0</occluded>
    <bndbox>
      <xmin>577.9</xmin>
      <ymin>219.3</ymin>
      <xmax>625.4</xmax>
      <ymax>262.5</ymax>
    </bndbox>
  </object>
  <object>
    <name>WHITE</name>
    <occluded>0</occluded>
    <bndbox>
      <xmin>639.67</xmin>
      <ymin>77.2</ymin>
      <xmax>685.4</xmax>
      <ymax>114.5</ymax>
    </bndbox>
  </object>
  <object>
    <name>WHITE</name>
    <occluded>0</occluded>
    <bndbox>
      <xmin>580.63</xmin>
      <ymin>109.32</ymin>
      <xmax>628.9</xmax>
      <ymax>143.4</ymax>
    </bndbox>
  </object>
  <object>
    <name>WHITE</name>
    <occluded>0</occluded>
    <bndbox>
      <xmin>815.5</xmin>
      <ymin>458.1</ymin>
      <xmax>842.5</xmax>
      <ymax>504.0</ymax>
    </bndbox>
  </object>
  <object>
    <name>WHITE</name>
    <occluded>0</occluded>
    <bndbox>
      <xmin>851.5</xmin>
      <ymin>275.9</ymin>
      <xmax>883.0</xmax>
      <ymax>319.51</ymax>
    </bndbox>
  </object>
  <object>
    <name>WHITE</name>
    <occluded>0</occluded>
    <bndbox>
      <xmin>819.3</xmin>
      <ymin>322.51</ymin>
      <xmax>850.52</xmax>
      <ymax>366.9</ymax>
    </bndbox>
  </object>
  <object>
    <name>BLACK</name>
    <occluded>0</occluded>
    <bndbox>
      <xmin>341.56</xmin>
      <ymin>280.92</ymin>
      <xmax>374.0</xmax>
      <ymax>322.1</ymax>
    </bndbox>
  </object>
  <object>
    <name>WHITE</name>
    <occluded>0</occluded>
    <bndbox>
      <xmin>328.74</xmin>
      <ymin>222.6</ymin>
      <xmax>357.46</xmax>
      <ymax>262.83</ymax>
    </bndbox>
  </object>
  <object>
    <name>WHITE</name>
    <occluded>0</occluded>
    <bndbox>
      <xmin>362.25</xmin>
      <ymin>158.57</ymin>
      <xmax>393.03</xmax>
      <ymax>196.04</ymax>
    </bndbox>
  </object>
  <object>
    <name>WHITE</name>
    <occluded>0</occluded>
    <bndbox>
      <xmin>903.19</xmin>
      <ymin>600.87</ymin>
      <xmax>926.58</xmax>
      <ymax>642.97</ymax>
    </bndbox>
  </object>
  <object>
    <name>WHITE</name>
    <occluded>0</occluded>
    <bndbox>
      <xmin>897.12</xmin>
      <ymin>537.1</ymin>
      <xmax>921.38</xmax>
      <ymax>582.91</ymax>
    </bndbox>
  </object>
  <object>
    <name>BLACK</name>
    <occluded>0</occluded>
    <bndbox>
      <xmin>787.8</xmin>
      <ymin>381.96</ymin>
      <xmax>829.66</xmax>
      <ymax>432.13</ymax>
    </bndbox>
  </object>
  <object>
    <name>WHITE</name>
    <occluded>0</occluded>
    <bndbox>
      <xmin>790.31</xmin>
      <ymin>245.41</ymin>
      <xmax>826.44</xmax>
      <ymax>288.29</ymax>
    </bndbox>
  </object>
  <object>
    <name>WHITE</name>
    <occluded>0</occluded>
    <bndbox>
      <xmin>920.79</xmin>
      <ymin>301.81</ymin>
      <xmax>944.44</xmax>
      <ymax>347.03</ymax>
    </bndbox>
  </object>
  <object>
    <name>WHITE</name>
    <occluded>0</occluded>
    <bndbox>
      <xmin>804.25</xmin>
      <ymin>87.93</ymin>
      <xmax>839.3</xmax>
      <ymax>121.3</ymax>
    </bndbox>
  </object>
  <object>
    <name>WHITE</name>
    <occluded>0</occluded>
    <bndbox>
      <xmin>781.15</xmin>
      <ymin>123.43</ymin>
      <xmax>820.5</xmax>
      <ymax>162.9</ymax>
    </bndbox>
  </object>
  <object>
    <name>WHITE</name>
    <occluded>0</occluded>
    <bndbox>
      <xmin>756.32</xmin>
      <ymin>169.25</ymin>
      <xmax>796.9</xmax>
      <ymax>211.1</ymax>
    </bndbox>
  </object>
  <object>
    <name>WHITE</name>
    <occluded>0</occluded>
    <bndbox>
      <xmin>712.2</xmin>
      <ymin>214.34</ymin>
      <xmax>753.8</xmax>
      <ymax>257.66</ymax>
    </bndbox>
  </object>
  <object>
    <name>WHITE</name>
    <occluded>0</occluded>
    <bndbox>
      <xmin>670.84</xmin>
      <ymin>271.61</ymin>
      <xmax>717.8</xmax>
      <ymax>319.0</ymax>
    </bndbox>
  </object>
  <object>
    <name>WHITE</name>
    <occluded>0</occluded>
    <bndbox>
      <xmin>789.0</xmin>
      <ymin>542.38</ymin>
      <xmax>818.86</xmax>
      <ymax>589.7</ymax>
    </bndbox>
  </object>
  <object>
    <name>WHITE</name>
    <occluded>0</occluded>
    <bndbox>
      <xmin>755.5</xmin>
      <ymin>459.0</ymin>
      <xmax>792.4</xmax>
      <ymax>508.7</ymax>
    </bndbox>
  </object>
  <object>
    <name>WHITE</name>
    <occluded>0</occluded>
    <bndbox>
      <xmin>755.07</xmin>
      <ymin>374.02</ymin>
      <xmax>776.4</xmax>
      <ymax>419.7</ymax>
    </bndbox>
  </object>
  <object>
    <name>WHITE</name>
    <occluded>0</occluded>
    <bndbox>
      <xmin>760.5</xmin>
      <ymin>622.38</ymin>
      <xmax>797.35</xmax>
      <ymax>669.4</ymax>
    </bndbox>
  </object>
  <object>
    <name>WHITE</name>
    <occluded>0</occluded>
    <bndbox>
      <xmin>672.7</xmin>
      <ymin>365.25</ymin>
      <xmax>717.1</xmax>
      <ymax>411.4</ymax>
    </bndbox>
  </object>
  <object>
    <name>WHITE</name>
    <occluded>0</occluded>
    <bndbox>
      <xmin>689.5</xmin>
      <ymin>474.7</ymin>
      <xmax>730.5</xmax>
      <ymax>527.5</ymax>
    </bndbox>
  </object>
  <object>
    <name>BLACK</name>
    <occluded>0</occluded>
    <bndbox>
      <xmin>693.5</xmin>
      <ymin>637.95</ymin>
      <xmax>729.69</xmax>
      <ymax>687.7</ymax>
    </bndbox>
  </object>
  <object>
    <name>WHITE</name>
    <occluded>0</occluded>
    <bndbox>
      <xmin>640.44</xmin>
      <ymin>563.62</ymin>
      <xmax>688.5</xmax>
      <ymax>614.9</ymax>
    </bndbox>
  </object>
  <object>
    <name>WHITE</name>
    <occluded>0</occluded>
    <bndbox>
      <xmin>604.38</xmin>
      <ymin>496.7</ymin>
      <xmax>656.0</xmax>
      <ymax>548.3</ymax>
    </bndbox>
  </object>
  <object>
    <name>BLACK</name>
    <occluded>0</occluded>
    <bndbox>
      <xmin>547.97</xmin>
      <ymin>453.53</ymin>
      <xmax>601.4</xmax>
      <ymax>505.9</ymax>
    </bndbox>
  </object>
  <object>
    <name>WHITE</name>
    <occluded>0</occluded>
    <bndbox>
      <xmin>582.9</xmin>
      <ymin>595.91</ymin>
      <xmax>638.52</xmax>
      <ymax>647.8</ymax>
    </bndbox>
  </object>
  <object>
    <name>WHITE</name>
    <occluded>0</occluded>
    <bndbox>
      <xmin>721.5</xmin>
      <ymin>552.5</ymin>
      <xmax>761.6</xmax>
      <ymax>598.7</ymax>
    </bndbox>
  </object>
  <object>
    <name>WHITE</name>
    <occluded>0</occluded>
    <bndbox>
      <xmin>547.65</xmin>
      <ymin>539.61</ymin>
      <xmax>599.3</xmax>
      <ymax>591.1</ymax>
    </bndbox>
  </object>
  <object>
    <name>WHITE</name>
    <occluded>0</occluded>
    <bndbox>
      <xmin>504.0</xmin>
      <ymin>493.5</ymin>
      <xmax>553.4</xmax>
      <ymax>543.5</ymax>
    </bndbox>
  </object>
  <object>
    <name>WHITE</name>
    <occluded>0</occluded>
    <bndbox>
      <xmin>863.42</xmin>
      <ymin>594.29</ymin>
      <xmax>889.1</xmax>
      <ymax>638.6</ymax>
    </bndbox>
  </object>
  <object>
    <name>WHITE</name>
    <occluded>0</occluded>
    <bndbox>
      <xmin>841.31</xmin>
      <ymin>529.01</ymin>
      <xmax>863.0</xmax>
      <ymax>575.6</ymax>
    </bndbox>
  </object>
  <object>
    <name>WHITE</name>
    <occluded>0</occluded>
    <bndbox>
      <xmin>842.3</xmin>
      <ymin>145.17</ymin>
      <xmax>873.0</xmax>
      <ymax>184.3</ymax>
    </bndbox>
  </object>
  <object>
    <name>WHITE</name>
    <occluded>0</occluded>
    <bndbox>
      <xmin>826.3</xmin>
      <ymin>198.0</ymin>
      <xmax>861.62</xmax>
      <ymax>240.15</ymax>
    </bndbox>
  </object>
  <object>
    <name>WHITE</name>
    <occluded>0</occluded>
    <bndbox>
      <xmin>753.53</xmin>
      <ymin>302.63</ymin>
      <xmax>790.6</xmax>
      <ymax>347.7</ymax>
    </bndbox>
  </object>
  <object>
    <name>WHITE</name>
    <occluded>0</occluded>
    <bndbox>
      <xmin>818.07</xmin>
      <ymin>604.88</ymin>
      <xmax>851.3</xmax>
      <ymax>647.88</ymax>
    </bndbox>
  </object>
</annotation>
