<annotation>
  <folder>RA</folder>
  <filename>RA_camera9.png</filename>
  <source>
    <database>Unknown</database>
    <annotation>Unknown</annotation>
    <image>Unknown</image>
  </source>
  <size>
    <width>960</width>
    <height>1280</height>
    <depth></depth>
  </size>
  <segmented>0</segmented>
  <object>
    <name>WHITE</name>
    <occluded>0</occluded>
    <bndbox>
      <xmin>233.23</xmin>
      <ymin>722.85</ymin>
      <xmax>261.0</xmax>
      <ymax>765.6</ymax>
    </bndbox>
  </object>
  <object>
    <name>WHITE</name>
    <occluded>0</occluded>
    <bndbox>
      <xmin>247.31</xmin>
      <ymin>646.81</ymin>
      <xmax>282.4</xmax>
      <ymax>691.6</ymax>
    </bndbox>
  </object>
  <object>
    <name>WHITE</name>
    <occluded>0</occluded>
    <bndbox>
      <xmin>256.92</xmin>
      <ymin>570.73</ymin>
      <xmax>296.0</xmax>
      <ymax>613.5</ymax>
    </bndbox>
  </object>
  <object>
    <name>WHITE</name>
    <occluded>0</occluded>
    <bndbox>
      <xmin>284.1</xmin>
      <ymin>496.21</ymin>
      <xmax>322.48</xmax>
      <ymax>537.2</ymax>
    </bndbox>
  </object>
  <object>
    <name>WHITE</name>
    <occluded>0</occluded>
    <bndbox>
      <xmin>318.0</xmin>
      <ymin>429.5</ymin>
      <xmax>356.0</xmax>
      <ymax>467.0</ymax>
    </bndbox>
  </object>
  <object>
    <name>WHITE</name>
    <occluded>0</occluded>
    <bndbox>
      <xmin>283.31</xmin>
      <ymin>700.86</ymin>
      <xmax>319.31</xmax>
      <ymax>741.86</ymax>
    </bndbox>
  </object>
  <object>
    <name>WHITE</name>
    <occluded>0</occluded>
    <bndbox>
      <xmin>305.54</xmin>
      <ymin>625.43</ymin>
      <xmax>344.54</xmax>
      <ymax>665.43</ymax>
    </bndbox>
  </object>
  <object>
    <name>WHITE</name>
    <occluded>0</occluded>
    <bndbox>
      <xmin>566.39</xmin>
      <ymin>681.54</ymin>
      <xmax>602.8</xmax>
      <ymax>727.7</ymax>
    </bndbox>
  </object>
  <object>
    <name>WHITE</name>
    <occluded>0</occluded>
    <bndbox>
      <xmin>253.7</xmin>
      <ymin>366.08</ymin>
      <xmax>290.6</xmax>
      <ymax>398.7</ymax>
    </bndbox>
  </object>
  <object>
    <name>WHITE</name>
    <occluded>0</occluded>
    <bndbox>
      <xmin>242.24</xmin>
      <ymin>450.63</ymin>
      <xmax>282.54</xmax>
      <ymax>492.1</ymax>
    </bndbox>
  </object>
  <object>
    <name>WHITE</name>
    <occluded>0</occluded>
    <bndbox>
      <xmin>280.89</xmin>
      <ymin>389.44</ymin>
      <xmax>321.3</xmax>
      <ymax>418.8</ymax>
    </bndbox>
  </object>
  <object>
    <name>WHITE</name>
    <occluded>0</occluded>
    <bndbox>
      <xmin>236.91</xmin>
      <ymin>781.7</ymin>
      <xmax>271.6</xmax>
      <ymax>827.7</ymax>
    </bndbox>
  </object>
  <object>
    <name>WHITE</name>
    <occluded>0</occluded>
    <bndbox>
      <xmin>608.72</xmin>
      <ymin>503.51</ymin>
      <xmax>635.06</xmax>
      <ymax>547.87</ymax>
    </bndbox>
  </object>
  <object>
    <name>BLACK</name>
    <occluded>0</occluded>
    <bndbox>
      <xmin>220.58</xmin>
      <ymin>811.24</ymin>
      <xmax>243.46</xmax>
      <ymax>856.64</ymax>
    </bndbox>
  </object>
  <object>
    <name>WHITE</name>
    <occluded>0</occluded>
    <bndbox>
      <xmin>277.76</xmin>
      <ymin>765.5</ymin>
      <xmax>316.58</xmax>
      <ymax>803.62</ymax>
    </bndbox>
  </object>
  <object>
    <name>BLACK</name>
    <occluded>0</occluded>
    <bndbox>
      <xmin>206.69</xmin>
      <ymin>605.05</ymin>
      <xmax>231.33</xmax>
      <ymax>650.1</ymax>
    </bndbox>
  </object>
  <object>
    <name>WHITE</name>
    <occluded>0</occluded>
    <bndbox>
      <xmin>581.0</xmin>
      <ymin>743.67</ymin>
      <xmax>617.04</xmax>
      <ymax>790.45</ymax>
    </bndbox>
  </object>
  <object>
    <name>BLACK</name>
    <occluded>0</occluded>
    <bndbox>
      <xmin>628.82</xmin>
      <ymin>760.65</ymin>
      <xmax>655.5</xmax>
      <ymax>805.7</ymax>
    </bndbox>
  </object>
  <object>
    <name>WHITE</name>
    <occluded>0</occluded>
    <bndbox>
      <xmin>619.81</xmin>
      <ymin>693.42</ymin>
      <xmax>648.23</xmax>
      <ymax>737.08</ymax>
    </bndbox>
  </object>
  <object>
    <name>WHITE</name>
    <occluded>0</occluded>
    <bndbox>
      <xmin>642.34</xmin>
      <ymin>639.7</ymin>
      <xmax>667.29</xmax>
      <ymax>683.02</ymax>
    </bndbox>
  </object>
  <object>
    <name>WHITE</name>
    <occluded>0</occluded>
    <bndbox>
      <xmin>672.49</xmin>
      <ymin>665.69</ymin>
      <xmax>691.55</xmax>
      <ymax>708.67</ymax>
    </bndbox>
  </object>
  <object>
    <name>WHITE</name>
    <occluded>0</occluded>
    <bndbox>
      <xmin>657.58</xmin>
      <ymin>722.87</ymin>
      <xmax>674.57</xmax>
      <ymax>765.85</ymax>
    </bndbox>
  </object>
  <object>
    <name>WHITE</name>
    <occluded>0</occluded>
    <bndbox>
      <xmin>633.33</xmin>
      <ymin>570.39</ymin>
      <xmax>656.89</xmax>
      <ymax>613.71</ymax>
    </bndbox>
  </object>
  <object>
    <name>WHITE</name>
    <occluded>0</occluded>
    <bndbox>
      <xmin>673.87</xmin>
      <ymin>607.13</ymin>
      <xmax>689.12</xmax>
      <ymax>648.71</ymax>
    </bndbox>
  </object>
  <object>
    <name>WHITE</name>
    <occluded>0</occluded>
    <bndbox>
      <xmin>682.88</xmin>
      <ymin>570.04</ymin>
      <xmax>700.9</xmax>
      <ymax>609.9</ymax>
    </bndbox>
  </object>
  <object>
    <name>WHITE</name>
    <occluded>0</occluded>
    <bndbox>
      <xmin>655.5</xmin>
      <ymin>537.47</ymin>
      <xmax>680.8</xmax>
      <ymax>576.98</ymax>
    </bndbox>
  </object>
  <object>
    <name>WHITE</name>
    <occluded>0</occluded>
    <bndbox>
      <xmin>628.47</xmin>
      <ymin>469.2</ymin>
      <xmax>651.69</xmax>
      <ymax>507.32</ymax>
    </bndbox>
  </object>
  <object>
    <name>WHITE</name>
    <occluded>0</occluded>
    <bndbox>
      <xmin>582.38</xmin>
      <ymin>397.46</ymin>
      <xmax>616.0</xmax>
      <ymax>435.58</ymax>
    </bndbox>
  </object>
  <object>
    <name>WHITE</name>
    <occluded>0</occluded>
    <bndbox>
      <xmin>543.22</xmin>
      <ymin>352.06</ymin>
      <xmax>578.22</xmax>
      <ymax>380.13</ymax>
    </bndbox>
  </object>
  <object>
    <name>WHITE</name>
    <occluded>0</occluded>
    <bndbox>
      <xmin>474.95</xmin>
      <ymin>340.28</ymin>
      <xmax>513.07</xmax>
      <ymax>361.08</ymax>
    </bndbox>
  </object>
  <object>
    <name>WHITE</name>
    <occluded>0</occluded>
    <bndbox>
      <xmin>435.79</xmin>
      <ymin>369.05</ymin>
      <xmax>474.6</xmax>
      <ymax>399.2</ymax>
    </bndbox>
  </object>
  <object>
    <name>WHITE</name>
    <occluded>0</occluded>
    <bndbox>
      <xmin>399.06</xmin>
      <ymin>337.16</ymin>
      <xmax>444.11</xmax>
      <ymax>365.58</ymax>
    </bndbox>
  </object>
  <object>
    <name>BLACK</name>
    <occluded>0</occluded>
    <bndbox>
      <xmin>360.24</xmin>
      <ymin>325.73</ymin>
      <xmax>401.48</xmax>
      <ymax>346.52</ymax>
    </bndbox>
  </object>
  <object>
    <name>WHITE</name>
    <occluded>0</occluded>
    <bndbox>
      <xmin>299.91</xmin>
      <ymin>334.39</ymin>
      <xmax>338.76</xmax>
      <ymax>356.92</ymax>
    </bndbox>
  </object>
  <object>
    <name>WHITE</name>
    <occluded>0</occluded>
    <bndbox>
      <xmin>317.24</xmin>
      <ymin>352.41</ymin>
      <xmax>355.74</xmax>
      <ymax>378.06</ymax>
    </bndbox>
  </object>
  <object>
    <name>WHITE</name>
    <occluded>0</occluded>
    <bndbox>
      <xmin>353.62</xmin>
      <ymin>376.32</ymin>
      <xmax>399.4</xmax>
      <ymax>407.86</ymax>
    </bndbox>
  </object>
  <object>
    <name>WHITE</name>
    <occluded>0</occluded>
    <bndbox>
      <xmin>215.35</xmin>
      <ymin>418.95</ymin>
      <xmax>246.92</xmax>
      <ymax>456.38</ymax>
    </bndbox>
  </object>
  <object>
    <name>WHITE</name>
    <occluded>0</occluded>
    <bndbox>
      <xmin>216.08</xmin>
      <ymin>528.11</ymin>
      <xmax>249.69</xmax>
      <ymax>572.47</ymax>
    </bndbox>
  </object>
  <object>
    <name>WHITE</name>
    <occluded>0</occluded>
    <bndbox>
      <xmin>173.45</xmin>
      <ymin>647.67</ymin>
      <xmax>198.4</xmax>
      <ymax>688.91</ymax>
    </bndbox>
  </object>
  <object>
    <name>WHITE</name>
    <occluded>0</occluded>
    <bndbox>
      <xmin>185.24</xmin>
      <ymin>707.28</ymin>
      <xmax>201.52</xmax>
      <ymax>748.17</ymax>
    </bndbox>
  </object>
  <object>
    <name>WHITE</name>
    <occluded>0</occluded>
    <bndbox>
      <xmin>206.38</xmin>
      <ymin>671.24</ymin>
      <xmax>234.1</xmax>
      <ymax>715.6</ymax>
    </bndbox>
  </object>
  <object>
    <name>WHITE</name>
    <occluded>0</occluded>
    <bndbox>
      <xmin>639.36</xmin>
      <ymin>439.15</ymin>
      <xmax>663.27</xmax>
      <ymax>475.89</ymax>
    </bndbox>
  </object>
  <object>
    <name>WHITE</name>
    <occluded>0</occluded>
    <bndbox>
      <xmin>396.92</xmin>
      <ymin>417.73</ymin>
      <xmax>441.4</xmax>
      <ymax>452.9</ymax>
    </bndbox>
  </object>
  <object>
    <name>WHITE</name>
    <occluded>0</occluded>
    <bndbox>
      <xmin>333.5</xmin>
      <ymin>746.7</ymin>
      <xmax>372.5</xmax>
      <ymax>784.5</ymax>
    </bndbox>
  </object>
  <object>
    <name>WHITE</name>
    <occluded>0</occluded>
    <bndbox>
      <xmin>349.43</xmin>
      <ymin>678.7</ymin>
      <xmax>392.57</xmax>
      <ymax>722.4</ymax>
    </bndbox>
  </object>
  <object>
    <name>WHITE</name>
    <occluded>0</occluded>
    <bndbox>
      <xmin>376.07</xmin>
      <ymin>608.57</ymin>
      <xmax>418.8</xmax>
      <ymax>650.4</ymax>
    </bndbox>
  </object>
  <object>
    <name>WHITE</name>
    <occluded>0</occluded>
    <bndbox>
      <xmin>409.49</xmin>
      <ymin>541.2</ymin>
      <xmax>451.0</xmax>
      <ymax>582.8</ymax>
    </bndbox>
  </object>
  <object>
    <name>WHITE</name>
    <occluded>0</occluded>
    <bndbox>
      <xmin>433.5</xmin>
      <ymin>471.85</ymin>
      <xmax>478.3</xmax>
      <ymax>512.0</ymax>
    </bndbox>
  </object>
  <object>
    <name>WHITE</name>
    <occluded>0</occluded>
    <bndbox>
      <xmin>515.44</xmin>
      <ymin>376.98</ymin>
      <xmax>556.9</xmax>
      <ymax>410.0</ymax>
    </bndbox>
  </object>
  <object>
    <name>WHITE</name>
    <occluded>0</occluded>
    <bndbox>
      <xmin>423.0</xmin>
      <ymin>669.5</ymin>
      <xmax>468.0</xmax>
      <ymax>712.7</ymax>
    </bndbox>
  </object>
  <object>
    <name>WHITE</name>
    <occluded>0</occluded>
    <bndbox>
      <xmin>452.0</xmin>
      <ymin>601.39</ymin>
      <xmax>496.4</xmax>
      <ymax>644.29</ymax>
    </bndbox>
  </object>
  <object>
    <name>WHITE</name>
    <occluded>0</occluded>
    <bndbox>
      <xmin>487.68</xmin>
      <ymin>538.31</ymin>
      <xmax>529.4</xmax>
      <ymax>579.69</ymax>
    </bndbox>
  </object>
  <object>
    <name>WHITE</name>
    <occluded>0</occluded>
    <bndbox>
      <xmin>521.69</xmin>
      <ymin>475.31</ymin>
      <xmax>557.6</xmax>
      <ymax>514.5</ymax>
    </bndbox>
  </object>
  <object>
    <name>WHITE</name>
    <occluded>0</occluded>
    <bndbox>
      <xmin>566.8</xmin>
      <ymin>432.63</ymin>
      <xmax>599.1</xmax>
      <ymax>473.3</ymax>
    </bndbox>
  </object>
  <object>
    <name>WHITE</name>
    <occluded>0</occluded>
    <bndbox>
      <xmin>464.57</xmin>
      <ymin>731.74</ymin>
      <xmax>509.5</xmax>
      <ymax>768.8</ymax>
    </bndbox>
  </object>
  <object>
    <name>WHITE</name>
    <occluded>0</occluded>
    <bndbox>
      <xmin>527.73</xmin>
      <ymin>605.8</ymin>
      <xmax>569.2</xmax>
      <ymax>649.61</ymax>
    </bndbox>
  </object>
  <object>
    <name>BLACK</name>
    <occluded>0</occluded>
    <bndbox>
      <xmin>563.93</xmin>
      <ymin>545.27</ymin>
      <xmax>604.4</xmax>
      <ymax>593.2</ymax>
    </bndbox>
  </object>
  <object>
    <name>WHITE</name>
    <occluded>0</occluded>
    <bndbox>
      <xmin>528.81</xmin>
      <ymin>735.0</ymin>
      <xmax>567.9</xmax>
      <ymax>773.2</ymax>
    </bndbox>
  </object>
  <object>
    <name>WHITE</name>
    <occluded>0</occluded>
    <bndbox>
      <xmin>592.45</xmin>
      <ymin>618.9</ymin>
      <xmax>626.1</xmax>
      <ymax>660.71</ymax>
    </bndbox>
  </object>
  <object>
    <name>WHITE</name>
    <occluded>0</occluded>
    <bndbox>
      <xmin>502.0</xmin>
      <ymin>673.0</ymin>
      <xmax>540.0</xmax>
      <ymax>715.0</ymax>
    </bndbox>
  </object>
  <object>
    <name>WHITE</name>
    <occluded>0</occluded>
    <bndbox>
      <xmin>489.24</xmin>
      <ymin>417.65</ymin>
      <xmax>518.76</xmax>
      <ymax>458.35</ymax>
    </bndbox>
  </object>
  <object>
    <name>WHITE</name>
    <occluded>0</occluded>
    <bndbox>
      <xmin>360.0</xmin>
      <ymin>481.0</ymin>
      <xmax>400.0</xmax>
      <ymax>519.0</ymax>
    </bndbox>
  </object>
  <object>
    <name>WHITE</name>
    <occluded>0</occluded>
    <bndbox>
      <xmin>332.0</xmin>
      <ymin>550.5</ymin>
      <xmax>372.0</xmax>
      <ymax>589.5</ymax>
    </bndbox>
  </object>
</annotation>
