<annotation>
  <folder>RA</folder>
  <filename>RA_camera5.png</filename>
  <source>
    <database>Unknown</database>
    <annotation>Unknown</annotation>
    <image>Unknown</image>
  </source>
  <size>
    <width>1280</width>
    <height>960</height>
    <depth></depth>
  </size>
  <segmented>0</segmented>
  <object>
    <name>WHITE</name>
    <occluded>0</occluded>
    <bndbox>
      <xmin>270.16</xmin>
      <ymin>359.85</ymin>
      <xmax>292.49</xmax>
      <ymax>402.52</ymax>
    </bndbox>
  </object>
  <object>
    <name>WHITE</name>
    <occluded>0</occluded>
    <bndbox>
      <xmin>306.57</xmin>
      <ymin>456.02</ymin>
      <xmax>333.42</xmax>
      <ymax>498.47</ymax>
    </bndbox>
  </object>
  <object>
    <name>WHITE</name>
    <occluded>0</occluded>
    <bndbox>
      <xmin>347.5</xmin>
      <ymin>523.81</ymin>
      <xmax>379.56</xmax>
      <ymax>567.13</ymax>
    </bndbox>
  </object>
  <object>
    <name>WHITE</name>
    <occluded>0</occluded>
    <bndbox>
      <xmin>337.76</xmin>
      <ymin>589.87</ymin>
      <xmax>367.0</xmax>
      <ymax>627.99</ymax>
    </bndbox>
  </object>
  <object>
    <name>WHITE</name>
    <occluded>0</occluded>
    <bndbox>
      <xmin>294.59</xmin>
      <ymin>286.86</ymin>
      <xmax>320.36</xmax>
      <ymax>326.06</ymax>
    </bndbox>
  </object>
  <object>
    <name>WHITE</name>
    <occluded>0</occluded>
    <bndbox>
      <xmin>529.14</xmin>
      <ymin>837.94</ymin>
      <xmax>570.08</xmax>
      <ymax>870.64</ymax>
    </bndbox>
  </object>
  <object>
    <name>BLACK</name>
    <occluded>0</occluded>
    <bndbox>
      <xmin>475.64</xmin>
      <ymin>826.03</ymin>
      <xmax>510.94</xmax>
      <ymax>857.0</ymax>
    </bndbox>
  </object>
  <object>
    <name>WHITE</name>
    <occluded>0</occluded>
    <bndbox>
      <xmin>745.27</xmin>
      <ymin>454.15</ymin>
      <xmax>772.2</xmax>
      <ymax>501.1</ymax>
    </bndbox>
  </object>
  <object>
    <name>WHITE</name>
    <occluded>0</occluded>
    <bndbox>
      <xmin>683.8</xmin>
      <ymin>612.85</ymin>
      <xmax>724.21</xmax>
      <ymax>656.5</ymax>
    </bndbox>
  </object>
  <object>
    <name>WHITE</name>
    <occluded>0</occluded>
    <bndbox>
      <xmin>652.42</xmin>
      <ymin>682.05</ymin>
      <xmax>693.74</xmax>
      <ymax>719.0</ymax>
    </bndbox>
  </object>
  <object>
    <name>WHITE</name>
    <occluded>0</occluded>
    <bndbox>
      <xmin>621.92</xmin>
      <ymin>738.49</ymin>
      <xmax>662.62</xmax>
      <ymax>774.5</ymax>
    </bndbox>
  </object>
  <object>
    <name>WHITE</name>
    <occluded>0</occluded>
    <bndbox>
      <xmin>597.5</xmin>
      <ymin>797.0</ymin>
      <xmax>636.5</xmax>
      <ymax>827.8</ymax>
    </bndbox>
  </object>
  <object>
    <name>WHITE</name>
    <occluded>0</occluded>
    <bndbox>
      <xmin>585.01</xmin>
      <ymin>831.05</ymin>
      <xmax>626.0</xmax>
      <ymax>872.3</ymax>
    </bndbox>
  </object>
  <object>
    <name>WHITE</name>
    <occluded>0</occluded>
    <bndbox>
      <xmin>692.66</xmin>
      <ymin>326.63</ymin>
      <xmax>732.0</xmax>
      <ymax>369.6</ymax>
    </bndbox>
  </object>
  <object>
    <name>WHITE</name>
    <occluded>0</occluded>
    <bndbox>
      <xmin>700.0</xmin>
      <ymin>404.3</ymin>
      <xmax>736.0</xmax>
      <ymax>449.5</ymax>
    </bndbox>
  </object>
  <object>
    <name>WHITE</name>
    <occluded>0</occluded>
    <bndbox>
      <xmin>675.0</xmin>
      <ymin>488.0</ymin>
      <xmax>713.5</xmax>
      <ymax>534.5</ymax>
    </bndbox>
  </object>
  <object>
    <name>WHITE</name>
    <occluded>0</occluded>
    <bndbox>
      <xmin>643.5</xmin>
      <ymin>563.9</ymin>
      <xmax>686.5</xmax>
      <ymax>606.0</ymax>
    </bndbox>
  </object>
  <object>
    <name>WHITE</name>
    <occluded>0</occluded>
    <bndbox>
      <xmin>612.0</xmin>
      <ymin>639.1</ymin>
      <xmax>652.0</xmax>
      <ymax>678.1</ymax>
    </bndbox>
  </object>
  <object>
    <name>WHITE</name>
    <occluded>0</occluded>
    <bndbox>
      <xmin>578.5</xmin>
      <ymin>707.3</ymin>
      <xmax>619.5</xmax>
      <ymax>739.0</ymax>
    </bndbox>
  </object>
  <object>
    <name>BLACK</name>
    <occluded>0</occluded>
    <bndbox>
      <xmin>639.55</xmin>
      <ymin>362.47</ymin>
      <xmax>684.9</xmax>
      <ymax>413.8</ymax>
    </bndbox>
  </object>
  <object>
    <name>WHITE</name>
    <occluded>0</occluded>
    <bndbox>
      <xmin>611.58</xmin>
      <ymin>431.17</ymin>
      <xmax>656.2</xmax>
      <ymax>479.1</ymax>
    </bndbox>
  </object>
  <object>
    <name>WHITE</name>
    <occluded>0</occluded>
    <bndbox>
      <xmin>594.5</xmin>
      <ymin>503.7</ymin>
      <xmax>640.3</xmax>
      <ymax>552.19</ymax>
    </bndbox>
  </object>
  <object>
    <name>WHITE</name>
    <occluded>0</occluded>
    <bndbox>
      <xmin>560.95</xmin>
      <ymin>592.78</ymin>
      <xmax>604.95</xmax>
      <ymax>630.78</ymax>
    </bndbox>
  </object>
  <object>
    <name>WHITE</name>
    <occluded>0</occluded>
    <bndbox>
      <xmin>521.96</xmin>
      <ymin>662.68</ymin>
      <xmax>568.8</xmax>
      <ymax>694.2</ymax>
    </bndbox>
  </object>
  <object>
    <name>BLACK</name>
    <occluded>0</occluded>
    <bndbox>
      <xmin>501.22</xmin>
      <ymin>716.4</ymin>
      <xmax>537.0</xmax>
      <ymax>748.0</ymax>
    </bndbox>
  </object>
  <object>
    <name>WHITE</name>
    <occluded>0</occluded>
    <bndbox>
      <xmin>486.27</xmin>
      <ymin>754.91</ymin>
      <xmax>527.5</xmax>
      <ymax>782.4</ymax>
    </bndbox>
  </object>
  <object>
    <name>WHITE</name>
    <occluded>0</occluded>
    <bndbox>
      <xmin>528.9</xmin>
      <ymin>438.4</ymin>
      <xmax>578.2</xmax>
      <ymax>489.14</ymax>
    </bndbox>
  </object>
  <object>
    <name>WHITE</name>
    <occluded>0</occluded>
    <bndbox>
      <xmin>494.5</xmin>
      <ymin>522.5</ymin>
      <xmax>542.7</xmax>
      <ymax>569.0</ymax>
    </bndbox>
  </object>
  <object>
    <name>WHITE</name>
    <occluded>0</occluded>
    <bndbox>
      <xmin>464.9</xmin>
      <ymin>596.5</ymin>
      <xmax>508.5</xmax>
      <ymax>638.5</ymax>
    </bndbox>
  </object>
  <object>
    <name>WHITE</name>
    <occluded>0</occluded>
    <bndbox>
      <xmin>444.48</xmin>
      <ymin>661.51</ymin>
      <xmax>482.3</xmax>
      <ymax>699.5</ymax>
    </bndbox>
  </object>
  <object>
    <name>WHITE</name>
    <occluded>0</occluded>
    <bndbox>
      <xmin>424.7</xmin>
      <ymin>710.2</ymin>
      <xmax>462.07</xmax>
      <ymax>737.47</ymax>
    </bndbox>
  </object>
  <object>
    <name>WHITE</name>
    <occluded>0</occluded>
    <bndbox>
      <xmin>619.4</xmin>
      <ymin>302.0</ymin>
      <xmax>660.66</xmax>
      <ymax>346.47</ymax>
    </bndbox>
  </object>
  <object>
    <name>WHITE</name>
    <occluded>0</occluded>
    <bndbox>
      <xmin>526.2</xmin>
      <ymin>293.78</ymin>
      <xmax>572.6</xmax>
      <ymax>340.6</ymax>
    </bndbox>
  </object>
  <object>
    <name>WHITE</name>
    <occluded>0</occluded>
    <bndbox>
      <xmin>475.5</xmin>
      <ymin>367.5</ymin>
      <xmax>523.3</xmax>
      <ymax>413.1</ymax>
    </bndbox>
  </object>
  <object>
    <name>WHITE</name>
    <occluded>0</occluded>
    <bndbox>
      <xmin>441.15</xmin>
      <ymin>445.07</ymin>
      <xmax>486.8</xmax>
      <ymax>493.0</ymax>
    </bndbox>
  </object>
  <object>
    <name>WHITE</name>
    <occluded>0</occluded>
    <bndbox>
      <xmin>390.65</xmin>
      <ymin>596.24</ymin>
      <xmax>429.0</xmax>
      <ymax>638.66</ymax>
    </bndbox>
  </object>
  <object>
    <name>WHITE</name>
    <occluded>0</occluded>
    <bndbox>
      <xmin>528.92</xmin>
      <ymin>801.55</ymin>
      <xmax>572.02</xmax>
      <ymax>834.04</ymax>
    </bndbox>
  </object>
  <object>
    <name>WHITE</name>
    <occluded>0</occluded>
    <bndbox>
      <xmin>471.31</xmin>
      <ymin>789.42</ymin>
      <xmax>505.53</xmax>
      <ymax>824.07</ymax>
    </bndbox>
  </object>
  <object>
    <name>WHITE</name>
    <occluded>0</occluded>
    <bndbox>
      <xmin>429.29</xmin>
      <ymin>746.32</ymin>
      <xmax>466.54</xmax>
      <ymax>777.94</ymax>
    </bndbox>
  </object>
  <object>
    <name>WHITE</name>
    <occluded>0</occluded>
    <bndbox>
      <xmin>428.21</xmin>
      <ymin>770.58</ymin>
      <xmax>458.96</xmax>
      <ymax>804.58</ymax>
    </bndbox>
  </object>
  <object>
    <name>WHITE</name>
    <occluded>0</occluded>
    <bndbox>
      <xmin>382.07</xmin>
      <ymin>656.0</ymin>
      <xmax>418.89</xmax>
      <ymax>691.52</ymax>
    </bndbox>
  </object>
  <object>
    <name>WHITE</name>
    <occluded>0</occluded>
    <bndbox>
      <xmin>557.3</xmin>
      <ymin>759.1</ymin>
      <xmax>598.67</xmax>
      <ymax>789.64</ymax>
    </bndbox>
  </object>
  <object>
    <name>WHITE</name>
    <occluded>0</occluded>
    <bndbox>
      <xmin>750.71</xmin>
      <ymin>688.05</ymin>
      <xmax>781.25</xmax>
      <ymax>727.04</ymax>
    </bndbox>
  </object>
  <object>
    <name>WHITE</name>
    <occluded>0</occluded>
    <bndbox>
      <xmin>749.68</xmin>
      <ymin>587.94</ymin>
      <xmax>783.68</xmax>
      <ymax>628.45</ymax>
    </bndbox>
  </object>
  <object>
    <name>WHITE</name>
    <occluded>0</occluded>
    <bndbox>
      <xmin>724.33</xmin>
      <ymin>539.64</ymin>
      <xmax>757.47</xmax>
      <ymax>582.31</ymax>
    </bndbox>
  </object>
  <object>
    <name>WHITE</name>
    <occluded>0</occluded>
    <bndbox>
      <xmin>783.49</xmin>
      <ymin>510.17</ymin>
      <xmax>814.7</xmax>
      <ymax>553.05</ymax>
    </bndbox>
  </object>
  <object>
    <name>WHITE</name>
    <occluded>0</occluded>
    <bndbox>
      <xmin>796.94</xmin>
      <ymin>422.23</ymin>
      <xmax>820.11</xmax>
      <ymax>466.41</ymax>
    </bndbox>
  </object>
  <object>
    <name>WHITE</name>
    <occluded>0</occluded>
    <bndbox>
      <xmin>740.19</xmin>
      <ymin>295.3</ymin>
      <xmax>773.33</xmax>
      <ymax>335.16</ymax>
    </bndbox>
  </object>
  <object>
    <name>WHITE</name>
    <occluded>0</occluded>
    <bndbox>
      <xmin>563.5</xmin>
      <ymin>362.5</ymin>
      <xmax>606.5</xmax>
      <ymax>405.5</ymax>
    </bndbox>
  </object>
  <object>
    <name>WHITE</name>
    <occluded>0</occluded>
    <bndbox>
      <xmin>668.06</xmin>
      <ymin>258.27</ymin>
      <xmax>706.18</xmax>
      <ymax>297.47</ymax>
    </bndbox>
  </object>
  <object>
    <name>WHITE</name>
    <occluded>0</occluded>
    <bndbox>
      <xmin>709.0</xmin>
      <ymin>232.49</ymin>
      <xmax>745.6</xmax>
      <ymax>267.15</ymax>
    </bndbox>
  </object>
  <object>
    <name>WHITE</name>
    <occluded>0</occluded>
    <bndbox>
      <xmin>645.1</xmin>
      <ymin>205.85</ymin>
      <xmax>684.09</xmax>
      <ymax>242.89</ymax>
    </bndbox>
  </object>
  <object>
    <name>WHITE</name>
    <occluded>0</occluded>
    <bndbox>
      <xmin>605.68</xmin>
      <ymin>170.11</ymin>
      <xmax>646.84</xmax>
      <ymax>192.64</ymax>
    </bndbox>
  </object>
  <object>
    <name>WHITE</name>
    <occluded>0</occluded>
    <bndbox>
      <xmin>462.28</xmin>
      <ymin>200.0</ymin>
      <xmax>504.75</xmax>
      <ymax>230.76</ymax>
    </bndbox>
  </object>
  <object>
    <name>WHITE</name>
    <occluded>0</occluded>
    <bndbox>
      <xmin>441.05</xmin>
      <ymin>163.61</ymin>
      <xmax>481.79</xmax>
      <ymax>190.91</ymax>
    </bndbox>
  </object>
  <object>
    <name>WHITE</name>
    <occluded>0</occluded>
    <bndbox>
      <xmin>393.62</xmin>
      <ymin>202.6</ymin>
      <xmax>433.06</xmax>
      <ymax>232.92</ymax>
    </bndbox>
  </object>
  <object>
    <name>WHITE</name>
    <occluded>0</occluded>
    <bndbox>
      <xmin>413.33</xmin>
      <ymin>251.55</ymin>
      <xmax>455.58</xmax>
      <ymax>291.0</ymax>
    </bndbox>
  </object>
  <object>
    <name>WHITE</name>
    <occluded>0</occluded>
    <bndbox>
      <xmin>351.16</xmin>
      <ymin>255.02</ymin>
      <xmax>384.11</xmax>
      <ymax>295.09</ymax>
    </bndbox>
  </object>
  <object>
    <name>WHITE</name>
    <occluded>0</occluded>
    <bndbox>
      <xmin>328.2</xmin>
      <ymin>232.49</ymin>
      <xmax>359.63</xmax>
      <ymax>269.53</ymax>
    </bndbox>
  </object>
  <object>
    <name>BLACK</name>
    <occluded>0</occluded>
    <bndbox>
      <xmin>286.5</xmin>
      <ymin>389.85</ymin>
      <xmax>310.17</xmax>
      <ymax>439.9</ymax>
    </bndbox>
  </object>
  <object>
    <name>WHITE</name>
    <occluded>0</occluded>
    <bndbox>
      <xmin>548.82</xmin>
      <ymin>189.57</ymin>
      <xmax>593.8</xmax>
      <ymax>219.1</ymax>
    </bndbox>
  </object>
  <object>
    <name>WHITE</name>
    <occluded>0</occluded>
    <bndbox>
      <xmin>309.4</xmin>
      <ymin>324.58</ymin>
      <xmax>338.09</xmax>
      <ymax>367.9</ymax>
    </bndbox>
  </object>
  <object>
    <name>WHITE</name>
    <occluded>0</occluded>
    <bndbox>
      <xmin>329.5</xmin>
      <ymin>381.0</ymin>
      <xmax>365.4</xmax>
      <ymax>425.8</ymax>
    </bndbox>
  </object>
  <object>
    <name>WHITE</name>
    <occluded>0</occluded>
    <bndbox>
      <xmin>364.6</xmin>
      <ymin>314.01</ymin>
      <xmax>407.3</xmax>
      <ymax>357.6</ymax>
    </bndbox>
  </object>
  <object>
    <name>WHITE</name>
    <occluded>0</occluded>
    <bndbox>
      <xmin>515.97</xmin>
      <ymin>159.05</ymin>
      <xmax>560.1</xmax>
      <ymax>180.9</ymax>
    </bndbox>
  </object>
  <object>
    <name>WHITE</name>
    <occluded>0</occluded>
    <bndbox>
      <xmin>365.8</xmin>
      <ymin>451.0</ymin>
      <xmax>403.34</xmax>
      <ymax>496.83</ymax>
    </bndbox>
  </object>
  <object>
    <name>WHITE</name>
    <occluded>0</occluded>
    <bndbox>
      <xmin>397.17</xmin>
      <ymin>372.84</ymin>
      <xmax>440.83</xmax>
      <ymax>418.3</ymax>
    </bndbox>
  </object>
  <object>
    <name>WHITE</name>
    <occluded>0</occluded>
    <bndbox>
      <xmin>442.83</xmin>
      <ymin>300.0</ymin>
      <xmax>488.4</xmax>
      <ymax>340.0</ymax>
    </bndbox>
  </object>
  <object>
    <name>WHITE</name>
    <occluded>0</occluded>
    <bndbox>
      <xmin>492.63</xmin>
      <ymin>241.05</ymin>
      <xmax>538.7</xmax>
      <ymax>279.4</ymax>
    </bndbox>
  </object>
  <object>
    <name>WHITE</name>
    <occluded>0</occluded>
    <bndbox>
      <xmin>415.0</xmin>
      <ymin>525.0</ymin>
      <xmax>457.1</xmax>
      <ymax>567.0</ymax>
    </bndbox>
  </object>
  <object>
    <name>WHITE</name>
    <occluded>0</occluded>
    <bndbox>
      <xmin>580.83</xmin>
      <ymin>231.98</ymin>
      <xmax>623.9</xmax>
      <ymax>270.8</ymax>
    </bndbox>
  </object>
  <object>
    <name>WHITE</name>
    <occluded>0</occluded>
    <bndbox>
      <xmin>745.8</xmin>
      <ymin>773.54</ymin>
      <xmax>774.77</xmax>
      <ymax>813.9</ymax>
    </bndbox>
  </object>
  <object>
    <name>WHITE</name>
    <occluded>0</occluded>
    <bndbox>
      <xmin>792.88</xmin>
      <ymin>342.01</ymin>
      <xmax>815.9</xmax>
      <ymax>384.6</ymax>
    </bndbox>
  </object>
  <object>
    <name>WHITE</name>
    <occluded>0</occluded>
    <bndbox>
      <xmin>724.67</xmin>
      <ymin>658.1</ymin>
      <xmax>756.6</xmax>
      <ymax>691.8</ymax>
    </bndbox>
  </object>
  <object>
    <name>WHITE</name>
    <occluded>0</occluded>
    <bndbox>
      <xmin>690.1</xmin>
      <ymin>716.75</ymin>
      <xmax>726.87</xmax>
      <ymax>753.2</ymax>
    </bndbox>
  </object>
  <object>
    <name>WHITE</name>
    <occluded>0</occluded>
    <bndbox>
      <xmin>665.27</xmin>
      <ymin>776.33</ymin>
      <xmax>701.27</xmax>
      <ymax>810.6</ymax>
    </bndbox>
  </object>
  <object>
    <name>WHITE</name>
    <occluded>0</occluded>
    <bndbox>
      <xmin>642.51</xmin>
      <ymin>820.42</ymin>
      <xmax>683.8</xmax>
      <ymax>860.5</ymax>
    </bndbox>
  </object>
  <object>
    <name>WHITE</name>
    <occluded>0</occluded>
    <bndbox>
      <xmin>752.9</xmin>
      <ymin>368.0</ymin>
      <xmax>782.09</xmax>
      <ymax>411.8</ymax>
    </bndbox>
  </object>
</annotation>
