<annotation>
  <folder>RA</folder>
  <filename>RA_camera6.png</filename>
  <source>
    <database>Unknown</database>
    <annotation>Unknown</annotation>
    <image>Unknown</image>
  </source>
  <size>
    <width>1280</width>
    <height>960</height>
    <depth></depth>
  </size>
  <segmented>0</segmented>
  <object>
    <name>BLACK</name>
    <occluded>0</occluded>
    <bndbox>
      <xmin>671.95</xmin>
      <ymin>493.7</ymin>
      <xmax>722.2</xmax>
      <ymax>544.8</ymax>
    </bndbox>
  </object>
  <object>
    <name>WHITE</name>
    <occluded>0</occluded>
    <bndbox>
      <xmin>638.92</xmin>
      <ymin>570.06</ymin>
      <xmax>687.2</xmax>
      <ymax>611.9</ymax>
    </bndbox>
  </object>
  <object>
    <name>WHITE</name>
    <occluded>0</occluded>
    <bndbox>
      <xmin>514.93</xmin>
      <ymin>745.06</ymin>
      <xmax>561.7</xmax>
      <ymax>774.7</ymax>
    </bndbox>
  </object>
  <object>
    <name>BLACK</name>
    <occluded>0</occluded>
    <bndbox>
      <xmin>486.42</xmin>
      <ymin>792.3</ymin>
      <xmax>530.3</xmax>
      <ymax>823.1</ymax>
    </bndbox>
  </object>
  <object>
    <name>WHITE</name>
    <occluded>0</occluded>
    <bndbox>
      <xmin>548.15</xmin>
      <ymin>570.25</ymin>
      <xmax>598.8</xmax>
      <ymax>616.7</ymax>
    </bndbox>
  </object>
  <object>
    <name>WHITE</name>
    <occluded>0</occluded>
    <bndbox>
      <xmin>318.6</xmin>
      <ymin>820.95</ymin>
      <xmax>359.4</xmax>
      <ymax>856.9</ymax>
    </bndbox>
  </object>
  <object>
    <name>BLACK</name>
    <occluded>0</occluded>
    <bndbox>
      <xmin>543.35</xmin>
      <ymin>193.06</ymin>
      <xmax>586.3</xmax>
      <ymax>212.7</ymax>
    </bndbox>
  </object>
  <object>
    <name>WHITE</name>
    <occluded>0</occluded>
    <bndbox>
      <xmin>531.0</xmin>
      <ymin>824.25</ymin>
      <xmax>571.6</xmax>
      <ymax>859.3</ymax>
    </bndbox>
  </object>
  <object>
    <name>WHITE</name>
    <occluded>0</occluded>
    <bndbox>
      <xmin>264.59</xmin>
      <ymin>548.68</ymin>
      <xmax>304.7</xmax>
      <ymax>593.6</ymax>
    </bndbox>
  </object>
  <object>
    <name>BLACK</name>
    <occluded>0</occluded>
    <bndbox>
      <xmin>303.37</xmin>
      <ymin>436.57</ymin>
      <xmax>346.4</xmax>
      <ymax>487.2</ymax>
    </bndbox>
  </object>
  <object>
    <name>WHITE</name>
    <occluded>0</occluded>
    <bndbox>
      <xmin>250.75</xmin>
      <ymin>464.75</ymin>
      <xmax>286.9</xmax>
      <ymax>508.75</ymax>
    </bndbox>
  </object>
  <object>
    <name>WHITE</name>
    <occluded>0</occluded>
    <bndbox>
      <xmin>202.75</xmin>
      <ymin>483.1</ymin>
      <xmax>225.8</xmax>
      <ymax>530.0</ymax>
    </bndbox>
  </object>
  <object>
    <name>WHITE</name>
    <occluded>0</occluded>
    <bndbox>
      <xmin>338.08</xmin>
      <ymin>373.07</ymin>
      <xmax>382.62</xmax>
      <ymax>419.7</ymax>
    </bndbox>
  </object>
  <object>
    <name>WHITE</name>
    <occluded>0</occluded>
    <bndbox>
      <xmin>268.0</xmin>
      <ymin>381.56</ymin>
      <xmax>306.01</xmax>
      <ymax>427.4</ymax>
    </bndbox>
  </object>
  <object>
    <name>WHITE</name>
    <occluded>0</occluded>
    <bndbox>
      <xmin>215.8</xmin>
      <ymin>401.75</ymin>
      <xmax>249.8</xmax>
      <ymax>445.2</ymax>
    </bndbox>
  </object>
  <object>
    <name>WHITE</name>
    <occluded>0</occluded>
    <bndbox>
      <xmin>385.7</xmin>
      <ymin>313.92</ymin>
      <xmax>430.4</xmax>
      <ymax>356.1</ymax>
    </bndbox>
  </object>
  <object>
    <name>WHITE</name>
    <occluded>0</occluded>
    <bndbox>
      <xmin>298.08</xmin>
      <ymin>320.7</ymin>
      <xmax>336.8</xmax>
      <ymax>359.87</ymax>
    </bndbox>
  </object>
  <object>
    <name>WHITE</name>
    <occluded>0</occluded>
    <bndbox>
      <xmin>439.5</xmin>
      <ymin>260.0</ymin>
      <xmax>482.2</xmax>
      <ymax>293.5</ymax>
    </bndbox>
  </object>
  <object>
    <name>WHITE</name>
    <occluded>0</occluded>
    <bndbox>
      <xmin>490.8</xmin>
      <ymin>219.33</ymin>
      <xmax>536.7</xmax>
      <ymax>247.4</ymax>
    </bndbox>
  </object>
  <object>
    <name>WHITE</name>
    <occluded>0</occluded>
    <bndbox>
      <xmin>734.6</xmin>
      <ymin>773.47</ymin>
      <xmax>769.58</xmax>
      <ymax>803.4</ymax>
    </bndbox>
  </object>
  <object>
    <name>WHITE</name>
    <occluded>0</occluded>
    <bndbox>
      <xmin>726.8</xmin>
      <ymin>710.17</ymin>
      <xmax>770.37</xmax>
      <ymax>740.1</ymax>
    </bndbox>
  </object>
  <object>
    <name>WHITE</name>
    <occluded>0</occluded>
    <bndbox>
      <xmin>794.1</xmin>
      <ymin>679.29</ymin>
      <xmax>827.74</xmax>
      <ymax>713.6</ymax>
    </bndbox>
  </object>
  <object>
    <name>WHITE</name>
    <occluded>0</occluded>
    <bndbox>
      <xmin>850.5</xmin>
      <ymin>433.0</ymin>
      <xmax>873.7</xmax>
      <ymax>478.1</ymax>
    </bndbox>
  </object>
  <object>
    <name>WHITE</name>
    <occluded>0</occluded>
    <bndbox>
      <xmin>830.76</xmin>
      <ymin>354.53</ymin>
      <xmax>856.3</xmax>
      <ymax>399.6</ymax>
    </bndbox>
  </object>
  <object>
    <name>WHITE</name>
    <occluded>0</occluded>
    <bndbox>
      <xmin>708.9</xmin>
      <ymin>840.32</ymin>
      <xmax>746.32</xmax>
      <ymax>862.4</ymax>
    </bndbox>
  </object>
  <object>
    <name>WHITE</name>
    <occluded>0</occluded>
    <bndbox>
      <xmin>739.1</xmin>
      <ymin>798.2</ymin>
      <xmax>772.6</xmax>
      <ymax>827.42</ymax>
    </bndbox>
  </object>
  <object>
    <name>WHITE</name>
    <occluded>0</occluded>
    <bndbox>
      <xmin>787.4</xmin>
      <ymin>746.45</ymin>
      <xmax>820.9</xmax>
      <ymax>778.8</ymax>
    </bndbox>
  </object>
  <object>
    <name>WHITE</name>
    <occluded>0</occluded>
    <bndbox>
      <xmin>795.53</xmin>
      <ymin>766.2</ymin>
      <xmax>824.5</xmax>
      <ymax>799.64</ymax>
    </bndbox>
  </object>
  <object>
    <name>WHITE</name>
    <occluded>0</occluded>
    <bndbox>
      <xmin>305.82</xmin>
      <ymin>858.41</ymin>
      <xmax>340.0</xmax>
      <ymax>892.4</ymax>
    </bndbox>
  </object>
  <object>
    <name>WHITE</name>
    <occluded>0</occluded>
    <bndbox>
      <xmin>384.98</xmin>
      <ymin>865.43</ymin>
      <xmax>427.7</xmax>
      <ymax>893.2</ymax>
    </bndbox>
  </object>
  <object>
    <name>BLACK</name>
    <occluded>0</occluded>
    <bndbox>
      <xmin>282.99</xmin>
      <ymin>830.54</ymin>
      <xmax>316.4</xmax>
      <ymax>856.2</ymax>
    </bndbox>
  </object>
  <object>
    <name>WHITE</name>
    <occluded>0</occluded>
    <bndbox>
      <xmin>329.05</xmin>
      <ymin>863.56</ymin>
      <xmax>364.9</xmax>
      <ymax>893.5</ymax>
    </bndbox>
  </object>
  <object>
    <name>WHITE</name>
    <occluded>0</occluded>
    <bndbox>
      <xmin>367.69</xmin>
      <ymin>900.19</ymin>
      <xmax>406.2</xmax>
      <ymax>926.5</ymax>
    </bndbox>
  </object>
  <object>
    <name>WHITE</name>
    <occluded>0</occluded>
    <bndbox>
      <xmin>572.3</xmin>
      <ymin>221.47</ymin>
      <xmax>619.1</xmax>
      <ymax>251.1</ymax>
    </bndbox>
  </object>
  <object>
    <name>WHITE</name>
    <occluded>0</occluded>
    <bndbox>
      <xmin>305.12</xmin>
      <ymin>638.03</ymin>
      <xmax>344.1</xmax>
      <ymax>678.3</ymax>
    </bndbox>
  </object>
  <object>
    <name>WHITE</name>
    <occluded>0</occluded>
    <bndbox>
      <xmin>352.08</xmin>
      <ymin>601.4</ymin>
      <xmax>394.7</xmax>
      <ymax>643.96</ymax>
    </bndbox>
  </object>
  <object>
    <name>WHITE</name>
    <occluded>0</occluded>
    <bndbox>
      <xmin>391.92</xmin>
      <ymin>543.54</ymin>
      <xmax>437.0</xmax>
      <ymax>589.1</ymax>
    </bndbox>
  </object>
  <object>
    <name>WHITE</name>
    <occluded>0</occluded>
    <bndbox>
      <xmin>436.68</xmin>
      <ymin>475.34</ymin>
      <xmax>489.7</xmax>
      <ymax>529.4</ymax>
    </bndbox>
  </object>
  <object>
    <name>WHITE</name>
    <occluded>0</occluded>
    <bndbox>
      <xmin>547.8</xmin>
      <ymin>335.64</ymin>
      <xmax>596.1</xmax>
      <ymax>380.36</ymax>
    </bndbox>
  </object>
  <object>
    <name>WHITE</name>
    <occluded>0</occluded>
    <bndbox>
      <xmin>608.5</xmin>
      <ymin>268.0</ymin>
      <xmax>651.5</xmax>
      <ymax>304.7</ymax>
    </bndbox>
  </object>
  <object>
    <name>WHITE</name>
    <occluded>0</occluded>
    <bndbox>
      <xmin>349.78</xmin>
      <ymin>719.92</ymin>
      <xmax>393.3</xmax>
      <ymax>757.5</ymax>
    </bndbox>
  </object>
  <object>
    <name>WHITE</name>
    <occluded>0</occluded>
    <bndbox>
      <xmin>383.0</xmin>
      <ymin>675.5</ymin>
      <xmax>427.6</xmax>
      <ymax>711.7</ymax>
    </bndbox>
  </object>
  <object>
    <name>WHITE</name>
    <occluded>0</occluded>
    <bndbox>
      <xmin>429.13</xmin>
      <ymin>627.18</ymin>
      <xmax>475.5</xmax>
      <ymax>667.0</ymax>
    </bndbox>
  </object>
  <object>
    <name>WHITE</name>
    <occluded>0</occluded>
    <bndbox>
      <xmin>466.76</xmin>
      <ymin>564.68</ymin>
      <xmax>517.2</xmax>
      <ymax>608.5</ymax>
    </bndbox>
  </object>
  <object>
    <name>WHITE</name>
    <occluded>0</occluded>
    <bndbox>
      <xmin>434.74</xmin>
      <ymin>738.7</ymin>
      <xmax>481.2</xmax>
      <ymax>774.7</ymax>
    </bndbox>
  </object>
  <object>
    <name>WHITE</name>
    <occluded>0</occluded>
    <bndbox>
      <xmin>320.0</xmin>
      <ymin>515.0</ymin>
      <xmax>358.0</xmax>
      <ymax>559.0</ymax>
    </bndbox>
  </object>
  <object>
    <name>WHITE</name>
    <occluded>0</occluded>
    <bndbox>
      <xmin>363.56</xmin>
      <ymin>452.12</ymin>
      <xmax>408.44</xmax>
      <ymax>493.88</ymax>
    </bndbox>
  </object>
  <object>
    <name>WHITE</name>
    <occluded>0</occluded>
    <bndbox>
      <xmin>420.5</xmin>
      <ymin>383.0</ymin>
      <xmax>463.5</xmax>
      <ymax>425.0</ymax>
    </bndbox>
  </object>
  <object>
    <name>WHITE</name>
    <occluded>0</occluded>
    <bndbox>
      <xmin>463.5</xmin>
      <ymin>328.0</ymin>
      <xmax>506.5</xmax>
      <ymax>368.0</ymax>
    </bndbox>
  </object>
  <object>
    <name>WHITE</name>
    <occluded>0</occluded>
    <bndbox>
      <xmin>769.2</xmin>
      <ymin>314.74</ymin>
      <xmax>805.1</xmax>
      <ymax>354.2</ymax>
    </bndbox>
  </object>
  <object>
    <name>WHITE</name>
    <occluded>0</occluded>
    <bndbox>
      <xmin>795.3</xmin>
      <ymin>393.55</ymin>
      <xmax>824.67</xmax>
      <ymax>439.5</ymax>
    </bndbox>
  </object>
  <object>
    <name>WHITE</name>
    <occluded>0</occluded>
    <bndbox>
      <xmin>520.93</xmin>
      <ymin>278.14</ymin>
      <xmax>565.07</xmax>
      <ymax>311.86</ymax>
    </bndbox>
  </object>
  <object>
    <name>WHITE</name>
    <occluded>0</occluded>
    <bndbox>
      <xmin>803.5</xmin>
      <ymin>482.5</ymin>
      <xmax>833.6</xmax>
      <ymax>527.5</ymax>
    </bndbox>
  </object>
  <object>
    <name>WHITE</name>
    <occluded>0</occluded>
    <bndbox>
      <xmin>787.2</xmin>
      <ymin>567.71</ymin>
      <xmax>822.52</xmax>
      <ymax>611.5</ymax>
    </bndbox>
  </object>
  <object>
    <name>WHITE</name>
    <occluded>0</occluded>
    <bndbox>
      <xmin>756.12</xmin>
      <ymin>652.3</ymin>
      <xmax>792.9</xmax>
      <ymax>688.88</ymax>
    </bndbox>
  </object>
  <object>
    <name>WHITE</name>
    <occluded>0</occluded>
    <bndbox>
      <xmin>754.6</xmin>
      <ymin>735.26</ymin>
      <xmax>794.59</xmax>
      <ymax>765.5</ymax>
    </bndbox>
  </object>
  <object>
    <name>WHITE</name>
    <occluded>0</occluded>
    <bndbox>
      <xmin>664.2</xmin>
      <ymin>234.58</ymin>
      <xmax>706.4</xmax>
      <ymax>268.3</ymax>
    </bndbox>
  </object>
  <object>
    <name>WHITE</name>
    <occluded>0</occluded>
    <bndbox>
      <xmin>707.09</xmin>
      <ymin>289.43</ymin>
      <xmax>749.4</xmax>
      <ymax>332.57</ymax>
    </bndbox>
  </object>
  <object>
    <name>WHITE</name>
    <occluded>0</occluded>
    <bndbox>
      <xmin>726.38</xmin>
      <ymin>365.46</ymin>
      <xmax>763.98</xmax>
      <ymax>408.88</ymax>
    </bndbox>
  </object>
  <object>
    <name>WHITE</name>
    <occluded>0</occluded>
    <bndbox>
      <xmin>738.9</xmin>
      <ymin>445.56</ymin>
      <xmax>778.43</xmax>
      <ymax>490.56</ymax>
    </bndbox>
  </object>
  <object>
    <name>WHITE</name>
    <occluded>0</occluded>
    <bndbox>
      <xmin>729.9</xmin>
      <ymin>535.84</ymin>
      <xmax>770.89</xmax>
      <ymax>581.3</ymax>
    </bndbox>
  </object>
  <object>
    <name>WHITE</name>
    <occluded>0</occluded>
    <bndbox>
      <xmin>698.0</xmin>
      <ymin>611.4</ymin>
      <xmax>745.14</xmax>
      <ymax>654.0</ymax>
    </bndbox>
  </object>
  <object>
    <name>WHITE</name>
    <occluded>0</occluded>
    <bndbox>
      <xmin>670.55</xmin>
      <ymin>685.55</ymin>
      <xmax>716.1</xmax>
      <ymax>718.55</ymax>
    </bndbox>
  </object>
  <object>
    <name>WHITE</name>
    <occluded>0</occluded>
    <bndbox>
      <xmin>471.81</xmin>
      <ymin>689.94</ymin>
      <xmax>520.54</xmax>
      <ymax>726.11</ymax>
    </bndbox>
  </object>
  <object>
    <name>WHITE</name>
    <occluded>0</occluded>
    <bndbox>
      <xmin>567.23</xmin>
      <ymin>408.56</ymin>
      <xmax>612.77</xmax>
      <ymax>453.44</ymax>
    </bndbox>
  </object>
  <object>
    <name>WHITE</name>
    <occluded>0</occluded>
    <bndbox>
      <xmin>636.5</xmin>
      <ymin>334.5</ymin>
      <xmax>679.5</xmax>
      <ymax>375.5</ymax>
    </bndbox>
  </object>
  <object>
    <name>WHITE</name>
    <occluded>0</occluded>
    <bndbox>
      <xmin>605.36</xmin>
      <ymin>493.3</ymin>
      <xmax>650.64</xmax>
      <ymax>538.7</ymax>
    </bndbox>
  </object>
  <object>
    <name>WHITE</name>
    <occluded>0</occluded>
    <bndbox>
      <xmin>657.51</xmin>
      <ymin>417.53</ymin>
      <xmax>700.49</xmax>
      <ymax>462.47</ymax>
    </bndbox>
  </object>
  <object>
    <name>WHITE</name>
    <occluded>0</occluded>
    <bndbox>
      <xmin>605.5</xmin>
      <ymin>645.0</ymin>
      <xmax>648.5</xmax>
      <ymax>679.0</ymax>
    </bndbox>
  </object>
  <object>
    <name>WHITE</name>
    <occluded>0</occluded>
    <bndbox>
      <xmin>493.5</xmin>
      <ymin>400.0</ymin>
      <xmax>538.5</xmax>
      <ymax>444.0</ymax>
    </bndbox>
  </object>
  <object>
    <name>WHITE</name>
    <occluded>0</occluded>
    <bndbox>
      <xmin>520.5</xmin>
      <ymin>490.0</ymin>
      <xmax>565.5</xmax>
      <ymax>536.0</ymax>
    </bndbox>
  </object>
  <object>
    <name>WHITE</name>
    <occluded>0</occluded>
    <bndbox>
      <xmin>428.1</xmin>
      <ymin>902.41</ymin>
      <xmax>471.76</xmax>
      <ymax>928.41</ymax>
    </bndbox>
  </object>
  <object>
    <name>WHITE</name>
    <occluded>0</occluded>
    <bndbox>
      <xmin>358.7</xmin>
      <ymin>793.25</ymin>
      <xmax>402.63</xmax>
      <ymax>826.3</ymax>
    </bndbox>
  </object>
  <object>
    <name>WHITE</name>
    <occluded>0</occluded>
    <bndbox>
      <xmin>432.78</xmin>
      <ymin>792.47</ymin>
      <xmax>474.62</xmax>
      <ymax>831.46</ymax>
    </bndbox>
  </object>
  <object>
    <name>WHITE</name>
    <occluded>0</occluded>
    <bndbox>
      <xmin>452.01</xmin>
      <ymin>844.97</ymin>
      <xmax>495.68</xmax>
      <ymax>875.64</ymax>
    </bndbox>
  </object>
  <object>
    <name>WHITE</name>
    <occluded>0</occluded>
    <bndbox>
      <xmin>502.95</xmin>
      <ymin>880.84</ymin>
      <xmax>544.02</xmax>
      <ymax>913.07</ymax>
    </bndbox>
  </object>
  <object>
    <name>WHITE</name>
    <occluded>0</occluded>
    <bndbox>
      <xmin>579.11</xmin>
      <ymin>850.43</ymin>
      <xmax>617.83</xmax>
      <ymax>882.4</ymax>
    </bndbox>
  </object>
  <object>
    <name>WHITE</name>
    <occluded>0</occluded>
    <bndbox>
      <xmin>565.07</xmin>
      <ymin>896.96</ymin>
      <xmax>603.8</xmax>
      <ymax>916.45</ymax>
    </bndbox>
  </object>
  <object>
    <name>WHITE</name>
    <occluded>0</occluded>
    <bndbox>
      <xmin>556.26</xmin>
      <ymin>698.39</ymin>
      <xmax>602.41</xmax>
      <ymax>733.91</ymax>
    </bndbox>
  </object>
  <object>
    <name>WHITE</name>
    <occluded>0</occluded>
    <bndbox>
      <xmin>269.03</xmin>
      <ymin>666.46</ymin>
      <xmax>302.04</xmax>
      <ymax>707.79</ymax>
    </bndbox>
  </object>
  <object>
    <name>WHITE</name>
    <occluded>0</occluded>
    <bndbox>
      <xmin>224.33</xmin>
      <ymin>580.69</ymin>
      <xmax>252.92</xmax>
      <ymax>623.32</ymax>
    </bndbox>
  </object>
  <object>
    <name>BLACK</name>
    <occluded>0</occluded>
    <bndbox>
      <xmin>775.75</xmin>
      <ymin>807.46</ymin>
      <xmax>803.7</xmax>
      <ymax>839.09</ymax>
    </bndbox>
  </object>
  <object>
    <name>WHITE</name>
    <occluded>0</occluded>
    <bndbox>
      <xmin>827.95</xmin>
      <ymin>604.73</ymin>
      <xmax>856.11</xmax>
      <ymax>644.8</ymax>
    </bndbox>
  </object>
  <object>
    <name>WHITE</name>
    <occluded>0</occluded>
    <bndbox>
      <xmin>848.53</xmin>
      <ymin>635.68</ymin>
      <xmax>871.71</xmax>
      <ymax>672.52</ymax>
    </bndbox>
  </object>
  <object>
    <name>WHITE</name>
    <occluded>0</occluded>
    <bndbox>
      <xmin>847.45</xmin>
      <ymin>516.36</ymin>
      <xmax>874.3</xmax>
      <ymax>562.06</ymax>
    </bndbox>
  </object>
  <object>
    <name>WHITE</name>
    <occluded>0</occluded>
    <bndbox>
      <xmin>248.26</xmin>
      <ymin>328.18</ymin>
      <xmax>285.08</xmax>
      <ymax>367.39</ymax>
    </bndbox>
  </object>
  <object>
    <name>WHITE</name>
    <occluded>0</occluded>
    <bndbox>
      <xmin>351.36</xmin>
      <ymin>267.75</ymin>
      <xmax>392.94</xmax>
      <ymax>305.87</ymax>
    </bndbox>
  </object>
  <object>
    <name>WHITE</name>
    <occluded>0</occluded>
    <bndbox>
      <xmin>411.35</xmin>
      <ymin>226.38</ymin>
      <xmax>452.94</xmax>
      <ymax>252.16</ymax>
    </bndbox>
  </object>
  <object>
    <name>WHITE</name>
    <occluded>0</occluded>
    <bndbox>
      <xmin>609.94</xmin>
      <ymin>191.52</ymin>
      <xmax>653.26</xmax>
      <ymax>213.54</ymax>
    </bndbox>
  </object>
  <object>
    <name>WHITE</name>
    <occluded>0</occluded>
    <bndbox>
      <xmin>290.59</xmin>
      <ymin>280.33</ymin>
      <xmax>331.17</xmax>
      <ymax>309.03</ymax>
    </bndbox>
  </object>
  <object>
    <name>WHITE</name>
    <occluded>0</occluded>
    <bndbox>
      <xmin>515.52</xmin>
      <ymin>639.94</ymin>
      <xmax>564.1</xmax>
      <ymax>679.1</ymax>
    </bndbox>
  </object>
</annotation>
