<annotation>
  <folder>RA</folder>
  <filename>RA_camera1.png</filename>
  <source>
    <database>Unknown</database>
    <annotation>Unknown</annotation>
    <image>Unknown</image>
  </source>
  <size>
    <width>960</width>
    <height>1280</height>
    <depth></depth>
  </size>
  <segmented>0</segmented>
  <object>
    <name>WHITE</name>
    <occluded>0</occluded>
    <bndbox>
      <xmin>493.2</xmin>
      <ymin>373.43</ymin>
      <xmax>532.8</xmax>
      <ymax>416.57</ymax>
    </bndbox>
  </object>
  <object>
    <name>WHITE</name>
    <occluded>0</occluded>
    <bndbox>
      <xmin>565.65</xmin>
      <ymin>227.76</ymin>
      <xmax>604.64</xmax>
      <ymax>261.94</ymax>
    </bndbox>
  </object>
  <object>
    <name>BLACK</name>
    <occluded>0</occluded>
    <bndbox>
      <xmin>629.91</xmin>
      <ymin>267.71</ymin>
      <xmax>660.23</xmax>
      <ymax>305.74</ymax>
    </bndbox>
  </object>
  <object>
    <name>WHITE</name>
    <occluded>0</occluded>
    <bndbox>
      <xmin>703.31</xmin>
      <ymin>461.93</ymin>
      <xmax>724.97</xmax>
      <ymax>504.8</ymax>
    </bndbox>
  </object>
  <object>
    <name>WHITE</name>
    <occluded>0</occluded>
    <bndbox>
      <xmin>496.24</xmin>
      <ymin>804.1</ymin>
      <xmax>537.88</xmax>
      <ymax>828.16</ymax>
    </bndbox>
  </object>
  <object>
    <name>WHITE</name>
    <occluded>0</occluded>
    <bndbox>
      <xmin>439.45</xmin>
      <ymin>788.93</ymin>
      <xmax>485.9</xmax>
      <ymax>813.96</ymax>
    </bndbox>
  </object>
  <object>
    <name>WHITE</name>
    <occluded>0</occluded>
    <bndbox>
      <xmin>206.38</xmin>
      <ymin>387.45</ymin>
      <xmax>229.59</xmax>
      <ymax>430.42</ymax>
    </bndbox>
  </object>
  <object>
    <name>WHITE</name>
    <occluded>0</occluded>
    <bndbox>
      <xmin>200.48</xmin>
      <ymin>342.4</ymin>
      <xmax>221.62</xmax>
      <ymax>385.71</ymax>
    </bndbox>
  </object>
  <object>
    <name>WHITE</name>
    <occluded>0</occluded>
    <bndbox>
      <xmin>568.52</xmin>
      <ymin>770.39</ymin>
      <xmax>607.33</xmax>
      <ymax>800.19</ymax>
    </bndbox>
  </object>
  <object>
    <name>WHITE</name>
    <occluded>0</occluded>
    <bndbox>
      <xmin>376.7</xmin>
      <ymin>548.0</ymin>
      <xmax>425.0</xmax>
      <ymax>595.4</ymax>
    </bndbox>
  </object>
  <object>
    <name>WHITE</name>
    <occluded>0</occluded>
    <bndbox>
      <xmin>370.08</xmin>
      <ymin>694.14</ymin>
      <xmax>416.1</xmax>
      <ymax>731.4</ymax>
    </bndbox>
  </object>
  <object>
    <name>BLACK</name>
    <occluded>0</occluded>
    <bndbox>
      <xmin>385.28</xmin>
      <ymin>473.72</ymin>
      <xmax>439.4</xmax>
      <ymax>525.3</ymax>
    </bndbox>
  </object>
  <object>
    <name>WHITE</name>
    <occluded>0</occluded>
    <bndbox>
      <xmin>592.58</xmin>
      <ymin>291.79</ymin>
      <xmax>631.0</xmax>
      <ymax>334.0</ymax>
    </bndbox>
  </object>
  <object>
    <name>WHITE</name>
    <occluded>0</occluded>
    <bndbox>
      <xmin>662.17</xmin>
      <ymin>322.49</ymin>
      <xmax>689.9</xmax>
      <ymax>363.8</ymax>
    </bndbox>
  </object>
  <object>
    <name>WHITE</name>
    <occluded>0</occluded>
    <bndbox>
      <xmin>546.46</xmin>
      <ymin>326.94</ymin>
      <xmax>588.1</xmax>
      <ymax>368.8</ymax>
    </bndbox>
  </object>
  <object>
    <name>WHITE</name>
    <occluded>0</occluded>
    <bndbox>
      <xmin>621.47</xmin>
      <ymin>359.98</ymin>
      <xmax>653.7</xmax>
      <ymax>403.2</ymax>
    </bndbox>
  </object>
  <object>
    <name>WHITE</name>
    <occluded>0</occluded>
    <bndbox>
      <xmin>687.93</xmin>
      <ymin>393.0</ymin>
      <xmax>713.4</xmax>
      <ymax>436.37</ymax>
    </bndbox>
  </object>
  <object>
    <name>WHITE</name>
    <occluded>0</occluded>
    <bndbox>
      <xmin>578.5</xmin>
      <ymin>401.5</ymin>
      <xmax>620.8</xmax>
      <ymax>444.9</ymax>
    </bndbox>
  </object>
  <object>
    <name>WHITE</name>
    <occluded>0</occluded>
    <bndbox>
      <xmin>644.3</xmin>
      <ymin>431.45</ymin>
      <xmax>677.6</xmax>
      <ymax>475.7</ymax>
    </bndbox>
  </object>
  <object>
    <name>WHITE</name>
    <occluded>0</occluded>
    <bndbox>
      <xmin>439.68</xmin>
      <ymin>420.63</ymin>
      <xmax>489.5</xmax>
      <ymax>468.4</ymax>
    </bndbox>
  </object>
  <object>
    <name>WHITE</name>
    <occluded>0</occluded>
    <bndbox>
      <xmin>531.5</xmin>
      <ymin>449.5</ymin>
      <xmax>571.5</xmax>
      <ymax>496.1</ymax>
    </bndbox>
  </object>
  <object>
    <name>WHITE</name>
    <occluded>0</occluded>
    <bndbox>
      <xmin>602.0</xmin>
      <ymin>479.76</ymin>
      <xmax>641.66</xmax>
      <ymax>525.8</ymax>
    </bndbox>
  </object>
  <object>
    <name>WHITE</name>
    <occluded>0</occluded>
    <bndbox>
      <xmin>653.56</xmin>
      <ymin>499.3</ymin>
      <xmax>687.1</xmax>
      <ymax>548.3</ymax>
    </bndbox>
  </object>
  <object>
    <name>WHITE</name>
    <occluded>0</occluded>
    <bndbox>
      <xmin>591.9</xmin>
      <ymin>564.9</ymin>
      <xmax>629.74</xmax>
      <ymax>611.1</ymax>
    </bndbox>
  </object>
  <object>
    <name>WHITE</name>
    <occluded>0</occluded>
    <bndbox>
      <xmin>587.8</xmin>
      <ymin>716.23</ymin>
      <xmax>626.19</xmax>
      <ymax>751.1</ymax>
    </bndbox>
  </object>
  <object>
    <name>WHITE</name>
    <occluded>0</occluded>
    <bndbox>
      <xmin>526.8</xmin>
      <ymin>540.1</ymin>
      <xmax>572.1</xmax>
      <ymax>586.5</ymax>
    </bndbox>
  </object>
  <object>
    <name>WHITE</name>
    <occluded>0</occluded>
    <bndbox>
      <xmin>532.5</xmin>
      <ymin>636.53</ymin>
      <xmax>577.13</xmax>
      <ymax>682.5</ymax>
    </bndbox>
  </object>
  <object>
    <name>WHITE</name>
    <occluded>0</occluded>
    <bndbox>
      <xmin>524.14</xmin>
      <ymin>704.8</ymin>
      <xmax>567.1</xmax>
      <ymax>739.8</ymax>
    </bndbox>
  </object>
  <object>
    <name>WHITE</name>
    <occluded>0</occluded>
    <bndbox>
      <xmin>515.76</xmin>
      <ymin>762.49</ymin>
      <xmax>559.4</xmax>
      <ymax>788.9</ymax>
    </bndbox>
  </object>
  <object>
    <name>WHITE</name>
    <occluded>0</occluded>
    <bndbox>
      <xmin>456.6</xmin>
      <ymin>505.2</ymin>
      <xmax>504.9</xmax>
      <ymax>555.0</ymax>
    </bndbox>
  </object>
  <object>
    <name>WHITE</name>
    <occluded>0</occluded>
    <bndbox>
      <xmin>462.33</xmin>
      <ymin>600.25</ymin>
      <xmax>508.6</xmax>
      <ymax>645.8</ymax>
    </bndbox>
  </object>
  <object>
    <name>WHITE</name>
    <occluded>0</occluded>
    <bndbox>
      <xmin>454.5</xmin>
      <ymin>682.5</ymin>
      <xmax>502.8</xmax>
      <ymax>719.3</ymax>
    </bndbox>
  </object>
  <object>
    <name>WHITE</name>
    <occluded>0</occluded>
    <bndbox>
      <xmin>448.0</xmin>
      <ymin>735.5</ymin>
      <xmax>490.0</xmax>
      <ymax>767.6</ymax>
    </bndbox>
  </object>
  <object>
    <name>WHITE</name>
    <occluded>0</occluded>
    <bndbox>
      <xmin>368.86</xmin>
      <ymin>761.93</ymin>
      <xmax>414.4</xmax>
      <ymax>786.4</ymax>
    </bndbox>
  </object>
  <object>
    <name>WHITE</name>
    <occluded>0</occluded>
    <bndbox>
      <xmin>295.2</xmin>
      <ymin>716.9</ymin>
      <xmax>335.9</xmax>
      <ymax>751.7</ymax>
    </bndbox>
  </object>
  <object>
    <name>WHITE</name>
    <occluded>0</occluded>
    <bndbox>
      <xmin>373.91</xmin>
      <ymin>624.98</ymin>
      <xmax>420.5</xmax>
      <ymax>669.1</ymax>
    </bndbox>
  </object>
  <object>
    <name>WHITE</name>
    <occluded>0</occluded>
    <bndbox>
      <xmin>289.55</xmin>
      <ymin>657.77</ymin>
      <xmax>332.9</xmax>
      <ymax>699.5</ymax>
    </bndbox>
  </object>
  <object>
    <name>WHITE</name>
    <occluded>0</occluded>
    <bndbox>
      <xmin>292.32</xmin>
      <ymin>579.76</ymin>
      <xmax>336.1</xmax>
      <ymax>627.1</ymax>
    </bndbox>
  </object>
  <object>
    <name>WHITE</name>
    <occluded>0</occluded>
    <bndbox>
      <xmin>229.33</xmin>
      <ymin>601.41</ymin>
      <xmax>267.2</xmax>
      <ymax>646.1</ymax>
    </bndbox>
  </object>
  <object>
    <name>WHITE</name>
    <occluded>0</occluded>
    <bndbox>
      <xmin>204.42</xmin>
      <ymin>522.0</ymin>
      <xmax>231.0</xmax>
      <ymax>564.0</ymax>
    </bndbox>
  </object>
  <object>
    <name>WHITE</name>
    <occluded>0</occluded>
    <bndbox>
      <xmin>182.7</xmin>
      <ymin>448.04</ymin>
      <xmax>205.57</xmax>
      <ymax>492.9</ymax>
    </bndbox>
  </object>
  <object>
    <name>WHITE</name>
    <occluded>0</occluded>
    <bndbox>
      <xmin>255.0</xmin>
      <ymin>508.0</ymin>
      <xmax>291.6</xmax>
      <ymax>551.4</ymax>
    </bndbox>
  </object>
  <object>
    <name>WHITE</name>
    <occluded>0</occluded>
    <bndbox>
      <xmin>218.4</xmin>
      <ymin>440.43</ymin>
      <xmax>246.21</xmax>
      <ymax>484.5</ymax>
    </bndbox>
  </object>
  <object>
    <name>WHITE</name>
    <occluded>0</occluded>
    <bndbox>
      <xmin>315.18</xmin>
      <ymin>490.32</ymin>
      <xmax>359.5</xmax>
      <ymax>538.0</ymax>
    </bndbox>
  </object>
  <object>
    <name>WHITE</name>
    <occluded>0</occluded>
    <bndbox>
      <xmin>271.04</xmin>
      <ymin>422.96</ymin>
      <xmax>312.3</xmax>
      <ymax>465.9</ymax>
    </bndbox>
  </object>
  <object>
    <name>WHITE</name>
    <occluded>0</occluded>
    <bndbox>
      <xmin>254.4</xmin>
      <ymin>365.85</ymin>
      <xmax>287.25</xmax>
      <ymax>409.8</ymax>
    </bndbox>
  </object>
  <object>
    <name>WHITE</name>
    <occluded>0</occluded>
    <bndbox>
      <xmin>407.51</xmin>
      <ymin>192.36</ymin>
      <xmax>448.49</xmax>
      <ymax>223.8</ymax>
    </bndbox>
  </object>
  <object>
    <name>WHITE</name>
    <occluded>0</occluded>
    <bndbox>
      <xmin>329.5</xmin>
      <ymin>356.66</ymin>
      <xmax>371.41</xmax>
      <ymax>398.3</ymax>
    </bndbox>
  </object>
  <object>
    <name>WHITE</name>
    <occluded>0</occluded>
    <bndbox>
      <xmin>382.79</xmin>
      <ymin>280.44</ymin>
      <xmax>422.9</xmax>
      <ymax>318.6</ymax>
    </bndbox>
  </object>
  <object>
    <name>WHITE</name>
    <occluded>0</occluded>
    <bndbox>
      <xmin>435.11</xmin>
      <ymin>230.6</ymin>
      <xmax>479.6</xmax>
      <ymax>267.2</ymax>
    </bndbox>
  </object>
  <object>
    <name>WHITE</name>
    <occluded>0</occluded>
    <bndbox>
      <xmin>482.61</xmin>
      <ymin>200.37</ymin>
      <xmax>528.2</xmax>
      <ymax>228.5</ymax>
    </bndbox>
  </object>
  <object>
    <name>WHITE</name>
    <occluded>0</occluded>
    <bndbox>
      <xmin>358.0</xmin>
      <ymin>415.0</ymin>
      <xmax>401.2</xmax>
      <ymax>460.1</ymax>
    </bndbox>
  </object>
  <object>
    <name>WHITE</name>
    <occluded>0</occluded>
    <bndbox>
      <xmin>412.6</xmin>
      <ymin>341.29</ymin>
      <xmax>457.43</xmax>
      <ymax>384.6</ymax>
    </bndbox>
  </object>
  <object>
    <name>WHITE</name>
    <occluded>0</occluded>
    <bndbox>
      <xmin>465.44</xmin>
      <ymin>288.34</ymin>
      <xmax>511.2</xmax>
      <ymax>331.52</ymax>
    </bndbox>
  </object>
  <object>
    <name>WHITE</name>
    <occluded>0</occluded>
    <bndbox>
      <xmin>701.14</xmin>
      <ymin>533.64</ymin>
      <xmax>724.24</xmax>
      <ymax>577.2</ymax>
    </bndbox>
  </object>
  <object>
    <name>BLACK</name>
    <occluded>0</occluded>
    <bndbox>
      <xmin>375.05</xmin>
      <ymin>798.85</ymin>
      <xmax>419.09</xmax>
      <ymax>821.47</ymax>
    </bndbox>
  </object>
  <object>
    <name>WHITE</name>
    <occluded>0</occluded>
    <bndbox>
      <xmin>306.7</xmin>
      <ymin>770.93</ymin>
      <xmax>347.85</xmax>
      <ymax>796.44</ymax>
    </bndbox>
  </object>
  <object>
    <name>WHITE</name>
    <occluded>0</occluded>
    <bndbox>
      <xmin>235.22</xmin>
      <ymin>664.56</ymin>
      <xmax>270.6</xmax>
      <ymax>705.47</ymax>
    </bndbox>
  </object>
  <object>
    <name>WHITE</name>
    <occluded>0</occluded>
    <bndbox>
      <xmin>194.55</xmin>
      <ymin>668.89</ymin>
      <xmax>221.51</xmax>
      <ymax>706.92</ymax>
    </bndbox>
  </object>
  <object>
    <name>WHITE</name>
    <occluded>0</occluded>
    <bndbox>
      <xmin>187.81</xmin>
      <ymin>600.3</ymin>
      <xmax>216.93</xmax>
      <ymax>645.31</ymax>
    </bndbox>
  </object>
  <object>
    <name>WHITE</name>
    <occluded>0</occluded>
    <bndbox>
      <xmin>598.36</xmin>
      <ymin>653.25</ymin>
      <xmax>634.0</xmax>
      <ymax>691.76</ymax>
    </bndbox>
  </object>
  <object>
    <name>WHITE</name>
    <occluded>0</occluded>
    <bndbox>
      <xmin>652.99</xmin>
      <ymin>658.79</ymin>
      <xmax>683.57</xmax>
      <ymax>695.12</ymax>
    </bndbox>
  </object>
  <object>
    <name>WHITE</name>
    <occluded>0</occluded>
    <bndbox>
      <xmin>654.67</xmin>
      <ymin>586.11</ymin>
      <xmax>685.26</xmax>
      <ymax>628.7</ymax>
    </bndbox>
  </object>
  <object>
    <name>WHITE</name>
    <occluded>0</occluded>
    <bndbox>
      <xmin>167.12</xmin>
      <ymin>526.9</ymin>
      <xmax>186.37</xmax>
      <ymax>569.02</ymax>
    </bndbox>
  </object>
  <object>
    <name>WHITE</name>
    <occluded>0</occluded>
    <bndbox>
      <xmin>243.38</xmin>
      <ymin>325.47</ymin>
      <xmax>275.17</xmax>
      <ymax>366.86</ymax>
    </bndbox>
  </object>
  <object>
    <name>WHITE</name>
    <occluded>0</occluded>
    <bndbox>
      <xmin>304.03</xmin>
      <ymin>305.01</ymin>
      <xmax>343.04</xmax>
      <ymax>342.8</ymax>
    </bndbox>
  </object>
  <object>
    <name>WHITE</name>
    <occluded>0</occluded>
    <bndbox>
      <xmin>361.3</xmin>
      <ymin>233.78</ymin>
      <xmax>405.13</xmax>
      <ymax>266.03</ymax>
    </bndbox>
  </object>
  <object>
    <name>WHITE</name>
    <occluded>0</occluded>
    <bndbox>
      <xmin>285.98</xmin>
      <ymin>265.31</ymin>
      <xmax>322.1</xmax>
      <ymax>298.76</ymax>
    </bndbox>
  </object>
  <object>
    <name>WHITE</name>
    <occluded>0</occluded>
    <bndbox>
      <xmin>334.11</xmin>
      <ymin>209.71</ymin>
      <xmax>373.12</xmax>
      <ymax>238.11</ymax>
    </bndbox>
  </object>
  <object>
    <name>WHITE</name>
    <occluded>0</occluded>
    <bndbox>
      <xmin>539.42</xmin>
      <ymin>183.0</ymin>
      <xmax>580.09</xmax>
      <ymax>208.51</ymax>
    </bndbox>
  </object>
  <object>
    <name>WHITE</name>
    <occluded>0</occluded>
    <bndbox>
      <xmin>454.95</xmin>
      <ymin>163.75</ymin>
      <xmax>499.47</xmax>
      <ymax>185.89</ymax>
    </bndbox>
  </object>
  <object>
    <name>WHITE</name>
    <occluded>0</occluded>
    <bndbox>
      <xmin>377.91</xmin>
      <ymin>168.56</ymin>
      <xmax>416.92</xmax>
      <ymax>195.03</ymax>
    </bndbox>
  </object>
  <object>
    <name>WHITE</name>
    <occluded>0</occluded>
    <bndbox>
      <xmin>512.0</xmin>
      <ymin>244.5</ymin>
      <xmax>554.6</xmax>
      <ymax>283.3</ymax>
    </bndbox>
  </object>
</annotation>
