<annotation>
  <folder>RA</folder>
  <filename>RA_camera10.png</filename>
  <source>
    <database>Unknown</database>
    <annotation>Unknown</annotation>
    <image>Unknown</image>
  </source>
  <size>
    <width>1280</width>
    <height>960</height>
    <depth></depth>
  </size>
  <segmented>0</segmented>
  <object>
    <name>WHITE</name>
    <occluded>0</occluded>
    <bndbox>
      <xmin>379.6</xmin>
      <ymin>328.32</ymin>
      <xmax>413.15</xmax>
      <ymax>376.92</ymax>
    </bndbox>
  </object>
  <object>
    <name>WHITE</name>
    <occluded>0</occluded>
    <bndbox>
      <xmin>654.19</xmin>
      <ymin>153.88</ymin>
      <xmax>703.6</xmax>
      <ymax>192.9</ymax>
    </bndbox>
  </object>
  <object>
    <name>WHITE</name>
    <occluded>0</occluded>
    <bndbox>
      <xmin>623.58</xmin>
      <ymin>234.46</ymin>
      <xmax>675.3</xmax>
      <ymax>282.3</ymax>
    </bndbox>
  </object>
  <object>
    <name>WHITE</name>
    <occluded>0</occluded>
    <bndbox>
      <xmin>609.96</xmin>
      <ymin>305.97</ymin>
      <xmax>657.4</xmax>
      <ymax>354.9</ymax>
    </bndbox>
  </object>
  <object>
    <name>WHITE</name>
    <occluded>0</occluded>
    <bndbox>
      <xmin>501.1</xmin>
      <ymin>574.74</ymin>
      <xmax>552.8</xmax>
      <ymax>622.8</ymax>
    </bndbox>
  </object>
  <object>
    <name>WHITE</name>
    <occluded>0</occluded>
    <bndbox>
      <xmin>582.97</xmin>
      <ymin>120.16</ymin>
      <xmax>628.6</xmax>
      <ymax>156.6</ymax>
    </bndbox>
  </object>
  <object>
    <name>WHITE</name>
    <occluded>0</occluded>
    <bndbox>
      <xmin>553.19</xmin>
      <ymin>187.66</ymin>
      <xmax>600.7</xmax>
      <ymax>227.1</ymax>
    </bndbox>
  </object>
  <object>
    <name>WHITE</name>
    <occluded>0</occluded>
    <bndbox>
      <xmin>503.61</xmin>
      <ymin>659.7</ymin>
      <xmax>551.2</xmax>
      <ymax>711.9</ymax>
    </bndbox>
  </object>
  <object>
    <name>WHITE</name>
    <occluded>0</occluded>
    <bndbox>
      <xmin>426.94</xmin>
      <ymin>621.23</ymin>
      <xmax>471.1</xmax>
      <ymax>672.7</ymax>
    </bndbox>
  </object>
  <object>
    <name>WHITE</name>
    <occluded>0</occluded>
    <bndbox>
      <xmin>536.92</xmin>
      <ymin>269.54</ymin>
      <xmax>582.9</xmax>
      <ymax>319.0</ymax>
    </bndbox>
  </object>
  <object>
    <name>WHITE</name>
    <occluded>0</occluded>
    <bndbox>
      <xmin>440.47</xmin>
      <ymin>521.59</ymin>
      <xmax>489.7</xmax>
      <ymax>571.2</ymax>
    </bndbox>
  </object>
  <object>
    <name>WHITE</name>
    <occluded>0</occluded>
    <bndbox>
      <xmin>498.7</xmin>
      <ymin>150.13</ymin>
      <xmax>538.07</xmax>
      <ymax>193.9</ymax>
    </bndbox>
  </object>
  <object>
    <name>WHITE</name>
    <occluded>0</occluded>
    <bndbox>
      <xmin>470.9</xmin>
      <ymin>229.39</ymin>
      <xmax>508.93</xmax>
      <ymax>276.8</ymax>
    </bndbox>
  </object>
  <object>
    <name>WHITE</name>
    <occluded>0</occluded>
    <bndbox>
      <xmin>895.87</xmin>
      <ymin>419.6</ymin>
      <xmax>930.5</xmax>
      <ymax>466.4</ymax>
    </bndbox>
  </object>
  <object>
    <name>WHITE</name>
    <occluded>0</occluded>
    <bndbox>
      <xmin>919.71</xmin>
      <ymin>560.28</ymin>
      <xmax>957.7</xmax>
      <ymax>607.72</ymax>
    </bndbox>
  </object>
  <object>
    <name>BLACK</name>
    <occluded>0</occluded>
    <bndbox>
      <xmin>379.69</xmin>
      <ymin>755.89</ymin>
      <xmax>425.7</xmax>
      <ymax>804.6</ymax>
    </bndbox>
  </object>
  <object>
    <name>WHITE</name>
    <occluded>0</occluded>
    <bndbox>
      <xmin>326.73</xmin>
      <ymin>610.12</ymin>
      <xmax>363.6</xmax>
      <ymax>659.5</ymax>
    </bndbox>
  </object>
  <object>
    <name>WHITE</name>
    <occluded>0</occluded>
    <bndbox>
      <xmin>363.32</xmin>
      <ymin>666.31</ymin>
      <xmax>401.7</xmax>
      <ymax>714.0</ymax>
    </bndbox>
  </object>
  <object>
    <name>WHITE</name>
    <occluded>0</occluded>
    <bndbox>
      <xmin>424.13</xmin>
      <ymin>713.31</ymin>
      <xmax>472.7</xmax>
      <ymax>762.2</ymax>
    </bndbox>
  </object>
  <object>
    <name>WHITE</name>
    <occluded>0</occluded>
    <bndbox>
      <xmin>310.7</xmin>
      <ymin>513.5</ymin>
      <xmax>337.88</xmax>
      <ymax>560.5</ymax>
    </bndbox>
  </object>
  <object>
    <name>WHITE</name>
    <occluded>0</occluded>
    <bndbox>
      <xmin>349.12</xmin>
      <ymin>485.51</ymin>
      <xmax>393.5</xmax>
      <ymax>530.9</ymax>
    </bndbox>
  </object>
  <object>
    <name>WHITE</name>
    <occluded>0</occluded>
    <bndbox>
      <xmin>376.1</xmin>
      <ymin>561.59</ymin>
      <xmax>414.1</xmax>
      <ymax>610.39</ymax>
    </bndbox>
  </object>
  <object>
    <name>WHITE</name>
    <occluded>0</occluded>
    <bndbox>
      <xmin>358.7</xmin>
      <ymin>409.82</ymin>
      <xmax>392.08</xmax>
      <ymax>457.9</ymax>
    </bndbox>
  </object>
  <object>
    <name>WHITE</name>
    <occluded>0</occluded>
    <bndbox>
      <xmin>415.4</xmin>
      <ymin>385.71</ymin>
      <xmax>451.61</xmax>
      <ymax>431.4</ymax>
    </bndbox>
  </object>
  <object>
    <name>WHITE</name>
    <occluded>0</occluded>
    <bndbox>
      <xmin>480.4</xmin>
      <ymin>114.76</ymin>
      <xmax>520.0</xmax>
      <ymax>146.4</ymax>
    </bndbox>
  </object>
  <object>
    <name>BLACK</name>
    <occluded>0</occluded>
    <bndbox>
      <xmin>399.5</xmin>
      <ymin>464.29</ymin>
      <xmax>433.1</xmax>
      <ymax>515.5</ymax>
    </bndbox>
  </object>
  <object>
    <name>WHITE</name>
    <occluded>0</occluded>
    <bndbox>
      <xmin>438.7</xmin>
      <ymin>314.0</ymin>
      <xmax>477.5</xmax>
      <ymax>358.0</ymax>
    </bndbox>
  </object>
  <object>
    <name>WHITE</name>
    <occluded>0</occluded>
    <bndbox>
      <xmin>335.26</xmin>
      <ymin>706.85</ymin>
      <xmax>361.46</xmax>
      <ymax>752.7</ymax>
    </bndbox>
  </object>
  <object>
    <name>BLACK</name>
    <occluded>0</occluded>
    <bndbox>
      <xmin>287.85</xmin>
      <ymin>642.91</ymin>
      <xmax>309.06</xmax>
      <ymax>685.95</ymax>
    </bndbox>
  </object>
  <object>
    <name>WHITE</name>
    <occluded>0</occluded>
    <bndbox>
      <xmin>307.33</xmin>
      <ymin>659.96</ymin>
      <xmax>329.22</xmax>
      <ymax>706.96</ymax>
    </bndbox>
  </object>
  <object>
    <name>WHITE</name>
    <occluded>0</occluded>
    <bndbox>
      <xmin>295.2</xmin>
      <ymin>585.08</ymin>
      <xmax>316.42</xmax>
      <ymax>631.22</ymax>
    </bndbox>
  </object>
  <object>
    <name>WHITE</name>
    <occluded>0</occluded>
    <bndbox>
      <xmin>930.45</xmin>
      <ymin>495.2</ymin>
      <xmax>961.63</xmax>
      <ymax>545.88</ymax>
    </bndbox>
  </object>
  <object>
    <name>WHITE</name>
    <occluded>0</occluded>
    <bndbox>
      <xmin>977.01</xmin>
      <ymin>509.06</ymin>
      <xmax>998.02</xmax>
      <ymax>557.36</ymax>
    </bndbox>
  </object>
  <object>
    <name>WHITE</name>
    <occluded>0</occluded>
    <bndbox>
      <xmin>917.02</xmin>
      <ymin>349.63</ymin>
      <xmax>947.17</xmax>
      <ymax>398.23</ymax>
    </bndbox>
  </object>
  <object>
    <name>WHITE</name>
    <occluded>0</occluded>
    <bndbox>
      <xmin>895.71</xmin>
      <ymin>210.06</ymin>
      <xmax>924.82</xmax>
      <ymax>254.5</ymax>
    </bndbox>
  </object>
  <object>
    <name>WHITE</name>
    <occluded>0</occluded>
    <bndbox>
      <xmin>758.42</xmin>
      <ymin>90.65</ymin>
      <xmax>801.83</xmax>
      <ymax>121.58</ymax>
    </bndbox>
  </object>
  <object>
    <name>WHITE</name>
    <occluded>0</occluded>
    <bndbox>
      <xmin>674.73</xmin>
      <ymin>96.37</ymin>
      <xmax>722.29</xmax>
      <ymax>126.52</ymax>
    </bndbox>
  </object>
  <object>
    <name>BLACK</name>
    <occluded>0</occluded>
    <bndbox>
      <xmin>535.13</xmin>
      <ymin>98.45</ymin>
      <xmax>578.04</xmax>
      <ymax>130.16</ymax>
    </bndbox>
  </object>
  <object>
    <name>WHITE</name>
    <occluded>0</occluded>
    <bndbox>
      <xmin>606.09</xmin>
      <ymin>74.28</ymin>
      <xmax>653.42</xmax>
      <ymax>97.15</ymax>
    </bndbox>
  </object>
  <object>
    <name>WHITE</name>
    <occluded>0</occluded>
    <bndbox>
      <xmin>430.28</xmin>
      <ymin>183.81</ymin>
      <xmax>471.11</xmax>
      <ymax>220.71</ymax>
    </bndbox>
  </object>
  <object>
    <name>WHITE</name>
    <occluded>0</occluded>
    <bndbox>
      <xmin>425.86</xmin>
      <ymin>144.3</ymin>
      <xmax>458.64</xmax>
      <ymax>176.79</ymax>
    </bndbox>
  </object>
  <object>
    <name>WHITE</name>
    <occluded>0</occluded>
    <bndbox>
      <xmin>381.68</xmin>
      <ymin>209.8</ymin>
      <xmax>412.89</xmax>
      <ymax>249.04</ymax>
    </bndbox>
  </object>
  <object>
    <name>WHITE</name>
    <occluded>0</occluded>
    <bndbox>
      <xmin>406.37</xmin>
      <ymin>255.28</ymin>
      <xmax>441.74</xmax>
      <ymax>298.95</ymax>
    </bndbox>
  </object>
  <object>
    <name>WHITE</name>
    <occluded>0</occluded>
    <bndbox>
      <xmin>581.5</xmin>
      <ymin>618.0</ymin>
      <xmax>631.8</xmax>
      <ymax>671.0</ymax>
    </bndbox>
  </object>
  <object>
    <name>WHITE</name>
    <occluded>0</occluded>
    <bndbox>
      <xmin>354.13</xmin>
      <ymin>279.19</ymin>
      <xmax>383.26</xmax>
      <ymax>320.52</ymax>
    </bndbox>
  </object>
  <object>
    <name>WHITE</name>
    <occluded>0</occluded>
    <bndbox>
      <xmin>329.18</xmin>
      <ymin>354.05</ymin>
      <xmax>355.97</xmax>
      <ymax>396.42</ymax>
    </bndbox>
  </object>
  <object>
    <name>WHITE</name>
    <occluded>0</occluded>
    <bndbox>
      <xmin>854.0</xmin>
      <ymin>560.0</ymin>
      <xmax>900.0</xmax>
      <ymax>608.0</ymax>
    </bndbox>
  </object>
  <object>
    <name>WHITE</name>
    <occluded>0</occluded>
    <bndbox>
      <xmin>700.0</xmin>
      <ymin>515.0</ymin>
      <xmax>748.0</xmax>
      <ymax>563.0</ymax>
    </bndbox>
  </object>
  <object>
    <name>WHITE</name>
    <occluded>0</occluded>
    <bndbox>
      <xmin>311.24</xmin>
      <ymin>427.58</ymin>
      <xmax>336.5</xmax>
      <ymax>473.74</ymax>
    </bndbox>
  </object>
  <object>
    <name>WHITE</name>
    <occluded>0</occluded>
    <bndbox>
      <xmin>831.07</xmin>
      <ymin>109.44</ymin>
      <xmax>868.11</xmax>
      <ymax>139.55</ymax>
    </bndbox>
  </object>
  <object>
    <name>WHITE</name>
    <occluded>0</occluded>
    <bndbox>
      <xmin>868.8</xmin>
      <ymin>273.09</ymin>
      <xmax>907.63</xmax>
      <ymax>318.91</ymax>
    </bndbox>
  </object>
  <object>
    <name>WHITE</name>
    <occluded>0</occluded>
    <bndbox>
      <xmin>866.8</xmin>
      <ymin>489.97</ymin>
      <xmax>907.61</xmax>
      <ymax>538.03</ymax>
    </bndbox>
  </object>
  <object>
    <name>BLACK</name>
    <occluded>0</occluded>
    <bndbox>
      <xmin>835.7</xmin>
      <ymin>342.72</ymin>
      <xmax>884.67</xmax>
      <ymax>392.4</ymax>
    </bndbox>
  </object>
  <object>
    <name>WHITE</name>
    <occluded>0</occluded>
    <bndbox>
      <xmin>817.88</xmin>
      <ymin>409.14</ymin>
      <xmax>865.8</xmax>
      <ymax>460.3</ymax>
    </bndbox>
  </object>
  <object>
    <name>WHITE</name>
    <occluded>0</occluded>
    <bndbox>
      <xmin>782.5</xmin>
      <ymin>494.0</ymin>
      <xmax>832.9</xmax>
      <ymax>542.9</ymax>
    </bndbox>
  </object>
  <object>
    <name>BLACK</name>
    <occluded>0</occluded>
    <bndbox>
      <xmin>772.59</xmin>
      <ymin>567.82</ymin>
      <xmax>827.5</xmax>
      <ymax>622.9</ymax>
    </bndbox>
  </object>
  <object>
    <name>WHITE</name>
    <occluded>0</occluded>
    <bndbox>
      <xmin>827.89</xmin>
      <ymin>140.19</ymin>
      <xmax>867.6</xmax>
      <ymax>179.6</ymax>
    </bndbox>
  </object>
  <object>
    <name>WHITE</name>
    <occluded>0</occluded>
    <bndbox>
      <xmin>810.07</xmin>
      <ymin>198.06</ymin>
      <xmax>856.9</xmax>
      <ymax>239.1</ymax>
    </bndbox>
  </object>
  <object>
    <name>WHITE</name>
    <occluded>0</occluded>
    <bndbox>
      <xmin>783.4</xmin>
      <ymin>274.68</ymin>
      <xmax>830.8</xmax>
      <ymax>317.68</ymax>
    </bndbox>
  </object>
  <object>
    <name>WHITE</name>
    <occluded>0</occluded>
    <bndbox>
      <xmin>743.08</xmin>
      <ymin>348.1</ymin>
      <xmax>796.1</xmax>
      <ymax>399.3</ymax>
    </bndbox>
  </object>
  <object>
    <name>WHITE</name>
    <occluded>0</occluded>
    <bndbox>
      <xmin>736.4</xmin>
      <ymin>421.4</ymin>
      <xmax>786.0</xmax>
      <ymax>470.8</ymax>
    </bndbox>
  </object>
  <object>
    <name>WHITE</name>
    <occluded>0</occluded>
    <bndbox>
      <xmin>679.07</xmin>
      <ymin>590.07</ymin>
      <xmax>730.7</xmax>
      <ymax>640.4</ymax>
    </bndbox>
  </object>
  <object>
    <name>WHITE</name>
    <occluded>0</occluded>
    <bndbox>
      <xmin>746.17</xmin>
      <ymin>139.85</ymin>
      <xmax>793.5</xmax>
      <ymax>175.2</ymax>
    </bndbox>
  </object>
  <object>
    <name>WHITE</name>
    <occluded>0</occluded>
    <bndbox>
      <xmin>719.7</xmin>
      <ymin>206.2</ymin>
      <xmax>766.5</xmax>
      <ymax>247.5</ymax>
    </bndbox>
  </object>
  <object>
    <name>WHITE</name>
    <occluded>0</occluded>
    <bndbox>
      <xmin>692.03</xmin>
      <ymin>290.26</ymin>
      <xmax>745.1</xmax>
      <ymax>338.6</ymax>
    </bndbox>
  </object>
  <object>
    <name>WHITE</name>
    <occluded>0</occluded>
    <bndbox>
      <xmin>665.0</xmin>
      <ymin>369.0</ymin>
      <xmax>713.9</xmax>
      <ymax>416.0</ymax>
    </bndbox>
  </object>
  <object>
    <name>WHITE</name>
    <occluded>0</occluded>
    <bndbox>
      <xmin>657.4</xmin>
      <ymin>440.2</ymin>
      <xmax>706.7</xmax>
      <ymax>489.03</ymax>
    </bndbox>
  </object>
  <object>
    <name>WHITE</name>
    <occluded>0</occluded>
    <bndbox>
      <xmin>615.5</xmin>
      <ymin>532.5</ymin>
      <xmax>665.6</xmax>
      <ymax>583.6</ymax>
    </bndbox>
  </object>
</annotation>
