<annotation>
  <folder>RA</folder>
  <filename>RA_camera2.png</filename>
  <source>
    <database>Unknown</database>
    <annotation>Unknown</annotation>
    <image>Unknown</image>
  </source>
  <size>
    <width>960</width>
    <height>1280</height>
    <depth></depth>
  </size>
  <segmented>0</segmented>
  <object>
    <name>WHITE</name>
    <occluded>0</occluded>
    <bndbox>
      <xmin>270.97</xmin>
      <ymin>586.01</ymin>
      <xmax>296.99</xmax>
      <ymax>630.77</ymax>
    </bndbox>
  </object>
  <object>
    <name>WHITE</name>
    <occluded>0</occluded>
    <bndbox>
      <xmin>357.32</xmin>
      <ymin>416.2</ymin>
      <xmax>396.33</xmax>
      <ymax>453.17</ymax>
    </bndbox>
  </object>
  <object>
    <name>WHITE</name>
    <occluded>0</occluded>
    <bndbox>
      <xmin>291.76</xmin>
      <ymin>441.33</ymin>
      <xmax>322.4</xmax>
      <ymax>483.2</ymax>
    </bndbox>
  </object>
  <object>
    <name>WHITE</name>
    <occluded>0</occluded>
    <bndbox>
      <xmin>404.97</xmin>
      <ymin>365.08</ymin>
      <xmax>448.6</xmax>
      <ymax>400.61</ymax>
    </bndbox>
  </object>
  <object>
    <name>WHITE</name>
    <occluded>0</occluded>
    <bndbox>
      <xmin>338.25</xmin>
      <ymin>377.5</ymin>
      <xmax>374.96</xmax>
      <ymax>413.6</ymax>
    </bndbox>
  </object>
  <object>
    <name>WHITE</name>
    <occluded>0</occluded>
    <bndbox>
      <xmin>459.55</xmin>
      <ymin>324.36</ymin>
      <xmax>504.05</xmax>
      <ymax>349.78</ymax>
    </bndbox>
  </object>
  <object>
    <name>WHITE</name>
    <occluded>0</occluded>
    <bndbox>
      <xmin>377.53</xmin>
      <ymin>333.61</ymin>
      <xmax>422.32</xmax>
      <ymax>361.62</ymax>
    </bndbox>
  </object>
  <object>
    <name>WHITE</name>
    <occluded>0</occluded>
    <bndbox>
      <xmin>429.8</xmin>
      <ymin>294.62</ymin>
      <xmax>473.44</xmax>
      <ymax>315.7</ymax>
    </bndbox>
  </object>
  <object>
    <name>WHITE</name>
    <occluded>0</occluded>
    <bndbox>
      <xmin>623.9</xmin>
      <ymin>349.49</ymin>
      <xmax>665.49</xmax>
      <ymax>384.43</ymax>
    </bndbox>
  </object>
  <object>
    <name>BLACK</name>
    <occluded>0</occluded>
    <bndbox>
      <xmin>558.92</xmin>
      <ymin>269.78</ymin>
      <xmax>605.99</xmax>
      <ymax>289.1</ymax>
    </bndbox>
  </object>
  <object>
    <name>WHITE</name>
    <occluded>0</occluded>
    <bndbox>
      <xmin>678.48</xmin>
      <ymin>330.14</ymin>
      <xmax>718.91</xmax>
      <ymax>363.06</ymax>
    </bndbox>
  </object>
  <object>
    <name>WHITE</name>
    <occluded>0</occluded>
    <bndbox>
      <xmin>709.96</xmin>
      <ymin>388.48</ymin>
      <xmax>740.86</xmax>
      <ymax>426.02</ymax>
    </bndbox>
  </object>
  <object>
    <name>WHITE</name>
    <occluded>0</occluded>
    <bndbox>
      <xmin>705.92</xmin>
      <ymin>672.07</ymin>
      <xmax>734.79</xmax>
      <ymax>719.14</ymax>
    </bndbox>
  </object>
  <object>
    <name>WHITE</name>
    <occluded>0</occluded>
    <bndbox>
      <xmin>738.26</xmin>
      <ymin>603.92</ymin>
      <xmax>769.16</xmax>
      <ymax>653.3</ymax>
    </bndbox>
  </object>
  <object>
    <name>WHITE</name>
    <occluded>0</occluded>
    <bndbox>
      <xmin>777.83</xmin>
      <ymin>587.74</ymin>
      <xmax>802.66</xmax>
      <ymax>633.37</ymax>
    </bndbox>
  </object>
  <object>
    <name>WHITE</name>
    <occluded>0</occluded>
    <bndbox>
      <xmin>593.87</xmin>
      <ymin>302.42</ymin>
      <xmax>636.03</xmax>
      <ymax>328.99</ymax>
    </bndbox>
  </object>
  <object>
    <name>WHITE</name>
    <occluded>0</occluded>
    <bndbox>
      <xmin>295.31</xmin>
      <ymin>920.69</ymin>
      <xmax>325.6</xmax>
      <ymax>961.4</ymax>
    </bndbox>
  </object>
  <object>
    <name>BLACK</name>
    <occluded>0</occluded>
    <bndbox>
      <xmin>252.6</xmin>
      <ymin>879.58</ymin>
      <xmax>279.87</xmax>
      <ymax>919.08</ymax>
    </bndbox>
  </object>
  <object>
    <name>WHITE</name>
    <occluded>0</occluded>
    <bndbox>
      <xmin>250.49</xmin>
      <ymin>702.39</ymin>
      <xmax>275.0</xmax>
      <ymax>745.42</ymax>
    </bndbox>
  </object>
  <object>
    <name>WHITE</name>
    <occluded>0</occluded>
    <bndbox>
      <xmin>281.39</xmin>
      <ymin>659.65</ymin>
      <xmax>312.87</xmax>
      <ymax>709.04</ymax>
    </bndbox>
  </object>
  <object>
    <name>WHITE</name>
    <occluded>0</occluded>
    <bndbox>
      <xmin>785.4</xmin>
      <ymin>511.66</ymin>
      <xmax>808.9</xmax>
      <ymax>554.7</ymax>
    </bndbox>
  </object>
  <object>
    <name>BLACK</name>
    <occluded>0</occluded>
    <bndbox>
      <xmin>313.4</xmin>
      <ymin>472.3</ymin>
      <xmax>349.17</xmax>
      <ymax>518.3</ymax>
    </bndbox>
  </object>
  <object>
    <name>WHITE</name>
    <occluded>0</occluded>
    <bndbox>
      <xmin>273.5</xmin>
      <ymin>511.2</ymin>
      <xmax>293.66</xmax>
      <ymax>558.2</ymax>
    </bndbox>
  </object>
  <object>
    <name>WHITE</name>
    <occluded>0</occluded>
    <bndbox>
      <xmin>508.86</xmin>
      <ymin>289.69</ymin>
      <xmax>558.2</xmax>
      <ymax>314.6</ymax>
    </bndbox>
  </object>
  <object>
    <name>WHITE</name>
    <occluded>0</occluded>
    <bndbox>
      <xmin>767.23</xmin>
      <ymin>431.43</ymin>
      <xmax>789.3</xmax>
      <ymax>472.0</ymax>
    </bndbox>
  </object>
  <object>
    <name>WHITE</name>
    <occluded>0</occluded>
    <bndbox>
      <xmin>572.08</xmin>
      <ymin>392.58</ymin>
      <xmax>615.4</xmax>
      <ymax>433.1</ymax>
    </bndbox>
  </object>
  <object>
    <name>WHITE</name>
    <occluded>0</occluded>
    <bndbox>
      <xmin>456.42</xmin>
      <ymin>482.98</ymin>
      <xmax>506.2</xmax>
      <ymax>529.0</ymax>
    </bndbox>
  </object>
  <object>
    <name>WHITE</name>
    <occluded>0</occluded>
    <bndbox>
      <xmin>391.71</xmin>
      <ymin>543.41</ymin>
      <xmax>440.0</xmax>
      <ymax>592.3</ymax>
    </bndbox>
  </object>
  <object>
    <name>WHITE</name>
    <occluded>0</occluded>
    <bndbox>
      <xmin>329.0</xmin>
      <ymin>605.24</ymin>
      <xmax>372.19</xmax>
      <ymax>654.6</ymax>
    </bndbox>
  </object>
  <object>
    <name>WHITE</name>
    <occluded>0</occluded>
    <bndbox>
      <xmin>536.39</xmin>
      <ymin>338.18</ymin>
      <xmax>585.6</xmax>
      <ymax>369.8</ymax>
    </bndbox>
  </object>
  <object>
    <name>WHITE</name>
    <occluded>0</occluded>
    <bndbox>
      <xmin>373.9</xmin>
      <ymin>473.46</ymin>
      <xmax>414.67</xmax>
      <ymax>517.6</ymax>
    </bndbox>
  </object>
  <object>
    <name>WHITE</name>
    <occluded>0</occluded>
    <bndbox>
      <xmin>313.3</xmin>
      <ymin>531.57</ymin>
      <xmax>347.89</xmax>
      <ymax>581.3</ymax>
    </bndbox>
  </object>
  <object>
    <name>WHITE</name>
    <occluded>0</occluded>
    <bndbox>
      <xmin>452.52</xmin>
      <ymin>720.03</ymin>
      <xmax>500.7</xmax>
      <ymax>768.3</ymax>
    </bndbox>
  </object>
  <object>
    <name>WHITE</name>
    <occluded>0</occluded>
    <bndbox>
      <xmin>398.17</xmin>
      <ymin>768.62</ymin>
      <xmax>448.7</xmax>
      <ymax>815.9</ymax>
    </bndbox>
  </object>
  <object>
    <name>WHITE</name>
    <occluded>0</occluded>
    <bndbox>
      <xmin>655.15</xmin>
      <ymin>409.08</ymin>
      <xmax>697.6</xmax>
      <ymax>450.9</ymax>
    </bndbox>
  </object>
  <object>
    <name>WHITE</name>
    <occluded>0</occluded>
    <bndbox>
      <xmin>592.7</xmin>
      <ymin>458.97</ymin>
      <xmax>638.7</xmax>
      <ymax>502.5</ymax>
    </bndbox>
  </object>
  <object>
    <name>WHITE</name>
    <occluded>0</occluded>
    <bndbox>
      <xmin>544.5</xmin>
      <ymin>498.3</ymin>
      <xmax>591.8</xmax>
      <ymax>544.5</ymax>
    </bndbox>
  </object>
  <object>
    <name>WHITE</name>
    <occluded>0</occluded>
    <bndbox>
      <xmin>421.02</xmin>
      <ymin>629.16</ymin>
      <xmax>470.5</xmax>
      <ymax>679.2</ymax>
    </bndbox>
  </object>
  <object>
    <name>WHITE</name>
    <occluded>0</occluded>
    <bndbox>
      <xmin>308.23</xmin>
      <ymin>731.39</ymin>
      <xmax>346.3</xmax>
      <ymax>775.0</ymax>
    </bndbox>
  </object>
  <object>
    <name>WHITE</name>
    <occluded>0</occluded>
    <bndbox>
      <xmin>728.96</xmin>
      <ymin>730.0</ymin>
      <xmax>759.6</xmax>
      <ymax>773.06</ymax>
    </bndbox>
  </object>
  <object>
    <name>WHITE</name>
    <occluded>0</occluded>
    <bndbox>
      <xmin>516.74</xmin>
      <ymin>655.19</ymin>
      <xmax>563.26</xmax>
      <ymax>700.81</ymax>
    </bndbox>
  </object>
  <object>
    <name>WHITE</name>
    <occluded>0</occluded>
    <bndbox>
      <xmin>580.29</xmin>
      <ymin>581.16</ymin>
      <xmax>626.9</xmax>
      <ymax>629.8</ymax>
    </bndbox>
  </object>
  <object>
    <name>WHITE</name>
    <occluded>0</occluded>
    <bndbox>
      <xmin>631.7</xmin>
      <ymin>525.4</ymin>
      <xmax>675.5</xmax>
      <ymax>570.84</ymax>
    </bndbox>
  </object>
  <object>
    <name>WHITE</name>
    <occluded>0</occluded>
    <bndbox>
      <xmin>683.74</xmin>
      <ymin>475.71</ymin>
      <xmax>720.9</xmax>
      <ymax>523.2</ymax>
    </bndbox>
  </object>
  <object>
    <name>BLACK</name>
    <occluded>0</occluded>
    <bndbox>
      <xmin>430.88</xmin>
      <ymin>845.28</ymin>
      <xmax>481.3</xmax>
      <ymax>887.9</ymax>
    </bndbox>
  </object>
  <object>
    <name>WHITE</name>
    <occluded>0</occluded>
    <bndbox>
      <xmin>491.44</xmin>
      <ymin>793.58</ymin>
      <xmax>539.2</xmax>
      <ymax>837.4</ymax>
    </bndbox>
  </object>
  <object>
    <name>WHITE</name>
    <occluded>0</occluded>
    <bndbox>
      <xmin>560.61</xmin>
      <ymin>735.66</ymin>
      <xmax>608.6</xmax>
      <ymax>780.1</ymax>
    </bndbox>
  </object>
  <object>
    <name>WHITE</name>
    <occluded>0</occluded>
    <bndbox>
      <xmin>671.45</xmin>
      <ymin>603.45</ymin>
      <xmax>709.7</xmax>
      <ymax>650.6</ymax>
    </bndbox>
  </object>
  <object>
    <name>BLACK</name>
    <occluded>0</occluded>
    <bndbox>
      <xmin>702.3</xmin>
      <ymin>545.3</ymin>
      <xmax>736.2</xmax>
      <ymax>597.0</ymax>
    </bndbox>
  </object>
  <object>
    <name>WHITE</name>
    <occluded>0</occluded>
    <bndbox>
      <xmin>603.95</xmin>
      <ymin>787.31</ymin>
      <xmax>649.21</xmax>
      <ymax>828.4</ymax>
    </bndbox>
  </object>
  <object>
    <name>WHITE</name>
    <occluded>0</occluded>
    <bndbox>
      <xmin>656.7</xmin>
      <ymin>741.82</ymin>
      <xmax>697.05</xmax>
      <ymax>784.2</ymax>
    </bndbox>
  </object>
  <object>
    <name>WHITE</name>
    <occluded>0</occluded>
    <bndbox>
      <xmin>728.65</xmin>
      <ymin>445.91</ymin>
      <xmax>759.1</xmax>
      <ymax>489.5</ymax>
    </bndbox>
  </object>
  <object>
    <name>WHITE</name>
    <occluded>0</occluded>
    <bndbox>
      <xmin>690.3</xmin>
      <ymin>793.07</ymin>
      <xmax>726.02</xmax>
      <ymax>833.8</ymax>
    </bndbox>
  </object>
  <object>
    <name>WHITE</name>
    <occluded>0</occluded>
    <bndbox>
      <xmin>483.0</xmin>
      <ymin>379.5</ymin>
      <xmax>527.0</xmax>
      <ymax>410.5</ymax>
    </bndbox>
  </object>
  <object>
    <name>WHITE</name>
    <occluded>0</occluded>
    <bndbox>
      <xmin>512.5</xmin>
      <ymin>436.5</ymin>
      <xmax>557.5</xmax>
      <ymax>473.5</ymax>
    </bndbox>
  </object>
  <object>
    <name>WHITE</name>
    <occluded>0</occluded>
    <bndbox>
      <xmin>357.5</xmin>
      <ymin>691.0</ymin>
      <xmax>396.5</xmax>
      <ymax>735.0</ymax>
    </bndbox>
  </object>
  <object>
    <name>WHITE</name>
    <occluded>0</occluded>
    <bndbox>
      <xmin>488.52</xmin>
      <ymin>561.74</ymin>
      <xmax>535.48</xmax>
      <ymax>608.26</ymax>
    </bndbox>
  </object>
  <object>
    <name>WHITE</name>
    <occluded>0</occluded>
    <bndbox>
      <xmin>748.63</xmin>
      <ymin>526.29</ymin>
      <xmax>773.37</xmax>
      <ymax>569.71</ymax>
    </bndbox>
  </object>
  <object>
    <name>WHITE</name>
    <occluded>0</occluded>
    <bndbox>
      <xmin>612.92</xmin>
      <ymin>666.92</ymin>
      <xmax>659.08</xmax>
      <ymax>707.08</ymax>
    </bndbox>
  </object>
  <object>
    <name>WHITE</name>
    <occluded>0</occluded>
    <bndbox>
      <xmin>433.5</xmin>
      <ymin>428.0</ymin>
      <xmax>476.5</xmax>
      <ymax>464.0</ymax>
    </bndbox>
  </object>
</annotation>
