<annotation>
  <folder>RA</folder>
  <filename>RA_camera3.png</filename>
  <source>
    <database>Unknown</database>
    <annotation>Unknown</annotation>
    <image>Unknown</image>
  </source>
  <size>
    <width>1280</width>
    <height>960</height>
    <depth></depth>
  </size>
  <segmented>0</segmented>
  <object>
    <name>WHITE</name>
    <occluded>0</occluded>
    <bndbox>
      <xmin>661.37</xmin>
      <ymin>386.92</ymin>
      <xmax>707.5</xmax>
      <ymax>433.0</ymax>
    </bndbox>
  </object>
  <object>
    <name>WHITE</name>
    <occluded>0</occluded>
    <bndbox>
      <xmin>718.68</xmin>
      <ymin>216.66</ymin>
      <xmax>765.4</xmax>
      <ymax>244.8</ymax>
    </bndbox>
  </object>
  <object>
    <name>WHITE</name>
    <occluded>0</occluded>
    <bndbox>
      <xmin>509.09</xmin>
      <ymin>564.69</ymin>
      <xmax>544.9</xmax>
      <ymax>605.83</ymax>
    </bndbox>
  </object>
  <object>
    <name>WHITE</name>
    <occluded>0</occluded>
    <bndbox>
      <xmin>565.9</xmin>
      <ymin>526.14</ymin>
      <xmax>604.68</xmax>
      <ymax>567.86</ymax>
    </bndbox>
  </object>
  <object>
    <name>WHITE</name>
    <occluded>0</occluded>
    <bndbox>
      <xmin>619.14</xmin>
      <ymin>458.32</ymin>
      <xmax>664.9</xmax>
      <ymax>507.0</ymax>
    </bndbox>
  </object>
  <object>
    <name>WHITE</name>
    <occluded>0</occluded>
    <bndbox>
      <xmin>708.41</xmin>
      <ymin>311.69</ymin>
      <xmax>754.4</xmax>
      <ymax>355.43</ymax>
    </bndbox>
  </object>
  <object>
    <name>WHITE</name>
    <occluded>0</occluded>
    <bndbox>
      <xmin>753.32</xmin>
      <ymin>261.88</ymin>
      <xmax>799.1</xmax>
      <ymax>294.3</ymax>
    </bndbox>
  </object>
  <object>
    <name>WHITE</name>
    <occluded>0</occluded>
    <bndbox>
      <xmin>802.21</xmin>
      <ymin>222.19</ymin>
      <xmax>845.1</xmax>
      <ymax>248.9</ymax>
    </bndbox>
  </object>
  <object>
    <name>WHITE</name>
    <occluded>0</occluded>
    <bndbox>
      <xmin>600.4</xmin>
      <ymin>596.98</ymin>
      <xmax>641.8</xmax>
      <ymax>639.6</ymax>
    </bndbox>
  </object>
  <object>
    <name>WHITE</name>
    <occluded>0</occluded>
    <bndbox>
      <xmin>691.8</xmin>
      <ymin>462.86</ymin>
      <xmax>739.3</xmax>
      <ymax>511.6</ymax>
    </bndbox>
  </object>
  <object>
    <name>WHITE</name>
    <occluded>0</occluded>
    <bndbox>
      <xmin>636.0</xmin>
      <ymin>541.5</ymin>
      <xmax>679.9</xmax>
      <ymax>584.3</ymax>
    </bndbox>
  </object>
  <object>
    <name>WHITE</name>
    <occluded>0</occluded>
    <bndbox>
      <xmin>737.05</xmin>
      <ymin>389.43</ymin>
      <xmax>785.3</xmax>
      <ymax>434.2</ymax>
    </bndbox>
  </object>
  <object>
    <name>WHITE</name>
    <occluded>0</occluded>
    <bndbox>
      <xmin>783.9</xmin>
      <ymin>312.64</ymin>
      <xmax>831.6</xmax>
      <ymax>353.0</ymax>
    </bndbox>
  </object>
  <object>
    <name>WHITE</name>
    <occluded>0</occluded>
    <bndbox>
      <xmin>718.87</xmin>
      <ymin>744.58</ymin>
      <xmax>762.9</xmax>
      <ymax>784.4</ymax>
    </bndbox>
  </object>
  <object>
    <name>WHITE</name>
    <occluded>0</occluded>
    <bndbox>
      <xmin>808.5</xmin>
      <ymin>913.4</ymin>
      <xmax>849.75</xmax>
      <ymax>948.3</ymax>
    </bndbox>
  </object>
  <object>
    <name>WHITE</name>
    <occluded>0</occluded>
    <bndbox>
      <xmin>923.2</xmin>
      <ymin>827.75</ymin>
      <xmax>960.23</xmax>
      <ymax>865.8</ymax>
    </bndbox>
  </object>
  <object>
    <name>WHITE</name>
    <occluded>0</occluded>
    <bndbox>
      <xmin>663.86</xmin>
      <ymin>892.61</ymin>
      <xmax>706.8</xmax>
      <ymax>927.3</ymax>
    </bndbox>
  </object>
  <object>
    <name>WHITE</name>
    <occluded>0</occluded>
    <bndbox>
      <xmin>713.72</xmin>
      <ymin>872.73</ymin>
      <xmax>757.8</xmax>
      <ymax>908.3</ymax>
    </bndbox>
  </object>
  <object>
    <name>WHITE</name>
    <occluded>0</occluded>
    <bndbox>
      <xmin>759.53</xmin>
      <ymin>832.81</ymin>
      <xmax>803.9</xmax>
      <ymax>877.3</ymax>
    </bndbox>
  </object>
  <object>
    <name>WHITE</name>
    <occluded>0</occluded>
    <bndbox>
      <xmin>636.66</xmin>
      <ymin>309.81</ymin>
      <xmax>681.9</xmax>
      <ymax>349.6</ymax>
    </bndbox>
  </object>
  <object>
    <name>WHITE</name>
    <occluded>0</occluded>
    <bndbox>
      <xmin>591.0</xmin>
      <ymin>372.0</ymin>
      <xmax>634.1</xmax>
      <ymax>419.7</ymax>
    </bndbox>
  </object>
  <object>
    <name>WHITE</name>
    <occluded>0</occluded>
    <bndbox>
      <xmin>547.26</xmin>
      <ymin>442.49</ymin>
      <xmax>586.0</xmax>
      <ymax>487.9</ymax>
    </bndbox>
  </object>
  <object>
    <name>WHITE</name>
    <occluded>0</occluded>
    <bndbox>
      <xmin>496.2</xmin>
      <ymin>483.14</ymin>
      <xmax>531.2</xmax>
      <ymax>526.7</ymax>
    </bndbox>
  </object>
  <object>
    <name>BLACK</name>
    <occluded>0</occluded>
    <bndbox>
      <xmin>530.0</xmin>
      <ymin>373.82</ymin>
      <xmax>572.0</xmax>
      <ymax>422.3</ymax>
    </bndbox>
  </object>
  <object>
    <name>WHITE</name>
    <occluded>0</occluded>
    <bndbox>
      <xmin>485.9</xmin>
      <ymin>407.22</ymin>
      <xmax>519.14</xmax>
      <ymax>452.2</ymax>
    </bndbox>
  </object>
  <object>
    <name>WHITE</name>
    <occluded>0</occluded>
    <bndbox>
      <xmin>560.3</xmin>
      <ymin>305.02</ymin>
      <xmax>600.42</xmax>
      <ymax>345.3</ymax>
    </bndbox>
  </object>
  <object>
    <name>WHITE</name>
    <occluded>0</occluded>
    <bndbox>
      <xmin>498.8</xmin>
      <ymin>328.66</ymin>
      <xmax>530.35</xmax>
      <ymax>372.7</ymax>
    </bndbox>
  </object>
  <object>
    <name>WHITE</name>
    <occluded>0</occluded>
    <bndbox>
      <xmin>452.9</xmin>
      <ymin>358.62</ymin>
      <xmax>477.52</xmax>
      <ymax>400.6</ymax>
    </bndbox>
  </object>
  <object>
    <name>WHITE</name>
    <occluded>0</occluded>
    <bndbox>
      <xmin>524.5</xmin>
      <ymin>260.61</ymin>
      <xmax>559.83</xmax>
      <ymax>300.3</ymax>
    </bndbox>
  </object>
  <object>
    <name>WHITE</name>
    <occluded>0</occluded>
    <bndbox>
      <xmin>643.0</xmin>
      <ymin>201.79</ymin>
      <xmax>685.21</xmax>
      <ymax>227.1</ymax>
    </bndbox>
  </object>
  <object>
    <name>WHITE</name>
    <occluded>0</occluded>
    <bndbox>
      <xmin>690.7</xmin>
      <ymin>178.7</ymin>
      <xmax>734.3</xmax>
      <ymax>198.1</ymax>
    </bndbox>
  </object>
  <object>
    <name>WHITE</name>
    <occluded>0</occluded>
    <bndbox>
      <xmin>991.82</xmin>
      <ymin>321.84</ymin>
      <xmax>1023.4</xmax>
      <ymax>361.5</ymax>
    </bndbox>
  </object>
  <object>
    <name>WHITE</name>
    <occluded>0</occluded>
    <bndbox>
      <xmin>1007.32</xmin>
      <ymin>391.58</ymin>
      <xmax>1042.0</xmax>
      <ymax>433.6</ymax>
    </bndbox>
  </object>
  <object>
    <name>WHITE</name>
    <occluded>0</occluded>
    <bndbox>
      <xmin>1006.7</xmin>
      <ymin>467.2</ymin>
      <xmax>1041.8</xmax>
      <ymax>515.7</ymax>
    </bndbox>
  </object>
  <object>
    <name>WHITE</name>
    <occluded>0</occluded>
    <bndbox>
      <xmin>964.13</xmin>
      <ymin>558.67</ymin>
      <xmax>1004.9</xmax>
      <ymax>606.2</ymax>
    </bndbox>
  </object>
  <object>
    <name>WHITE</name>
    <occluded>0</occluded>
    <bndbox>
      <xmin>900.13</xmin>
      <ymin>639.01</ymin>
      <xmax>944.3</xmax>
      <ymax>681.7</ymax>
    </bndbox>
  </object>
  <object>
    <name>WHITE</name>
    <occluded>0</occluded>
    <bndbox>
      <xmin>944.06</xmin>
      <ymin>350.65</ymin>
      <xmax>987.4</xmax>
      <ymax>393.79</ymax>
    </bndbox>
  </object>
  <object>
    <name>WHITE</name>
    <occluded>0</occluded>
    <bndbox>
      <xmin>945.2</xmin>
      <ymin>427.29</ymin>
      <xmax>986.7</xmax>
      <ymax>475.1</ymax>
    </bndbox>
  </object>
  <object>
    <name>WHITE</name>
    <occluded>0</occluded>
    <bndbox>
      <xmin>854.68</xmin>
      <ymin>594.2</ymin>
      <xmax>902.39</xmax>
      <ymax>638.02</ymax>
    </bndbox>
  </object>
  <object>
    <name>WHITE</name>
    <occluded>0</occluded>
    <bndbox>
      <xmin>798.04</xmin>
      <ymin>679.84</ymin>
      <xmax>844.5</xmax>
      <ymax>719.7</ymax>
    </bndbox>
  </object>
  <object>
    <name>BLACK</name>
    <occluded>0</occluded>
    <bndbox>
      <xmin>662.0</xmin>
      <ymin>732.0</ymin>
      <xmax>694.0</xmax>
      <ymax>762.0</ymax>
    </bndbox>
  </object>
  <object>
    <name>WHITE</name>
    <occluded>0</occluded>
    <bndbox>
      <xmin>910.5</xmin>
      <ymin>508.5</ymin>
      <xmax>951.5</xmax>
      <ymax>551.5</ymax>
    </bndbox>
  </object>
  <object>
    <name>WHITE</name>
    <occluded>0</occluded>
    <bndbox>
      <xmin>426.1</xmin>
      <ymin>553.04</ymin>
      <xmax>451.57</xmax>
      <ymax>593.59</ymax>
    </bndbox>
  </object>
  <object>
    <name>WHITE</name>
    <occluded>0</occluded>
    <bndbox>
      <xmin>676.5</xmin>
      <ymin>605.0</ymin>
      <xmax>720.9</xmax>
      <ymax>648.5</ymax>
    </bndbox>
  </object>
  <object>
    <name>WHITE</name>
    <occluded>0</occluded>
    <bndbox>
      <xmin>720.76</xmin>
      <ymin>542.02</ymin>
      <xmax>766.6</xmax>
      <ymax>584.3</ymax>
    </bndbox>
  </object>
  <object>
    <name>WHITE</name>
    <occluded>0</occluded>
    <bndbox>
      <xmin>771.0</xmin>
      <ymin>462.0</ymin>
      <xmax>818.4</xmax>
      <ymax>508.9</ymax>
    </bndbox>
  </object>
  <object>
    <name>WHITE</name>
    <occluded>0</occluded>
    <bndbox>
      <xmin>819.0</xmin>
      <ymin>383.0</ymin>
      <xmax>866.6</xmax>
      <ymax>428.1</ymax>
    </bndbox>
  </object>
  <object>
    <name>WHITE</name>
    <occluded>0</occluded>
    <bndbox>
      <xmin>864.16</xmin>
      <ymin>320.92</ymin>
      <xmax>909.6</xmax>
      <ymax>360.3</ymax>
    </bndbox>
  </object>
  <object>
    <name>WHITE</name>
    <occluded>0</occluded>
    <bndbox>
      <xmin>585.91</xmin>
      <ymin>791.69</ymin>
      <xmax>620.3</xmax>
      <ymax>832.7</ymax>
    </bndbox>
  </object>
  <object>
    <name>WHITE</name>
    <occluded>0</occluded>
    <bndbox>
      <xmin>619.01</xmin>
      <ymin>778.6</ymin>
      <xmax>661.4</xmax>
      <ymax>813.1</ymax>
    </bndbox>
  </object>
  <object>
    <name>WHITE</name>
    <occluded>0</occluded>
    <bndbox>
      <xmin>711.24</xmin>
      <ymin>670.85</ymin>
      <xmax>758.0</xmax>
      <ymax>716.4</ymax>
    </bndbox>
  </object>
  <object>
    <name>WHITE</name>
    <occluded>0</occluded>
    <bndbox>
      <xmin>766.72</xmin>
      <ymin>608.48</ymin>
      <xmax>812.6</xmax>
      <ymax>652.9</ymax>
    </bndbox>
  </object>
  <object>
    <name>WHITE</name>
    <occluded>0</occluded>
    <bndbox>
      <xmin>805.95</xmin>
      <ymin>531.31</ymin>
      <xmax>851.6</xmax>
      <ymax>577.0</ymax>
    </bndbox>
  </object>
  <object>
    <name>WHITE</name>
    <occluded>0</occluded>
    <bndbox>
      <xmin>599.11</xmin>
      <ymin>846.85</ymin>
      <xmax>634.4</xmax>
      <ymax>883.7</ymax>
    </bndbox>
  </object>
  <object>
    <name>WHITE</name>
    <occluded>0</occluded>
    <bndbox>
      <xmin>649.28</xmin>
      <ymin>842.13</ymin>
      <xmax>689.5</xmax>
      <ymax>878.3</ymax>
    </bndbox>
  </object>
  <object>
    <name>WHITE</name>
    <occluded>0</occluded>
    <bndbox>
      <xmin>690.18</xmin>
      <ymin>800.61</ymin>
      <xmax>728.4</xmax>
      <ymax>838.6</ymax>
    </bndbox>
  </object>
  <object>
    <name>WHITE</name>
    <occluded>0</occluded>
    <bndbox>
      <xmin>785.2</xmin>
      <ymin>762.6</ymin>
      <xmax>830.8</xmax>
      <ymax>800.5</ymax>
    </bndbox>
  </object>
  <object>
    <name>BLACK</name>
    <occluded>0</occluded>
    <bndbox>
      <xmin>886.74</xmin>
      <ymin>384.14</ymin>
      <xmax>935.3</xmax>
      <ymax>433.5</ymax>
    </bndbox>
  </object>
  <object>
    <name>WHITE</name>
    <occluded>0</occluded>
    <bndbox>
      <xmin>855.9</xmin>
      <ymin>452.0</ymin>
      <xmax>903.6</xmax>
      <ymax>500.2</ymax>
    </bndbox>
  </object>
  <object>
    <name>WHITE</name>
    <occluded>0</occluded>
    <bndbox>
      <xmin>835.14</xmin>
      <ymin>267.18</ymin>
      <xmax>879.8</xmax>
      <ymax>303.7</ymax>
    </bndbox>
  </object>
  <object>
    <name>WHITE</name>
    <occluded>0</occluded>
    <bndbox>
      <xmin>672.7</xmin>
      <ymin>257.44</ymin>
      <xmax>718.1</xmax>
      <ymax>293.1</ymax>
    </bndbox>
  </object>
  <object>
    <name>WHITE</name>
    <occluded>0</occluded>
    <bndbox>
      <xmin>466.9</xmin>
      <ymin>715.2</ymin>
      <xmax>493.41</xmax>
      <ymax>749.51</ymax>
    </bndbox>
  </object>
  <object>
    <name>WHITE</name>
    <occluded>0</occluded>
    <bndbox>
      <xmin>494.45</xmin>
      <ymin>770.3</ymin>
      <xmax>526.16</xmax>
      <ymax>802.79</ymax>
    </bndbox>
  </object>
  <object>
    <name>WHITE</name>
    <occluded>0</occluded>
    <bndbox>
      <xmin>418.04</xmin>
      <ymin>479.74</ymin>
      <xmax>441.95</xmax>
      <ymax>522.63</ymax>
    </bndbox>
  </object>
  <object>
    <name>WHITE</name>
    <occluded>0</occluded>
    <bndbox>
      <xmin>445.07</xmin>
      <ymin>436.34</ymin>
      <xmax>468.98</xmax>
      <ymax>481.56</ymax>
    </bndbox>
  </object>
  <object>
    <name>WHITE</name>
    <occluded>0</occluded>
    <bndbox>
      <xmin>476.0</xmin>
      <ymin>286.63</ymin>
      <xmax>502.25</xmax>
      <ymax>326.65</ymax>
    </bndbox>
  </object>
  <object>
    <name>WHITE</name>
    <occluded>0</occluded>
    <bndbox>
      <xmin>600.76</xmin>
      <ymin>244.52</ymin>
      <xmax>642.34</xmax>
      <ymax>277.27</ymax>
    </bndbox>
  </object>
  <object>
    <name>WHITE</name>
    <occluded>0</occluded>
    <bndbox>
      <xmin>770.22</xmin>
      <ymin>186.56</ymin>
      <xmax>809.99</xmax>
      <ymax>208.65</ymax>
    </bndbox>
  </object>
  <object>
    <name>WHITE</name>
    <occluded>0</occluded>
    <bndbox>
      <xmin>889.0</xmin>
      <ymin>250.76</ymin>
      <xmax>931.63</xmax>
      <ymax>277.27</ymax>
    </bndbox>
  </object>
  <object>
    <name>WHITE</name>
    <occluded>0</occluded>
    <bndbox>
      <xmin>929.81</xmin>
      <ymin>297.02</ymin>
      <xmax>970.36</xmax>
      <ymax>329.51</ymax>
    </bndbox>
  </object>
  <object>
    <name>WHITE</name>
    <occluded>0</occluded>
    <bndbox>
      <xmin>1059.25</xmin>
      <ymin>441.02</ymin>
      <xmax>1081.6</xmax>
      <ymax>483.64</ymax>
    </bndbox>
  </object>
  <object>
    <name>WHITE</name>
    <occluded>0</occluded>
    <bndbox>
      <xmin>1044.95</xmin>
      <ymin>521.59</ymin>
      <xmax>1073.02</xmax>
      <ymax>569.41</ymax>
    </bndbox>
  </object>
  <object>
    <name>WHITE</name>
    <occluded>0</occluded>
    <bndbox>
      <xmin>1003.62</xmin>
      <ymin>599.56</ymin>
      <xmax>1037.93</xmax>
      <ymax>639.33</ymax>
    </bndbox>
  </object>
  <object>
    <name>WHITE</name>
    <occluded>0</occluded>
    <bndbox>
      <xmin>415.7</xmin>
      <ymin>584.23</ymin>
      <xmax>437.27</xmax>
      <ymax>620.88</ymax>
    </bndbox>
  </object>
  <object>
    <name>WHITE</name>
    <occluded>0</occluded>
    <bndbox>
      <xmin>455.21</xmin>
      <ymin>521.59</ymin>
      <xmax>481.46</xmax>
      <ymax>564.99</ymax>
    </bndbox>
  </object>
  <object>
    <name>WHITE</name>
    <occluded>0</occluded>
    <bndbox>
      <xmin>442.73</xmin>
      <ymin>624.77</ymin>
      <xmax>472.88</xmax>
      <ymax>661.42</ymax>
    </bndbox>
  </object>
  <object>
    <name>WHITE</name>
    <occluded>0</occluded>
    <bndbox>
      <xmin>466.64</xmin>
      <ymin>588.13</ymin>
      <xmax>494.97</xmax>
      <ymax>624.77</ymax>
    </bndbox>
  </object>
  <object>
    <name>WHITE</name>
    <occluded>0</occluded>
    <bndbox>
      <xmin>635.95</xmin>
      <ymin>663.11</ymin>
      <xmax>678.58</xmax>
      <ymax>704.18</ymax>
    </bndbox>
  </object>
  <object>
    <name>WHITE</name>
    <occluded>0</occluded>
    <bndbox>
      <xmin>550.18</xmin>
      <ymin>808.66</ymin>
      <xmax>580.85</xmax>
      <ymax>841.15</ymax>
    </bndbox>
  </object>
  <object>
    <name>BLACK</name>
    <occluded>0</occluded>
    <bndbox>
      <xmin>726.14</xmin>
      <ymin>921.98</ymin>
      <xmax>767.21</xmax>
      <ymax>950.83</ymax>
    </bndbox>
  </object>
  <object>
    <name>WHITE</name>
    <occluded>0</occluded>
    <bndbox>
      <xmin>778.64</xmin>
      <ymin>899.89</ymin>
      <xmax>822.05</xmax>
      <ymax>930.56</ymax>
    </bndbox>
  </object>
  <object>
    <name>WHITE</name>
    <occluded>0</occluded>
    <bndbox>
      <xmin>827.77</xmin>
      <ymin>863.24</ymin>
      <xmax>869.35</xmax>
      <ymax>899.63</ymax>
    </bndbox>
  </object>
  <object>
    <name>WHITE</name>
    <occluded>0</occluded>
    <bndbox>
      <xmin>830.88</xmin>
      <ymin>808.14</ymin>
      <xmax>875.59</xmax>
      <ymax>847.39</ymax>
    </bndbox>
  </object>
  <object>
    <name>WHITE</name>
    <occluded>0</occluded>
    <bndbox>
      <xmin>865.46</xmin>
      <ymin>871.82</ymin>
      <xmax>907.3</xmax>
      <ymax>907.95</ymax>
    </bndbox>
  </object>
  <object>
    <name>BLACK</name>
    <occluded>0</occluded>
    <bndbox>
      <xmin>889.11</xmin>
      <ymin>826.34</ymin>
      <xmax>927.57</xmax>
      <ymax>866.11</ymax>
    </bndbox>
  </object>
</annotation>
