<annotation>
  <folder>TD</folder>
  <filename>TD_camera11.png</filename>
  <source>
    <database>Unknown</database>
    <annotation>Unknown</annotation>
    <image>Unknown</image>
  </source>
  <size>
    <width>1280</width>
    <height>960</height>
    <depth></depth>
  </size>
  <segmented>0</segmented>
  <object>
    <name>WHITE</name>
    <occluded>0</occluded>
    <bndbox>
      <xmin>605.18</xmin>
      <ymin>179.1</ymin>
      <xmax>651.18</xmax>
      <ymax>214.19</ymax>
    </bndbox>
  </object>
  <object>
    <name>WHITE</name>
    <occluded>0</occluded>
    <bndbox>
      <xmin>567.23</xmin>
      <ymin>148.95</ymin>
      <xmax>612.45</xmax>
      <ymax>176.76</ymax>
    </bndbox>
  </object>
  <object>
    <name>BLACK</name>
    <occluded>0</occluded>
    <bndbox>
      <xmin>616.59</xmin>
      <ymin>121.14</ymin>
      <xmax>658.46</xmax>
      <ymax>145.31</ymax>
    </bndbox>
  </object>
  <object>
    <name>WHITE</name>
    <occluded>0</occluded>
    <bndbox>
      <xmin>833.95</xmin>
      <ymin>147.17</ymin>
      <xmax>868.82</xmax>
      <ymax>174.9</ymax>
    </bndbox>
  </object>
  <object>
    <name>WHITE</name>
    <occluded>0</occluded>
    <bndbox>
      <xmin>404.03</xmin>
      <ymin>611.38</ymin>
      <xmax>425.55</xmax>
      <ymax>652.24</ymax>
    </bndbox>
  </object>
  <object>
    <name>BLACK</name>
    <occluded>0</occluded>
    <bndbox>
      <xmin>417.42</xmin>
      <ymin>410.94</ymin>
      <xmax>442.9</xmax>
      <ymax>457.21</ymax>
    </bndbox>
  </object>
  <object>
    <name>WHITE</name>
    <occluded>0</occluded>
    <bndbox>
      <xmin>437.92</xmin>
      <ymin>323.61</ymin>
      <xmax>474.34</xmax>
      <ymax>365.69</ymax>
    </bndbox>
  </object>
  <object>
    <name>WHITE</name>
    <occluded>0</occluded>
    <bndbox>
      <xmin>457.42</xmin>
      <ymin>213.41</ymin>
      <xmax>488.89</xmax>
      <ymax>247.46</ymax>
    </bndbox>
  </object>
  <object>
    <name>WHITE</name>
    <occluded>0</occluded>
    <bndbox>
      <xmin>741.63</xmin>
      <ymin>152.07</ymin>
      <xmax>782.96</xmax>
      <ymax>186.9</ymax>
    </bndbox>
  </object>
  <object>
    <name>WHITE</name>
    <occluded>0</occluded>
    <bndbox>
      <xmin>835.0</xmin>
      <ymin>681.0</ymin>
      <xmax>871.0</xmax>
      <ymax>725.0</ymax>
    </bndbox>
  </object>
  <object>
    <name>BLACK</name>
    <occluded>0</occluded>
    <bndbox>
      <xmin>761.0</xmin>
      <ymin>698.0</ymin>
      <xmax>799.0</xmax>
      <ymax>736.0</ymax>
    </bndbox>
  </object>
  <object>
    <name>WHITE</name>
    <occluded>0</occluded>
    <bndbox>
      <xmin>889.26</xmin>
      <ymin>167.15</ymin>
      <xmax>920.97</xmax>
      <ymax>195.48</ymax>
    </bndbox>
  </object>
  <object>
    <name>WHITE</name>
    <occluded>0</occluded>
    <bndbox>
      <xmin>393.38</xmin>
      <ymin>359.2</ymin>
      <xmax>412.74</xmax>
      <ymax>402.77</ymax>
    </bndbox>
  </object>
  <object>
    <name>WHITE</name>
    <occluded>0</occluded>
    <bndbox>
      <xmin>976.11</xmin>
      <ymin>640.76</ymin>
      <xmax>993.4</xmax>
      <ymax>686.1</ymax>
    </bndbox>
  </object>
  <object>
    <name>WHITE</name>
    <occluded>0</occluded>
    <bndbox>
      <xmin>941.66</xmin>
      <ymin>222.26</ymin>
      <xmax>969.27</xmax>
      <ymax>259.44</ymax>
    </bndbox>
  </object>
  <object>
    <name>WHITE</name>
    <occluded>0</occluded>
    <bndbox>
      <xmin>1016.39</xmin>
      <ymin>343.52</ymin>
      <xmax>1036.96</xmax>
      <ymax>382.5</ymax>
    </bndbox>
  </object>
  <object>
    <name>WHITE</name>
    <occluded>0</occluded>
    <bndbox>
      <xmin>986.5</xmin>
      <ymin>346.98</ymin>
      <xmax>1011.19</xmax>
      <ymax>389.87</ymax>
    </bndbox>
  </object>
  <object>
    <name>WHITE</name>
    <occluded>0</occluded>
    <bndbox>
      <xmin>531.82</xmin>
      <ymin>543.06</ymin>
      <xmax>578.7</xmax>
      <ymax>589.9</ymax>
    </bndbox>
  </object>
  <object>
    <name>WHITE</name>
    <occluded>0</occluded>
    <bndbox>
      <xmin>584.38</xmin>
      <ymin>594.94</ymin>
      <xmax>633.6</xmax>
      <ymax>643.1</ymax>
    </bndbox>
  </object>
  <object>
    <name>WHITE</name>
    <occluded>0</occluded>
    <bndbox>
      <xmin>654.37</xmin>
      <ymin>671.37</ymin>
      <xmax>701.2</xmax>
      <ymax>720.7</ymax>
    </bndbox>
  </object>
  <object>
    <name>WHITE</name>
    <occluded>0</occluded>
    <bndbox>
      <xmin>655.5</xmin>
      <ymin>562.44</ymin>
      <xmax>706.0</xmax>
      <ymax>612.3</ymax>
    </bndbox>
  </object>
  <object>
    <name>WHITE</name>
    <occluded>0</occluded>
    <bndbox>
      <xmin>658.75</xmin>
      <ymin>481.0</ymin>
      <xmax>709.0</xmax>
      <ymax>529.1</ymax>
    </bndbox>
  </object>
  <object>
    <name>WHITE</name>
    <occluded>0</occluded>
    <bndbox>
      <xmin>732.5</xmin>
      <ymin>541.3</ymin>
      <xmax>780.9</xmax>
      <ymax>588.5</ymax>
    </bndbox>
  </object>
  <object>
    <name>WHITE</name>
    <occluded>0</occluded>
    <bndbox>
      <xmin>789.77</xmin>
      <ymin>613.78</ymin>
      <xmax>829.5</xmax>
      <ymax>663.0</ymax>
    </bndbox>
  </object>
  <object>
    <name>WHITE</name>
    <occluded>0</occluded>
    <bndbox>
      <xmin>725.5</xmin>
      <ymin>435.86</ymin>
      <xmax>773.2</xmax>
      <ymax>482.6</ymax>
    </bndbox>
  </object>
  <object>
    <name>WHITE</name>
    <occluded>0</occluded>
    <bndbox>
      <xmin>800.35</xmin>
      <ymin>437.39</ymin>
      <xmax>845.1</xmax>
      <ymax>481.23</ymax>
    </bndbox>
  </object>
  <object>
    <name>WHITE</name>
    <occluded>0</occluded>
    <bndbox>
      <xmin>818.5</xmin>
      <ymin>524.6</ymin>
      <xmax>860.6</xmax>
      <ymax>573.0</ymax>
    </bndbox>
  </object>
  <object>
    <name>WHITE</name>
    <occluded>0</occluded>
    <bndbox>
      <xmin>872.0</xmin>
      <ymin>605.25</ymin>
      <xmax>904.9</xmax>
      <ymax>652.05</ymax>
    </bndbox>
  </object>
  <object>
    <name>WHITE</name>
    <occluded>0</occluded>
    <bndbox>
      <xmin>1017.15</xmin>
      <ymin>575.02</ymin>
      <xmax>1037.4</xmax>
      <ymax>617.6</ymax>
    </bndbox>
  </object>
  <object>
    <name>WHITE</name>
    <occluded>0</occluded>
    <bndbox>
      <xmin>654.91</xmin>
      <ymin>145.37</ymin>
      <xmax>699.2</xmax>
      <ymax>174.1</ymax>
    </bndbox>
  </object>
  <object>
    <name>WHITE</name>
    <occluded>0</occluded>
    <bndbox>
      <xmin>476.18</xmin>
      <ymin>248.43</ymin>
      <xmax>517.22</xmax>
      <ymax>289.6</ymax>
    </bndbox>
  </object>
  <object>
    <name>WHITE</name>
    <occluded>0</occluded>
    <bndbox>
      <xmin>521.9</xmin>
      <ymin>185.22</ymin>
      <xmax>560.32</xmax>
      <ymax>219.5</ymax>
    </bndbox>
  </object>
  <object>
    <name>WHITE</name>
    <occluded>0</occluded>
    <bndbox>
      <xmin>519.43</xmin>
      <ymin>288.1</ymin>
      <xmax>561.0</xmax>
      <ymax>333.3</ymax>
    </bndbox>
  </object>
  <object>
    <name>WHITE</name>
    <occluded>0</occluded>
    <bndbox>
      <xmin>564.2</xmin>
      <ymin>235.08</ymin>
      <xmax>605.32</xmax>
      <ymax>272.5</ymax>
    </bndbox>
  </object>
  <object>
    <name>WHITE</name>
    <occluded>0</occluded>
    <bndbox>
      <xmin>610.33</xmin>
      <ymin>294.37</ymin>
      <xmax>657.1</xmax>
      <ymax>339.4</ymax>
    </bndbox>
  </object>
  <object>
    <name>WHITE</name>
    <occluded>0</occluded>
    <bndbox>
      <xmin>657.67</xmin>
      <ymin>243.61</ymin>
      <xmax>703.6</xmax>
      <ymax>285.87</ymax>
    </bndbox>
  </object>
  <object>
    <name>WHITE</name>
    <occluded>0</occluded>
    <bndbox>
      <xmin>705.7</xmin>
      <ymin>198.5</ymin>
      <xmax>749.3</xmax>
      <ymax>238.3</ymax>
    </bndbox>
  </object>
  <object>
    <name>WHITE</name>
    <occluded>0</occluded>
    <bndbox>
      <xmin>713.14</xmin>
      <ymin>338.46</ymin>
      <xmax>760.1</xmax>
      <ymax>382.7</ymax>
    </bndbox>
  </object>
  <object>
    <name>WHITE</name>
    <occluded>0</occluded>
    <bndbox>
      <xmin>758.68</xmin>
      <ymin>273.79</ymin>
      <xmax>805.5</xmax>
      <ymax>316.21</ymax>
    </bndbox>
  </object>
  <object>
    <name>WHITE</name>
    <occluded>0</occluded>
    <bndbox>
      <xmin>795.82</xmin>
      <ymin>218.04</ymin>
      <xmax>832.9</xmax>
      <ymax>260.3</ymax>
    </bndbox>
  </object>
  <object>
    <name>WHITE</name>
    <occluded>0</occluded>
    <bndbox>
      <xmin>829.01</xmin>
      <ymin>175.02</ymin>
      <xmax>863.5</xmax>
      <ymax>208.6</ymax>
    </bndbox>
  </object>
  <object>
    <name>WHITE</name>
    <occluded>0</occluded>
    <bndbox>
      <xmin>938.85</xmin>
      <ymin>338.32</ymin>
      <xmax>964.19</xmax>
      <ymax>380.99</ymax>
    </bndbox>
  </object>
  <object>
    <name>WHITE</name>
    <occluded>0</occluded>
    <bndbox>
      <xmin>801.9</xmin>
      <ymin>359.7</ymin>
      <xmax>844.1</xmax>
      <ymax>402.0</ymax>
    </bndbox>
  </object>
  <object>
    <name>WHITE</name>
    <occluded>0</occluded>
    <bndbox>
      <xmin>851.08</xmin>
      <ymin>303.8</ymin>
      <xmax>888.4</xmax>
      <ymax>343.5</ymax>
    </bndbox>
  </object>
  <object>
    <name>WHITE</name>
    <occluded>0</occluded>
    <bndbox>
      <xmin>883.38</xmin>
      <ymin>251.77</ymin>
      <xmax>914.6</xmax>
      <ymax>295.5</ymax>
    </bndbox>
  </object>
  <object>
    <name>WHITE</name>
    <occluded>0</occluded>
    <bndbox>
      <xmin>896.94</xmin>
      <ymin>202.16</ymin>
      <xmax>927.4</xmax>
      <ymax>236.4</ymax>
    </bndbox>
  </object>
  <object>
    <name>WHITE</name>
    <occluded>0</occluded>
    <bndbox>
      <xmin>943.33</xmin>
      <ymin>278.8</ymin>
      <xmax>970.4</xmax>
      <ymax>321.8</ymax>
    </bndbox>
  </object>
  <object>
    <name>WHITE</name>
    <occluded>0</occluded>
    <bndbox>
      <xmin>902.99</xmin>
      <ymin>522.94</ymin>
      <xmax>925.3</xmax>
      <ymax>565.94</ymax>
    </bndbox>
  </object>
  <object>
    <name>WHITE</name>
    <occluded>0</occluded>
    <bndbox>
      <xmin>944.9</xmin>
      <ymin>595.2</ymin>
      <xmax>965.91</xmax>
      <ymax>640.11</ymax>
    </bndbox>
  </object>
  <object>
    <name>WHITE</name>
    <occluded>0</occluded>
    <bndbox>
      <xmin>880.6</xmin>
      <ymin>376.27</ymin>
      <xmax>914.2</xmax>
      <ymax>416.3</ymax>
    </bndbox>
  </object>
  <object>
    <name>BLACK</name>
    <occluded>0</occluded>
    <bndbox>
      <xmin>866.29</xmin>
      <ymin>435.21</ymin>
      <xmax>899.7</xmax>
      <ymax>479.7</ymax>
    </bndbox>
  </object>
  <object>
    <name>WHITE</name>
    <occluded>0</occluded>
    <bndbox>
      <xmin>1021.02</xmin>
      <ymin>632.49</ymin>
      <xmax>1041.3</xmax>
      <ymax>674.29</ymax>
    </bndbox>
  </object>
  <object>
    <name>WHITE</name>
    <occluded>0</occluded>
    <bndbox>
      <xmin>901.88</xmin>
      <ymin>669.61</ymin>
      <xmax>931.2</xmax>
      <ymax>707.04</ymax>
    </bndbox>
  </object>
  <object>
    <name>WHITE</name>
    <occluded>0</occluded>
    <bndbox>
      <xmin>591.85</xmin>
      <ymin>508.98</ymin>
      <xmax>640.2</xmax>
      <ymax>560.76</ymax>
    </bndbox>
  </object>
  <object>
    <name>WHITE</name>
    <occluded>0</occluded>
    <bndbox>
      <xmin>695.71</xmin>
      <ymin>630.62</ymin>
      <xmax>746.24</xmax>
      <ymax>681.46</ymax>
    </bndbox>
  </object>
</annotation>
