<annotation>
  <folder>TD</folder>
  <filename>TD_camera5.png</filename>
  <source>
    <database>Unknown</database>
    <annotation>Unknown</annotation>
    <image>Unknown</image>
  </source>
  <size>
    <width>1280</width>
    <height>960</height>
    <depth></depth>
  </size>
  <segmented>0</segmented>
  <object>
    <name>WHITE</name>
    <occluded>0</occluded>
    <bndbox>
      <xmin>380.95</xmin>
      <ymin>800.86</ymin>
      <xmax>409.64</xmax>
      <ymax>840.78</ymax>
    </bndbox>
  </object>
  <object>
    <name>WHITE</name>
    <occluded>0</occluded>
    <bndbox>
      <xmin>846.89</xmin>
      <ymin>667.36</ymin>
      <xmax>879.67</xmax>
      <ymax>714.77</ymax>
    </bndbox>
  </object>
  <object>
    <name>WHITE</name>
    <occluded>0</occluded>
    <bndbox>
      <xmin>780.73</xmin>
      <ymin>333.36</ymin>
      <xmax>817.79</xmax>
      <ymax>374.91</ymax>
    </bndbox>
  </object>
  <object>
    <name>WHITE</name>
    <occluded>0</occluded>
    <bndbox>
      <xmin>767.63</xmin>
      <ymin>285.46</ymin>
      <xmax>810.3</xmax>
      <ymax>321.01</ymax>
    </bndbox>
  </object>
  <object>
    <name>WHITE</name>
    <occluded>0</occluded>
    <bndbox>
      <xmin>488.01</xmin>
      <ymin>292.94</ymin>
      <xmax>529.97</xmax>
      <ymax>330.37</ymax>
    </bndbox>
  </object>
  <object>
    <name>WHITE</name>
    <occluded>0</occluded>
    <bndbox>
      <xmin>559.16</xmin>
      <ymin>248.4</ymin>
      <xmax>606.32</xmax>
      <ymax>277.59</ymax>
    </bndbox>
  </object>
  <object>
    <name>WHITE</name>
    <occluded>0</occluded>
    <bndbox>
      <xmin>418.81</xmin>
      <ymin>304.17</ymin>
      <xmax>458.11</xmax>
      <ymax>338.98</ymax>
    </bndbox>
  </object>
  <object>
    <name>WHITE</name>
    <occluded>0</occluded>
    <bndbox>
      <xmin>398.2</xmin>
      <ymin>283.21</ymin>
      <xmax>431.53</xmax>
      <ymax>324.0</ymax>
    </bndbox>
  </object>
  <object>
    <name>WHITE</name>
    <occluded>0</occluded>
    <bndbox>
      <xmin>746.3</xmin>
      <ymin>824.79</ymin>
      <xmax>793.46</xmax>
      <ymax>873.44</ymax>
    </bndbox>
  </object>
  <object>
    <name>WHITE</name>
    <occluded>0</occluded>
    <bndbox>
      <xmin>576.07</xmin>
      <ymin>641.76</ymin>
      <xmax>621.93</xmax>
      <ymax>688.24</ymax>
    </bndbox>
  </object>
  <object>
    <name>WHITE</name>
    <occluded>0</occluded>
    <bndbox>
      <xmin>391.11</xmin>
      <ymin>643.26</ymin>
      <xmax>426.67</xmax>
      <ymax>687.8</ymax>
    </bndbox>
  </object>
  <object>
    <name>WHITE</name>
    <occluded>0</occluded>
    <bndbox>
      <xmin>418.38</xmin>
      <ymin>867.6</ymin>
      <xmax>452.69</xmax>
      <ymax>903.16</ymax>
    </bndbox>
  </object>
  <object>
    <name>WHITE</name>
    <occluded>0</occluded>
    <bndbox>
      <xmin>345.83</xmin>
      <ymin>643.26</ymin>
      <xmax>373.15</xmax>
      <ymax>686.68</ymax>
    </bndbox>
  </object>
  <object>
    <name>WHITE</name>
    <occluded>0</occluded>
    <bndbox>
      <xmin>359.67</xmin>
      <ymin>572.9</ymin>
      <xmax>391.86</xmax>
      <ymax>617.44</ymax>
    </bndbox>
  </object>
  <object>
    <name>WHITE</name>
    <occluded>0</occluded>
    <bndbox>
      <xmin>823.5</xmin>
      <ymin>524.1</ymin>
      <xmax>856.5</xmax>
      <ymax>572.0</ymax>
    </bndbox>
  </object>
  <object>
    <name>WHITE</name>
    <occluded>0</occluded>
    <bndbox>
      <xmin>506.26</xmin>
      <ymin>338.5</ymin>
      <xmax>551.74</xmax>
      <ymax>386.4</ymax>
    </bndbox>
  </object>
  <object>
    <name>WHITE</name>
    <occluded>0</occluded>
    <bndbox>
      <xmin>578.88</xmin>
      <ymin>289.63</ymin>
      <xmax>628.4</xmax>
      <ymax>330.7</ymax>
    </bndbox>
  </object>
  <object>
    <name>WHITE</name>
    <occluded>0</occluded>
    <bndbox>
      <xmin>663.0</xmin>
      <ymin>248.0</ymin>
      <xmax>709.5</xmax>
      <ymax>280.0</ymax>
    </bndbox>
  </object>
  <object>
    <name>WHITE</name>
    <occluded>0</occluded>
    <bndbox>
      <xmin>423.81</xmin>
      <ymin>571.08</ymin>
      <xmax>468.57</xmax>
      <ymax>622.17</ymax>
    </bndbox>
  </object>
  <object>
    <name>WHITE</name>
    <occluded>0</occluded>
    <bndbox>
      <xmin>466.39</xmin>
      <ymin>488.48</ymin>
      <xmax>515.9</xmax>
      <ymax>540.5</ymax>
    </bndbox>
  </object>
  <object>
    <name>WHITE</name>
    <occluded>0</occluded>
    <bndbox>
      <xmin>532.39</xmin>
      <ymin>406.82</ymin>
      <xmax>582.7</xmax>
      <ymax>456.9</ymax>
    </bndbox>
  </object>
  <object>
    <name>WHITE</name>
    <occluded>0</occluded>
    <bndbox>
      <xmin>604.9</xmin>
      <ymin>345.5</ymin>
      <xmax>655.0</xmax>
      <ymax>387.9</ymax>
    </bndbox>
  </object>
  <object>
    <name>WHITE</name>
    <occluded>0</occluded>
    <bndbox>
      <xmin>703.63</xmin>
      <ymin>354.63</ymin>
      <xmax>754.5</xmax>
      <ymax>399.0</ymax>
    </bndbox>
  </object>
  <object>
    <name>WHITE</name>
    <occluded>0</occluded>
    <bndbox>
      <xmin>662.25</xmin>
      <ymin>851.32</ymin>
      <xmax>708.7</xmax>
      <ymax>890.8</ymax>
    </bndbox>
  </object>
  <object>
    <name>WHITE</name>
    <occluded>0</occluded>
    <bndbox>
      <xmin>618.25</xmin>
      <ymin>905.83</ymin>
      <xmax>666.2</xmax>
      <ymax>950.0</ymax>
    </bndbox>
  </object>
  <object>
    <name>WHITE</name>
    <occluded>0</occluded>
    <bndbox>
      <xmin>798.15</xmin>
      <ymin>400.17</ymin>
      <xmax>829.2</xmax>
      <ymax>449.5</ymax>
    </bndbox>
  </object>
  <object>
    <name>WHITE</name>
    <occluded>0</occluded>
    <bndbox>
      <xmin>775.4</xmin>
      <ymin>465.2</ymin>
      <xmax>813.48</xmax>
      <ymax>514.65</ymax>
    </bndbox>
  </object>
  <object>
    <name>WHITE</name>
    <occluded>0</occluded>
    <bndbox>
      <xmin>732.75</xmin>
      <ymin>539.69</ymin>
      <xmax>781.0</xmax>
      <ymax>592.9</ymax>
    </bndbox>
  </object>
  <object>
    <name>WHITE</name>
    <occluded>0</occluded>
    <bndbox>
      <xmin>695.1</xmin>
      <ymin>627.1</ymin>
      <xmax>744.14</xmax>
      <ymax>675.2</ymax>
    </bndbox>
  </object>
  <object>
    <name>WHITE</name>
    <occluded>0</occluded>
    <bndbox>
      <xmin>642.35</xmin>
      <ymin>713.72</ymin>
      <xmax>694.6</xmax>
      <ymax>758.8</ymax>
    </bndbox>
  </object>
  <object>
    <name>WHITE</name>
    <occluded>0</occluded>
    <bndbox>
      <xmin>593.5</xmin>
      <ymin>798.7</ymin>
      <xmax>642.0</xmax>
      <ymax>829.4</ymax>
    </bndbox>
  </object>
  <object>
    <name>WHITE</name>
    <occluded>0</occluded>
    <bndbox>
      <xmin>832.8</xmin>
      <ymin>324.48</ymin>
      <xmax>869.7</xmax>
      <ymax>358.3</ymax>
    </bndbox>
  </object>
  <object>
    <name>WHITE</name>
    <occluded>0</occluded>
    <bndbox>
      <xmin>517.3</xmin>
      <ymin>568.3</ymin>
      <xmax>565.75</xmax>
      <ymax>615.46</ymax>
    </bndbox>
  </object>
  <object>
    <name>WHITE</name>
    <occluded>0</occluded>
    <bndbox>
      <xmin>570.0</xmin>
      <ymin>483.5</ymin>
      <xmax>620.9</xmax>
      <ymax>534.2</ymax>
    </bndbox>
  </object>
  <object>
    <name>WHITE</name>
    <occluded>0</occluded>
    <bndbox>
      <xmin>630.25</xmin>
      <ymin>412.51</ymin>
      <xmax>682.1</xmax>
      <ymax>460.7</ymax>
    </bndbox>
  </object>
  <object>
    <name>WHITE</name>
    <occluded>0</occluded>
    <bndbox>
      <xmin>471.59</xmin>
      <ymin>891.98</ymin>
      <xmax>509.0</xmax>
      <ymax>931.6</ymax>
    </bndbox>
  </object>
  <object>
    <name>WHITE</name>
    <occluded>0</occluded>
    <bndbox>
      <xmin>492.15</xmin>
      <ymin>837.39</ymin>
      <xmax>532.9</xmax>
      <ymax>877.2</ymax>
    </bndbox>
  </object>
  <object>
    <name>BLACK</name>
    <occluded>0</occluded>
    <bndbox>
      <xmin>494.11</xmin>
      <ymin>785.83</ymin>
      <xmax>544.8</xmax>
      <ymax>831.7</ymax>
    </bndbox>
  </object>
  <object>
    <name>WHITE</name>
    <occluded>0</occluded>
    <bndbox>
      <xmin>524.86</xmin>
      <ymin>715.58</ymin>
      <xmax>575.2</xmax>
      <ymax>762.8</ymax>
    </bndbox>
  </object>
  <object>
    <name>WHITE</name>
    <occluded>0</occluded>
    <bndbox>
      <xmin>640.9</xmin>
      <ymin>552.5</ymin>
      <xmax>688.5</xmax>
      <ymax>604.2</ymax>
    </bndbox>
  </object>
  <object>
    <name>WHITE</name>
    <occluded>0</occluded>
    <bndbox>
      <xmin>672.0</xmin>
      <ymin>482.13</ymin>
      <xmax>726.9</xmax>
      <ymax>529.13</ymax>
    </bndbox>
  </object>
  <object>
    <name>BLACK</name>
    <occluded>0</occluded>
    <bndbox>
      <xmin>715.86</xmin>
      <ymin>417.1</ymin>
      <xmax>768.3</xmax>
      <ymax>470.0</ymax>
    </bndbox>
  </object>
  <object>
    <name>WHITE</name>
    <occluded>0</occluded>
    <bndbox>
      <xmin>534.44</xmin>
      <ymin>909.67</ymin>
      <xmax>584.3</xmax>
      <ymax>946.6</ymax>
    </bndbox>
  </object>
  <object>
    <name>WHITE</name>
    <occluded>0</occluded>
    <bndbox>
      <xmin>568.0</xmin>
      <ymin>857.5</ymin>
      <xmax>615.6</xmax>
      <ymax>895.0</ymax>
    </bndbox>
  </object>
  <object>
    <name>WHITE</name>
    <occluded>0</occluded>
    <bndbox>
      <xmin>389.3</xmin>
      <ymin>499.13</ymin>
      <xmax>427.37</xmax>
      <ymax>547.9</ymax>
    </bndbox>
  </object>
  <object>
    <name>WHITE</name>
    <occluded>0</occluded>
    <bndbox>
      <xmin>419.6</xmin>
      <ymin>353.18</ymin>
      <xmax>460.38</xmax>
      <ymax>395.4</ymax>
    </bndbox>
  </object>
  <object>
    <name>WHITE</name>
    <occluded>0</occluded>
    <bndbox>
      <xmin>333.6</xmin>
      <ymin>506.06</ymin>
      <xmax>360.8</xmax>
      <ymax>551.4</ymax>
    </bndbox>
  </object>
  <object>
    <name>BLACK</name>
    <occluded>0</occluded>
    <bndbox>
      <xmin>325.6</xmin>
      <ymin>439.39</ymin>
      <xmax>355.57</xmax>
      <ymax>482.9</ymax>
    </bndbox>
  </object>
  <object>
    <name>WHITE</name>
    <occluded>0</occluded>
    <bndbox>
      <xmin>361.1</xmin>
      <ymin>369.54</ymin>
      <xmax>395.13</xmax>
      <ymax>408.7</ymax>
    </bndbox>
  </object>
  <object>
    <name>WHITE</name>
    <occluded>0</occluded>
    <bndbox>
      <xmin>366.7</xmin>
      <ymin>424.16</ymin>
      <xmax>402.45</xmax>
      <ymax>474.8</ymax>
    </bndbox>
  </object>
  <object>
    <name>WHITE</name>
    <occluded>0</occluded>
    <bndbox>
      <xmin>374.99</xmin>
      <ymin>711.17</ymin>
      <xmax>408.4</xmax>
      <ymax>751.9</ymax>
    </bndbox>
  </object>
  <object>
    <name>WHITE</name>
    <occluded>0</occluded>
    <bndbox>
      <xmin>470.4</xmin>
      <ymin>644.92</ymin>
      <xmax>510.97</xmax>
      <ymax>691.08</ymax>
    </bndbox>
  </object>
  <object>
    <name>WHITE</name>
    <occluded>0</occluded>
    <bndbox>
      <xmin>434.38</xmin>
      <ymin>714.29</ymin>
      <xmax>472.1</xmax>
      <ymax>758.83</ymax>
    </bndbox>
  </object>
  <object>
    <name>WHITE</name>
    <occluded>0</occluded>
    <bndbox>
      <xmin>440.44</xmin>
      <ymin>414.7</ymin>
      <xmax>485.56</xmax>
      <ymax>464.8</ymax>
    </bndbox>
  </object>
  <object>
    <name>WHITE</name>
    <occluded>0</occluded>
    <bndbox>
      <xmin>686.26</xmin>
      <ymin>296.38</ymin>
      <xmax>735.6</xmax>
      <ymax>333.9</ymax>
    </bndbox>
  </object>
  <object>
    <name>WHITE</name>
    <occluded>0</occluded>
    <bndbox>
      <xmin>831.6</xmin>
      <ymin>802.94</ymin>
      <xmax>869.65</xmax>
      <ymax>844.4</ymax>
    </bndbox>
  </object>
  <object>
    <name>WHITE</name>
    <occluded>0</occluded>
    <bndbox>
      <xmin>898.87</xmin>
      <ymin>439.82</ymin>
      <xmax>925.4</xmax>
      <ymax>486.7</ymax>
    </bndbox>
  </object>
  <object>
    <name>WHITE</name>
    <occluded>0</occluded>
    <bndbox>
      <xmin>892.45</xmin>
      <ymin>505.42</ymin>
      <xmax>920.3</xmax>
      <ymax>553.7</ymax>
    </bndbox>
  </object>
  <object>
    <name>WHITE</name>
    <occluded>0</occluded>
    <bndbox>
      <xmin>794.81</xmin>
      <ymin>755.6</ymin>
      <xmax>840.07</xmax>
      <ymax>799.1</ymax>
    </bndbox>
  </object>
  <object>
    <name>WHITE</name>
    <occluded>0</occluded>
    <bndbox>
      <xmin>706.22</xmin>
      <ymin>895.24</ymin>
      <xmax>749.16</xmax>
      <ymax>934.1</ymax>
    </bndbox>
  </object>
  <object>
    <name>WHITE</name>
    <occluded>0</occluded>
    <bndbox>
      <xmin>846.56</xmin>
      <ymin>385.41</ymin>
      <xmax>882.2</xmax>
      <ymax>427.6</ymax>
    </bndbox>
  </object>
  <object>
    <name>WHITE</name>
    <occluded>0</occluded>
    <bndbox>
      <xmin>853.67</xmin>
      <ymin>451.0</ymin>
      <xmax>879.7</xmax>
      <ymax>502.4</ymax>
    </bndbox>
  </object>
  <object>
    <name>WHITE</name>
    <occluded>0</occluded>
    <bndbox>
      <xmin>791.0</xmin>
      <ymin>607.5</ymin>
      <xmax>833.7</xmax>
      <ymax>660.0</ymax>
    </bndbox>
  </object>
  <object>
    <name>WHITE</name>
    <occluded>0</occluded>
    <bndbox>
      <xmin>754.06</xmin>
      <ymin>696.77</ymin>
      <xmax>800.32</xmax>
      <ymax>745.7</ymax>
    </bndbox>
  </object>
  <object>
    <name>WHITE</name>
    <occluded>0</occluded>
    <bndbox>
      <xmin>707.5</xmin>
      <ymin>785.0</ymin>
      <xmax>755.88</xmax>
      <ymax>819.2</ymax>
    </bndbox>
  </object>
</annotation>
