<annotation>
  <folder>TD</folder>
  <filename>TD_camera7.png</filename>
  <source>
    <database>Unknown</database>
    <annotation>Unknown</annotation>
    <image>Unknown</image>
  </source>
  <size>
    <width>1280</width>
    <height>960</height>
    <depth></depth>
  </size>
  <segmented>0</segmented>
  <object>
    <name>WHITE</name>
    <occluded>0</occluded>
    <bndbox>
      <xmin>338.56</xmin>
      <ymin>493.51</ymin>
      <xmax>380.86</xmax>
      <ymax>538.8</ymax>
    </bndbox>
  </object>
  <object>
    <name>WHITE</name>
    <occluded>0</occluded>
    <bndbox>
      <xmin>280.93</xmin>
      <ymin>591.2</ymin>
      <xmax>311.24</xmax>
      <ymax>639.11</ymax>
    </bndbox>
  </object>
  <object>
    <name>WHITE</name>
    <occluded>0</occluded>
    <bndbox>
      <xmin>331.83</xmin>
      <ymin>597.56</ymin>
      <xmax>370.38</xmax>
      <ymax>648.09</ymax>
    </bndbox>
  </object>
  <object>
    <name>WHITE</name>
    <occluded>0</occluded>
    <bndbox>
      <xmin>258.1</xmin>
      <ymin>672.79</ymin>
      <xmax>284.67</xmax>
      <ymax>722.2</ymax>
    </bndbox>
  </object>
  <object>
    <name>WHITE</name>
    <occluded>0</occluded>
    <bndbox>
      <xmin>301.51</xmin>
      <ymin>678.78</ymin>
      <xmax>333.7</xmax>
      <ymax>729.31</ymax>
    </bndbox>
  </object>
  <object>
    <name>WHITE</name>
    <occluded>0</occluded>
    <bndbox>
      <xmin>815.91</xmin>
      <ymin>677.92</ymin>
      <xmax>832.76</xmax>
      <ymax>723.96</ymax>
    </bndbox>
  </object>
  <object>
    <name>WHITE</name>
    <occluded>0</occluded>
    <bndbox>
      <xmin>796.83</xmin>
      <ymin>607.56</ymin>
      <xmax>820.41</xmax>
      <ymax>655.46</ymax>
    </bndbox>
  </object>
  <object>
    <name>WHITE</name>
    <occluded>0</occluded>
    <bndbox>
      <xmin>324.72</xmin>
      <ymin>357.28</ymin>
      <xmax>359.52</xmax>
      <ymax>400.69</ymax>
    </bndbox>
  </object>
  <object>
    <name>WHITE</name>
    <occluded>0</occluded>
    <bndbox>
      <xmin>389.09</xmin>
      <ymin>310.49</ymin>
      <xmax>424.65</xmax>
      <ymax>350.92</ymax>
    </bndbox>
  </object>
  <object>
    <name>WHITE</name>
    <occluded>0</occluded>
    <bndbox>
      <xmin>307.12</xmin>
      <ymin>316.86</ymin>
      <xmax>335.2</xmax>
      <ymax>359.52</ymax>
    </bndbox>
  </object>
  <object>
    <name>WHITE</name>
    <occluded>0</occluded>
    <bndbox>
      <xmin>355.41</xmin>
      <ymin>283.92</ymin>
      <xmax>385.72</xmax>
      <ymax>323.59</ymax>
    </bndbox>
  </object>
  <object>
    <name>WHITE</name>
    <occluded>0</occluded>
    <bndbox>
      <xmin>425.77</xmin>
      <ymin>231.9</ymin>
      <xmax>469.56</xmax>
      <ymax>272.69</ymax>
    </bndbox>
  </object>
  <object>
    <name>WHITE</name>
    <occluded>0</occluded>
    <bndbox>
      <xmin>274.19</xmin>
      <ymin>395.45</ymin>
      <xmax>298.52</xmax>
      <ymax>439.62</ymax>
    </bndbox>
  </object>
  <object>
    <name>WHITE</name>
    <occluded>0</occluded>
    <bndbox>
      <xmin>465.82</xmin>
      <ymin>179.12</ymin>
      <xmax>511.85</xmax>
      <ymax>211.68</ymax>
    </bndbox>
  </object>
  <object>
    <name>WHITE</name>
    <occluded>0</occluded>
    <bndbox>
      <xmin>557.51</xmin>
      <ymin>163.4</ymin>
      <xmax>602.43</xmax>
      <ymax>186.98</ymax>
    </bndbox>
  </object>
  <object>
    <name>WHITE</name>
    <occluded>0</occluded>
    <bndbox>
      <xmin>649.59</xmin>
      <ymin>166.4</ymin>
      <xmax>691.51</xmax>
      <ymax>192.97</ymax>
    </bndbox>
  </object>
  <object>
    <name>WHITE</name>
    <occluded>0</occluded>
    <bndbox>
      <xmin>764.11</xmin>
      <ymin>285.04</ymin>
      <xmax>798.55</xmax>
      <ymax>324.34</ymax>
    </bndbox>
  </object>
  <object>
    <name>WHITE</name>
    <occluded>0</occluded>
    <bndbox>
      <xmin>785.82</xmin>
      <ymin>249.11</ymin>
      <xmax>819.13</xmax>
      <ymax>285.04</ymax>
    </bndbox>
  </object>
  <object>
    <name>WHITE</name>
    <occluded>0</occluded>
    <bndbox>
      <xmin>818.01</xmin>
      <ymin>362.14</ymin>
      <xmax>849.07</xmax>
      <ymax>407.43</ymax>
    </bndbox>
  </object>
  <object>
    <name>WHITE</name>
    <occluded>0</occluded>
    <bndbox>
      <xmin>839.87</xmin>
      <ymin>744.91</ymin>
      <xmax>858.21</xmax>
      <ymax>789.08</ymax>
    </bndbox>
  </object>
  <object>
    <name>WHITE</name>
    <occluded>0</occluded>
    <bndbox>
      <xmin>406.56</xmin>
      <ymin>741.55</ymin>
      <xmax>457.8</xmax>
      <ymax>794.6</ymax>
    </bndbox>
  </object>
  <object>
    <name>BLACK</name>
    <occluded>0</occluded>
    <bndbox>
      <xmin>826.52</xmin>
      <ymin>605.4</ymin>
      <xmax>856.2</xmax>
      <ymax>651.11</ymax>
    </bndbox>
  </object>
  <object>
    <name>WHITE</name>
    <occluded>0</occluded>
    <bndbox>
      <xmin>418.93</xmin>
      <ymin>344.83</ymin>
      <xmax>463.33</xmax>
      <ymax>389.3</ymax>
    </bndbox>
  </object>
  <object>
    <name>WHITE</name>
    <occluded>0</occluded>
    <bndbox>
      <xmin>349.42</xmin>
      <ymin>405.56</ymin>
      <xmax>389.84</xmax>
      <ymax>450.85</ymax>
    </bndbox>
  </object>
  <object>
    <name>BLACK</name>
    <occluded>0</occluded>
    <bndbox>
      <xmin>255.1</xmin>
      <ymin>510.36</ymin>
      <xmax>282.8</xmax>
      <ymax>554.15</ymax>
    </bndbox>
  </object>
  <object>
    <name>WHITE</name>
    <occluded>0</occluded>
    <bndbox>
      <xmin>393.21</xmin>
      <ymin>528.32</ymin>
      <xmax>445.98</xmax>
      <ymax>574.73</ymax>
    </bndbox>
  </object>
  <object>
    <name>WHITE</name>
    <occluded>0</occluded>
    <bndbox>
      <xmin>330.7</xmin>
      <ymin>244.11</ymin>
      <xmax>367.26</xmax>
      <ymax>281.8</ymax>
    </bndbox>
  </object>
  <object>
    <name>WHITE</name>
    <occluded>0</occluded>
    <bndbox>
      <xmin>712.05</xmin>
      <ymin>214.54</ymin>
      <xmax>752.9</xmax>
      <ymax>250.7</ymax>
    </bndbox>
  </object>
  <object>
    <name>BLACK</name>
    <occluded>0</occluded>
    <bndbox>
      <xmin>686.8</xmin>
      <ymin>399.76</ymin>
      <xmax>736.0</xmax>
      <ymax>447.8</ymax>
    </bndbox>
  </object>
  <object>
    <name>WHITE</name>
    <occluded>0</occluded>
    <bndbox>
      <xmin>735.09</xmin>
      <ymin>327.73</ymin>
      <xmax>770.7</xmax>
      <ymax>374.9</ymax>
    </bndbox>
  </object>
  <object>
    <name>WHITE</name>
    <occluded>0</occluded>
    <bndbox>
      <xmin>863.67</xmin>
      <ymin>420.9</ymin>
      <xmax>881.64</xmax>
      <ymax>461.33</ymax>
    </bndbox>
  </object>
  <object>
    <name>WHITE</name>
    <occluded>0</occluded>
    <bndbox>
      <xmin>388.6</xmin>
      <ymin>212.07</ymin>
      <xmax>423.96</xmax>
      <ymax>251.1</ymax>
    </bndbox>
  </object>
  <object>
    <name>WHITE</name>
    <occluded>0</occluded>
    <bndbox>
      <xmin>286.5</xmin>
      <ymin>747.0</ymin>
      <xmax>313.6</xmax>
      <ymax>794.5</ymax>
    </bndbox>
  </object>
  <object>
    <name>BLACK</name>
    <occluded>0</occluded>
    <bndbox>
      <xmin>465.7</xmin>
      <ymin>544.31</ymin>
      <xmax>520.6</xmax>
      <ymax>596.3</ymax>
    </bndbox>
  </object>
  <object>
    <name>WHITE</name>
    <occluded>0</occluded>
    <bndbox>
      <xmin>674.31</xmin>
      <ymin>264.2</ymin>
      <xmax>720.1</xmax>
      <ymax>303.9</ymax>
    </bndbox>
  </object>
  <object>
    <name>WHITE</name>
    <occluded>0</occluded>
    <bndbox>
      <xmin>617.28</xmin>
      <ymin>199.15</ymin>
      <xmax>662.7</xmax>
      <ymax>230.8</ymax>
    </bndbox>
  </object>
  <object>
    <name>WHITE</name>
    <occluded>0</occluded>
    <bndbox>
      <xmin>568.0</xmin>
      <ymin>243.62</ymin>
      <xmax>616.6</xmax>
      <ymax>280.5</ymax>
    </bndbox>
  </object>
  <object>
    <name>WHITE</name>
    <occluded>0</occluded>
    <bndbox>
      <xmin>515.77</xmin>
      <ymin>306.17</ymin>
      <xmax>566.0</xmax>
      <ymax>356.1</ymax>
    </bndbox>
  </object>
  <object>
    <name>WHITE</name>
    <occluded>0</occluded>
    <bndbox>
      <xmin>513.38</xmin>
      <ymin>202.0</ymin>
      <xmax>559.5</xmax>
      <ymax>234.7</ymax>
    </bndbox>
  </object>
  <object>
    <name>WHITE</name>
    <occluded>0</occluded>
    <bndbox>
      <xmin>468.86</xmin>
      <ymin>266.9</ymin>
      <xmax>513.5</xmax>
      <ymax>307.5</ymax>
    </bndbox>
  </object>
  <object>
    <name>WHITE</name>
    <occluded>0</occluded>
    <bndbox>
      <xmin>628.51</xmin>
      <ymin>308.51</ymin>
      <xmax>679.0</xmax>
      <ymax>354.0</ymax>
    </bndbox>
  </object>
  <object>
    <name>WHITE</name>
    <occluded>0</occluded>
    <bndbox>
      <xmin>472.8</xmin>
      <ymin>644.07</ymin>
      <xmax>522.15</xmax>
      <ymax>694.1</ymax>
    </bndbox>
  </object>
  <object>
    <name>WHITE</name>
    <occluded>0</occluded>
    <bndbox>
      <xmin>542.25</xmin>
      <ymin>571.35</ymin>
      <xmax>596.2</xmax>
      <ymax>624.6</ymax>
    </bndbox>
  </object>
  <object>
    <name>BLACK</name>
    <occluded>0</occluded>
    <bndbox>
      <xmin>332.5</xmin>
      <ymin>757.26</ymin>
      <xmax>366.9</xmax>
      <ymax>812.2</ymax>
    </bndbox>
  </object>
  <object>
    <name>WHITE</name>
    <occluded>0</occluded>
    <bndbox>
      <xmin>289.72</xmin>
      <ymin>436.7</ymin>
      <xmax>329.77</xmax>
      <ymax>480.12</ymax>
    </bndbox>
  </object>
  <object>
    <name>WHITE</name>
    <occluded>0</occluded>
    <bndbox>
      <xmin>287.8</xmin>
      <ymin>501.82</ymin>
      <xmax>324.9</xmax>
      <ymax>553.85</ymax>
    </bndbox>
  </object>
  <object>
    <name>WHITE</name>
    <occluded>0</occluded>
    <bndbox>
      <xmin>362.8</xmin>
      <ymin>693.3</ymin>
      <xmax>409.5</xmax>
      <ymax>744.5</ymax>
    </bndbox>
  </object>
  <object>
    <name>WHITE</name>
    <occluded>0</occluded>
    <bndbox>
      <xmin>395.98</xmin>
      <ymin>617.3</ymin>
      <xmax>442.02</xmax>
      <ymax>668.92</ymax>
    </bndbox>
  </object>
</annotation>
