<annotation>
  <folder>TD</folder>
  <filename>TD_camera1.png</filename>
  <source>
    <database>Unknown</database>
    <annotation>Unknown</annotation>
    <image>Unknown</image>
  </source>
  <size>
    <width>960</width>
    <height>1280</height>
    <depth></depth>
  </size>
  <segmented>0</segmented>
  <object>
    <name>WHITE</name>
    <occluded>0</occluded>
    <bndbox>
      <xmin>704.13</xmin>
      <ymin>591.36</ymin>
      <xmax>733.24</xmax>
      <ymax>634.33</ymax>
    </bndbox>
  </object>
  <object>
    <name>WHITE</name>
    <occluded>0</occluded>
    <bndbox>
      <xmin>730.12</xmin>
      <ymin>550.46</ymin>
      <xmax>752.64</xmax>
      <ymax>592.05</ymax>
    </bndbox>
  </object>
  <object>
    <name>WHITE</name>
    <occluded>0</occluded>
    <bndbox>
      <xmin>734.62</xmin>
      <ymin>620.12</ymin>
      <xmax>755.76</xmax>
      <ymax>663.09</ymax>
    </bndbox>
  </object>
  <object>
    <name>BLACK</name>
    <occluded>0</occluded>
    <bndbox>
      <xmin>364.36</xmin>
      <ymin>923.13</ymin>
      <xmax>410.5</xmax>
      <ymax>948.8</ymax>
    </bndbox>
  </object>
  <object>
    <name>WHITE</name>
    <occluded>0</occluded>
    <bndbox>
      <xmin>470.81</xmin>
      <ymin>878.11</ymin>
      <xmax>513.6</xmax>
      <ymax>908.6</ymax>
    </bndbox>
  </object>
  <object>
    <name>WHITE</name>
    <occluded>0</occluded>
    <bndbox>
      <xmin>395.03</xmin>
      <ymin>836.53</ymin>
      <xmax>442.4</xmax>
      <ymax>875.3</ymax>
    </bndbox>
  </object>
  <object>
    <name>WHITE</name>
    <occluded>0</occluded>
    <bndbox>
      <xmin>526.69</xmin>
      <ymin>901.87</ymin>
      <xmax>570.7</xmax>
      <ymax>930.29</ymax>
    </bndbox>
  </object>
  <object>
    <name>WHITE</name>
    <occluded>0</occluded>
    <bndbox>
      <xmin>561.0</xmin>
      <ymin>843.99</ymin>
      <xmax>604.32</xmax>
      <ymax>882.46</ymax>
    </bndbox>
  </object>
  <object>
    <name>WHITE</name>
    <occluded>0</occluded>
    <bndbox>
      <xmin>607.78</xmin>
      <ymin>856.47</ymin>
      <xmax>648.33</xmax>
      <ymax>897.36</ymax>
    </bndbox>
  </object>
  <object>
    <name>WHITE</name>
    <occluded>0</occluded>
    <bndbox>
      <xmin>621.33</xmin>
      <ymin>471.72</ymin>
      <xmax>656.2</xmax>
      <ymax>515.4</ymax>
    </bndbox>
  </object>
  <object>
    <name>BLACK</name>
    <occluded>0</occluded>
    <bndbox>
      <xmin>456.5</xmin>
      <ymin>603.61</ymin>
      <xmax>502.9</xmax>
      <ymax>651.1</ymax>
    </bndbox>
  </object>
  <object>
    <name>WHITE</name>
    <occluded>0</occluded>
    <bndbox>
      <xmin>668.08</xmin>
      <ymin>633.64</ymin>
      <xmax>698.58</xmax>
      <ymax>679.38</ymax>
    </bndbox>
  </object>
  <object>
    <name>WHITE</name>
    <occluded>0</occluded>
    <bndbox>
      <xmin>661.84</xmin>
      <ymin>445.44</ymin>
      <xmax>691.2</xmax>
      <ymax>484.3</ymax>
    </bndbox>
  </object>
  <object>
    <name>WHITE</name>
    <occluded>0</occluded>
    <bndbox>
      <xmin>315.63</xmin>
      <ymin>925.28</ymin>
      <xmax>355.9</xmax>
      <ymax>958.6</ymax>
    </bndbox>
  </object>
  <object>
    <name>WHITE</name>
    <occluded>0</occluded>
    <bndbox>
      <xmin>300.4</xmin>
      <ymin>883.97</ymin>
      <xmax>342.1</xmax>
      <ymax>920.8</ymax>
    </bndbox>
  </object>
  <object>
    <name>WHITE</name>
    <occluded>0</occluded>
    <bndbox>
      <xmin>376.23</xmin>
      <ymin>887.27</ymin>
      <xmax>423.2</xmax>
      <ymax>923.9</ymax>
    </bndbox>
  </object>
  <object>
    <name>WHITE</name>
    <occluded>0</occluded>
    <bndbox>
      <xmin>306.38</xmin>
      <ymin>833.57</ymin>
      <xmax>346.1</xmax>
      <ymax>874.9</ymax>
    </bndbox>
  </object>
  <object>
    <name>WHITE</name>
    <occluded>0</occluded>
    <bndbox>
      <xmin>238.69</xmin>
      <ymin>826.79</ymin>
      <xmax>271.0</xmax>
      <ymax>867.1</ymax>
    </bndbox>
  </object>
  <object>
    <name>WHITE</name>
    <occluded>0</occluded>
    <bndbox>
      <xmin>418.1</xmin>
      <ymin>765.26</ymin>
      <xmax>465.0</xmax>
      <ymax>808.0</ymax>
    </bndbox>
  </object>
  <object>
    <name>WHITE</name>
    <occluded>0</occluded>
    <bndbox>
      <xmin>313.9</xmin>
      <ymin>776.4</ymin>
      <xmax>354.0</xmax>
      <ymax>818.5</ymax>
    </bndbox>
  </object>
  <object>
    <name>WHITE</name>
    <occluded>0</occluded>
    <bndbox>
      <xmin>289.37</xmin>
      <ymin>461.29</ymin>
      <xmax>330.01</xmax>
      <ymax>504.3</ymax>
    </bndbox>
  </object>
  <object>
    <name>WHITE</name>
    <occluded>0</occluded>
    <bndbox>
      <xmin>438.7</xmin>
      <ymin>683.5</ymin>
      <xmax>487.6</xmax>
      <ymax>731.7</ymax>
    </bndbox>
  </object>
  <object>
    <name>WHITE</name>
    <occluded>0</occluded>
    <bndbox>
      <xmin>337.5</xmin>
      <ymin>699.0</ymin>
      <xmax>382.4</xmax>
      <ymax>746.9</ymax>
    </bndbox>
  </object>
  <object>
    <name>WHITE</name>
    <occluded>0</occluded>
    <bndbox>
      <xmin>264.8</xmin>
      <ymin>693.7</ymin>
      <xmax>299.5</xmax>
      <ymax>739.1</ymax>
    </bndbox>
  </object>
  <object>
    <name>WHITE</name>
    <occluded>0</occluded>
    <bndbox>
      <xmin>182.7</xmin>
      <ymin>608.71</ymin>
      <xmax>211.2</xmax>
      <ymax>651.4</ymax>
    </bndbox>
  </object>
  <object>
    <name>WHITE</name>
    <occluded>0</occluded>
    <bndbox>
      <xmin>235.88</xmin>
      <ymin>605.78</ymin>
      <xmax>276.12</xmax>
      <ymax>653.9</ymax>
    </bndbox>
  </object>
  <object>
    <name>WHITE</name>
    <occluded>0</occluded>
    <bndbox>
      <xmin>204.6</xmin>
      <ymin>539.32</ymin>
      <xmax>235.21</xmax>
      <ymax>583.7</ymax>
    </bndbox>
  </object>
  <object>
    <name>WHITE</name>
    <occluded>0</occluded>
    <bndbox>
      <xmin>297.73</xmin>
      <ymin>612.0</ymin>
      <xmax>338.6</xmax>
      <ymax>658.5</ymax>
    </bndbox>
  </object>
  <object>
    <name>WHITE</name>
    <occluded>0</occluded>
    <bndbox>
      <xmin>258.7</xmin>
      <ymin>529.79</ymin>
      <xmax>285.92</xmax>
      <ymax>577.3</ymax>
    </bndbox>
  </object>
  <object>
    <name>WHITE</name>
    <occluded>0</occluded>
    <bndbox>
      <xmin>370.1</xmin>
      <ymin>608.1</ymin>
      <xmax>417.31</xmax>
      <ymax>656.73</ymax>
    </bndbox>
  </object>
  <object>
    <name>WHITE</name>
    <occluded>0</occluded>
    <bndbox>
      <xmin>320.05</xmin>
      <ymin>530.65</ymin>
      <xmax>362.03</xmax>
      <ymax>578.9</ymax>
    </bndbox>
  </object>
  <object>
    <name>BLACK</name>
    <occluded>0</occluded>
    <bndbox>
      <xmin>320.3</xmin>
      <ymin>319.01</ymin>
      <xmax>359.32</xmax>
      <ymax>342.2</ymax>
    </bndbox>
  </object>
  <object>
    <name>WHITE</name>
    <occluded>0</occluded>
    <bndbox>
      <xmin>355.49</xmin>
      <ymin>401.09</ymin>
      <xmax>399.3</xmax>
      <ymax>440.1</ymax>
    </bndbox>
  </object>
  <object>
    <name>WHITE</name>
    <occluded>0</occluded>
    <bndbox>
      <xmin>410.71</xmin>
      <ymin>342.4</ymin>
      <xmax>456.5</xmax>
      <ymax>378.9</ymax>
    </bndbox>
  </object>
  <object>
    <name>WHITE</name>
    <occluded>0</occluded>
    <bndbox>
      <xmin>471.29</xmin>
      <ymin>307.71</ymin>
      <xmax>515.7</xmax>
      <ymax>337.3</ymax>
    </bndbox>
  </object>
  <object>
    <name>WHITE</name>
    <occluded>0</occluded>
    <bndbox>
      <xmin>383.7</xmin>
      <ymin>465.4</ymin>
      <xmax>429.3</xmax>
      <ymax>509.2</ymax>
    </bndbox>
  </object>
  <object>
    <name>WHITE</name>
    <occluded>0</occluded>
    <bndbox>
      <xmin>450.5</xmin>
      <ymin>390.5</ymin>
      <xmax>495.0</xmax>
      <ymax>427.6</ymax>
    </bndbox>
  </object>
  <object>
    <name>WHITE</name>
    <occluded>0</occluded>
    <bndbox>
      <xmin>507.91</xmin>
      <ymin>362.39</ymin>
      <xmax>550.1</xmax>
      <ymax>400.8</ymax>
    </bndbox>
  </object>
  <object>
    <name>WHITE</name>
    <occluded>0</occluded>
    <bndbox>
      <xmin>654.8</xmin>
      <ymin>720.8</ymin>
      <xmax>684.5</xmax>
      <ymax>763.5</ymax>
    </bndbox>
  </object>
  <object>
    <name>WHITE</name>
    <occluded>0</occluded>
    <bndbox>
      <xmin>638.68</xmin>
      <ymin>793.88</ymin>
      <xmax>676.24</xmax>
      <ymax>837.4</ymax>
    </bndbox>
  </object>
  <object>
    <name>WHITE</name>
    <occluded>0</occluded>
    <bndbox>
      <xmin>691.52</xmin>
      <ymin>739.78</ymin>
      <xmax>725.0</xmax>
      <ymax>782.8</ymax>
    </bndbox>
  </object>
  <object>
    <name>WHITE</name>
    <occluded>0</occluded>
    <bndbox>
      <xmin>708.0</xmin>
      <ymin>670.0</ymin>
      <xmax>738.8</xmax>
      <ymax>712.5</ymax>
    </bndbox>
  </object>
  <object>
    <name>WHITE</name>
    <occluded>0</occluded>
    <bndbox>
      <xmin>606.2</xmin>
      <ymin>597.9</ymin>
      <xmax>642.1</xmax>
      <ymax>642.62</ymax>
    </bndbox>
  </object>
  <object>
    <name>WHITE</name>
    <occluded>0</occluded>
    <bndbox>
      <xmin>511.23</xmin>
      <ymin>556.96</ymin>
      <xmax>556.4</xmax>
      <ymax>601.4</ymax>
    </bndbox>
  </object>
  <object>
    <name>WHITE</name>
    <occluded>0</occluded>
    <bndbox>
      <xmin>654.33</xmin>
      <ymin>559.22</ymin>
      <xmax>690.0</xmax>
      <ymax>603.3</ymax>
    </bndbox>
  </object>
  <object>
    <name>WHITE</name>
    <occluded>0</occluded>
    <bndbox>
      <xmin>590.07</xmin>
      <ymin>688.69</ymin>
      <xmax>629.6</xmax>
      <ymax>734.5</ymax>
    </bndbox>
  </object>
  <object>
    <name>WHITE</name>
    <occluded>0</occluded>
    <bndbox>
      <xmin>567.7</xmin>
      <ymin>510.2</ymin>
      <xmax>611.85</xmax>
      <ymax>556.37</ymax>
    </bndbox>
  </object>
  <object>
    <name>WHITE</name>
    <occluded>0</occluded>
    <bndbox>
      <xmin>689.42</xmin>
      <ymin>514.9</ymin>
      <xmax>718.8</xmax>
      <ymax>558.3</ymax>
    </bndbox>
  </object>
  <object>
    <name>WHITE</name>
    <occluded>0</occluded>
    <bndbox>
      <xmin>585.6</xmin>
      <ymin>783.1</ymin>
      <xmax>626.39</xmax>
      <ymax>828.4</ymax>
    </bndbox>
  </object>
  <object>
    <name>WHITE</name>
    <occluded>0</occluded>
    <bndbox>
      <xmin>526.08</xmin>
      <ymin>648.9</ymin>
      <xmax>568.3</xmax>
      <ymax>692.03</ymax>
    </bndbox>
  </object>
  <object>
    <name>WHITE</name>
    <occluded>0</occluded>
    <bndbox>
      <xmin>520.25</xmin>
      <ymin>748.31</ymin>
      <xmax>563.3</xmax>
      <ymax>794.1</ymax>
    </bndbox>
  </object>
  <object>
    <name>WHITE</name>
    <occluded>0</occluded>
    <bndbox>
      <xmin>495.47</xmin>
      <ymin>833.8</ymin>
      <xmax>542.6</xmax>
      <ymax>869.45</ymax>
    </bndbox>
  </object>
  <object>
    <name>WHITE</name>
    <occluded>0</occluded>
    <bndbox>
      <xmin>592.19</xmin>
      <ymin>400.41</ymin>
      <xmax>627.19</xmax>
      <ymax>443.03</ymax>
    </bndbox>
  </object>
  <object>
    <name>WHITE</name>
    <occluded>0</occluded>
    <bndbox>
      <xmin>710.36</xmin>
      <ymin>481.5</ymin>
      <xmax>739.82</xmax>
      <ymax>519.97</ymax>
    </bndbox>
  </object>
  <object>
    <name>WHITE</name>
    <occluded>0</occluded>
    <bndbox>
      <xmin>233.16</xmin>
      <ymin>470.07</ymin>
      <xmax>267.12</xmax>
      <ymax>513.38</ymax>
    </bndbox>
  </object>
  <object>
    <name>WHITE</name>
    <occluded>0</occluded>
    <bndbox>
      <xmin>224.15</xmin>
      <ymin>419.12</ymin>
      <xmax>253.26</xmax>
      <ymax>458.3</ymax>
    </bndbox>
  </object>
  <object>
    <name>WHITE</name>
    <occluded>0</occluded>
    <bndbox>
      <xmin>277.87</xmin>
      <ymin>406.3</ymin>
      <xmax>310.79</xmax>
      <ymax>445.11</ymax>
    </bndbox>
  </object>
  <object>
    <name>WHITE</name>
    <occluded>0</occluded>
    <bndbox>
      <xmin>268.51</xmin>
      <ymin>356.4</ymin>
      <xmax>300.39</xmax>
      <ymax>394.52</ymax>
    </bndbox>
  </object>
  <object>
    <name>WHITE</name>
    <occluded>0</occluded>
    <bndbox>
      <xmin>419.61</xmin>
      <ymin>536.61</ymin>
      <xmax>465.8</xmax>
      <ymax>583.8</ymax>
    </bndbox>
  </object>
  <object>
    <name>WHITE</name>
    <occluded>0</occluded>
    <bndbox>
      <xmin>334.01</xmin>
      <ymin>349.12</ymin>
      <xmax>374.21</xmax>
      <ymax>385.16</ymax>
    </bndbox>
  </object>
  <object>
    <name>WHITE</name>
    <occluded>0</occluded>
    <bndbox>
      <xmin>481.63</xmin>
      <ymin>466.08</ymin>
      <xmax>528.9</xmax>
      <ymax>511.5</ymax>
    </bndbox>
  </object>
  <object>
    <name>WHITE</name>
    <occluded>0</occluded>
    <bndbox>
      <xmin>544.14</xmin>
      <ymin>421.98</ymin>
      <xmax>584.9</xmax>
      <ymax>466.8</ymax>
    </bndbox>
  </object>
  <object>
    <name>WHITE</name>
    <occluded>0</occluded>
    <bndbox>
      <xmin>519.79</xmin>
      <ymin>295.06</ymin>
      <xmax>562.42</xmax>
      <ymax>314.81</ymax>
    </bndbox>
  </object>
  <object>
    <name>WHITE</name>
    <occluded>0</occluded>
    <bndbox>
      <xmin>433.85</xmin>
      <ymin>281.2</ymin>
      <xmax>475.09</xmax>
      <ymax>300.95</ymax>
    </bndbox>
  </object>
  <object>
    <name>WHITE</name>
    <occluded>0</occluded>
    <bndbox>
      <xmin>249.45</xmin>
      <ymin>764.29</ymin>
      <xmax>276.83</xmax>
      <ymax>807.26</ymax>
    </bndbox>
  </object>
  <object>
    <name>WHITE</name>
    <occluded>0</occluded>
    <bndbox>
      <xmin>191.23</xmin>
      <ymin>754.93</ymin>
      <xmax>217.92</xmax>
      <ymax>795.13</ymax>
    </bndbox>
  </object>
  <object>
    <name>WHITE</name>
    <occluded>0</occluded>
    <bndbox>
      <xmin>193.66</xmin>
      <ymin>487.74</ymin>
      <xmax>214.1</xmax>
      <ymax>526.9</ymax>
    </bndbox>
  </object>
  <object>
    <name>WHITE</name>
    <occluded>0</occluded>
    <bndbox>
      <xmin>202.67</xmin>
      <ymin>678.69</ymin>
      <xmax>234.9</xmax>
      <ymax>726.17</ymax>
    </bndbox>
  </object>
  <object>
    <name>WHITE</name>
    <occluded>0</occluded>
    <bndbox>
      <xmin>385.65</xmin>
      <ymin>306.84</ymin>
      <xmax>428.96</xmax>
      <ymax>333.18</ymax>
    </bndbox>
  </object>
  <object>
    <name>WHITE</name>
    <occluded>0</occluded>
    <bndbox>
      <xmin>557.88</xmin>
      <ymin>338.03</ymin>
      <xmax>597.73</xmax>
      <ymax>371.64</ymax>
    </bndbox>
  </object>
  <object>
    <name>WHITE</name>
    <occluded>0</occluded>
    <bndbox>
      <xmin>631.0</xmin>
      <ymin>374.07</ymin>
      <xmax>666.7</xmax>
      <ymax>409.76</ymax>
    </bndbox>
  </object>
</annotation>
