<annotation>
  <folder>TD</folder>
  <filename>TD_camera9.png</filename>
  <source>
    <database>Unknown</database>
    <annotation>Unknown</annotation>
    <image>Unknown</image>
  </source>
  <size>
    <width>960</width>
    <height>1280</height>
    <depth></depth>
  </size>
  <segmented>0</segmented>
  <object>
    <name>WHITE</name>
    <occluded>0</occluded>
    <bndbox>
      <xmin>535.07</xmin>
      <ymin>622.69</ymin>
      <xmax>584.0</xmax>
      <ymax>673.5</ymax>
    </bndbox>
  </object>
  <object>
    <name>WHITE</name>
    <occluded>0</occluded>
    <bndbox>
      <xmin>439.43</xmin>
      <ymin>601.25</ymin>
      <xmax>486.57</xmax>
      <ymax>648.75</ymax>
    </bndbox>
  </object>
  <object>
    <name>WHITE</name>
    <occluded>0</occluded>
    <bndbox>
      <xmin>511.27</xmin>
      <ymin>318.52</ymin>
      <xmax>555.63</xmax>
      <ymax>344.16</ymax>
    </bndbox>
  </object>
  <object>
    <name>WHITE</name>
    <occluded>0</occluded>
    <bndbox>
      <xmin>678.25</xmin>
      <ymin>524.0</ymin>
      <xmax>710.9</xmax>
      <ymax>563.2</ymax>
    </bndbox>
  </object>
  <object>
    <name>WHITE</name>
    <occluded>0</occluded>
    <bndbox>
      <xmin>568.63</xmin>
      <ymin>717.35</ymin>
      <xmax>614.59</xmax>
      <ymax>768.7</ymax>
    </bndbox>
  </object>
  <object>
    <name>WHITE</name>
    <occluded>0</occluded>
    <bndbox>
      <xmin>612.98</xmin>
      <ymin>663.53</ymin>
      <xmax>652.4</xmax>
      <ymax>711.6</ymax>
    </bndbox>
  </object>
  <object>
    <name>WHITE</name>
    <occluded>0</occluded>
    <bndbox>
      <xmin>691.5</xmin>
      <ymin>805.5</ymin>
      <xmax>714.5</xmax>
      <ymax>850.5</ymax>
    </bndbox>
  </object>
  <object>
    <name>WHITE</name>
    <occluded>0</occluded>
    <bndbox>
      <xmin>633.21</xmin>
      <ymin>458.95</ymin>
      <xmax>656.79</xmax>
      <ymax>503.05</ymax>
    </bndbox>
  </object>
  <object>
    <name>BLACK</name>
    <occluded>0</occluded>
    <bndbox>
      <xmin>633.26</xmin>
      <ymin>747.3</ymin>
      <xmax>670.74</xmax>
      <ymax>790.85</ymax>
    </bndbox>
  </object>
  <object>
    <name>WHITE</name>
    <occluded>0</occluded>
    <bndbox>
      <xmin>488.57</xmin>
      <ymin>695.7</ymin>
      <xmax>539.75</xmax>
      <ymax>746.1</ymax>
    </bndbox>
  </object>
  <object>
    <name>WHITE</name>
    <occluded>0</occluded>
    <bndbox>
      <xmin>650.49</xmin>
      <ymin>439.98</ymin>
      <xmax>681.7</xmax>
      <ymax>486.2</ymax>
    </bndbox>
  </object>
  <object>
    <name>BLACK</name>
    <occluded>0</occluded>
    <bndbox>
      <xmin>564.27</xmin>
      <ymin>482.16</ymin>
      <xmax>609.9</xmax>
      <ymax>529.6</ymax>
    </bndbox>
  </object>
  <object>
    <name>WHITE</name>
    <occluded>0</occluded>
    <bndbox>
      <xmin>392.51</xmin>
      <ymin>681.0</ymin>
      <xmax>449.0</xmax>
      <ymax>735.5</ymax>
    </bndbox>
  </object>
  <object>
    <name>WHITE</name>
    <occluded>0</occluded>
    <bndbox>
      <xmin>612.56</xmin>
      <ymin>363.56</ymin>
      <xmax>644.5</xmax>
      <ymax>402.5</ymax>
    </bndbox>
  </object>
  <object>
    <name>WHITE</name>
    <occluded>0</occluded>
    <bndbox>
      <xmin>567.64</xmin>
      <ymin>372.43</ymin>
      <xmax>606.5</xmax>
      <ymax>413.8</ymax>
    </bndbox>
  </object>
  <object>
    <name>WHITE</name>
    <occluded>0</occluded>
    <bndbox>
      <xmin>514.42</xmin>
      <ymin>392.13</ymin>
      <xmax>562.5</xmax>
      <ymax>433.6</ymax>
    </bndbox>
  </object>
  <object>
    <name>WHITE</name>
    <occluded>0</occluded>
    <bndbox>
      <xmin>452.5</xmin>
      <ymin>441.5</ymin>
      <xmax>498.5</xmax>
      <ymax>488.5</ymax>
    </bndbox>
  </object>
  <object>
    <name>WHITE</name>
    <occluded>0</occluded>
    <bndbox>
      <xmin>392.9</xmin>
      <ymin>515.02</ymin>
      <xmax>443.14</xmax>
      <ymax>566.5</ymax>
    </bndbox>
  </object>
  <object>
    <name>WHITE</name>
    <occluded>0</occluded>
    <bndbox>
      <xmin>346.4</xmin>
      <ymin>599.43</ymin>
      <xmax>403.1</xmax>
      <ymax>649.1</ymax>
    </bndbox>
  </object>
  <object>
    <name>WHITE</name>
    <occluded>0</occluded>
    <bndbox>
      <xmin>461.39</xmin>
      <ymin>323.52</ymin>
      <xmax>506.9</xmax>
      <ymax>368.56</ymax>
    </bndbox>
  </object>
  <object>
    <name>WHITE</name>
    <occluded>0</occluded>
    <bndbox>
      <xmin>390.51</xmin>
      <ymin>364.01</ymin>
      <xmax>441.0</xmax>
      <ymax>408.0</ymax>
    </bndbox>
  </object>
  <object>
    <name>WHITE</name>
    <occluded>0</occluded>
    <bndbox>
      <xmin>340.0</xmin>
      <ymin>436.5</ymin>
      <xmax>390.0</xmax>
      <ymax>486.0</ymax>
    </bndbox>
  </object>
  <object>
    <name>WHITE</name>
    <occluded>0</occluded>
    <bndbox>
      <xmin>293.52</xmin>
      <ymin>524.98</ymin>
      <xmax>340.48</xmax>
      <ymax>573.0</ymax>
    </bndbox>
  </object>
  <object>
    <name>WHITE</name>
    <occluded>0</occluded>
    <bndbox>
      <xmin>249.91</xmin>
      <ymin>612.21</ymin>
      <xmax>298.09</xmax>
      <ymax>657.3</ymax>
    </bndbox>
  </object>
  <object>
    <name>WHITE</name>
    <occluded>0</occluded>
    <bndbox>
      <xmin>343.5</xmin>
      <ymin>318.5</ymin>
      <xmax>389.0</xmax>
      <ymax>353.5</ymax>
    </bndbox>
  </object>
  <object>
    <name>WHITE</name>
    <occluded>0</occluded>
    <bndbox>
      <xmin>289.47</xmin>
      <ymin>371.63</ymin>
      <xmax>335.53</xmax>
      <ymax>414.4</ymax>
    </bndbox>
  </object>
  <object>
    <name>WHITE</name>
    <occluded>0</occluded>
    <bndbox>
      <xmin>240.67</xmin>
      <ymin>446.99</ymin>
      <xmax>287.33</xmax>
      <ymax>497.0</ymax>
    </bndbox>
  </object>
  <object>
    <name>WHITE</name>
    <occluded>0</occluded>
    <bndbox>
      <xmin>206.0</xmin>
      <ymin>541.69</ymin>
      <xmax>246.95</xmax>
      <ymax>592.8</ymax>
    </bndbox>
  </object>
  <object>
    <name>WHITE</name>
    <occluded>0</occluded>
    <bndbox>
      <xmin>159.0</xmin>
      <ymin>726.0</ymin>
      <xmax>196.0</xmax>
      <ymax>776.0</ymax>
    </bndbox>
  </object>
  <object>
    <name>WHITE</name>
    <occluded>0</occluded>
    <bndbox>
      <xmin>256.63</xmin>
      <ymin>337.62</ymin>
      <xmax>300.37</xmax>
      <ymax>358.38</ymax>
    </bndbox>
  </object>
  <object>
    <name>WHITE</name>
    <occluded>0</occluded>
    <bndbox>
      <xmin>199.0</xmin>
      <ymin>398.54</ymin>
      <xmax>241.49</xmax>
      <ymax>443.0</ymax>
    </bndbox>
  </object>
  <object>
    <name>WHITE</name>
    <occluded>0</occluded>
    <bndbox>
      <xmin>590.23</xmin>
      <ymin>562.96</ymin>
      <xmax>628.2</xmax>
      <ymax>613.3</ymax>
    </bndbox>
  </object>
  <object>
    <name>WHITE</name>
    <occluded>0</occluded>
    <bndbox>
      <xmin>494.3</xmin>
      <ymin>529.37</ymin>
      <xmax>545.7</xmax>
      <ymax>581.7</ymax>
    </bndbox>
  </object>
  <object>
    <name>WHITE</name>
    <occluded>0</occluded>
    <bndbox>
      <xmin>647.12</xmin>
      <ymin>553.48</ymin>
      <xmax>681.77</xmax>
      <ymax>598.88</ymax>
    </bndbox>
  </object>
  <object>
    <name>WHITE</name>
    <occluded>0</occluded>
    <bndbox>
      <xmin>650.24</xmin>
      <ymin>615.51</ymin>
      <xmax>682.47</xmax>
      <ymax>662.64</ymax>
    </bndbox>
  </object>
  <object>
    <name>WHITE</name>
    <occluded>0</occluded>
    <bndbox>
      <xmin>691.79</xmin>
      <ymin>667.11</ymin>
      <xmax>727.17</xmax>
      <ymax>718.44</ymax>
    </bndbox>
  </object>
  <object>
    <name>WHITE</name>
    <occluded>0</occluded>
    <bndbox>
      <xmin>674.84</xmin>
      <ymin>716.36</ymin>
      <xmax>700.83</xmax>
      <ymax>765.92</ymax>
    </bndbox>
  </object>
  <object>
    <name>WHITE</name>
    <occluded>0</occluded>
    <bndbox>
      <xmin>632.22</xmin>
      <ymin>360.1</ymin>
      <xmax>663.41</xmax>
      <ymax>396.84</ymax>
    </bndbox>
  </object>
  <object>
    <name>WHITE</name>
    <occluded>0</occluded>
    <bndbox>
      <xmin>557.36</xmin>
      <ymin>309.16</ymin>
      <xmax>596.17</xmax>
      <ymax>336.89</ymax>
    </bndbox>
  </object>
  <object>
    <name>WHITE</name>
    <occluded>0</occluded>
    <bndbox>
      <xmin>224.52</xmin>
      <ymin>697.56</ymin>
      <xmax>270.93</xmax>
      <ymax>751.45</ymax>
    </bndbox>
  </object>
  <object>
    <name>WHITE</name>
    <occluded>0</occluded>
    <bndbox>
      <xmin>143.13</xmin>
      <ymin>572.3</ymin>
      <xmax>176.62</xmax>
      <ymax>628.19</ymax>
    </bndbox>
  </object>
  <object>
    <name>WHITE</name>
    <occluded>0</occluded>
    <bndbox>
      <xmin>158.65</xmin>
      <ymin>487.46</ymin>
      <xmax>194.58</xmax>
      <ymax>539.86</ymax>
    </bndbox>
  </object>
  <object>
    <name>WHITE</name>
    <occluded>0</occluded>
    <bndbox>
      <xmin>173.27</xmin>
      <ymin>373.03</ymin>
      <xmax>212.7</xmax>
      <ymax>417.45</ymax>
    </bndbox>
  </object>
  <object>
    <name>WHITE</name>
    <occluded>0</occluded>
    <bndbox>
      <xmin>235.15</xmin>
      <ymin>310.66</ymin>
      <xmax>280.56</xmax>
      <ymax>343.59</ymax>
    </bndbox>
  </object>
  <object>
    <name>WHITE</name>
    <occluded>0</occluded>
    <bndbox>
      <xmin>310.5</xmin>
      <ymin>292.19</ymin>
      <xmax>356.42</xmax>
      <ymax>313.15</ymax>
    </bndbox>
  </object>
  <object>
    <name>WHITE</name>
    <occluded>0</occluded>
    <bndbox>
      <xmin>175.77</xmin>
      <ymin>638.02</ymin>
      <xmax>214.19</xmax>
      <ymax>677.44</ymax>
    </bndbox>
  </object>
  <object>
    <name>WHITE</name>
    <occluded>0</occluded>
    <bndbox>
      <xmin>119.38</xmin>
      <ymin>669.96</ymin>
      <xmax>161.79</xmax>
      <ymax>719.36</ymax>
    </bndbox>
  </object>
  <object>
    <name>WHITE</name>
    <occluded>0</occluded>
    <bndbox>
      <xmin>397.6</xmin>
      <ymin>287.68</ymin>
      <xmax>444.73</xmax>
      <ymax>310.2</ymax>
    </bndbox>
  </object>
  <object>
    <name>WHITE</name>
    <occluded>0</occluded>
    <bndbox>
      <xmin>466.91</xmin>
      <ymin>276.24</ymin>
      <xmax>512.31</xmax>
      <ymax>305.35</ymax>
    </bndbox>
  </object>
  <object>
    <name>WHITE</name>
    <occluded>0</occluded>
    <bndbox>
      <xmin>423.25</xmin>
      <ymin>250.59</ymin>
      <xmax>464.14</xmax>
      <ymax>272.43</ymax>
    </bndbox>
  </object>
  <object>
    <name>WHITE</name>
    <occluded>0</occluded>
    <bndbox>
      <xmin>124.22</xmin>
      <ymin>766.92</ymin>
      <xmax>158.2</xmax>
      <ymax>811.33</ymax>
    </bndbox>
  </object>
</annotation>
