<annotation>
  <folder>TD</folder>
  <filename>TD_camera10.png</filename>
  <source>
    <database>Unknown</database>
    <annotation>Unknown</annotation>
    <image>Unknown</image>
  </source>
  <size>
    <width>1280</width>
    <height>960</height>
    <depth></depth>
  </size>
  <segmented>0</segmented>
  <object>
    <name>WHITE</name>
    <occluded>0</occluded>
    <bndbox>
      <xmin>556.8</xmin>
      <ymin>601.4</ymin>
      <xmax>608.6</xmax>
      <ymax>654.9</ymax>
    </bndbox>
  </object>
  <object>
    <name>WHITE</name>
    <occluded>0</occluded>
    <bndbox>
      <xmin>640.53</xmin>
      <ymin>172.0</ymin>
      <xmax>689.8</xmax>
      <ymax>216.2</ymax>
    </bndbox>
  </object>
  <object>
    <name>BLACK</name>
    <occluded>0</occluded>
    <bndbox>
      <xmin>434.3</xmin>
      <ymin>478.51</ymin>
      <xmax>476.28</xmax>
      <ymax>530.1</ymax>
    </bndbox>
  </object>
  <object>
    <name>WHITE</name>
    <occluded>0</occluded>
    <bndbox>
      <xmin>461.5</xmin>
      <ymin>399.19</ymin>
      <xmax>501.73</xmax>
      <ymax>449.0</ymax>
    </bndbox>
  </object>
  <object>
    <name>WHITE</name>
    <occluded>0</occluded>
    <bndbox>
      <xmin>536.12</xmin>
      <ymin>303.19</ymin>
      <xmax>583.5</xmax>
      <ymax>352.6</ymax>
    </bndbox>
  </object>
  <object>
    <name>WHITE</name>
    <occluded>0</occluded>
    <bndbox>
      <xmin>549.45</xmin>
      <ymin>226.75</ymin>
      <xmax>595.67</xmax>
      <ymax>275.28</ymax>
    </bndbox>
  </object>
  <object>
    <name>WHITE</name>
    <occluded>0</occluded>
    <bndbox>
      <xmin>578.37</xmin>
      <ymin>149.7</ymin>
      <xmax>623.63</xmax>
      <ymax>190.8</ymax>
    </bndbox>
  </object>
  <object>
    <name>WHITE</name>
    <occluded>0</occluded>
    <bndbox>
      <xmin>468.87</xmin>
      <ymin>554.33</ymin>
      <xmax>517.25</xmax>
      <ymax>603.5</ymax>
    </bndbox>
  </object>
  <object>
    <name>WHITE</name>
    <occluded>0</occluded>
    <bndbox>
      <xmin>613.15</xmin>
      <ymin>258.94</ymin>
      <xmax>662.3</xmax>
      <ymax>312.7</ymax>
    </bndbox>
  </object>
  <object>
    <name>WHITE</name>
    <occluded>0</occluded>
    <bndbox>
      <xmin>409.5</xmin>
      <ymin>599.5</ymin>
      <xmax>439.9</xmax>
      <ymax>653.7</ymax>
    </bndbox>
  </object>
  <object>
    <name>WHITE</name>
    <occluded>0</occluded>
    <bndbox>
      <xmin>461.04</xmin>
      <ymin>750.55</ymin>
      <xmax>497.12</xmax>
      <ymax>799.97</ymax>
    </bndbox>
  </object>
  <object>
    <name>WHITE</name>
    <occluded>0</occluded>
    <bndbox>
      <xmin>405.99</xmin>
      <ymin>703.52</ymin>
      <xmax>442.1</xmax>
      <ymax>752.7</ymax>
    </bndbox>
  </object>
  <object>
    <name>WHITE</name>
    <occluded>0</occluded>
    <bndbox>
      <xmin>1134.37</xmin>
      <ymin>524.87</ymin>
      <xmax>1159.37</xmax>
      <ymax>579.5</ymax>
    </bndbox>
  </object>
  <object>
    <name>WHITE</name>
    <occluded>0</occluded>
    <bndbox>
      <xmin>1087.17</xmin>
      <ymin>432.22</ymin>
      <xmax>1136.3</xmax>
      <ymax>473.2</ymax>
    </bndbox>
  </object>
  <object>
    <name>WHITE</name>
    <occluded>0</occluded>
    <bndbox>
      <xmin>1064.45</xmin>
      <ymin>511.16</ymin>
      <xmax>1107.6</xmax>
      <ymax>567.7</ymax>
    </bndbox>
  </object>
  <object>
    <name>WHITE</name>
    <occluded>0</occluded>
    <bndbox>
      <xmin>531.0</xmin>
      <ymin>701.5</ymin>
      <xmax>579.7</xmax>
      <ymax>755.0</ymax>
    </bndbox>
  </object>
  <object>
    <name>WHITE</name>
    <occluded>0</occluded>
    <bndbox>
      <xmin>462.0</xmin>
      <ymin>656.5</ymin>
      <xmax>504.1</xmax>
      <ymax>711.1</ymax>
    </bndbox>
  </object>
  <object>
    <name>WHITE</name>
    <occluded>0</occluded>
    <bndbox>
      <xmin>1038.6</xmin>
      <ymin>341.85</ymin>
      <xmax>1082.08</xmax>
      <ymax>392.39</ymax>
    </bndbox>
  </object>
  <object>
    <name>WHITE</name>
    <occluded>0</occluded>
    <bndbox>
      <xmin>449.07</xmin>
      <ymin>338.25</ymin>
      <xmax>483.72</xmax>
      <ymax>381.92</ymax>
    </bndbox>
  </object>
  <object>
    <name>BLACK</name>
    <occluded>0</occluded>
    <bndbox>
      <xmin>421.91</xmin>
      <ymin>788.99</ymin>
      <xmax>455.96</xmax>
      <ymax>842.27</ymax>
    </bndbox>
  </object>
  <object>
    <name>WHITE</name>
    <occluded>0</occluded>
    <bndbox>
      <xmin>399.3</xmin>
      <ymin>793.15</ymin>
      <xmax>424.77</xmax>
      <ymax>842.53</ymax>
    </bndbox>
  </object>
  <object>
    <name>WHITE</name>
    <occluded>0</occluded>
    <bndbox>
      <xmin>379.55</xmin>
      <ymin>650.77</ymin>
      <xmax>402.0</xmax>
      <ymax>699.12</ymax>
    </bndbox>
  </object>
  <object>
    <name>WHITE</name>
    <occluded>0</occluded>
    <bndbox>
      <xmin>394.8</xmin>
      <ymin>516.66</ymin>
      <xmax>421.34</xmax>
      <ymax>564.69</ymax>
    </bndbox>
  </object>
  <object>
    <name>WHITE</name>
    <occluded>0</occluded>
    <bndbox>
      <xmin>408.83</xmin>
      <ymin>288.04</ymin>
      <xmax>441.93</xmax>
      <ymax>332.95</ymax>
    </bndbox>
  </object>
  <object>
    <name>WHITE</name>
    <occluded>0</occluded>
    <bndbox>
      <xmin>479.95</xmin>
      <ymin>256.22</ymin>
      <xmax>518.34</xmax>
      <ymax>301.76</ymax>
    </bndbox>
  </object>
  <object>
    <name>WHITE</name>
    <occluded>0</occluded>
    <bndbox>
      <xmin>454.99</xmin>
      <ymin>207.26</ymin>
      <xmax>494.01</xmax>
      <ymax>243.44</ymax>
    </bndbox>
  </object>
  <object>
    <name>WHITE</name>
    <occluded>0</occluded>
    <bndbox>
      <xmin>519.56</xmin>
      <ymin>175.44</ymin>
      <xmax>558.26</xmax>
      <ymax>215.05</ymax>
    </bndbox>
  </object>
  <object>
    <name>WHITE</name>
    <occluded>0</occluded>
    <bndbox>
      <xmin>563.53</xmin>
      <ymin>119.3</ymin>
      <xmax>603.49</xmax>
      <ymax>152.05</ymax>
    </bndbox>
  </object>
  <object>
    <name>WHITE</name>
    <occluded>0</occluded>
    <bndbox>
      <xmin>663.96</xmin>
      <ymin>105.58</ymin>
      <xmax>710.16</xmax>
      <ymax>134.9</ymax>
    </bndbox>
  </object>
  <object>
    <name>BLACK</name>
    <occluded>0</occluded>
    <bndbox>
      <xmin>617.8</xmin>
      <ymin>95.9</ymin>
      <xmax>665.55</xmax>
      <ymax>122.73</ymax>
    </bndbox>
  </object>
  <object>
    <name>WHITE</name>
    <occluded>0</occluded>
    <bndbox>
      <xmin>750.39</xmin>
      <ymin>73.14</ymin>
      <xmax>799.67</xmax>
      <ymax>101.52</ymax>
    </bndbox>
  </object>
  <object>
    <name>WHITE</name>
    <occluded>0</occluded>
    <bndbox>
      <xmin>816.51</xmin>
      <ymin>99.96</ymin>
      <xmax>869.53</xmax>
      <ymax>133.65</ymax>
    </bndbox>
  </object>
  <object>
    <name>WHITE</name>
    <occluded>0</occluded>
    <bndbox>
      <xmin>843.65</xmin>
      <ymin>51.0</ymin>
      <xmax>889.81</xmax>
      <ymax>81.25</ymax>
    </bndbox>
  </object>
  <object>
    <name>WHITE</name>
    <occluded>0</occluded>
    <bndbox>
      <xmin>889.81</xmin>
      <ymin>139.89</ymin>
      <xmax>943.46</xmax>
      <ymax>181.37</ymax>
    </bndbox>
  </object>
  <object>
    <name>WHITE</name>
    <occluded>0</occluded>
    <bndbox>
      <xmin>1071.46</xmin>
      <ymin>197.97</ymin>
      <xmax>1108.89</xmax>
      <ymax>241.12</ymax>
    </bndbox>
  </object>
  <object>
    <name>WHITE</name>
    <occluded>0</occluded>
    <bndbox>
      <xmin>402.78</xmin>
      <ymin>432.1</ymin>
      <xmax>432.45</xmax>
      <ymax>481.05</ymax>
    </bndbox>
  </object>
  <object>
    <name>WHITE</name>
    <occluded>0</occluded>
    <bndbox>
      <xmin>386.53</xmin>
      <ymin>366.91</ymin>
      <xmax>411.88</xmax>
      <ymax>414.99</ymax>
    </bndbox>
  </object>
  <object>
    <name>WHITE</name>
    <occluded>0</occluded>
    <bndbox>
      <xmin>838.4</xmin>
      <ymin>366.8</ymin>
      <xmax>890.71</xmax>
      <ymax>416.81</ymax>
    </bndbox>
  </object>
  <object>
    <name>WHITE</name>
    <occluded>0</occluded>
    <bndbox>
      <xmin>801.0</xmin>
      <ymin>470.6</ymin>
      <xmax>860.5</xmax>
      <ymax>525.7</ymax>
    </bndbox>
  </object>
  <object>
    <name>WHITE</name>
    <occluded>0</occluded>
    <bndbox>
      <xmin>768.55</xmin>
      <ymin>568.55</ymin>
      <xmax>827.7</xmax>
      <ymax>625.8</ymax>
    </bndbox>
  </object>
  <object>
    <name>WHITE</name>
    <occluded>0</occluded>
    <bndbox>
      <xmin>781.95</xmin>
      <ymin>167.69</ymin>
      <xmax>835.2</xmax>
      <ymax>209.3</ymax>
    </bndbox>
  </object>
  <object>
    <name>WHITE</name>
    <occluded>0</occluded>
    <bndbox>
      <xmin>758.9</xmin>
      <ymin>248.4</ymin>
      <xmax>811.3</xmax>
      <ymax>296.8</ymax>
    </bndbox>
  </object>
  <object>
    <name>WHITE</name>
    <occluded>0</occluded>
    <bndbox>
      <xmin>739.0</xmin>
      <ymin>327.49</ymin>
      <xmax>791.5</xmax>
      <ymax>378.3</ymax>
    </bndbox>
  </object>
  <object>
    <name>WHITE</name>
    <occluded>0</occluded>
    <bndbox>
      <xmin>742.5</xmin>
      <ymin>396.1</ymin>
      <xmax>795.4</xmax>
      <ymax>451.4</ymax>
    </bndbox>
  </object>
  <object>
    <name>WHITE</name>
    <occluded>0</occluded>
    <bndbox>
      <xmin>701.0</xmin>
      <ymin>508.5</ymin>
      <xmax>758.6</xmax>
      <ymax>566.4</ymax>
    </bndbox>
  </object>
  <object>
    <name>WHITE</name>
    <occluded>0</occluded>
    <bndbox>
      <xmin>644.51</xmin>
      <ymin>625.5</ymin>
      <xmax>701.0</xmax>
      <ymax>683.4</ymax>
    </bndbox>
  </object>
  <object>
    <name>WHITE</name>
    <occluded>0</occluded>
    <bndbox>
      <xmin>722.5</xmin>
      <ymin>127.5</ymin>
      <xmax>769.5</xmax>
      <ymax>169.8</ymax>
    </bndbox>
  </object>
  <object>
    <name>WHITE</name>
    <occluded>0</occluded>
    <bndbox>
      <xmin>695.4</xmin>
      <ymin>207.8</ymin>
      <xmax>748.0</xmax>
      <ymax>254.6</ymax>
    </bndbox>
  </object>
  <object>
    <name>WHITE</name>
    <occluded>0</occluded>
    <bndbox>
      <xmin>688.73</xmin>
      <ymin>288.31</ymin>
      <xmax>737.9</xmax>
      <ymax>340.7</ymax>
    </bndbox>
  </object>
  <object>
    <name>BLACK</name>
    <occluded>0</occluded>
    <bndbox>
      <xmin>878.4</xmin>
      <ymin>522.25</ymin>
      <xmax>939.4</xmax>
      <ymax>583.1</ymax>
    </bndbox>
  </object>
  <object>
    <name>WHITE</name>
    <occluded>0</occluded>
    <bndbox>
      <xmin>1012.98</xmin>
      <ymin>421.4</ymin>
      <xmax>1055.02</xmax>
      <ymax>477.94</ymax>
    </bndbox>
  </object>
  <object>
    <name>WHITE</name>
    <occluded>0</occluded>
    <bndbox>
      <xmin>976.5</xmin>
      <ymin>524.1</ymin>
      <xmax>1030.4</xmax>
      <ymax>577.61</ymax>
    </bndbox>
  </object>
  <object>
    <name>WHITE</name>
    <occluded>0</occluded>
    <bndbox>
      <xmin>993.76</xmin>
      <ymin>133.61</ymin>
      <xmax>1035.94</xmax>
      <ymax>174.36</ymax>
    </bndbox>
  </object>
  <object>
    <name>WHITE</name>
    <occluded>0</occluded>
    <bndbox>
      <xmin>966.57</xmin>
      <ymin>187.52</ymin>
      <xmax>1016.7</xmax>
      <ymax>230.2</ymax>
    </bndbox>
  </object>
  <object>
    <name>BLACK</name>
    <occluded>0</occluded>
    <bndbox>
      <xmin>949.63</xmin>
      <ymin>264.63</ymin>
      <xmax>1002.1</xmax>
      <ymax>311.7</ymax>
    </bndbox>
  </object>
  <object>
    <name>WHITE</name>
    <occluded>0</occluded>
    <bndbox>
      <xmin>938.5</xmin>
      <ymin>345.1</ymin>
      <xmax>994.7</xmax>
      <ymax>393.62</ymax>
    </bndbox>
  </object>
  <object>
    <name>WHITE</name>
    <occluded>0</occluded>
    <bndbox>
      <xmin>911.4</xmin>
      <ymin>435.5</ymin>
      <xmax>968.1</xmax>
      <ymax>488.2</ymax>
    </bndbox>
  </object>
  <object>
    <name>WHITE</name>
    <occluded>0</occluded>
    <bndbox>
      <xmin>920.6</xmin>
      <ymin>86.58</ymin>
      <xmax>964.9</xmax>
      <ymax>121.9</ymax>
    </bndbox>
  </object>
  <object>
    <name>WHITE</name>
    <occluded>0</occluded>
    <bndbox>
      <xmin>852.7</xmin>
      <ymin>214.28</ymin>
      <xmax>904.54</xmax>
      <ymax>257.0</ymax>
    </bndbox>
  </object>
  <object>
    <name>WHITE</name>
    <occluded>0</occluded>
    <bndbox>
      <xmin>833.0</xmin>
      <ymin>299.0</ymin>
      <xmax>883.0</xmax>
      <ymax>347.0</ymax>
    </bndbox>
  </object>
  <object>
    <name>WHITE</name>
    <occluded>0</occluded>
    <bndbox>
      <xmin>1058.44</xmin>
      <ymin>264.6</ymin>
      <xmax>1089.56</xmax>
      <ymax>313.4</ymax>
    </bndbox>
  </object>
</annotation>
