<annotation>
  <folder>TD</folder>
  <filename>TD_camera4.png</filename>
  <source>
    <database>Unknown</database>
    <annotation>Unknown</annotation>
    <image>Unknown</image>
  </source>
  <size>
    <width>1280</width>
    <height>960</height>
    <depth></depth>
  </size>
  <segmented>0</segmented>
  <object>
    <name>WHITE</name>
    <occluded>0</occluded>
    <bndbox>
      <xmin>639.97</xmin>
      <ymin>378.6</ymin>
      <xmax>686.6</xmax>
      <ymax>411.3</ymax>
    </bndbox>
  </object>
  <object>
    <name>WHITE</name>
    <occluded>0</occluded>
    <bndbox>
      <xmin>580.1</xmin>
      <ymin>419.1</ymin>
      <xmax>628.14</xmax>
      <ymax>458.12</ymax>
    </bndbox>
  </object>
  <object>
    <name>WHITE</name>
    <occluded>0</occluded>
    <bndbox>
      <xmin>511.71</xmin>
      <ymin>464.82</ymin>
      <xmax>558.5</xmax>
      <ymax>511.9</ymax>
    </bndbox>
  </object>
  <object>
    <name>WHITE</name>
    <occluded>0</occluded>
    <bndbox>
      <xmin>449.31</xmin>
      <ymin>517.62</ymin>
      <xmax>493.1</xmax>
      <ymax>563.2</ymax>
    </bndbox>
  </object>
  <object>
    <name>WHITE</name>
    <occluded>0</occluded>
    <bndbox>
      <xmin>376.5</xmin>
      <ymin>551.2</ymin>
      <xmax>419.0</xmax>
      <ymax>598.0</ymax>
    </bndbox>
  </object>
  <object>
    <name>WHITE</name>
    <occluded>0</occluded>
    <bndbox>
      <xmin>614.0</xmin>
      <ymin>315.5</ymin>
      <xmax>658.5</xmax>
      <ymax>345.0</ymax>
    </bndbox>
  </object>
  <object>
    <name>WHITE</name>
    <occluded>0</occluded>
    <bndbox>
      <xmin>541.03</xmin>
      <ymin>350.29</ymin>
      <xmax>587.8</xmax>
      <ymax>392.21</ymax>
    </bndbox>
  </object>
  <object>
    <name>WHITE</name>
    <occluded>0</occluded>
    <bndbox>
      <xmin>446.47</xmin>
      <ymin>860.03</ymin>
      <xmax>490.5</xmax>
      <ymax>893.8</ymax>
    </bndbox>
  </object>
  <object>
    <name>BLACK</name>
    <occluded>0</occluded>
    <bndbox>
      <xmin>507.69</xmin>
      <ymin>807.26</ymin>
      <xmax>552.8</xmax>
      <ymax>854.4</ymax>
    </bndbox>
  </object>
  <object>
    <name>WHITE</name>
    <occluded>0</occluded>
    <bndbox>
      <xmin>690.38</xmin>
      <ymin>649.63</ymin>
      <xmax>733.6</xmax>
      <ymax>697.4</ymax>
    </bndbox>
  </object>
  <object>
    <name>WHITE</name>
    <occluded>0</occluded>
    <bndbox>
      <xmin>734.69</xmin>
      <ymin>608.44</ymin>
      <xmax>776.1</xmax>
      <ymax>653.3</ymax>
    </bndbox>
  </object>
  <object>
    <name>BLACK</name>
    <occluded>0</occluded>
    <bndbox>
      <xmin>778.13</xmin>
      <ymin>551.26</ymin>
      <xmax>817.2</xmax>
      <ymax>602.9</ymax>
    </bndbox>
  </object>
  <object>
    <name>WHITE</name>
    <occluded>0</occluded>
    <bndbox>
      <xmin>621.07</xmin>
      <ymin>826.26</ymin>
      <xmax>666.5</xmax>
      <ymax>867.7</ymax>
    </bndbox>
  </object>
  <object>
    <name>WHITE</name>
    <occluded>0</occluded>
    <bndbox>
      <xmin>537.07</xmin>
      <ymin>872.38</ymin>
      <xmax>582.5</xmax>
      <ymax>905.9</ymax>
    </bndbox>
  </object>
  <object>
    <name>WHITE</name>
    <occluded>0</occluded>
    <bndbox>
      <xmin>718.0</xmin>
      <ymin>723.5</ymin>
      <xmax>759.4</xmax>
      <ymax>766.6</ymax>
    </bndbox>
  </object>
  <object>
    <name>WHITE</name>
    <occluded>0</occluded>
    <bndbox>
      <xmin>304.66</xmin>
      <ymin>653.52</ymin>
      <xmax>328.05</xmax>
      <ymax>696.56</ymax>
    </bndbox>
  </object>
  <object>
    <name>WHITE</name>
    <occluded>0</occluded>
    <bndbox>
      <xmin>333.04</xmin>
      <ymin>601.12</ymin>
      <xmax>364.54</xmax>
      <ymax>646.65</ymax>
    </bndbox>
  </object>
  <object>
    <name>WHITE</name>
    <occluded>0</occluded>
    <bndbox>
      <xmin>336.79</xmin>
      <ymin>743.96</ymin>
      <xmax>363.3</xmax>
      <ymax>783.58</ymax>
    </bndbox>
  </object>
  <object>
    <name>WHITE</name>
    <occluded>0</occluded>
    <bndbox>
      <xmin>297.14</xmin>
      <ymin>566.18</ymin>
      <xmax>318.7</xmax>
      <ymax>611.72</ymax>
    </bndbox>
  </object>
  <object>
    <name>WHITE</name>
    <occluded>0</occluded>
    <bndbox>
      <xmin>914.11</xmin>
      <ymin>470.12</ymin>
      <xmax>941.86</xmax>
      <ymax>511.6</ymax>
    </bndbox>
  </object>
  <object>
    <name>BLACK</name>
    <occluded>0</occluded>
    <bndbox>
      <xmin>378.86</xmin>
      <ymin>419.59</ymin>
      <xmax>414.14</xmax>
      <ymax>464.2</ymax>
    </bndbox>
  </object>
  <object>
    <name>WHITE</name>
    <occluded>0</occluded>
    <bndbox>
      <xmin>412.86</xmin>
      <ymin>371.25</ymin>
      <xmax>454.96</xmax>
      <ymax>406.49</ymax>
    </bndbox>
  </object>
  <object>
    <name>WHITE</name>
    <occluded>0</occluded>
    <bndbox>
      <xmin>593.16</xmin>
      <ymin>271.13</ymin>
      <xmax>639.64</xmax>
      <ymax>287.66</ymax>
    </bndbox>
  </object>
  <object>
    <name>BLACK</name>
    <occluded>0</occluded>
    <bndbox>
      <xmin>654.61</xmin>
      <ymin>261.46</ymin>
      <xmax>692.66</xmax>
      <ymax>282.36</ymax>
    </bndbox>
  </object>
  <object>
    <name>WHITE</name>
    <occluded>0</occluded>
    <bndbox>
      <xmin>377.61</xmin>
      <ymin>824.46</ymin>
      <xmax>416.91</xmax>
      <ymax>865.63</ymax>
    </bndbox>
  </object>
  <object>
    <name>BLACK</name>
    <occluded>0</occluded>
    <bndbox>
      <xmin>929.43</xmin>
      <ymin>769.95</ymin>
      <xmax>952.64</xmax>
      <ymax>810.38</ymax>
    </bndbox>
  </object>
  <object>
    <name>WHITE</name>
    <occluded>0</occluded>
    <bndbox>
      <xmin>902.11</xmin>
      <ymin>838.45</ymin>
      <xmax>930.93</xmax>
      <ymax>874.0</ymax>
    </bndbox>
  </object>
  <object>
    <name>WHITE</name>
    <occluded>0</occluded>
    <bndbox>
      <xmin>912.21</xmin>
      <ymin>730.65</ymin>
      <xmax>936.92</xmax>
      <ymax>772.2</ymax>
    </bndbox>
  </object>
  <object>
    <name>WHITE</name>
    <occluded>0</occluded>
    <bndbox>
      <xmin>465.26</xmin>
      <ymin>326.96</ymin>
      <xmax>507.36</xmax>
      <ymax>357.84</ymax>
    </bndbox>
  </object>
  <object>
    <name>WHITE</name>
    <occluded>0</occluded>
    <bndbox>
      <xmin>528.57</xmin>
      <ymin>286.73</ymin>
      <xmax>572.86</xmax>
      <ymax>316.98</ymax>
    </bndbox>
  </object>
  <object>
    <name>WHITE</name>
    <occluded>0</occluded>
    <bndbox>
      <xmin>679.87</xmin>
      <ymin>292.34</ymin>
      <xmax>722.29</xmax>
      <ymax>320.1</ymax>
    </bndbox>
  </object>
  <object>
    <name>WHITE</name>
    <occluded>0</occluded>
    <bndbox>
      <xmin>523.0</xmin>
      <ymin>680.0</ymin>
      <xmax>567.0</xmax>
      <ymax>722.0</ymax>
    </bndbox>
  </object>
  <object>
    <name>WHITE</name>
    <occluded>0</occluded>
    <bndbox>
      <xmin>586.0</xmin>
      <ymin>764.0</ymin>
      <xmax>630.0</xmax>
      <ymax>802.0</ymax>
    </bndbox>
  </object>
  <object>
    <name>WHITE</name>
    <occluded>0</occluded>
    <bndbox>
      <xmin>634.22</xmin>
      <ymin>709.35</ymin>
      <xmax>677.78</xmax>
      <ymax>748.65</ymax>
    </bndbox>
  </object>
  <object>
    <name>WHITE</name>
    <occluded>0</occluded>
    <bndbox>
      <xmin>733.92</xmin>
      <ymin>787.47</ymin>
      <xmax>776.08</xmax>
      <ymax>818.53</ymax>
    </bndbox>
  </object>
  <object>
    <name>WHITE</name>
    <occluded>0</occluded>
    <bndbox>
      <xmin>783.99</xmin>
      <ymin>739.1</ymin>
      <xmax>826.01</xmax>
      <ymax>766.9</ymax>
    </bndbox>
  </object>
  <object>
    <name>WHITE</name>
    <occluded>0</occluded>
    <bndbox>
      <xmin>694.91</xmin>
      <ymin>835.82</ymin>
      <xmax>737.09</xmax>
      <ymax>866.18</ymax>
    </bndbox>
  </object>
  <object>
    <name>WHITE</name>
    <occluded>0</occluded>
    <bndbox>
      <xmin>676.23</xmin>
      <ymin>779.94</ymin>
      <xmax>719.77</xmax>
      <ymax>814.06</ymax>
    </bndbox>
  </object>
  <object>
    <name>WHITE</name>
    <occluded>0</occluded>
    <bndbox>
      <xmin>579.13</xmin>
      <ymin>932.35</ymin>
      <xmax>625.29</xmax>
      <ymax>960.0</ymax>
    </bndbox>
  </object>
  <object>
    <name>WHITE</name>
    <occluded>0</occluded>
    <bndbox>
      <xmin>704.2</xmin>
      <ymin>338.5</ymin>
      <xmax>749.08</xmax>
      <ymax>371.87</ymax>
    </bndbox>
  </object>
  <object>
    <name>WHITE</name>
    <occluded>0</occluded>
    <bndbox>
      <xmin>770.95</xmin>
      <ymin>326.65</ymin>
      <xmax>810.21</xmax>
      <ymax>361.6</ymax>
    </bndbox>
  </object>
  <object>
    <name>WHITE</name>
    <occluded>0</occluded>
    <bndbox>
      <xmin>836.13</xmin>
      <ymin>365.32</ymin>
      <xmax>874.49</xmax>
      <ymax>403.06</ymax>
    </bndbox>
  </object>
  <object>
    <name>WHITE</name>
    <occluded>0</occluded>
    <bndbox>
      <xmin>822.69</xmin>
      <ymin>458.58</ymin>
      <xmax>857.65</xmax>
      <ymax>496.63</ymax>
    </bndbox>
  </object>
  <object>
    <name>WHITE</name>
    <occluded>0</occluded>
    <bndbox>
      <xmin>892.58</xmin>
      <ymin>399.32</ymin>
      <xmax>922.81</xmax>
      <ymax>438.31</ymax>
    </bndbox>
  </object>
  <object>
    <name>WHITE</name>
    <occluded>0</occluded>
    <bndbox>
      <xmin>378.65</xmin>
      <ymin>484.56</ymin>
      <xmax>421.35</xmax>
      <ymax>517.44</ymax>
    </bndbox>
  </object>
  <object>
    <name>WHITE</name>
    <occluded>0</occluded>
    <bndbox>
      <xmin>759.52</xmin>
      <ymin>668.33</ymin>
      <xmax>803.36</xmax>
      <ymax>714.0</ymax>
    </bndbox>
  </object>
  <object>
    <name>WHITE</name>
    <occluded>0</occluded>
    <bndbox>
      <xmin>762.76</xmin>
      <ymin>477.5</ymin>
      <xmax>806.2</xmax>
      <ymax>515.6</ymax>
    </bndbox>
  </object>
  <object>
    <name>WHITE</name>
    <occluded>0</occluded>
    <bndbox>
      <xmin>700.63</xmin>
      <ymin>524.88</ymin>
      <xmax>746.6</xmax>
      <ymax>569.9</ymax>
    </bndbox>
  </object>
  <object>
    <name>WHITE</name>
    <occluded>0</occluded>
    <bndbox>
      <xmin>642.84</xmin>
      <ymin>578.4</ymin>
      <xmax>690.7</xmax>
      <ymax>626.1</ymax>
    </bndbox>
  </object>
  <object>
    <name>WHITE</name>
    <occluded>0</occluded>
    <bndbox>
      <xmin>591.09</xmin>
      <ymin>630.53</ymin>
      <xmax>637.7</xmax>
      <ymax>677.5</ymax>
    </bndbox>
  </object>
  <object>
    <name>WHITE</name>
    <occluded>0</occluded>
    <bndbox>
      <xmin>426.14</xmin>
      <ymin>439.21</ymin>
      <xmax>474.4</xmax>
      <ymax>488.8</ymax>
    </bndbox>
  </object>
  <object>
    <name>WHITE</name>
    <occluded>0</occluded>
    <bndbox>
      <xmin>487.43</xmin>
      <ymin>386.16</ymin>
      <xmax>530.57</xmax>
      <ymax>430.6</ymax>
    </bndbox>
  </object>
  <object>
    <name>WHITE</name>
    <occluded>0</occluded>
    <bndbox>
      <xmin>473.5</xmin>
      <ymin>595.0</ymin>
      <xmax>520.9</xmax>
      <ymax>646.2</ymax>
    </bndbox>
  </object>
  <object>
    <name>WHITE</name>
    <occluded>0</occluded>
    <bndbox>
      <xmin>411.1</xmin>
      <ymin>644.0</ymin>
      <xmax>453.5</xmax>
      <ymax>688.0</ymax>
    </bndbox>
  </object>
  <object>
    <name>WHITE</name>
    <occluded>0</occluded>
    <bndbox>
      <xmin>355.3</xmin>
      <ymin>689.39</ymin>
      <xmax>390.6</xmax>
      <ymax>732.71</ymax>
    </bndbox>
  </object>
  <object>
    <name>WHITE</name>
    <occluded>0</occluded>
    <bndbox>
      <xmin>815.8</xmin>
      <ymin>611.83</ymin>
      <xmax>853.39</xmax>
      <ymax>656.3</ymax>
    </bndbox>
  </object>
  <object>
    <name>WHITE</name>
    <occluded>0</occluded>
    <bndbox>
      <xmin>738.63</xmin>
      <ymin>401.84</ymin>
      <xmax>780.5</xmax>
      <ymax>445.04</ymax>
    </bndbox>
  </object>
  <object>
    <name>WHITE</name>
    <occluded>0</occluded>
    <bndbox>
      <xmin>677.04</xmin>
      <ymin>452.11</ymin>
      <xmax>725.8</xmax>
      <ymax>486.8</ymax>
    </bndbox>
  </object>
  <object>
    <name>WHITE</name>
    <occluded>0</occluded>
    <bndbox>
      <xmin>609.34</xmin>
      <ymin>496.21</ymin>
      <xmax>655.8</xmax>
      <ymax>540.77</ymax>
    </bndbox>
  </object>
  <object>
    <name>WHITE</name>
    <occluded>0</occluded>
    <bndbox>
      <xmin>848.43</xmin>
      <ymin>667.31</ymin>
      <xmax>883.5</xmax>
      <ymax>711.6</ymax>
    </bndbox>
  </object>
  <object>
    <name>WHITE</name>
    <occluded>0</occluded>
    <bndbox>
      <xmin>870.26</xmin>
      <ymin>590.0</ymin>
      <xmax>898.5</xmax>
      <ymax>635.42</ymax>
    </bndbox>
  </object>
  <object>
    <name>WHITE</name>
    <occluded>0</occluded>
    <bndbox>
      <xmin>879.07</xmin>
      <ymin>501.92</ymin>
      <xmax>908.5</xmax>
      <ymax>545.7</ymax>
    </bndbox>
  </object>
  <object>
    <name>WHITE</name>
    <occluded>0</occluded>
    <bndbox>
      <xmin>863.66</xmin>
      <ymin>427.58</ymin>
      <xmax>895.8</xmax>
      <ymax>467.4</ymax>
    </bndbox>
  </object>
  <object>
    <name>WHITE</name>
    <occluded>0</occluded>
    <bndbox>
      <xmin>672.9</xmin>
      <ymin>926.87</ymin>
      <xmax>713.1</xmax>
      <ymax>960.0</ymax>
    </bndbox>
  </object>
  <object>
    <name>WHITE</name>
    <occluded>0</occluded>
    <bndbox>
      <xmin>706.43</xmin>
      <ymin>884.13</ymin>
      <xmax>747.57</xmax>
      <ymax>915.88</ymax>
    </bndbox>
  </object>
  <object>
    <name>WHITE</name>
    <occluded>0</occluded>
    <bndbox>
      <xmin>855.38</xmin>
      <ymin>719.12</ymin>
      <xmax>895.62</xmax>
      <ymax>755.1</ymax>
    </bndbox>
  </object>
  <object>
    <name>WHITE</name>
    <occluded>0</occluded>
    <bndbox>
      <xmin>900.25</xmin>
      <ymin>633.35</ymin>
      <xmax>928.7</xmax>
      <ymax>677.9</ymax>
    </bndbox>
  </object>
  <object>
    <name>WHITE</name>
    <occluded>0</occluded>
    <bndbox>
      <xmin>918.97</xmin>
      <ymin>556.5</ymin>
      <xmax>941.1</xmax>
      <ymax>599.98</ymax>
    </bndbox>
  </object>
  <object>
    <name>WHITE</name>
    <occluded>0</occluded>
    <bndbox>
      <xmin>758.7</xmin>
      <ymin>911.22</ymin>
      <xmax>792.75</xmax>
      <ymax>950.1</ymax>
    </bndbox>
  </object>
  <object>
    <name>WHITE</name>
    <occluded>0</occluded>
    <bndbox>
      <xmin>839.1</xmin>
      <ymin>902.38</ymin>
      <xmax>872.68</xmax>
      <ymax>934.4</ymax>
    </bndbox>
  </object>
  <object>
    <name>WHITE</name>
    <occluded>0</occluded>
    <bndbox>
      <xmin>803.46</xmin>
      <ymin>388.01</ymin>
      <xmax>839.7</xmax>
      <ymax>428.8</ymax>
    </bndbox>
  </object>
  <object>
    <name>WHITE</name>
    <occluded>0</occluded>
    <bndbox>
      <xmin>625.38</xmin>
      <ymin>876.75</ymin>
      <xmax>670.1</xmax>
      <ymax>913.0</ymax>
    </bndbox>
  </object>
  <object>
    <name>WHITE</name>
    <occluded>0</occluded>
    <bndbox>
      <xmin>540.64</xmin>
      <ymin>550.09</ymin>
      <xmax>590.3</xmax>
      <ymax>600.8</ymax>
    </bndbox>
  </object>
  <object>
    <name>WHITE</name>
    <occluded>0</occluded>
    <bndbox>
      <xmin>329.5</xmin>
      <ymin>516.0</ymin>
      <xmax>358.4</xmax>
      <ymax>563.0</ymax>
    </bndbox>
  </object>
  <object>
    <name>WHITE</name>
    <occluded>0</occluded>
    <bndbox>
      <xmin>836.88</xmin>
      <ymin>529.6</ymin>
      <xmax>867.88</xmax>
      <ymax>572.6</ymax>
    </bndbox>
  </object>
  <object>
    <name>WHITE</name>
    <occluded>0</occluded>
    <bndbox>
      <xmin>455.66</xmin>
      <ymin>727.45</ymin>
      <xmax>501.0</xmax>
      <ymax>771.29</ymax>
    </bndbox>
  </object>
  <object>
    <name>WHITE</name>
    <occluded>0</occluded>
    <bndbox>
      <xmin>404.3</xmin>
      <ymin>781.51</ymin>
      <xmax>441.8</xmax>
      <ymax>821.1</ymax>
    </bndbox>
  </object>
</annotation>
