<annotation>
  <folder>TD</folder>
  <filename>TD_camera8.png</filename>
  <source>
    <database>Unknown</database>
    <annotation>Unknown</annotation>
    <image>Unknown</image>
  </source>
  <size>
    <width>1280</width>
    <height>960</height>
    <depth></depth>
  </size>
  <segmented>0</segmented>
  <object>
    <name>WHITE</name>
    <occluded>0</occluded>
    <bndbox>
      <xmin>712.13</xmin>
      <ymin>632.23</ymin>
      <xmax>756.7</xmax>
      <ymax>682.8</ymax>
    </bndbox>
  </object>
  <object>
    <name>WHITE</name>
    <occluded>0</occluded>
    <bndbox>
      <xmin>499.13</xmin>
      <ymin>313.96</ymin>
      <xmax>548.1</xmax>
      <ymax>352.94</ymax>
    </bndbox>
  </object>
  <object>
    <name>WHITE</name>
    <occluded>0</occluded>
    <bndbox>
      <xmin>574.29</xmin>
      <ymin>216.96</ymin>
      <xmax>616.09</xmax>
      <ymax>242.22</ymax>
    </bndbox>
  </object>
  <object>
    <name>WHITE</name>
    <occluded>0</occluded>
    <bndbox>
      <xmin>502.56</xmin>
      <ymin>205.42</ymin>
      <xmax>544.66</xmax>
      <ymax>233.8</ymax>
    </bndbox>
  </object>
  <object>
    <name>WHITE</name>
    <occluded>0</occluded>
    <bndbox>
      <xmin>462.6</xmin>
      <ymin>251.58</ymin>
      <xmax>511.29</xmax>
      <ymax>288.38</ymax>
    </bndbox>
  </object>
  <object>
    <name>BLACK</name>
    <occluded>0</occluded>
    <bndbox>
      <xmin>429.44</xmin>
      <ymin>205.96</ymin>
      <xmax>477.72</xmax>
      <ymax>235.9</ymax>
    </bndbox>
  </object>
  <object>
    <name>WHITE</name>
    <occluded>0</occluded>
    <bndbox>
      <xmin>288.71</xmin>
      <ymin>375.13</ymin>
      <xmax>333.25</xmax>
      <ymax>410.31</ymax>
    </bndbox>
  </object>
  <object>
    <name>WHITE</name>
    <occluded>0</occluded>
    <bndbox>
      <xmin>267.38</xmin>
      <ymin>308.88</ymin>
      <xmax>306.68</xmax>
      <ymax>354.55</ymax>
    </bndbox>
  </object>
  <object>
    <name>WHITE</name>
    <occluded>0</occluded>
    <bndbox>
      <xmin>210.11</xmin>
      <ymin>357.54</ymin>
      <xmax>253.16</xmax>
      <ymax>401.33</ymax>
    </bndbox>
  </object>
  <object>
    <name>WHITE</name>
    <occluded>0</occluded>
    <bndbox>
      <xmin>369.55</xmin>
      <ymin>191.36</ymin>
      <xmax>415.22</xmax>
      <ymax>216.44</ymax>
    </bndbox>
  </object>
  <object>
    <name>WHITE</name>
    <occluded>0</occluded>
    <bndbox>
      <xmin>309.3</xmin>
      <ymin>226.54</ymin>
      <xmax>349.34</xmax>
      <ymax>257.23</ymax>
    </bndbox>
  </object>
  <object>
    <name>WHITE</name>
    <occluded>0</occluded>
    <bndbox>
      <xmin>250.54</xmin>
      <ymin>260.98</ymin>
      <xmax>294.33</xmax>
      <ymax>296.16</ymax>
    </bndbox>
  </object>
  <object>
    <name>WHITE</name>
    <occluded>0</occluded>
    <bndbox>
      <xmin>190.65</xmin>
      <ymin>310.76</ymin>
      <xmax>229.58</xmax>
      <ymax>346.31</ymax>
    </bndbox>
  </object>
  <object>
    <name>WHITE</name>
    <occluded>0</occluded>
    <bndbox>
      <xmin>161.08</xmin>
      <ymin>489.66</ymin>
      <xmax>199.26</xmax>
      <ymax>535.7</ymax>
    </bndbox>
  </object>
  <object>
    <name>WHITE</name>
    <occluded>0</occluded>
    <bndbox>
      <xmin>109.06</xmin>
      <ymin>508.37</ymin>
      <xmax>131.89</xmax>
      <ymax>556.28</ymax>
    </bndbox>
  </object>
  <object>
    <name>WHITE</name>
    <occluded>0</occluded>
    <bndbox>
      <xmin>421.23</xmin>
      <ymin>357.35</ymin>
      <xmax>466.77</xmax>
      <ymax>396.65</ymax>
    </bndbox>
  </object>
  <object>
    <name>WHITE</name>
    <occluded>0</occluded>
    <bndbox>
      <xmin>836.0</xmin>
      <ymin>634.0</ymin>
      <xmax>860.0</xmax>
      <ymax>678.0</ymax>
    </bndbox>
  </object>
  <object>
    <name>WHITE</name>
    <occluded>0</occluded>
    <bndbox>
      <xmin>537.18</xmin>
      <ymin>259.06</ymin>
      <xmax>583.96</xmax>
      <ymax>297.11</ymax>
    </bndbox>
  </object>
  <object>
    <name>WHITE</name>
    <occluded>0</occluded>
    <bndbox>
      <xmin>788.2</xmin>
      <ymin>573.39</ymin>
      <xmax>824.5</xmax>
      <ymax>619.7</ymax>
    </bndbox>
  </object>
  <object>
    <name>WHITE</name>
    <occluded>0</occluded>
    <bndbox>
      <xmin>726.99</xmin>
      <ymin>552.38</ymin>
      <xmax>771.8</xmax>
      <ymax>594.5</ymax>
    </bndbox>
  </object>
  <object>
    <name>WHITE</name>
    <occluded>0</occluded>
    <bndbox>
      <xmin>732.67</xmin>
      <ymin>413.69</ymin>
      <xmax>773.1</xmax>
      <ymax>457.3</ymax>
    </bndbox>
  </object>
  <object>
    <name>WHITE</name>
    <occluded>0</occluded>
    <bndbox>
      <xmin>708.88</xmin>
      <ymin>477.74</ymin>
      <xmax>753.7</xmax>
      <ymax>519.6</ymax>
    </bndbox>
  </object>
  <object>
    <name>WHITE</name>
    <occluded>0</occluded>
    <bndbox>
      <xmin>620.84</xmin>
      <ymin>606.71</ymin>
      <xmax>672.0</xmax>
      <ymax>654.79</ymax>
    </bndbox>
  </object>
  <object>
    <name>WHITE</name>
    <occluded>0</occluded>
    <bndbox>
      <xmin>527.1</xmin>
      <ymin>661.5</ymin>
      <xmax>580.0</xmax>
      <ymax>712.2</ymax>
    </bndbox>
  </object>
  <object>
    <name>WHITE</name>
    <occluded>0</occluded>
    <bndbox>
      <xmin>441.18</xmin>
      <ymin>689.8</ymin>
      <xmax>499.0</xmax>
      <ymax>743.0</ymax>
    </bndbox>
  </object>
  <object>
    <name>WHITE</name>
    <occluded>0</occluded>
    <bndbox>
      <xmin>642.05</xmin>
      <ymin>399.69</ymin>
      <xmax>687.1</xmax>
      <ymax>443.79</ymax>
    </bndbox>
  </object>
  <object>
    <name>WHITE</name>
    <occluded>0</occluded>
    <bndbox>
      <xmin>782.38</xmin>
      <ymin>675.75</ymin>
      <xmax>821.1</xmax>
      <ymax>724.0</ymax>
    </bndbox>
  </object>
  <object>
    <name>WHITE</name>
    <occluded>0</occluded>
    <bndbox>
      <xmin>578.6</xmin>
      <ymin>746.03</ymin>
      <xmax>627.4</xmax>
      <ymax>799.6</ymax>
    </bndbox>
  </object>
  <object>
    <name>WHITE</name>
    <occluded>0</occluded>
    <bndbox>
      <xmin>645.1</xmin>
      <ymin>702.95</ymin>
      <xmax>695.1</xmax>
      <ymax>750.9</ymax>
    </bndbox>
  </object>
  <object>
    <name>WHITE</name>
    <occluded>0</occluded>
    <bndbox>
      <xmin>621.88</xmin>
      <ymin>459.0</ymin>
      <xmax>668.7</xmax>
      <ymax>498.6</ymax>
    </bndbox>
  </object>
  <object>
    <name>WHITE</name>
    <occluded>0</occluded>
    <bndbox>
      <xmin>379.51</xmin>
      <ymin>590.67</ymin>
      <xmax>433.9</xmax>
      <ymax>640.7</ymax>
    </bndbox>
  </object>
  <object>
    <name>WHITE</name>
    <occluded>0</occluded>
    <bndbox>
      <xmin>322.01</xmin>
      <ymin>656.63</ymin>
      <xmax>373.5</xmax>
      <ymax>706.9</ymax>
    </bndbox>
  </object>
  <object>
    <name>BLACK</name>
    <occluded>0</occluded>
    <bndbox>
      <xmin>735.64</xmin>
      <ymin>827.63</ymin>
      <xmax>781.0</xmax>
      <ymax>879.5</ymax>
    </bndbox>
  </object>
  <object>
    <name>WHITE</name>
    <occluded>0</occluded>
    <bndbox>
      <xmin>800.13</xmin>
      <ymin>779.63</ymin>
      <xmax>827.6</xmax>
      <ymax>830.5</ymax>
    </bndbox>
  </object>
  <object>
    <name>WHITE</name>
    <occluded>0</occluded>
    <bndbox>
      <xmin>666.8</xmin>
      <ymin>791.5</ymin>
      <xmax>715.5</xmax>
      <ymax>842.0</ymax>
    </bndbox>
  </object>
  <object>
    <name>WHITE</name>
    <occluded>0</occluded>
    <bndbox>
      <xmin>735.5</xmin>
      <ymin>737.0</ymin>
      <xmax>776.5</xmax>
      <ymax>789.1</ymax>
    </bndbox>
  </object>
  <object>
    <name>WHITE</name>
    <occluded>0</occluded>
    <bndbox>
      <xmin>795.46</xmin>
      <ymin>410.17</ymin>
      <xmax>831.3</xmax>
      <ymax>453.2</ymax>
    </bndbox>
  </object>
  <object>
    <name>WHITE</name>
    <occluded>0</occluded>
    <bndbox>
      <xmin>309.5</xmin>
      <ymin>509.13</ymin>
      <xmax>355.9</xmax>
      <ymax>559.7</ymax>
    </bndbox>
  </object>
  <object>
    <name>WHITE</name>
    <occluded>0</occluded>
    <bndbox>
      <xmin>278.0</xmin>
      <ymin>577.5</ymin>
      <xmax>324.1</xmax>
      <ymax>629.0</ymax>
    </bndbox>
  </object>
  <object>
    <name>WHITE</name>
    <occluded>0</occluded>
    <bndbox>
      <xmin>344.24</xmin>
      <ymin>395.1</ymin>
      <xmax>394.1</xmax>
      <ymax>437.1</ymax>
    </bndbox>
  </object>
  <object>
    <name>WHITE</name>
    <occluded>0</occluded>
    <bndbox>
      <xmin>303.29</xmin>
      <ymin>445.13</ymin>
      <xmax>349.95</xmax>
      <ymax>490.8</ymax>
    </bndbox>
  </object>
  <object>
    <name>WHITE</name>
    <occluded>0</occluded>
    <bndbox>
      <xmin>230.74</xmin>
      <ymin>494.66</ymin>
      <xmax>277.26</xmax>
      <ymax>539.9</ymax>
    </bndbox>
  </object>
  <object>
    <name>WHITE</name>
    <occluded>0</occluded>
    <bndbox>
      <xmin>183.76</xmin>
      <ymin>568.96</ymin>
      <xmax>220.24</xmax>
      <ymax>616.5</ymax>
    </bndbox>
  </object>
  <object>
    <name>WHITE</name>
    <occluded>0</occluded>
    <bndbox>
      <xmin>395.34</xmin>
      <ymin>289.35</ymin>
      <xmax>439.9</xmax>
      <ymax>326.0</ymax>
    </bndbox>
  </object>
  <object>
    <name>WHITE</name>
    <occluded>0</occluded>
    <bndbox>
      <xmin>336.0</xmin>
      <ymin>333.7</ymin>
      <xmax>386.9</xmax>
      <ymax>362.3</ymax>
    </bndbox>
  </object>
  <object>
    <name>WHITE</name>
    <occluded>0</occluded>
    <bndbox>
      <xmin>237.3</xmin>
      <ymin>432.91</ymin>
      <xmax>277.24</xmax>
      <ymax>477.3</ymax>
    </bndbox>
  </object>
  <object>
    <name>WHITE</name>
    <occluded>0</occluded>
    <bndbox>
      <xmin>374.9</xmin>
      <ymin>238.5</ymin>
      <xmax>420.5</xmax>
      <ymax>267.5</ymax>
    </bndbox>
  </object>
  <object>
    <name>WHITE</name>
    <occluded>0</occluded>
    <bndbox>
      <xmin>324.79</xmin>
      <ymin>269.33</ymin>
      <xmax>373.6</xmax>
      <ymax>301.15</ymax>
    </bndbox>
  </object>
  <object>
    <name>WHITE</name>
    <occluded>0</occluded>
    <bndbox>
      <xmin>784.3</xmin>
      <ymin>487.31</ymin>
      <xmax>820.0</xmax>
      <ymax>534.4</ymax>
    </bndbox>
  </object>
  <object>
    <name>WHITE</name>
    <occluded>0</occluded>
    <bndbox>
      <xmin>704.27</xmin>
      <ymin>285.98</ymin>
      <xmax>740.9</xmax>
      <ymax>324.5</ymax>
    </bndbox>
  </object>
  <object>
    <name>WHITE</name>
    <occluded>0</occluded>
    <bndbox>
      <xmin>110.82</xmin>
      <ymin>656.55</ymin>
      <xmax>141.88</xmax>
      <ymax>704.46</ymax>
    </bndbox>
  </object>
  <object>
    <name>WHITE</name>
    <occluded>0</occluded>
    <bndbox>
      <xmin>158.35</xmin>
      <ymin>640.08</ymin>
      <xmax>189.79</xmax>
      <ymax>695.1</ymax>
    </bndbox>
  </object>
  <object>
    <name>BLACK</name>
    <occluded>0</occluded>
    <bndbox>
      <xmin>216.36</xmin>
      <ymin>633.34</ymin>
      <xmax>263.9</xmax>
      <ymax>689.48</ymax>
    </bndbox>
  </object>
  <object>
    <name>WHITE</name>
    <occluded>0</occluded>
    <bndbox>
      <xmin>800.23</xmin>
      <ymin>836.57</ymin>
      <xmax>831.3</xmax>
      <ymax>884.11</ymax>
    </bndbox>
  </object>
  <object>
    <name>WHITE</name>
    <occluded>0</occluded>
    <bndbox>
      <xmin>828.3</xmin>
      <ymin>720.55</ymin>
      <xmax>860.49</xmax>
      <ymax>768.83</ymax>
    </bndbox>
  </object>
  <object>
    <name>WHITE</name>
    <occluded>0</occluded>
    <bndbox>
      <xmin>849.64</xmin>
      <ymin>764.71</ymin>
      <xmax>873.22</xmax>
      <ymax>812.62</ymax>
    </bndbox>
  </object>
  <object>
    <name>WHITE</name>
    <occluded>0</occluded>
    <bndbox>
      <xmin>835.79</xmin>
      <ymin>471.28</ymin>
      <xmax>865.36</xmax>
      <ymax>513.58</ymax>
    </bndbox>
  </object>
  <object>
    <name>WHITE</name>
    <occluded>0</occluded>
    <bndbox>
      <xmin>525.14</xmin>
      <ymin>381.08</ymin>
      <xmax>575.67</xmax>
      <ymax>430.11</ymax>
    </bndbox>
  </object>
  <object>
    <name>WHITE</name>
    <occluded>0</occluded>
    <bndbox>
      <xmin>747.46</xmin>
      <ymin>356.01</ymin>
      <xmax>787.51</xmax>
      <ymax>394.18</ymax>
    </bndbox>
  </object>
  <object>
    <name>WHITE</name>
    <occluded>0</occluded>
    <bndbox>
      <xmin>811.09</xmin>
      <ymin>356.75</ymin>
      <xmax>839.16</xmax>
      <ymax>394.93</ymax>
    </bndbox>
  </object>
  <object>
    <name>WHITE</name>
    <occluded>0</occluded>
    <bndbox>
      <xmin>763.18</xmin>
      <ymin>303.98</ymin>
      <xmax>801.36</xmax>
      <ymax>344.03</ymax>
    </bndbox>
  </object>
  <object>
    <name>WHITE</name>
    <occluded>0</occluded>
    <bndbox>
      <xmin>680.46</xmin>
      <ymin>344.03</ymin>
      <xmax>722.76</xmax>
      <ymax>386.32</ymax>
    </bndbox>
  </object>
  <object>
    <name>WHITE</name>
    <occluded>0</occluded>
    <bndbox>
      <xmin>590.26</xmin>
      <ymin>330.18</ymin>
      <xmax>636.67</xmax>
      <ymax>366.86</ymax>
    </bndbox>
  </object>
  <object>
    <name>BLACK</name>
    <occluded>0</occluded>
    <bndbox>
      <xmin>756.82</xmin>
      <ymin>274.79</ymin>
      <xmax>796.12</xmax>
      <ymax>304.73</ymax>
    </bndbox>
  </object>
  <object>
    <name>WHITE</name>
    <occluded>0</occluded>
    <bndbox>
      <xmin>624.7</xmin>
      <ymin>270.67</ymin>
      <xmax>668.11</xmax>
      <ymax>307.72</ymax>
    </bndbox>
  </object>
  <object>
    <name>WHITE</name>
    <occluded>0</occluded>
    <bndbox>
      <xmin>644.78</xmin>
      <ymin>231.3</ymin>
      <xmax>686.27</xmax>
      <ymax>258.75</ymax>
    </bndbox>
  </object>
</annotation>
