<annotation>
  <folder>TD</folder>
  <filename>TD_camera6.png</filename>
  <source>
    <database>Unknown</database>
    <annotation>Unknown</annotation>
    <image>Unknown</image>
  </source>
  <size>
    <width>1280</width>
    <height>960</height>
    <depth></depth>
  </size>
  <segmented>0</segmented>
  <object>
    <name>WHITE</name>
    <occluded>0</occluded>
    <bndbox>
      <xmin>903.49</xmin>
      <ymin>760.6</ymin>
      <xmax>936.2</xmax>
      <ymax>798.44</ymax>
    </bndbox>
  </object>
  <object>
    <name>WHITE</name>
    <occluded>0</occluded>
    <bndbox>
      <xmin>560.4</xmin>
      <ymin>714.32</ymin>
      <xmax>608.1</xmax>
      <ymax>757.4</ymax>
    </bndbox>
  </object>
  <object>
    <name>WHITE</name>
    <occluded>0</occluded>
    <bndbox>
      <xmin>607.2</xmin>
      <ymin>661.26</ymin>
      <xmax>655.9</xmax>
      <ymax>700.0</ymax>
    </bndbox>
  </object>
  <object>
    <name>WHITE</name>
    <occluded>0</occluded>
    <bndbox>
      <xmin>586.4</xmin>
      <ymin>780.5</ymin>
      <xmax>631.0</xmax>
      <ymax>821.6</ymax>
    </bndbox>
  </object>
  <object>
    <name>BLACK</name>
    <occluded>0</occluded>
    <bndbox>
      <xmin>557.16</xmin>
      <ymin>838.28</ymin>
      <xmax>604.7</xmax>
      <ymax>874.9</ymax>
    </bndbox>
  </object>
  <object>
    <name>WHITE</name>
    <occluded>0</occluded>
    <bndbox>
      <xmin>735.38</xmin>
      <ymin>418.24</ymin>
      <xmax>782.3</xmax>
      <ymax>463.4</ymax>
    </bndbox>
  </object>
  <object>
    <name>WHITE</name>
    <occluded>0</occluded>
    <bndbox>
      <xmin>684.64</xmin>
      <ymin>495.89</ymin>
      <xmax>732.2</xmax>
      <ymax>543.0</ymax>
    </bndbox>
  </object>
  <object>
    <name>WHITE</name>
    <occluded>0</occluded>
    <bndbox>
      <xmin>650.1</xmin>
      <ymin>580.9</ymin>
      <xmax>700.19</xmax>
      <ymax>627.0</ymax>
    </bndbox>
  </object>
  <object>
    <name>WHITE</name>
    <occluded>0</occluded>
    <bndbox>
      <xmin>598.16</xmin>
      <ymin>894.25</ymin>
      <xmax>636.11</xmax>
      <ymax>928.82</ymax>
    </bndbox>
  </object>
  <object>
    <name>WHITE</name>
    <occluded>0</occluded>
    <bndbox>
      <xmin>668.86</xmin>
      <ymin>918.42</ymin>
      <xmax>707.84</xmax>
      <ymax>950.65</ymax>
    </bndbox>
  </object>
  <object>
    <name>WHITE</name>
    <occluded>0</occluded>
    <bndbox>
      <xmin>727.86</xmin>
      <ymin>922.32</ymin>
      <xmax>766.32</xmax>
      <ymax>951.95</ymax>
    </bndbox>
  </object>
  <object>
    <name>WHITE</name>
    <occluded>0</occluded>
    <bndbox>
      <xmin>435.9</xmin>
      <ymin>451.6</ymin>
      <xmax>482.9</xmax>
      <ymax>497.09</ymax>
    </bndbox>
  </object>
  <object>
    <name>WHITE</name>
    <occluded>0</occluded>
    <bndbox>
      <xmin>381.18</xmin>
      <ymin>517.4</ymin>
      <xmax>423.86</xmax>
      <ymax>565.9</ymax>
    </bndbox>
  </object>
  <object>
    <name>WHITE</name>
    <occluded>0</occluded>
    <bndbox>
      <xmin>342.9</xmin>
      <ymin>551.42</ymin>
      <xmax>373.1</xmax>
      <ymax>597.9</ymax>
    </bndbox>
  </object>
  <object>
    <name>BLACK</name>
    <occluded>0</occluded>
    <bndbox>
      <xmin>894.72</xmin>
      <ymin>844.58</ymin>
      <xmax>927.99</xmax>
      <ymax>873.96</ymax>
    </bndbox>
  </object>
  <object>
    <name>WHITE</name>
    <occluded>0</occluded>
    <bndbox>
      <xmin>931.89</xmin>
      <ymin>793.12</ymin>
      <xmax>965.44</xmax>
      <ymax>827.43</ymax>
    </bndbox>
  </object>
  <object>
    <name>WHITE</name>
    <occluded>0</occluded>
    <bndbox>
      <xmin>852.09</xmin>
      <ymin>758.55</ymin>
      <xmax>892.9</xmax>
      <ymax>791.3</ymax>
    </bndbox>
  </object>
  <object>
    <name>WHITE</name>
    <occluded>0</occluded>
    <bndbox>
      <xmin>819.09</xmin>
      <ymin>736.75</ymin>
      <xmax>863.27</xmax>
      <ymax>765.05</ymax>
    </bndbox>
  </object>
  <object>
    <name>WHITE</name>
    <occluded>0</occluded>
    <bndbox>
      <xmin>912.13</xmin>
      <ymin>724.5</ymin>
      <xmax>948.52</xmax>
      <ymax>757.28</ymax>
    </bndbox>
  </object>
  <object>
    <name>WHITE</name>
    <occluded>0</occluded>
    <bndbox>
      <xmin>960.48</xmin>
      <ymin>724.24</ymin>
      <xmax>987.51</xmax>
      <ymax>758.55</ymax>
    </bndbox>
  </object>
  <object>
    <name>WHITE</name>
    <occluded>0</occluded>
    <bndbox>
      <xmin>699.53</xmin>
      <ymin>666.05</ymin>
      <xmax>744.49</xmax>
      <ymax>703.48</ymax>
    </bndbox>
  </object>
  <object>
    <name>WHITE</name>
    <occluded>0</occluded>
    <bndbox>
      <xmin>343.18</xmin>
      <ymin>680.86</ymin>
      <xmax>371.8</xmax>
      <ymax>721.38</ymax>
    </bndbox>
  </object>
  <object>
    <name>WHITE</name>
    <occluded>0</occluded>
    <bndbox>
      <xmin>340.59</xmin>
      <ymin>799.62</ymin>
      <xmax>367.1</xmax>
      <ymax>838.63</ymax>
    </bndbox>
  </object>
  <object>
    <name>WHITE</name>
    <occluded>0</occluded>
    <bndbox>
      <xmin>943.56</xmin>
      <ymin>646.92</ymin>
      <xmax>973.19</xmax>
      <ymax>686.69</ymax>
    </bndbox>
  </object>
  <object>
    <name>WHITE</name>
    <occluded>0</occluded>
    <bndbox>
      <xmin>309.68</xmin>
      <ymin>495.23</ymin>
      <xmax>330.24</xmax>
      <ymax>539.94</ymax>
    </bndbox>
  </object>
  <object>
    <name>BLACK</name>
    <occluded>0</occluded>
    <bndbox>
      <xmin>383.5</xmin>
      <ymin>440.13</ymin>
      <xmax>413.67</xmax>
      <ymax>485.88</ymax>
    </bndbox>
  </object>
  <object>
    <name>WHITE</name>
    <occluded>0</occluded>
    <bndbox>
      <xmin>319.82</xmin>
      <ymin>416.74</ymin>
      <xmax>346.1</xmax>
      <ymax>455.99</ymax>
    </bndbox>
  </object>
  <object>
    <name>WHITE</name>
    <occluded>0</occluded>
    <bndbox>
      <xmin>469.01</xmin>
      <ymin>314.07</ymin>
      <xmax>513.48</xmax>
      <ymax>349.16</ymax>
    </bndbox>
  </object>
  <object>
    <name>WHITE</name>
    <occluded>0</occluded>
    <bndbox>
      <xmin>400.65</xmin>
      <ymin>320.57</ymin>
      <xmax>438.37</xmax>
      <ymax>354.36</ymax>
    </bndbox>
  </object>
  <object>
    <name>WHITE</name>
    <occluded>0</occluded>
    <bndbox>
      <xmin>530.35</xmin>
      <ymin>268.07</ymin>
      <xmax>574.04</xmax>
      <ymax>294.32</ymax>
    </bndbox>
  </object>
  <object>
    <name>WHITE</name>
    <occluded>0</occluded>
    <bndbox>
      <xmin>587.01</xmin>
      <ymin>233.76</ymin>
      <xmax>631.74</xmax>
      <ymax>255.59</ymax>
    </bndbox>
  </object>
  <object>
    <name>WHITE</name>
    <occluded>0</occluded>
    <bndbox>
      <xmin>838.24</xmin>
      <ymin>252.59</ymin>
      <xmax>873.43</xmax>
      <ymax>285.53</ymax>
    </bndbox>
  </object>
  <object>
    <name>WHITE</name>
    <occluded>0</occluded>
    <bndbox>
      <xmin>894.19</xmin>
      <ymin>281.92</ymin>
      <xmax>928.64</xmax>
      <ymax>314.86</ymax>
    </bndbox>
  </object>
  <object>
    <name>WHITE</name>
    <occluded>0</occluded>
    <bndbox>
      <xmin>927.86</xmin>
      <ymin>347.16</ymin>
      <xmax>955.67</xmax>
      <ymax>389.01</ymax>
    </bndbox>
  </object>
  <object>
    <name>WHITE</name>
    <occluded>0</occluded>
    <bndbox>
      <xmin>977.5</xmin>
      <ymin>384.33</ymin>
      <xmax>998.04</xmax>
      <ymax>427.73</ymax>
    </bndbox>
  </object>
  <object>
    <name>WHITE</name>
    <occluded>0</occluded>
    <bndbox>
      <xmin>627.2</xmin>
      <ymin>347.6</ymin>
      <xmax>673.6</xmax>
      <ymax>394.0</ymax>
    </bndbox>
  </object>
  <object>
    <name>WHITE</name>
    <occluded>0</occluded>
    <bndbox>
      <xmin>553.23</xmin>
      <ymin>566.81</ymin>
      <xmax>603.5</xmax>
      <ymax>615.9</ymax>
    </bndbox>
  </object>
  <object>
    <name>WHITE</name>
    <occluded>0</occluded>
    <bndbox>
      <xmin>497.99</xmin>
      <ymin>772.83</ymin>
      <xmax>543.3</xmax>
      <ymax>814.21</ymax>
    </bndbox>
  </object>
  <object>
    <name>WHITE</name>
    <occluded>0</occluded>
    <bndbox>
      <xmin>410.95</xmin>
      <ymin>613.21</ymin>
      <xmax>453.5</xmax>
      <ymax>655.6</ymax>
    </bndbox>
  </object>
  <object>
    <name>WHITE</name>
    <occluded>0</occluded>
    <bndbox>
      <xmin>375.06</xmin>
      <ymin>648.54</ymin>
      <xmax>408.1</xmax>
      <ymax>689.8</ymax>
    </bndbox>
  </object>
  <object>
    <name>WHITE</name>
    <occluded>0</occluded>
    <bndbox>
      <xmin>666.18</xmin>
      <ymin>231.2</ymin>
      <xmax>710.1</xmax>
      <ymax>256.3</ymax>
    </bndbox>
  </object>
  <object>
    <name>WHITE</name>
    <occluded>0</occluded>
    <bndbox>
      <xmin>610.0</xmin>
      <ymin>285.42</ymin>
      <xmax>652.0</xmax>
      <ymax>319.9</ymax>
    </bndbox>
  </object>
  <object>
    <name>WHITE</name>
    <occluded>0</occluded>
    <bndbox>
      <xmin>547.46</xmin>
      <ymin>335.38</ymin>
      <xmax>592.0</xmax>
      <ymax>374.3</ymax>
    </bndbox>
  </object>
  <object>
    <name>WHITE</name>
    <occluded>0</occluded>
    <bndbox>
      <xmin>490.42</xmin>
      <ymin>391.64</ymin>
      <xmax>537.1</xmax>
      <ymax>435.3</ymax>
    </bndbox>
  </object>
  <object>
    <name>WHITE</name>
    <occluded>0</occluded>
    <bndbox>
      <xmin>515.43</xmin>
      <ymin>470.47</ymin>
      <xmax>564.0</xmax>
      <ymax>518.1</ymax>
    </bndbox>
  </object>
  <object>
    <name>WHITE</name>
    <occluded>0</occluded>
    <bndbox>
      <xmin>458.16</xmin>
      <ymin>547.78</ymin>
      <xmax>505.7</xmax>
      <ymax>595.7</ymax>
    </bndbox>
  </object>
  <object>
    <name>WHITE</name>
    <occluded>0</occluded>
    <bndbox>
      <xmin>490.7</xmin>
      <ymin>838.47</ymin>
      <xmax>532.3</xmax>
      <ymax>878.49</ymax>
    </bndbox>
  </object>
  <object>
    <name>WHITE</name>
    <occluded>0</occluded>
    <bndbox>
      <xmin>433.14</xmin>
      <ymin>825.19</ymin>
      <xmax>471.1</xmax>
      <ymax>860.4</ymax>
    </bndbox>
  </object>
  <object>
    <name>WHITE</name>
    <occluded>0</occluded>
    <bndbox>
      <xmin>445.28</xmin>
      <ymin>896.18</ymin>
      <xmax>482.2</xmax>
      <ymax>925.8</ymax>
    </bndbox>
  </object>
  <object>
    <name>WHITE</name>
    <occluded>0</occluded>
    <bndbox>
      <xmin>418.37</xmin>
      <ymin>925.48</ymin>
      <xmax>449.6</xmax>
      <ymax>956.4</ymax>
    </bndbox>
  </object>
  <object>
    <name>WHITE</name>
    <occluded>0</occluded>
    <bndbox>
      <xmin>973.02</xmin>
      <ymin>559.99</ymin>
      <xmax>999.0</xmax>
      <ymax>600.9</ymax>
    </bndbox>
  </object>
  <object>
    <name>WHITE</name>
    <occluded>0</occluded>
    <bndbox>
      <xmin>864.3</xmin>
      <ymin>831.98</ymin>
      <xmax>899.65</xmax>
      <ymax>862.9</ymax>
    </bndbox>
  </object>
  <object>
    <name>WHITE</name>
    <occluded>0</occluded>
    <bndbox>
      <xmin>822.1</xmin>
      <ymin>888.39</ymin>
      <xmax>859.82</xmax>
      <ymax>911.2</ymax>
    </bndbox>
  </object>
  <object>
    <name>WHITE</name>
    <occluded>0</occluded>
    <bndbox>
      <xmin>944.99</xmin>
      <ymin>432.22</ymin>
      <xmax>967.7</xmax>
      <ymax>478.0</ymax>
    </bndbox>
  </object>
  <object>
    <name>WHITE</name>
    <occluded>0</occluded>
    <bndbox>
      <xmin>932.98</xmin>
      <ymin>525.04</ymin>
      <xmax>963.6</xmax>
      <ymax>570.9</ymax>
    </bndbox>
  </object>
  <object>
    <name>WHITE</name>
    <occluded>0</occluded>
    <bndbox>
      <xmin>906.2</xmin>
      <ymin>617.31</ymin>
      <xmax>941.77</xmax>
      <ymax>659.6</ymax>
    </bndbox>
  </object>
  <object>
    <name>WHITE</name>
    <occluded>0</occluded>
    <bndbox>
      <xmin>880.9</xmin>
      <ymin>698.47</ymin>
      <xmax>916.29</xmax>
      <ymax>736.5</ymax>
    </bndbox>
  </object>
  <object>
    <name>WHITE</name>
    <occluded>0</occluded>
    <bndbox>
      <xmin>845.9</xmin>
      <ymin>801.75</ymin>
      <xmax>880.82</xmax>
      <ymax>837.6</ymax>
    </bndbox>
  </object>
  <object>
    <name>WHITE</name>
    <occluded>0</occluded>
    <bndbox>
      <xmin>796.53</xmin>
      <ymin>873.94</ymin>
      <xmax>835.11</xmax>
      <ymax>900.4</ymax>
    </bndbox>
  </object>
  <object>
    <name>WHITE</name>
    <occluded>0</occluded>
    <bndbox>
      <xmin>859.33</xmin>
      <ymin>312.38</ymin>
      <xmax>897.0</xmax>
      <ymax>353.98</ymax>
    </bndbox>
  </object>
  <object>
    <name>WHITE</name>
    <occluded>0</occluded>
    <bndbox>
      <xmin>881.84</xmin>
      <ymin>394.65</ymin>
      <xmax>915.5</xmax>
      <ymax>439.7</ymax>
    </bndbox>
  </object>
  <object>
    <name>WHITE</name>
    <occluded>0</occluded>
    <bndbox>
      <xmin>885.6</xmin>
      <ymin>491.1</ymin>
      <xmax>919.4</xmax>
      <ymax>536.7</ymax>
    </bndbox>
  </object>
  <object>
    <name>WHITE</name>
    <occluded>0</occluded>
    <bndbox>
      <xmin>866.6</xmin>
      <ymin>579.91</ymin>
      <xmax>904.42</xmax>
      <ymax>623.2</ymax>
    </bndbox>
  </object>
  <object>
    <name>WHITE</name>
    <occluded>0</occluded>
    <bndbox>
      <xmin>839.17</xmin>
      <ymin>668.82</ymin>
      <xmax>881.71</xmax>
      <ymax>706.0</ymax>
    </bndbox>
  </object>
  <object>
    <name>WHITE</name>
    <occluded>0</occluded>
    <bndbox>
      <xmin>709.35</xmin>
      <ymin>204.96</ymin>
      <xmax>752.3</xmax>
      <ymax>220.9</ymax>
    </bndbox>
  </object>
  <object>
    <name>WHITE</name>
    <occluded>0</occluded>
    <bndbox>
      <xmin>759.0</xmin>
      <ymin>236.2</ymin>
      <xmax>802.2</xmax>
      <ymax>264.8</ymax>
    </bndbox>
  </object>
  <object>
    <name>WHITE</name>
    <occluded>0</occluded>
    <bndbox>
      <xmin>604.0</xmin>
      <ymin>489.5</ymin>
      <xmax>648.0</xmax>
      <ymax>532.5</ymax>
    </bndbox>
  </object>
  <object>
    <name>WHITE</name>
    <occluded>0</occluded>
    <bndbox>
      <xmin>510.83</xmin>
      <ymin>903.09</ymin>
      <xmax>552.93</xmax>
      <ymax>932.46</ymax>
    </bndbox>
  </object>
  <object>
    <name>WHITE</name>
    <occluded>0</occluded>
    <bndbox>
      <xmin>400.37</xmin>
      <ymin>880.48</ymin>
      <xmax>435.97</xmax>
      <ymax>915.3</ymax>
    </bndbox>
  </object>
  <object>
    <name>WHITE</name>
    <occluded>0</occluded>
    <bndbox>
      <xmin>369.7</xmin>
      <ymin>860.72</ymin>
      <xmax>400.37</xmax>
      <ymax>894.75</ymax>
    </bndbox>
  </object>
  <object>
    <name>WHITE</name>
    <occluded>0</occluded>
    <bndbox>
      <xmin>392.05</xmin>
      <ymin>830.57</ymin>
      <xmax>424.54</xmax>
      <ymax>868.78</ymax>
    </bndbox>
  </object>
  <object>
    <name>WHITE</name>
    <occluded>0</occluded>
    <bndbox>
      <xmin>334.18</xmin>
      <ymin>473.62</ymin>
      <xmax>364.2</xmax>
      <ymax>519.9</ymax>
    </bndbox>
  </object>
  <object>
    <name>WHITE</name>
    <occluded>0</occluded>
    <bndbox>
      <xmin>677.94</xmin>
      <ymin>726.15</ymin>
      <xmax>724.4</xmax>
      <ymax>764.5</ymax>
    </bndbox>
  </object>
  <object>
    <name>WHITE</name>
    <occluded>0</occluded>
    <bndbox>
      <xmin>711.11</xmin>
      <ymin>338.82</ymin>
      <xmax>756.7</xmax>
      <ymax>382.22</ymax>
    </bndbox>
  </object>
  <object>
    <name>WHITE</name>
    <occluded>0</occluded>
    <bndbox>
      <xmin>725.95</xmin>
      <ymin>578.37</ymin>
      <xmax>775.5</xmax>
      <ymax>625.6</ymax>
    </bndbox>
  </object>
  <object>
    <name>BLACK</name>
    <occluded>0</occluded>
    <bndbox>
      <xmin>759.72</xmin>
      <ymin>498.02</ymin>
      <xmax>803.8</xmax>
      <ymax>546.7</ymax>
    </bndbox>
  </object>
  <object>
    <name>WHITE</name>
    <occluded>0</occluded>
    <bndbox>
      <xmin>763.2</xmin>
      <ymin>714.69</ymin>
      <xmax>807.24</xmax>
      <ymax>743.31</ymax>
    </bndbox>
  </object>
  <object>
    <name>WHITE</name>
    <occluded>0</occluded>
    <bndbox>
      <xmin>793.22</xmin>
      <ymin>627.58</ymin>
      <xmax>838.7</xmax>
      <ymax>666.58</ymax>
    </bndbox>
  </object>
  <object>
    <name>WHITE</name>
    <occluded>0</occluded>
    <bndbox>
      <xmin>815.51</xmin>
      <ymin>543.48</ymin>
      <xmax>858.3</xmax>
      <ymax>590.1</ymax>
    </bndbox>
  </object>
  <object>
    <name>WHITE</name>
    <occluded>0</occluded>
    <bndbox>
      <xmin>821.9</xmin>
      <ymin>450.5</ymin>
      <xmax>864.5</xmax>
      <ymax>496.6</ymax>
    </bndbox>
  </object>
  <object>
    <name>WHITE</name>
    <occluded>0</occluded>
    <bndbox>
      <xmin>799.22</xmin>
      <ymin>364.68</ymin>
      <xmax>844.3</xmax>
      <ymax>407.82</ymax>
    </bndbox>
  </object>
  <object>
    <name>WHITE</name>
    <occluded>0</occluded>
    <bndbox>
      <xmin>781.75</xmin>
      <ymin>291.09</ymin>
      <xmax>825.9</xmax>
      <ymax>330.5</ymax>
    </bndbox>
  </object>
  <object>
    <name>WHITE</name>
    <occluded>0</occluded>
    <bndbox>
      <xmin>417.97</xmin>
      <ymin>375.12</ymin>
      <xmax>460.39</xmax>
      <ymax>418.3</ymax>
    </bndbox>
  </object>
  <object>
    <name>WHITE</name>
    <occluded>0</occluded>
    <bndbox>
      <xmin>361.3</xmin>
      <ymin>389.94</ymin>
      <xmax>394.28</xmax>
      <ymax>433.2</ymax>
    </bndbox>
  </object>
  <object>
    <name>WHITE</name>
    <occluded>0</occluded>
    <bndbox>
      <xmin>654.48</xmin>
      <ymin>418.68</ymin>
      <xmax>703.2</xmax>
      <ymax>463.1</ymax>
    </bndbox>
  </object>
  <object>
    <name>WHITE</name>
    <occluded>0</occluded>
    <bndbox>
      <xmin>570.97</xmin>
      <ymin>407.69</ymin>
      <xmax>618.5</xmax>
      <ymax>452.4</ymax>
    </bndbox>
  </object>
  <object>
    <name>WHITE</name>
    <occluded>0</occluded>
    <bndbox>
      <xmin>691.96</xmin>
      <ymin>279.5</ymin>
      <xmax>737.9</xmax>
      <ymax>313.1</ymax>
    </bndbox>
  </object>
  <object>
    <name>WHITE</name>
    <occluded>0</occluded>
    <bndbox>
      <xmin>414.95</xmin>
      <ymin>750.53</ymin>
      <xmax>455.8</xmax>
      <ymax>790.5</ymax>
    </bndbox>
  </object>
  <object>
    <name>WHITE</name>
    <occluded>0</occluded>
    <bndbox>
      <xmin>455.8</xmin>
      <ymin>694.56</ymin>
      <xmax>501.2</xmax>
      <ymax>737.28</ymax>
    </bndbox>
  </object>
  <object>
    <name>WHITE</name>
    <occluded>0</occluded>
    <bndbox>
      <xmin>496.55</xmin>
      <ymin>642.52</ymin>
      <xmax>544.8</xmax>
      <ymax>686.08</ymax>
    </bndbox>
  </object>
</annotation>
