<annotation>
  <folder>TD</folder>
  <filename>TD_camera3.png</filename>
  <source>
    <database>Unknown</database>
    <annotation>Unknown</annotation>
    <image>Unknown</image>
  </source>
  <size>
    <width>1280</width>
    <height>960</height>
    <depth></depth>
  </size>
  <segmented>0</segmented>
  <object>
    <name>WHITE</name>
    <occluded>0</occluded>
    <bndbox>
      <xmin>671.6</xmin>
      <ymin>760.69</ymin>
      <xmax>716.8</xmax>
      <ymax>800.67</ymax>
    </bndbox>
  </object>
  <object>
    <name>WHITE</name>
    <occluded>0</occluded>
    <bndbox>
      <xmin>516.37</xmin>
      <ymin>911.36</ymin>
      <xmax>552.49</xmax>
      <ymax>942.26</ymax>
    </bndbox>
  </object>
  <object>
    <name>WHITE</name>
    <occluded>0</occluded>
    <bndbox>
      <xmin>476.08</xmin>
      <ymin>855.21</ymin>
      <xmax>506.49</xmax>
      <ymax>892.9</ymax>
    </bndbox>
  </object>
  <object>
    <name>WHITE</name>
    <occluded>0</occluded>
    <bndbox>
      <xmin>423.8</xmin>
      <ymin>857.7</ymin>
      <xmax>456.58</xmax>
      <ymax>890.53</ymax>
    </bndbox>
  </object>
  <object>
    <name>WHITE</name>
    <occluded>0</occluded>
    <bndbox>
      <xmin>879.77</xmin>
      <ymin>596.18</ymin>
      <xmax>911.24</xmax>
      <ymax>640.34</ymax>
    </bndbox>
  </object>
  <object>
    <name>WHITE</name>
    <occluded>0</occluded>
    <bndbox>
      <xmin>919.81</xmin>
      <ymin>645.21</ymin>
      <xmax>948.29</xmax>
      <ymax>684.13</ymax>
    </bndbox>
  </object>
  <object>
    <name>WHITE</name>
    <occluded>0</occluded>
    <bndbox>
      <xmin>941.52</xmin>
      <ymin>570.35</ymin>
      <xmax>966.26</xmax>
      <ymax>614.52</ymax>
    </bndbox>
  </object>
  <object>
    <name>WHITE</name>
    <occluded>0</occluded>
    <bndbox>
      <xmin>904.51</xmin>
      <ymin>517.21</ymin>
      <xmax>934.45</xmax>
      <ymax>563.99</ymax>
    </bndbox>
  </object>
  <object>
    <name>WHITE</name>
    <occluded>0</occluded>
    <bndbox>
      <xmin>953.54</xmin>
      <ymin>479.03</ymin>
      <xmax>971.88</xmax>
      <ymax>522.45</ymax>
    </bndbox>
  </object>
  <object>
    <name>WHITE</name>
    <occluded>0</occluded>
    <bndbox>
      <xmin>336.73</xmin>
      <ymin>626.87</ymin>
      <xmax>365.55</xmax>
      <ymax>666.54</ymax>
    </bndbox>
  </object>
  <object>
    <name>WHITE</name>
    <occluded>0</occluded>
    <bndbox>
      <xmin>373.78</xmin>
      <ymin>621.63</ymin>
      <xmax>405.6</xmax>
      <ymax>653.07</ymax>
    </bndbox>
  </object>
  <object>
    <name>WHITE</name>
    <occluded>0</occluded>
    <bndbox>
      <xmin>356.56</xmin>
      <ymin>541.73</ymin>
      <xmax>382.13</xmax>
      <ymax>583.84</ymax>
    </bndbox>
  </object>
  <object>
    <name>WHITE</name>
    <occluded>0</occluded>
    <bndbox>
      <xmin>329.11</xmin>
      <ymin>561.69</ymin>
      <xmax>356.56</xmax>
      <ymax>604.42</ymax>
    </bndbox>
  </object>
  <object>
    <name>WHITE</name>
    <occluded>0</occluded>
    <bndbox>
      <xmin>321.63</xmin>
      <ymin>484.66</ymin>
      <xmax>346.27</xmax>
      <ymax>526.45</ymax>
    </bndbox>
  </object>
  <object>
    <name>WHITE</name>
    <occluded>0</occluded>
    <bndbox>
      <xmin>341.59</xmin>
      <ymin>470.31</ymin>
      <xmax>370.28</xmax>
      <ymax>512.41</ymax>
    </bndbox>
  </object>
  <object>
    <name>WHITE</name>
    <occluded>0</occluded>
    <bndbox>
      <xmin>392.08</xmin>
      <ymin>381.42</ymin>
      <xmax>432.97</xmax>
      <ymax>418.22</ymax>
    </bndbox>
  </object>
  <object>
    <name>WHITE</name>
    <occluded>0</occluded>
    <bndbox>
      <xmin>432.01</xmin>
      <ymin>317.48</ymin>
      <xmax>474.8</xmax>
      <ymax>355.5</ymax>
    </bndbox>
  </object>
  <object>
    <name>WHITE</name>
    <occluded>0</occluded>
    <bndbox>
      <xmin>348.73</xmin>
      <ymin>389.22</ymin>
      <xmax>376.52</xmax>
      <ymax>431.63</ymax>
    </bndbox>
  </object>
  <object>
    <name>WHITE</name>
    <occluded>0</occluded>
    <bndbox>
      <xmin>321.28</xmin>
      <ymin>408.24</ymin>
      <xmax>342.84</xmax>
      <ymax>449.1</ymax>
    </bndbox>
  </object>
  <object>
    <name>WHITE</name>
    <occluded>0</occluded>
    <bndbox>
      <xmin>370.56</xmin>
      <ymin>325.9</ymin>
      <xmax>412.7</xmax>
      <ymax>358.03</ymax>
    </bndbox>
  </object>
  <object>
    <name>WHITE</name>
    <occluded>0</occluded>
    <bndbox>
      <xmin>331.27</xmin>
      <ymin>336.5</ymin>
      <xmax>365.61</xmax>
      <ymax>368.94</ymax>
    </bndbox>
  </object>
  <object>
    <name>WHITE</name>
    <occluded>0</occluded>
    <bndbox>
      <xmin>407.68</xmin>
      <ymin>264.77</ymin>
      <xmax>449.82</xmax>
      <ymax>294.09</ymax>
    </bndbox>
  </object>
  <object>
    <name>WHITE</name>
    <occluded>0</occluded>
    <bndbox>
      <xmin>468.81</xmin>
      <ymin>218.61</ymin>
      <xmax>510.33</xmax>
      <ymax>241.38</ymax>
    </bndbox>
  </object>
  <object>
    <name>WHITE</name>
    <occluded>0</occluded>
    <bndbox>
      <xmin>548.69</xmin>
      <ymin>191.16</ymin>
      <xmax>589.86</xmax>
      <ymax>207.38</ymax>
    </bndbox>
  </object>
  <object>
    <name>BLACK</name>
    <occluded>0</occluded>
    <bndbox>
      <xmin>609.51</xmin>
      <ymin>205.82</ymin>
      <xmax>650.37</xmax>
      <ymax>232.64</ymax>
    </bndbox>
  </object>
  <object>
    <name>WHITE</name>
    <occluded>0</occluded>
    <bndbox>
      <xmin>633.21</xmin>
      <ymin>242.62</ymin>
      <xmax>675.0</xmax>
      <ymax>269.45</ymax>
    </bndbox>
  </object>
  <object>
    <name>WHITE</name>
    <occluded>0</occluded>
    <bndbox>
      <xmin>677.5</xmin>
      <ymin>213.62</ymin>
      <xmax>717.74</xmax>
      <ymax>233.58</ymax>
    </bndbox>
  </object>
  <object>
    <name>WHITE</name>
    <occluded>0</occluded>
    <bndbox>
      <xmin>721.48</xmin>
      <ymin>253.54</ymin>
      <xmax>763.58</xmax>
      <ymax>280.99</ymax>
    </bndbox>
  </object>
  <object>
    <name>WHITE</name>
    <occluded>0</occluded>
    <bndbox>
      <xmin>419.64</xmin>
      <ymin>459.92</ymin>
      <xmax>462.6</xmax>
      <ymax>506.1</ymax>
    </bndbox>
  </object>
  <object>
    <name>WHITE</name>
    <occluded>0</occluded>
    <bndbox>
      <xmin>451.24</xmin>
      <ymin>399.79</ymin>
      <xmax>495.1</xmax>
      <ymax>441.5</ymax>
    </bndbox>
  </object>
  <object>
    <name>WHITE</name>
    <occluded>0</occluded>
    <bndbox>
      <xmin>501.82</xmin>
      <ymin>342.69</ymin>
      <xmax>547.2</xmax>
      <ymax>383.3</ymax>
    </bndbox>
  </object>
  <object>
    <name>WHITE</name>
    <occluded>0</occluded>
    <bndbox>
      <xmin>419.55</xmin>
      <ymin>597.98</ymin>
      <xmax>452.0</xmax>
      <ymax>642.0</ymax>
    </bndbox>
  </object>
  <object>
    <name>WHITE</name>
    <occluded>0</occluded>
    <bndbox>
      <xmin>445.44</xmin>
      <ymin>544.06</ymin>
      <xmax>482.4</xmax>
      <ymax>585.96</ymax>
    </bndbox>
  </object>
  <object>
    <name>WHITE</name>
    <occluded>0</occluded>
    <bndbox>
      <xmin>482.14</xmin>
      <ymin>473.12</ymin>
      <xmax>526.4</xmax>
      <ymax>519.6</ymax>
    </bndbox>
  </object>
  <object>
    <name>WHITE</name>
    <occluded>0</occluded>
    <bndbox>
      <xmin>526.63</xmin>
      <ymin>408.5</ymin>
      <xmax>572.0</xmax>
      <ymax>451.0</ymax>
    </bndbox>
  </object>
  <object>
    <name>WHITE</name>
    <occluded>0</occluded>
    <bndbox>
      <xmin>581.5</xmin>
      <ymin>353.5</ymin>
      <xmax>624.7</xmax>
      <ymax>391.9</ymax>
    </bndbox>
  </object>
  <object>
    <name>WHITE</name>
    <occluded>0</occluded>
    <bndbox>
      <xmin>654.5</xmin>
      <ymin>286.5</ymin>
      <xmax>698.9</xmax>
      <ymax>322.4</ymax>
    </bndbox>
  </object>
  <object>
    <name>WHITE</name>
    <occluded>0</occluded>
    <bndbox>
      <xmin>441.55</xmin>
      <ymin>668.28</ymin>
      <xmax>478.6</xmax>
      <ymax>702.0</ymax>
    </bndbox>
  </object>
  <object>
    <name>WHITE</name>
    <occluded>0</occluded>
    <bndbox>
      <xmin>778.9</xmin>
      <ymin>909.16</ymin>
      <xmax>816.93</xmax>
      <ymax>936.6</ymax>
    </bndbox>
  </object>
  <object>
    <name>WHITE</name>
    <occluded>0</occluded>
    <bndbox>
      <xmin>727.0</xmin>
      <ymin>917.54</ymin>
      <xmax>767.51</xmax>
      <ymax>942.1</ymax>
    </bndbox>
  </object>
  <object>
    <name>BLACK</name>
    <occluded>0</occluded>
    <bndbox>
      <xmin>790.6</xmin>
      <ymin>856.91</ymin>
      <xmax>826.44</xmax>
      <ymax>895.4</ymax>
    </bndbox>
  </object>
  <object>
    <name>WHITE</name>
    <occluded>0</occluded>
    <bndbox>
      <xmin>619.0</xmin>
      <ymin>944.0</ymin>
      <xmax>662.0</xmax>
      <ymax>960.0</ymax>
    </bndbox>
  </object>
  <object>
    <name>WHITE</name>
    <occluded>0</occluded>
    <bndbox>
      <xmin>665.81</xmin>
      <ymin>901.45</ymin>
      <xmax>704.81</xmax>
      <ymax>934.6</ymax>
    </bndbox>
  </object>
  <object>
    <name>WHITE</name>
    <occluded>0</occluded>
    <bndbox>
      <xmin>734.0</xmin>
      <ymin>856.08</ymin>
      <xmax>771.0</xmax>
      <ymax>896.8</ymax>
    </bndbox>
  </object>
  <object>
    <name>WHITE</name>
    <occluded>0</occluded>
    <bndbox>
      <xmin>553.62</xmin>
      <ymin>910.76</ymin>
      <xmax>590.78</xmax>
      <ymax>940.47</ymax>
    </bndbox>
  </object>
  <object>
    <name>WHITE</name>
    <occluded>0</occluded>
    <bndbox>
      <xmin>676.2</xmin>
      <ymin>343.8</ymin>
      <xmax>722.5</xmax>
      <ymax>384.5</ymax>
    </bndbox>
  </object>
  <object>
    <name>WHITE</name>
    <occluded>0</occluded>
    <bndbox>
      <xmin>517.09</xmin>
      <ymin>741.3</ymin>
      <xmax>555.8</xmax>
      <ymax>783.15</ymax>
    </bndbox>
  </object>
  <object>
    <name>WHITE</name>
    <occluded>0</occluded>
    <bndbox>
      <xmin>533.25</xmin>
      <ymin>692.54</ymin>
      <xmax>575.5</xmax>
      <ymax>729.4</ymax>
    </bndbox>
  </object>
  <object>
    <name>WHITE</name>
    <occluded>0</occluded>
    <bndbox>
      <xmin>602.62</xmin>
      <ymin>561.74</ymin>
      <xmax>650.45</xmax>
      <ymax>607.37</ymax>
    </bndbox>
  </object>
  <object>
    <name>WHITE</name>
    <occluded>0</occluded>
    <bndbox>
      <xmin>638.05</xmin>
      <ymin>481.06</ymin>
      <xmax>685.3</xmax>
      <ymax>526.8</ymax>
    </bndbox>
  </object>
  <object>
    <name>WHITE</name>
    <occluded>0</occluded>
    <bndbox>
      <xmin>693.81</xmin>
      <ymin>408.16</ymin>
      <xmax>741.2</xmax>
      <ymax>454.0</ymax>
    </bndbox>
  </object>
  <object>
    <name>WHITE</name>
    <occluded>0</occluded>
    <bndbox>
      <xmin>526.08</xmin>
      <ymin>850.85</ymin>
      <xmax>561.6</xmax>
      <ymax>888.9</ymax>
    </bndbox>
  </object>
  <object>
    <name>WHITE</name>
    <occluded>0</occluded>
    <bndbox>
      <xmin>592.27</xmin>
      <ymin>759.03</ymin>
      <xmax>636.5</xmax>
      <ymax>799.73</ymax>
    </bndbox>
  </object>
  <object>
    <name>WHITE</name>
    <occluded>0</occluded>
    <bndbox>
      <xmin>623.32</xmin>
      <ymin>695.2</ymin>
      <xmax>668.1</xmax>
      <ymax>736.6</ymax>
    </bndbox>
  </object>
  <object>
    <name>WHITE</name>
    <occluded>0</occluded>
    <bndbox>
      <xmin>683.79</xmin>
      <ymin>558.8</ymin>
      <xmax>732.9</xmax>
      <ymax>604.71</ymax>
    </bndbox>
  </object>
  <object>
    <name>BLACK</name>
    <occluded>0</occluded>
    <bndbox>
      <xmin>707.22</xmin>
      <ymin>479.36</ymin>
      <xmax>759.0</xmax>
      <ymax>528.9</ymax>
    </bndbox>
  </object>
  <object>
    <name>WHITE</name>
    <occluded>0</occluded>
    <bndbox>
      <xmin>605.74</xmin>
      <ymin>823.01</ymin>
      <xmax>647.0</xmax>
      <ymax>862.37</ymax>
    </bndbox>
  </object>
  <object>
    <name>WHITE</name>
    <occluded>0</occluded>
    <bndbox>
      <xmin>593.69</xmin>
      <ymin>880.56</ymin>
      <xmax>632.9</xmax>
      <ymax>914.4</ymax>
    </bndbox>
  </object>
  <object>
    <name>WHITE</name>
    <occluded>0</occluded>
    <bndbox>
      <xmin>671.25</xmin>
      <ymin>833.13</ymin>
      <xmax>715.6</xmax>
      <ymax>869.7</ymax>
    </bndbox>
  </object>
  <object>
    <name>WHITE</name>
    <occluded>0</occluded>
    <bndbox>
      <xmin>489.1</xmin>
      <ymin>621.14</ymin>
      <xmax>529.6</xmax>
      <ymax>662.86</ymax>
    </bndbox>
  </object>
  <object>
    <name>WHITE</name>
    <occluded>0</occluded>
    <bndbox>
      <xmin>519.8</xmin>
      <ymin>558.65</ymin>
      <xmax>561.61</xmax>
      <ymax>601.35</ymax>
    </bndbox>
  </object>
  <object>
    <name>WHITE</name>
    <occluded>0</occluded>
    <bndbox>
      <xmin>558.53</xmin>
      <ymin>480.76</ymin>
      <xmax>604.8</xmax>
      <ymax>525.9</ymax>
    </bndbox>
  </object>
  <object>
    <name>WHITE</name>
    <occluded>0</occluded>
    <bndbox>
      <xmin>609.0</xmin>
      <ymin>414.0</ymin>
      <xmax>656.1</xmax>
      <ymax>459.1</ymax>
    </bndbox>
  </object>
  <object>
    <name>WHITE</name>
    <occluded>0</occluded>
    <bndbox>
      <xmin>704.13</xmin>
      <ymin>673.69</ymin>
      <xmax>749.2</xmax>
      <ymax>715.0</ymax>
    </bndbox>
  </object>
  <object>
    <name>WHITE</name>
    <occluded>0</occluded>
    <bndbox>
      <xmin>741.04</xmin>
      <ymin>595.77</ymin>
      <xmax>789.3</xmax>
      <ymax>640.2</ymax>
    </bndbox>
  </object>
  <object>
    <name>WHITE</name>
    <occluded>0</occluded>
    <bndbox>
      <xmin>777.0</xmin>
      <ymin>525.0</ymin>
      <xmax>818.9</xmax>
      <ymax>569.6</ymax>
    </bndbox>
  </object>
  <object>
    <name>WHITE</name>
    <occluded>0</occluded>
    <bndbox>
      <xmin>797.0</xmin>
      <ymin>640.5</ymin>
      <xmax>835.0</xmax>
      <ymax>679.5</ymax>
    </bndbox>
  </object>
  <object>
    <name>WHITE</name>
    <occluded>0</occluded>
    <bndbox>
      <xmin>565.3</xmin>
      <ymin>287.03</ymin>
      <xmax>596.7</xmax>
      <ymax>326.97</ymax>
    </bndbox>
  </object>
  <object>
    <name>WHITE</name>
    <occluded>0</occluded>
    <bndbox>
      <xmin>826.88</xmin>
      <ymin>558.62</ymin>
      <xmax>869.4</xmax>
      <ymax>601.5</ymax>
    </bndbox>
  </object>
  <object>
    <name>WHITE</name>
    <occluded>0</occluded>
    <bndbox>
      <xmin>575.0</xmin>
      <ymin>634.5</ymin>
      <xmax>617.0</xmax>
      <ymax>671.5</ymax>
    </bndbox>
  </object>
  <object>
    <name>WHITE</name>
    <occluded>0</occluded>
    <bndbox>
      <xmin>298.36</xmin>
      <ymin>427.05</ymin>
      <xmax>315.2</xmax>
      <ymax>464.79</ymax>
    </bndbox>
  </object>
  <object>
    <name>WHITE</name>
    <occluded>0</occluded>
    <bndbox>
      <xmin>819.41</xmin>
      <ymin>322.16</ymin>
      <xmax>857.78</xmax>
      <ymax>357.4</ymax>
    </bndbox>
  </object>
  <object>
    <name>WHITE</name>
    <occluded>0</occluded>
    <bndbox>
      <xmin>391.38</xmin>
      <ymin>521.77</ymin>
      <xmax>423.5</xmax>
      <ymax>565.5</ymax>
    </bndbox>
  </object>
  <object>
    <name>BLACK</name>
    <occluded>0</occluded>
    <bndbox>
      <xmin>373.57</xmin>
      <ymin>447.07</ymin>
      <xmax>408.7</xmax>
      <ymax>492.0</ymax>
    </bndbox>
  </object>
  <object>
    <name>WHITE</name>
    <occluded>0</occluded>
    <bndbox>
      <xmin>848.4</xmin>
      <ymin>476.1</ymin>
      <xmax>886.44</xmax>
      <ymax>520.55</ymax>
    </bndbox>
  </object>
  <object>
    <name>WHITE</name>
    <occluded>0</occluded>
    <bndbox>
      <xmin>835.86</xmin>
      <ymin>392.14</ymin>
      <xmax>876.6</xmax>
      <ymax>433.74</ymax>
    </bndbox>
  </object>
  <object>
    <name>WHITE</name>
    <occluded>0</occluded>
    <bndbox>
      <xmin>839.99</xmin>
      <ymin>682.8</ymin>
      <xmax>881.01</xmax>
      <ymax>719.81</ymax>
    </bndbox>
  </object>
  <object>
    <name>WHITE</name>
    <occluded>0</occluded>
    <bndbox>
      <xmin>907.16</xmin>
      <ymin>433.05</ymin>
      <xmax>933.2</xmax>
      <ymax>475.9</ymax>
    </bndbox>
  </object>
  <object>
    <name>WHITE</name>
    <occluded>0</occluded>
    <bndbox>
      <xmin>550.5</xmin>
      <ymin>229.5</ymin>
      <xmax>591.4</xmax>
      <ymax>258.7</ymax>
    </bndbox>
  </object>
  <object>
    <name>WHITE</name>
    <occluded>0</occluded>
    <bndbox>
      <xmin>486.95</xmin>
      <ymin>265.49</ymin>
      <xmax>530.2</xmax>
      <ymax>295.1</ymax>
    </bndbox>
  </object>
  <object>
    <name>WHITE</name>
    <occluded>0</occluded>
    <bndbox>
      <xmin>753.5</xmin>
      <ymin>719.9</ymin>
      <xmax>796.6</xmax>
      <ymax>759.0</ymax>
    </bndbox>
  </object>
  <object>
    <name>WHITE</name>
    <occluded>0</occluded>
    <bndbox>
      <xmin>756.0</xmin>
      <ymin>359.75</ymin>
      <xmax>802.2</xmax>
      <ymax>400.77</ymax>
    </bndbox>
  </object>
  <object>
    <name>WHITE</name>
    <occluded>0</occluded>
    <bndbox>
      <xmin>652.49</xmin>
      <ymin>632.2</ymin>
      <xmax>693.51</xmax>
      <ymax>671.8</ymax>
    </bndbox>
  </object>
  <object>
    <name>WHITE</name>
    <occluded>0</occluded>
    <bndbox>
      <xmin>890.53</xmin>
      <ymin>360.83</ymin>
      <xmax>923.59</xmax>
      <ymax>398.88</ymax>
    </bndbox>
  </object>
  <object>
    <name>WHITE</name>
    <occluded>0</occluded>
    <bndbox>
      <xmin>745.81</xmin>
      <ymin>303.13</ymin>
      <xmax>790.72</xmax>
      <ymax>339.31</ymax>
    </bndbox>
  </object>
  <object>
    <name>WHITE</name>
    <occluded>0</occluded>
    <bndbox>
      <xmin>779.9</xmin>
      <ymin>435.6</ymin>
      <xmax>821.5</xmax>
      <ymax>479.0</ymax>
    </bndbox>
  </object>
</annotation>
