<annotation>
  <folder>TD</folder>
  <filename>TD_camera2.png</filename>
  <source>
    <database>Unknown</database>
    <annotation>Unknown</annotation>
    <image>Unknown</image>
  </source>
  <size>
    <width>960</width>
    <height>1280</height>
    <depth></depth>
  </size>
  <segmented>0</segmented>
  <object>
    <name>WHITE</name>
    <occluded>0</occluded>
    <bndbox>
      <xmin>368.2</xmin>
      <ymin>632.3</ymin>
      <xmax>409.12</xmax>
      <ymax>679.74</ymax>
    </bndbox>
  </object>
  <object>
    <name>WHITE</name>
    <occluded>0</occluded>
    <bndbox>
      <xmin>259.5</xmin>
      <ymin>604.5</ymin>
      <xmax>272.5</xmax>
      <ymax>643.5</ymax>
    </bndbox>
  </object>
  <object>
    <name>WHITE</name>
    <occluded>0</occluded>
    <bndbox>
      <xmin>612.0</xmin>
      <ymin>606.0</ymin>
      <xmax>652.0</xmax>
      <ymax>648.0</ymax>
    </bndbox>
  </object>
  <object>
    <name>WHITE</name>
    <occluded>0</occluded>
    <bndbox>
      <xmin>262.32</xmin>
      <ymin>842.15</ymin>
      <xmax>285.6</xmax>
      <ymax>881.24</ymax>
    </bndbox>
  </object>
  <object>
    <name>BLACK</name>
    <occluded>0</occluded>
    <bndbox>
      <xmin>294.34</xmin>
      <ymin>886.23</ymin>
      <xmax>326.36</xmax>
      <ymax>924.91</ymax>
    </bndbox>
  </object>
  <object>
    <name>WHITE</name>
    <occluded>0</occluded>
    <bndbox>
      <xmin>340.08</xmin>
      <ymin>923.66</ymin>
      <xmax>378.76</xmax>
      <ymax>954.06</ymax>
    </bndbox>
  </object>
  <object>
    <name>WHITE</name>
    <occluded>0</occluded>
    <bndbox>
      <xmin>685.63</xmin>
      <ymin>447.06</ymin>
      <xmax>719.3</xmax>
      <ymax>485.8</ymax>
    </bndbox>
  </object>
  <object>
    <name>WHITE</name>
    <occluded>0</occluded>
    <bndbox>
      <xmin>697.23</xmin>
      <ymin>597.9</ymin>
      <xmax>729.6</xmax>
      <ymax>644.6</ymax>
    </bndbox>
  </object>
  <object>
    <name>WHITE</name>
    <occluded>0</occluded>
    <bndbox>
      <xmin>658.33</xmin>
      <ymin>661.24</ymin>
      <xmax>697.9</xmax>
      <ymax>704.6</ymax>
    </bndbox>
  </object>
  <object>
    <name>WHITE</name>
    <occluded>0</occluded>
    <bndbox>
      <xmin>613.11</xmin>
      <ymin>722.55</ymin>
      <xmax>656.6</xmax>
      <ymax>764.4</ymax>
    </bndbox>
  </object>
  <object>
    <name>WHITE</name>
    <occluded>0</occluded>
    <bndbox>
      <xmin>572.15</xmin>
      <ymin>784.63</ymin>
      <xmax>617.9</xmax>
      <ymax>822.8</ymax>
    </bndbox>
  </object>
  <object>
    <name>BLACK</name>
    <occluded>0</occluded>
    <bndbox>
      <xmin>640.47</xmin>
      <ymin>540.06</ymin>
      <xmax>684.7</xmax>
      <ymax>587.7</ymax>
    </bndbox>
  </object>
  <object>
    <name>WHITE</name>
    <occluded>0</occluded>
    <bndbox>
      <xmin>560.62</xmin>
      <ymin>652.92</ymin>
      <xmax>608.3</xmax>
      <ymax>699.0</ymax>
    </bndbox>
  </object>
  <object>
    <name>WHITE</name>
    <occluded>0</occluded>
    <bndbox>
      <xmin>512.19</xmin>
      <ymin>718.31</ymin>
      <xmax>556.9</xmax>
      <ymax>761.5</ymax>
    </bndbox>
  </object>
  <object>
    <name>WHITE</name>
    <occluded>0</occluded>
    <bndbox>
      <xmin>459.28</xmin>
      <ymin>784.59</ymin>
      <xmax>509.0</xmax>
      <ymax>825.97</ymax>
    </bndbox>
  </object>
  <object>
    <name>BLACK</name>
    <occluded>0</occluded>
    <bndbox>
      <xmin>417.46</xmin>
      <ymin>844.53</ymin>
      <xmax>462.0</xmax>
      <ymax>890.5</ymax>
    </bndbox>
  </object>
  <object>
    <name>WHITE</name>
    <occluded>0</occluded>
    <bndbox>
      <xmin>626.0</xmin>
      <ymin>466.14</ymin>
      <xmax>667.2</xmax>
      <ymax>508.4</ymax>
    </bndbox>
  </object>
  <object>
    <name>WHITE</name>
    <occluded>0</occluded>
    <bndbox>
      <xmin>567.71</xmin>
      <ymin>518.18</ymin>
      <xmax>612.6</xmax>
      <ymax>565.2</ymax>
    </bndbox>
  </object>
  <object>
    <name>WHITE</name>
    <occluded>0</occluded>
    <bndbox>
      <xmin>514.3</xmin>
      <ymin>579.31</ymin>
      <xmax>561.69</xmax>
      <ymax>625.9</ymax>
    </bndbox>
  </object>
  <object>
    <name>WHITE</name>
    <occluded>0</occluded>
    <bndbox>
      <xmin>462.02</xmin>
      <ymin>646.22</ymin>
      <xmax>510.4</xmax>
      <ymax>694.0</ymax>
    </bndbox>
  </object>
  <object>
    <name>WHITE</name>
    <occluded>0</occluded>
    <bndbox>
      <xmin>409.36</xmin>
      <ymin>722.7</ymin>
      <xmax>453.8</xmax>
      <ymax>764.42</ymax>
    </bndbox>
  </object>
  <object>
    <name>WHITE</name>
    <occluded>0</occluded>
    <bndbox>
      <xmin>366.64</xmin>
      <ymin>771.34</ymin>
      <xmax>406.7</xmax>
      <ymax>810.2</ymax>
    </bndbox>
  </object>
  <object>
    <name>WHITE</name>
    <occluded>0</occluded>
    <bndbox>
      <xmin>596.68</xmin>
      <ymin>398.78</ymin>
      <xmax>641.1</xmax>
      <ymax>434.4</ymax>
    </bndbox>
  </object>
  <object>
    <name>WHITE</name>
    <occluded>0</occluded>
    <bndbox>
      <xmin>539.66</xmin>
      <ymin>440.07</ymin>
      <xmax>585.2</xmax>
      <ymax>481.09</ymax>
    </bndbox>
  </object>
  <object>
    <name>WHITE</name>
    <occluded>0</occluded>
    <bndbox>
      <xmin>475.0</xmin>
      <ymin>496.9</ymin>
      <xmax>521.3</xmax>
      <ymax>543.1</ymax>
    </bndbox>
  </object>
  <object>
    <name>WHITE</name>
    <occluded>0</occluded>
    <bndbox>
      <xmin>419.98</xmin>
      <ymin>565.3</ymin>
      <xmax>466.0</xmax>
      <ymax>611.5</ymax>
    </bndbox>
  </object>
  <object>
    <name>WHITE</name>
    <occluded>0</occluded>
    <bndbox>
      <xmin>316.7</xmin>
      <ymin>491.93</ymin>
      <xmax>354.36</xmax>
      <ymax>532.6</ymax>
    </bndbox>
  </object>
  <object>
    <name>WHITE</name>
    <occluded>0</occluded>
    <bndbox>
      <xmin>365.1</xmin>
      <ymin>427.56</ymin>
      <xmax>402.06</xmax>
      <ymax>465.0</ymax>
    </bndbox>
  </object>
  <object>
    <name>WHITE</name>
    <occluded>0</occluded>
    <bndbox>
      <xmin>414.7</xmin>
      <ymin>381.65</ymin>
      <xmax>453.08</xmax>
      <ymax>415.3</ymax>
    </bndbox>
  </object>
  <object>
    <name>WHITE</name>
    <occluded>0</occluded>
    <bndbox>
      <xmin>736.78</xmin>
      <ymin>660.47</ymin>
      <xmax>765.69</xmax>
      <ymax>703.55</ymax>
    </bndbox>
  </object>
  <object>
    <name>WHITE</name>
    <occluded>0</occluded>
    <bndbox>
      <xmin>748.8</xmin>
      <ymin>410.19</ymin>
      <xmax>778.55</xmax>
      <ymax>443.12</ymax>
    </bndbox>
  </object>
  <object>
    <name>WHITE</name>
    <occluded>0</occluded>
    <bndbox>
      <xmin>293.38</xmin>
      <ymin>739.99</ymin>
      <xmax>324.57</xmax>
      <ymax>779.27</ymax>
    </bndbox>
  </object>
  <object>
    <name>WHITE</name>
    <occluded>0</occluded>
    <bndbox>
      <xmin>662.16</xmin>
      <ymin>383.62</ymin>
      <xmax>700.28</xmax>
      <ymax>419.43</ymax>
    </bndbox>
  </object>
  <object>
    <name>WHITE</name>
    <occluded>0</occluded>
    <bndbox>
      <xmin>698.76</xmin>
      <ymin>725.45</ymin>
      <xmax>733.92</xmax>
      <ymax>764.68</ymax>
    </bndbox>
  </object>
  <object>
    <name>WHITE</name>
    <occluded>0</occluded>
    <bndbox>
      <xmin>725.93</xmin>
      <ymin>789.63</ymin>
      <xmax>753.87</xmax>
      <ymax>827.9</ymax>
    </bndbox>
  </object>
  <object>
    <name>WHITE</name>
    <occluded>0</occluded>
    <bndbox>
      <xmin>659.75</xmin>
      <ymin>786.5</ymin>
      <xmax>699.48</xmax>
      <ymax>823.57</ymax>
    </bndbox>
  </object>
  <object>
    <name>WHITE</name>
    <occluded>0</occluded>
    <bndbox>
      <xmin>664.8</xmin>
      <ymin>904.19</ymin>
      <xmax>701.41</xmax>
      <ymax>938.6</ymax>
    </bndbox>
  </object>
  <object>
    <name>WHITE</name>
    <occluded>0</occluded>
    <bndbox>
      <xmin>587.55</xmin>
      <ymin>980.72</ymin>
      <xmax>624.39</xmax>
      <ymax>1010.32</ymax>
    </bndbox>
  </object>
  <object>
    <name>WHITE</name>
    <occluded>0</occluded>
    <bndbox>
      <xmin>552.47</xmin>
      <ymin>957.06</ymin>
      <xmax>590.03</xmax>
      <ymax>988.5</ymax>
    </bndbox>
  </object>
  <object>
    <name>BLACK</name>
    <occluded>0</occluded>
    <bndbox>
      <xmin>500.7</xmin>
      <ymin>273.44</ymin>
      <xmax>543.1</xmax>
      <ymax>300.9</ymax>
    </bndbox>
  </object>
  <object>
    <name>WHITE</name>
    <occluded>0</occluded>
    <bndbox>
      <xmin>656.6</xmin>
      <ymin>973.37</ymin>
      <xmax>694.14</xmax>
      <ymax>1006.9</ymax>
    </bndbox>
  </object>
  <object>
    <name>BLACK</name>
    <occluded>0</occluded>
    <bndbox>
      <xmin>610.12</xmin>
      <ymin>939.5</ymin>
      <xmax>642.1</xmax>
      <ymax>957.27</ymax>
    </bndbox>
  </object>
  <object>
    <name>WHITE</name>
    <occluded>0</occluded>
    <bndbox>
      <xmin>451.7</xmin>
      <ymin>302.46</ymin>
      <xmax>492.88</xmax>
      <ymax>329.5</ymax>
    </bndbox>
  </object>
  <object>
    <name>BLACK</name>
    <occluded>0</occluded>
    <bndbox>
      <xmin>275.3</xmin>
      <ymin>498.3</ymin>
      <xmax>298.74</xmax>
      <ymax>534.7</ymax>
    </bndbox>
  </object>
  <object>
    <name>WHITE</name>
    <occluded>0</occluded>
    <bndbox>
      <xmin>577.06</xmin>
      <ymin>275.32</ymin>
      <xmax>616.0</xmax>
      <ymax>298.88</ymax>
    </bndbox>
  </object>
  <object>
    <name>WHITE</name>
    <occluded>0</occluded>
    <bndbox>
      <xmin>518.67</xmin>
      <ymin>251.23</ymin>
      <xmax>559.58</xmax>
      <ymax>269.04</ymax>
    </bndbox>
  </object>
  <object>
    <name>WHITE</name>
    <occluded>0</occluded>
    <bndbox>
      <xmin>445.97</xmin>
      <ymin>272.17</ymin>
      <xmax>481.37</xmax>
      <ymax>296.47</ymax>
    </bndbox>
  </object>
  <object>
    <name>WHITE</name>
    <occluded>0</occluded>
    <bndbox>
      <xmin>396.15</xmin>
      <ymin>341.47</ymin>
      <xmax>436.37</xmax>
      <ymax>370.83</ymax>
    </bndbox>
  </object>
  <object>
    <name>WHITE</name>
    <occluded>0</occluded>
    <bndbox>
      <xmin>277.77</xmin>
      <ymin>556.87</ymin>
      <xmax>302.8</xmax>
      <ymax>601.87</ymax>
    </bndbox>
  </object>
  <object>
    <name>WHITE</name>
    <occluded>0</occluded>
    <bndbox>
      <xmin>256.09</xmin>
      <ymin>471.19</ymin>
      <xmax>284.99</xmax>
      <ymax>508.73</ymax>
    </bndbox>
  </object>
  <object>
    <name>WHITE</name>
    <occluded>0</occluded>
    <bndbox>
      <xmin>345.86</xmin>
      <ymin>386.0</ymin>
      <xmax>381.02</xmax>
      <ymax>419.93</ymax>
    </bndbox>
  </object>
  <object>
    <name>WHITE</name>
    <occluded>0</occluded>
    <bndbox>
      <xmin>286.17</xmin>
      <ymin>412.95</ymin>
      <xmax>315.56</xmax>
      <ymax>449.77</ymax>
    </bndbox>
  </object>
  <object>
    <name>WHITE</name>
    <occluded>0</occluded>
    <bndbox>
      <xmin>283.04</xmin>
      <ymin>387.92</ymin>
      <xmax>312.67</xmax>
      <ymax>419.69</ymax>
    </bndbox>
  </object>
  <object>
    <name>WHITE</name>
    <occluded>0</occluded>
    <bndbox>
      <xmin>627.45</xmin>
      <ymin>332.45</ymin>
      <xmax>666.44</xmax>
      <ymax>358.44</ymax>
    </bndbox>
  </object>
  <object>
    <name>WHITE</name>
    <occluded>0</occluded>
    <bndbox>
      <xmin>297.39</xmin>
      <ymin>612.67</ymin>
      <xmax>324.84</xmax>
      <ymax>658.64</ymax>
    </bndbox>
  </object>
  <object>
    <name>WHITE</name>
    <occluded>0</occluded>
    <bndbox>
      <xmin>273.34</xmin>
      <ymin>672.36</ymin>
      <xmax>297.89</xmax>
      <ymax>713.03</ymax>
    </bndbox>
  </object>
  <object>
    <name>WHITE</name>
    <occluded>0</occluded>
    <bndbox>
      <xmin>777.51</xmin>
      <ymin>474.62</ymin>
      <xmax>797.72</xmax>
      <ymax>517.36</ymax>
    </bndbox>
  </object>
  <object>
    <name>WHITE</name>
    <occluded>0</occluded>
    <bndbox>
      <xmin>471.9</xmin>
      <ymin>340.06</ymin>
      <xmax>513.98</xmax>
      <ymax>366.9</ymax>
    </bndbox>
  </object>
  <object>
    <name>WHITE</name>
    <occluded>0</occluded>
    <bndbox>
      <xmin>533.46</xmin>
      <ymin>302.97</ymin>
      <xmax>576.0</xmax>
      <ymax>327.0</ymax>
    </bndbox>
  </object>
  <object>
    <name>WHITE</name>
    <occluded>0</occluded>
    <bndbox>
      <xmin>337.5</xmin>
      <ymin>558.5</ymin>
      <xmax>373.9</xmax>
      <ymax>602.9</ymax>
    </bndbox>
  </object>
  <object>
    <name>WHITE</name>
    <occluded>0</occluded>
    <bndbox>
      <xmin>388.29</xmin>
      <ymin>488.19</ymin>
      <xmax>429.89</xmax>
      <ymax>530.8</ymax>
    </bndbox>
  </object>
  <object>
    <name>WHITE</name>
    <occluded>0</occluded>
    <bndbox>
      <xmin>442.49</xmin>
      <ymin>427.5</ymin>
      <xmax>486.4</xmax>
      <ymax>465.6</ymax>
    </bndbox>
  </object>
  <object>
    <name>WHITE</name>
    <occluded>0</occluded>
    <bndbox>
      <xmin>502.5</xmin>
      <ymin>383.94</ymin>
      <xmax>546.1</xmax>
      <ymax>418.94</ymax>
    </bndbox>
  </object>
  <object>
    <name>WHITE</name>
    <occluded>0</occluded>
    <bndbox>
      <xmin>567.0</xmin>
      <ymin>343.3</ymin>
      <xmax>608.4</xmax>
      <ymax>374.4</ymax>
    </bndbox>
  </object>
  <object>
    <name>WHITE</name>
    <occluded>0</occluded>
    <bndbox>
      <xmin>324.32</xmin>
      <ymin>684.98</ymin>
      <xmax>360.5</xmax>
      <ymax>728.7</ymax>
    </bndbox>
  </object>
  <object>
    <name>WHITE</name>
    <occluded>0</occluded>
    <bndbox>
      <xmin>724.93</xmin>
      <ymin>428.2</ymin>
      <xmax>756.6</xmax>
      <ymax>464.1</ymax>
    </bndbox>
  </object>
  <object>
    <name>WHITE</name>
    <occluded>0</occluded>
    <bndbox>
      <xmin>746.7</xmin>
      <ymin>493.94</ymin>
      <xmax>774.7</xmax>
      <ymax>535.2</ymax>
    </bndbox>
  </object>
  <object>
    <name>WHITE</name>
    <occluded>0</occluded>
    <bndbox>
      <xmin>756.57</xmin>
      <ymin>578.41</ymin>
      <xmax>777.57</xmax>
      <ymax>621.7</ymax>
    </bndbox>
  </object>
  <object>
    <name>WHITE</name>
    <occluded>0</occluded>
    <bndbox>
      <xmin>703.26</xmin>
      <ymin>515.09</ymin>
      <xmax>736.2</xmax>
      <ymax>556.4</ymax>
    </bndbox>
  </object>
  <object>
    <name>WHITE</name>
    <occluded>0</occluded>
    <bndbox>
      <xmin>302.19</xmin>
      <ymin>436.76</ymin>
      <xmax>332.01</xmax>
      <ymax>476.6</ymax>
    </bndbox>
  </object>
</annotation>
