<annotation>
  <folder>TN</folder>
  <filename>TN_camera3.png</filename>
  <source>
    <database>Unknown</database>
    <annotation>Unknown</annotation>
    <image>Unknown</image>
  </source>
  <size>
    <width>1280</width>
    <height>960</height>
    <depth></depth>
  </size>
  <segmented>0</segmented>
  <object>
    <name>WHITE</name>
    <occluded>0</occluded>
    <bndbox>
      <xmin>849.82</xmin>
      <ymin>750.83</ymin>
      <xmax>882.88</xmax>
      <ymax>796.68</ymax>
    </bndbox>
  </object>
  <object>
    <name>WHITE</name>
    <occluded>0</occluded>
    <bndbox>
      <xmin>642.65</xmin>
      <ymin>209.63</ymin>
      <xmax>692.7</xmax>
      <ymax>244.9</ymax>
    </bndbox>
  </object>
  <object>
    <name>WHITE</name>
    <occluded>0</occluded>
    <bndbox>
      <xmin>743.1</xmin>
      <ymin>615.7</ymin>
      <xmax>788.2</xmax>
      <ymax>663.8</ymax>
    </bndbox>
  </object>
  <object>
    <name>WHITE</name>
    <occluded>0</occluded>
    <bndbox>
      <xmin>765.81</xmin>
      <ymin>518.96</ymin>
      <xmax>814.4</xmax>
      <ymax>569.9</ymax>
    </bndbox>
  </object>
  <object>
    <name>WHITE</name>
    <occluded>0</occluded>
    <bndbox>
      <xmin>786.64</xmin>
      <ymin>424.01</ymin>
      <xmax>829.7</xmax>
      <ymax>476.5</ymax>
    </bndbox>
  </object>
  <object>
    <name>WHITE</name>
    <occluded>0</occluded>
    <bndbox>
      <xmin>780.31</xmin>
      <ymin>345.55</ymin>
      <xmax>825.1</xmax>
      <ymax>394.0</ymax>
    </bndbox>
  </object>
  <object>
    <name>WHITE</name>
    <occluded>0</occluded>
    <bndbox>
      <xmin>837.55</xmin>
      <ymin>545.93</ymin>
      <xmax>880.69</xmax>
      <ymax>595.3</ymax>
    </bndbox>
  </object>
  <object>
    <name>WHITE</name>
    <occluded>0</occluded>
    <bndbox>
      <xmin>853.2</xmin>
      <ymin>453.53</ymin>
      <xmax>889.4</xmax>
      <ymax>504.6</ymax>
    </bndbox>
  </object>
  <object>
    <name>WHITE</name>
    <occluded>0</occluded>
    <bndbox>
      <xmin>850.47</xmin>
      <ymin>376.84</ymin>
      <xmax>885.0</xmax>
      <ymax>425.6</ymax>
    </bndbox>
  </object>
  <object>
    <name>WHITE</name>
    <occluded>0</occluded>
    <bndbox>
      <xmin>907.6</xmin>
      <ymin>484.58</ymin>
      <xmax>939.1</xmax>
      <ymax>532.5</ymax>
    </bndbox>
  </object>
  <object>
    <name>WHITE</name>
    <occluded>0</occluded>
    <bndbox>
      <xmin>901.31</xmin>
      <ymin>418.82</ymin>
      <xmax>923.2</xmax>
      <ymax>463.6</ymax>
    </bndbox>
  </object>
  <object>
    <name>WHITE</name>
    <occluded>0</occluded>
    <bndbox>
      <xmin>338.1</xmin>
      <ymin>287.8</ymin>
      <xmax>378.01</xmax>
      <ymax>332.6</ymax>
    </bndbox>
  </object>
  <object>
    <name>WHITE</name>
    <occluded>0</occluded>
    <bndbox>
      <xmin>306.7</xmin>
      <ymin>360.94</ymin>
      <xmax>337.67</xmax>
      <ymax>413.3</ymax>
    </bndbox>
  </object>
  <object>
    <name>WHITE</name>
    <occluded>0</occluded>
    <bndbox>
      <xmin>323.66</xmin>
      <ymin>523.18</ymin>
      <xmax>365.2</xmax>
      <ymax>572.7</ymax>
    </bndbox>
  </object>
  <object>
    <name>WHITE</name>
    <occluded>0</occluded>
    <bndbox>
      <xmin>363.74</xmin>
      <ymin>357.16</ymin>
      <xmax>407.74</xmax>
      <ymax>405.6</ymax>
    </bndbox>
  </object>
  <object>
    <name>WHITE</name>
    <occluded>0</occluded>
    <bndbox>
      <xmin>457.4</xmin>
      <ymin>229.59</ymin>
      <xmax>497.1</xmax>
      <ymax>272.0</ymax>
    </bndbox>
  </object>
  <object>
    <name>WHITE</name>
    <occluded>0</occluded>
    <bndbox>
      <xmin>368.58</xmin>
      <ymin>606.9</ymin>
      <xmax>411.28</xmax>
      <ymax>653.4</ymax>
    </bndbox>
  </object>
  <object>
    <name>WHITE</name>
    <occluded>0</occluded>
    <bndbox>
      <xmin>381.52</xmin>
      <ymin>522.75</ymin>
      <xmax>426.5</xmax>
      <ymax>573.2</ymax>
    </bndbox>
  </object>
  <object>
    <name>WHITE</name>
    <occluded>0</occluded>
    <bndbox>
      <xmin>489.07</xmin>
      <ymin>279.75</ymin>
      <xmax>536.7</xmax>
      <ymax>323.7</ymax>
    </bndbox>
  </object>
  <object>
    <name>WHITE</name>
    <occluded>0</occluded>
    <bndbox>
      <xmin>549.7</xmin>
      <ymin>212.64</ymin>
      <xmax>598.2</xmax>
      <ymax>246.3</ymax>
    </bndbox>
  </object>
  <object>
    <name>WHITE</name>
    <occluded>0</occluded>
    <bndbox>
      <xmin>406.73</xmin>
      <ymin>669.81</ymin>
      <xmax>449.9</xmax>
      <ymax>712.3</ymax>
    </bndbox>
  </object>
  <object>
    <name>WHITE</name>
    <occluded>0</occluded>
    <bndbox>
      <xmin>435.9</xmin>
      <ymin>601.5</ymin>
      <xmax>487.0</xmax>
      <ymax>648.0</ymax>
    </bndbox>
  </object>
  <object>
    <name>WHITE</name>
    <occluded>0</occluded>
    <bndbox>
      <xmin>585.73</xmin>
      <ymin>257.6</ymin>
      <xmax>635.3</xmax>
      <ymax>298.0</ymax>
    </bndbox>
  </object>
  <object>
    <name>WHITE</name>
    <occluded>0</occluded>
    <bndbox>
      <xmin>497.72</xmin>
      <ymin>716.13</ymin>
      <xmax>544.6</xmax>
      <ymax>762.4</ymax>
    </bndbox>
  </object>
  <object>
    <name>WHITE</name>
    <occluded>0</occluded>
    <bndbox>
      <xmin>500.27</xmin>
      <ymin>658.71</ymin>
      <xmax>550.1</xmax>
      <ymax>700.6</ymax>
    </bndbox>
  </object>
  <object>
    <name>WHITE</name>
    <occluded>0</occluded>
    <bndbox>
      <xmin>529.24</xmin>
      <ymin>584.47</ymin>
      <xmax>582.7</xmax>
      <ymax>628.3</ymax>
    </bndbox>
  </object>
  <object>
    <name>WHITE</name>
    <occluded>0</occluded>
    <bndbox>
      <xmin>613.9</xmin>
      <ymin>313.5</ymin>
      <xmax>664.2</xmax>
      <ymax>360.33</ymax>
    </bndbox>
  </object>
  <object>
    <name>WHITE</name>
    <occluded>0</occluded>
    <bndbox>
      <xmin>496.7</xmin>
      <ymin>863.03</ymin>
      <xmax>529.81</xmax>
      <ymax>899.0</ymax>
    </bndbox>
  </object>
  <object>
    <name>WHITE</name>
    <occluded>0</occluded>
    <bndbox>
      <xmin>528.89</xmin>
      <ymin>830.8</ymin>
      <xmax>563.9</xmax>
      <ymax>873.1</ymax>
    </bndbox>
  </object>
  <object>
    <name>BLACK</name>
    <occluded>0</occluded>
    <bndbox>
      <xmin>534.69</xmin>
      <ymin>774.66</ymin>
      <xmax>583.9</xmax>
      <ymax>815.4</ymax>
    </bndbox>
  </object>
  <object>
    <name>WHITE</name>
    <occluded>0</occluded>
    <bndbox>
      <xmin>572.94</xmin>
      <ymin>710.47</ymin>
      <xmax>625.2</xmax>
      <ymax>756.8</ymax>
    </bndbox>
  </object>
  <object>
    <name>WHITE</name>
    <occluded>0</occluded>
    <bndbox>
      <xmin>592.14</xmin>
      <ymin>632.63</ymin>
      <xmax>644.3</xmax>
      <ymax>677.4</ymax>
    </bndbox>
  </object>
  <object>
    <name>WHITE</name>
    <occluded>0</occluded>
    <bndbox>
      <xmin>606.25</xmin>
      <ymin>553.75</ymin>
      <xmax>657.2</xmax>
      <ymax>601.0</ymax>
    </bndbox>
  </object>
  <object>
    <name>WHITE</name>
    <occluded>0</occluded>
    <bndbox>
      <xmin>624.9</xmin>
      <ymin>458.8</ymin>
      <xmax>678.5</xmax>
      <ymax>512.42</ymax>
    </bndbox>
  </object>
  <object>
    <name>BLACK</name>
    <occluded>0</occluded>
    <bndbox>
      <xmin>649.59</xmin>
      <ymin>384.75</ymin>
      <xmax>701.2</xmax>
      <ymax>435.2</ymax>
    </bndbox>
  </object>
  <object>
    <name>WHITE</name>
    <occluded>0</occluded>
    <bndbox>
      <xmin>599.5</xmin>
      <ymin>779.9</ymin>
      <xmax>646.1</xmax>
      <ymax>824.1</ymax>
    </bndbox>
  </object>
  <object>
    <name>WHITE</name>
    <occluded>0</occluded>
    <bndbox>
      <xmin>663.8</xmin>
      <ymin>770.4</ymin>
      <xmax>711.0</xmax>
      <ymax>813.68</ymax>
    </bndbox>
  </object>
  <object>
    <name>WHITE</name>
    <occluded>0</occluded>
    <bndbox>
      <xmin>595.56</xmin>
      <ymin>838.62</ymin>
      <xmax>645.2</xmax>
      <ymax>882.0</ymax>
    </bndbox>
  </object>
  <object>
    <name>WHITE</name>
    <occluded>0</occluded>
    <bndbox>
      <xmin>567.01</xmin>
      <ymin>885.83</ymin>
      <xmax>610.0</xmax>
      <ymax>922.6</ymax>
    </bndbox>
  </object>
  <object>
    <name>WHITE</name>
    <occluded>0</occluded>
    <bndbox>
      <xmin>529.41</xmin>
      <ymin>900.46</ymin>
      <xmax>570.4</xmax>
      <ymax>941.9</ymax>
    </bndbox>
  </object>
  <object>
    <name>WHITE</name>
    <occluded>0</occluded>
    <bndbox>
      <xmin>728.04</xmin>
      <ymin>790.37</ymin>
      <xmax>776.8</xmax>
      <ymax>833.9</ymax>
    </bndbox>
  </object>
  <object>
    <name>WHITE</name>
    <occluded>0</occluded>
    <bndbox>
      <xmin>671.52</xmin>
      <ymin>845.87</ymin>
      <xmax>721.2</xmax>
      <ymax>887.1</ymax>
    </bndbox>
  </object>
  <object>
    <name>BLACK</name>
    <occluded>0</occluded>
    <bndbox>
      <xmin>799.2</xmin>
      <ymin>780.93</ymin>
      <xmax>841.0</xmax>
      <ymax>819.6</ymax>
    </bndbox>
  </object>
  <object>
    <name>WHITE</name>
    <occluded>0</occluded>
    <bndbox>
      <xmin>738.61</xmin>
      <ymin>845.86</ymin>
      <xmax>784.6</xmax>
      <ymax>886.2</ymax>
    </bndbox>
  </object>
  <object>
    <name>WHITE</name>
    <occluded>0</occluded>
    <bndbox>
      <xmin>713.7</xmin>
      <ymin>895.93</ymin>
      <xmax>756.59</xmax>
      <ymax>931.6</ymax>
    </bndbox>
  </object>
  <object>
    <name>WHITE</name>
    <occluded>0</occluded>
    <bndbox>
      <xmin>789.0</xmin>
      <ymin>842.04</ymin>
      <xmax>833.06</xmax>
      <ymax>884.8</ymax>
    </bndbox>
  </object>
  <object>
    <name>WHITE</name>
    <occluded>0</occluded>
    <bndbox>
      <xmin>758.9</xmin>
      <ymin>888.66</ymin>
      <xmax>799.82</xmax>
      <ymax>926.0</ymax>
    </bndbox>
  </object>
  <object>
    <name>WHITE</name>
    <occluded>0</occluded>
    <bndbox>
      <xmin>676.1</xmin>
      <ymin>586.0</ymin>
      <xmax>728.9</xmax>
      <ymax>636.7</ymax>
    </bndbox>
  </object>
  <object>
    <name>WHITE</name>
    <occluded>0</occluded>
    <bndbox>
      <xmin>655.54</xmin>
      <ymin>686.01</ymin>
      <xmax>706.9</xmax>
      <ymax>735.2</ymax>
    </bndbox>
  </object>
  <object>
    <name>WHITE</name>
    <occluded>0</occluded>
    <bndbox>
      <xmin>300.57</xmin>
      <ymin>577.1</ymin>
      <xmax>333.01</xmax>
      <ymax>624.51</ymax>
    </bndbox>
  </object>
  <object>
    <name>WHITE</name>
    <occluded>0</occluded>
    <bndbox>
      <xmin>270.32</xmin>
      <ymin>496.01</ymin>
      <xmax>297.46</xmax>
      <ymax>545.29</ymax>
    </bndbox>
  </object>
  <object>
    <name>WHITE</name>
    <occluded>0</occluded>
    <bndbox>
      <xmin>261.28</xmin>
      <ymin>403.69</ymin>
      <xmax>287.47</xmax>
      <ymax>455.15</ymax>
    </bndbox>
  </object>
  <object>
    <name>BLACK</name>
    <occluded>0</occluded>
    <bndbox>
      <xmin>294.96</xmin>
      <ymin>447.04</ymin>
      <xmax>329.27</xmax>
      <ymax>498.82</ymax>
    </bndbox>
  </object>
  <object>
    <name>WHITE</name>
    <occluded>0</occluded>
    <bndbox>
      <xmin>641.17</xmin>
      <ymin>899.6</ymin>
      <xmax>689.51</xmax>
      <ymax>933.91</ymax>
    </bndbox>
  </object>
  <object>
    <name>WHITE</name>
    <occluded>0</occluded>
    <bndbox>
      <xmin>600.93</xmin>
      <ymin>932.66</ymin>
      <xmax>646.16</xmax>
      <ymax>960.0</ymax>
    </bndbox>
  </object>
  <object>
    <name>WHITE</name>
    <occluded>0</occluded>
    <bndbox>
      <xmin>758.12</xmin>
      <ymin>278.62</ymin>
      <xmax>800.54</xmax>
      <ymax>317.29</ymax>
    </bndbox>
  </object>
  <object>
    <name>WHITE</name>
    <occluded>0</occluded>
    <bndbox>
      <xmin>832.67</xmin>
      <ymin>307.0</ymin>
      <xmax>865.73</xmax>
      <ymax>349.42</ymax>
    </bndbox>
  </object>
  <object>
    <name>WHITE</name>
    <occluded>0</occluded>
    <bndbox>
      <xmin>722.88</xmin>
      <ymin>220.92</ymin>
      <xmax>766.86</xmax>
      <ymax>253.67</ymax>
    </bndbox>
  </object>
  <object>
    <name>WHITE</name>
    <occluded>0</occluded>
    <bndbox>
      <xmin>510.48</xmin>
      <ymin>184.74</ymin>
      <xmax>556.02</xmax>
      <ymax>207.19</ymax>
    </bndbox>
  </object>
  <object>
    <name>WHITE</name>
    <occluded>0</occluded>
    <bndbox>
      <xmin>430.63</xmin>
      <ymin>188.48</ymin>
      <xmax>476.48</xmax>
      <ymax>217.8</ymax>
    </bndbox>
  </object>
  <object>
    <name>WHITE</name>
    <occluded>0</occluded>
    <bndbox>
      <xmin>381.98</xmin>
      <ymin>231.21</ymin>
      <xmax>428.14</xmax>
      <ymax>267.39</ymax>
    </bndbox>
  </object>
  <object>
    <name>WHITE</name>
    <occluded>0</occluded>
    <bndbox>
      <xmin>356.09</xmin>
      <ymin>205.63</ymin>
      <xmax>400.38</xmax>
      <ymax>236.51</ymax>
    </bndbox>
  </object>
  <object>
    <name>WHITE</name>
    <occluded>0</occluded>
    <bndbox>
      <xmin>697.96</xmin>
      <ymin>488.84</ymin>
      <xmax>745.2</xmax>
      <ymax>538.1</ymax>
    </bndbox>
  </object>
  <object>
    <name>WHITE</name>
    <occluded>0</occluded>
    <bndbox>
      <xmin>710.19</xmin>
      <ymin>402.78</ymin>
      <xmax>760.6</xmax>
      <ymax>454.6</ymax>
    </bndbox>
  </object>
  <object>
    <name>WHITE</name>
    <occluded>0</occluded>
    <bndbox>
      <xmin>698.6</xmin>
      <ymin>324.37</ymin>
      <xmax>748.7</xmax>
      <ymax>369.5</ymax>
    </bndbox>
  </object>
  <object>
    <name>WHITE</name>
    <occluded>0</occluded>
    <bndbox>
      <xmin>669.63</xmin>
      <ymin>258.48</ymin>
      <xmax>718.8</xmax>
      <ymax>299.2</ymax>
    </bndbox>
  </object>
  <object>
    <name>WHITE</name>
    <occluded>0</occluded>
    <bndbox>
      <xmin>456.42</xmin>
      <ymin>515.44</ymin>
      <xmax>500.69</xmax>
      <ymax>560.16</ymax>
    </bndbox>
  </object>
  <object>
    <name>WHITE</name>
    <occluded>0</occluded>
    <bndbox>
      <xmin>576.66</xmin>
      <ymin>398.41</ymin>
      <xmax>621.83</xmax>
      <ymax>443.58</ymax>
    </bndbox>
  </object>
  <object>
    <name>WHITE</name>
    <occluded>0</occluded>
    <bndbox>
      <xmin>542.53</xmin>
      <ymin>490.63</ymin>
      <xmax>587.25</xmax>
      <ymax>535.35</ymax>
    </bndbox>
  </object>
  <object>
    <name>WHITE</name>
    <occluded>0</occluded>
    <bndbox>
      <xmin>535.2</xmin>
      <ymin>337.79</ymin>
      <xmax>580.02</xmax>
      <ymax>378.76</ymax>
    </bndbox>
  </object>
  <object>
    <name>WHITE</name>
    <occluded>0</occluded>
    <bndbox>
      <xmin>494.04</xmin>
      <ymin>414.58</ymin>
      <xmax>538.59</xmax>
      <ymax>457.32</ymax>
    </bndbox>
  </object>
  <object>
    <name>WHITE</name>
    <occluded>0</occluded>
    <bndbox>
      <xmin>446.57</xmin>
      <ymin>349.46</ymin>
      <xmax>489.57</xmax>
      <ymax>391.46</ymax>
    </bndbox>
  </object>
  <object>
    <name>WHITE</name>
    <occluded>0</occluded>
    <bndbox>
      <xmin>408.43</xmin>
      <ymin>430.17</ymin>
      <xmax>452.43</xmax>
      <ymax>473.17</ymax>
    </bndbox>
  </object>
  <object>
    <name>WHITE</name>
    <occluded>0</occluded>
    <bndbox>
      <xmin>414.78</xmin>
      <ymin>297.34</ymin>
      <xmax>457.91</xmax>
      <ymax>332.69</ymax>
    </bndbox>
  </object>
  <object>
    <name>WHITE</name>
    <occluded>0</occluded>
    <bndbox>
      <xmin>344.49</xmin>
      <ymin>438.63</ymin>
      <xmax>379.49</xmax>
      <ymax>482.63</ymax>
    </bndbox>
  </object>
</annotation>
