<annotation>
  <folder>TN</folder>
  <filename>TN_camera5.png</filename>
  <source>
    <database>Unknown</database>
    <annotation>Unknown</annotation>
    <image>Unknown</image>
  </source>
  <size>
    <width>1280</width>
    <height>960</height>
    <depth></depth>
  </size>
  <segmented>0</segmented>
  <object>
    <name>WHITE</name>
    <occluded>0</occluded>
    <bndbox>
      <xmin>702.14</xmin>
      <ymin>246.52</ymin>
      <xmax>755.6</xmax>
      <ymax>294.5</ymax>
    </bndbox>
  </object>
  <object>
    <name>WHITE</name>
    <occluded>0</occluded>
    <bndbox>
      <xmin>762.02</xmin>
      <ymin>199.1</ymin>
      <xmax>808.43</xmax>
      <ymax>242.81</ymax>
    </bndbox>
  </object>
  <object>
    <name>WHITE</name>
    <occluded>0</occluded>
    <bndbox>
      <xmin>794.74</xmin>
      <ymin>185.61</ymin>
      <xmax>838.72</xmax>
      <ymax>213.99</ymax>
    </bndbox>
  </object>
  <object>
    <name>WHITE</name>
    <occluded>0</occluded>
    <bndbox>
      <xmin>607.6</xmin>
      <ymin>234.58</ymin>
      <xmax>657.51</xmax>
      <ymax>273.88</ymax>
    </bndbox>
  </object>
  <object>
    <name>WHITE</name>
    <occluded>0</occluded>
    <bndbox>
      <xmin>545.54</xmin>
      <ymin>285.42</ymin>
      <xmax>589.51</xmax>
      <ymax>322.53</ymax>
    </bndbox>
  </object>
  <object>
    <name>WHITE</name>
    <occluded>0</occluded>
    <bndbox>
      <xmin>507.49</xmin>
      <ymin>253.92</ymin>
      <xmax>550.22</xmax>
      <ymax>295.71</ymax>
    </bndbox>
  </object>
  <object>
    <name>WHITE</name>
    <occluded>0</occluded>
    <bndbox>
      <xmin>495.95</xmin>
      <ymin>218.36</ymin>
      <xmax>542.11</xmax>
      <ymax>249.55</ymax>
    </bndbox>
  </object>
  <object>
    <name>WHITE</name>
    <occluded>0</occluded>
    <bndbox>
      <xmin>446.35</xmin>
      <ymin>232.08</ymin>
      <xmax>483.78</xmax>
      <ymax>270.13</ymax>
    </bndbox>
  </object>
  <object>
    <name>WHITE</name>
    <occluded>0</occluded>
    <bndbox>
      <xmin>444.17</xmin>
      <ymin>273.88</ymin>
      <xmax>486.28</xmax>
      <ymax>314.11</ymax>
    </bndbox>
  </object>
  <object>
    <name>WHITE</name>
    <occluded>0</occluded>
    <bndbox>
      <xmin>398.01</xmin>
      <ymin>259.53</ymin>
      <xmax>436.37</xmax>
      <ymax>300.7</ymax>
    </bndbox>
  </object>
  <object>
    <name>WHITE</name>
    <occluded>0</occluded>
    <bndbox>
      <xmin>397.39</xmin>
      <ymin>299.76</ymin>
      <xmax>432.01</xmax>
      <ymax>343.12</ymax>
    </bndbox>
  </object>
  <object>
    <name>WHITE</name>
    <occluded>0</occluded>
    <bndbox>
      <xmin>459.45</xmin>
      <ymin>315.05</ymin>
      <xmax>501.25</xmax>
      <ymax>360.27</ymax>
    </bndbox>
  </object>
  <object>
    <name>WHITE</name>
    <occluded>0</occluded>
    <bndbox>
      <xmin>405.18</xmin>
      <ymin>340.62</ymin>
      <xmax>442.3</xmax>
      <ymax>390.21</ymax>
    </bndbox>
  </object>
  <object>
    <name>WHITE</name>
    <occluded>0</occluded>
    <bndbox>
      <xmin>411.11</xmin>
      <ymin>466.0</ymin>
      <xmax>449.16</xmax>
      <ymax>518.71</ymax>
    </bndbox>
  </object>
  <object>
    <name>WHITE</name>
    <occluded>0</occluded>
    <bndbox>
      <xmin>458.52</xmin>
      <ymin>625.07</ymin>
      <xmax>499.69</xmax>
      <ymax>672.17</ymax>
    </bndbox>
  </object>
  <object>
    <name>WHITE</name>
    <occluded>0</occluded>
    <bndbox>
      <xmin>446.98</xmin>
      <ymin>671.54</ymin>
      <xmax>482.22</xmax>
      <ymax>723.32</ymax>
    </bndbox>
  </object>
  <object>
    <name>WHITE</name>
    <occluded>0</occluded>
    <bndbox>
      <xmin>632.1</xmin>
      <ymin>291.01</ymin>
      <xmax>686.5</xmax>
      <ymax>337.7</ymax>
    </bndbox>
  </object>
  <object>
    <name>WHITE</name>
    <occluded>0</occluded>
    <bndbox>
      <xmin>489.4</xmin>
      <ymin>558.56</ymin>
      <xmax>533.0</xmax>
      <ymax>608.2</ymax>
    </bndbox>
  </object>
  <object>
    <name>WHITE</name>
    <occluded>0</occluded>
    <bndbox>
      <xmin>429.82</xmin>
      <ymin>551.46</ymin>
      <xmax>470.68</xmax>
      <ymax>602.3</ymax>
    </bndbox>
  </object>
  <object>
    <name>WHITE</name>
    <occluded>0</occluded>
    <bndbox>
      <xmin>515.28</xmin>
      <ymin>424.76</ymin>
      <xmax>563.8</xmax>
      <ymax>481.3</ymax>
    </bndbox>
  </object>
  <object>
    <name>WHITE</name>
    <occluded>0</occluded>
    <bndbox>
      <xmin>419.44</xmin>
      <ymin>379.75</ymin>
      <xmax>463.27</xmax>
      <ymax>433.8</ymax>
    </bndbox>
  </object>
  <object>
    <name>BLACK</name>
    <occluded>0</occluded>
    <bndbox>
      <xmin>453.9</xmin>
      <ymin>422.9</ymin>
      <xmax>491.85</xmax>
      <ymax>474.7</ymax>
    </bndbox>
  </object>
  <object>
    <name>WHITE</name>
    <occluded>0</occluded>
    <bndbox>
      <xmin>466.41</xmin>
      <ymin>500.61</ymin>
      <xmax>512.7</xmax>
      <ymax>555.5</ymax>
    </bndbox>
  </object>
  <object>
    <name>WHITE</name>
    <occluded>0</occluded>
    <bndbox>
      <xmin>564.78</xmin>
      <ymin>353.1</ymin>
      <xmax>614.5</xmax>
      <ymax>408.3</ymax>
    </bndbox>
  </object>
  <object>
    <name>WHITE</name>
    <occluded>0</occluded>
    <bndbox>
      <xmin>766.01</xmin>
      <ymin>853.91</ymin>
      <xmax>806.73</xmax>
      <ymax>879.08</ymax>
    </bndbox>
  </object>
  <object>
    <name>WHITE</name>
    <occluded>0</occluded>
    <bndbox>
      <xmin>819.46</xmin>
      <ymin>809.43</ymin>
      <xmax>860.16</xmax>
      <ymax>828.21</ymax>
    </bndbox>
  </object>
  <object>
    <name>WHITE</name>
    <occluded>0</occluded>
    <bndbox>
      <xmin>917.87</xmin>
      <ymin>353.52</ymin>
      <xmax>953.3</xmax>
      <ymax>404.0</ymax>
    </bndbox>
  </object>
  <object>
    <name>WHITE</name>
    <occluded>0</occluded>
    <bndbox>
      <xmin>832.08</xmin>
      <ymin>634.43</ymin>
      <xmax>876.62</xmax>
      <ymax>680.9</ymax>
    </bndbox>
  </object>
  <object>
    <name>WHITE</name>
    <occluded>0</occluded>
    <bndbox>
      <xmin>808.3</xmin>
      <ymin>760.16</ymin>
      <xmax>852.88</xmax>
      <ymax>797.8</ymax>
    </bndbox>
  </object>
  <object>
    <name>WHITE</name>
    <occluded>0</occluded>
    <bndbox>
      <xmin>970.27</xmin>
      <ymin>404.66</ymin>
      <xmax>996.84</xmax>
      <ymax>456.69</ymax>
    </bndbox>
  </object>
  <object>
    <name>WHITE</name>
    <occluded>0</occluded>
    <bndbox>
      <xmin>569.96</xmin>
      <ymin>207.77</ymin>
      <xmax>615.96</xmax>
      <ymax>230.38</ymax>
    </bndbox>
  </object>
  <object>
    <name>WHITE</name>
    <occluded>0</occluded>
    <bndbox>
      <xmin>388.04</xmin>
      <ymin>428.76</ymin>
      <xmax>410.16</xmax>
      <ymax>480.04</ymax>
    </bndbox>
  </object>
  <object>
    <name>WHITE</name>
    <occluded>0</occluded>
    <bndbox>
      <xmin>386.21</xmin>
      <ymin>520.84</ymin>
      <xmax>410.91</xmax>
      <ymax>567.99</ymax>
    </bndbox>
  </object>
  <object>
    <name>WHITE</name>
    <occluded>0</occluded>
    <bndbox>
      <xmin>384.34</xmin>
      <ymin>562.75</ymin>
      <xmax>406.05</xmax>
      <ymax>612.91</ymax>
    </bndbox>
  </object>
  <object>
    <name>WHITE</name>
    <occluded>0</occluded>
    <bndbox>
      <xmin>370.84</xmin>
      <ymin>382.82</ymin>
      <xmax>394.24</xmax>
      <ymax>428.67</ymax>
    </bndbox>
  </object>
  <object>
    <name>WHITE</name>
    <occluded>0</occluded>
    <bndbox>
      <xmin>559.63</xmin>
      <ymin>696.32</ymin>
      <xmax>607.44</xmax>
      <ymax>742.51</ymax>
    </bndbox>
  </object>
  <object>
    <name>WHITE</name>
    <occluded>0</occluded>
    <bndbox>
      <xmin>862.5</xmin>
      <ymin>692.96</ymin>
      <xmax>904.21</xmax>
      <ymax>737.1</ymax>
    </bndbox>
  </object>
  <object>
    <name>WHITE</name>
    <occluded>0</occluded>
    <bndbox>
      <xmin>541.2</xmin>
      <ymin>503.7</ymin>
      <xmax>590.1</xmax>
      <ymax>556.2</ymax>
    </bndbox>
  </object>
  <object>
    <name>WHITE</name>
    <occluded>0</occluded>
    <bndbox>
      <xmin>604.4</xmin>
      <ymin>429.5</ymin>
      <xmax>657.9</xmax>
      <ymax>484.5</ymax>
    </bndbox>
  </object>
  <object>
    <name>WHITE</name>
    <occluded>0</occluded>
    <bndbox>
      <xmin>801.2</xmin>
      <ymin>446.16</ymin>
      <xmax>850.4</xmax>
      <ymax>501.3</ymax>
    </bndbox>
  </object>
  <object>
    <name>BLACK</name>
    <occluded>0</occluded>
    <bndbox>
      <xmin>511.21</xmin>
      <ymin>851.56</ymin>
      <xmax>546.2</xmax>
      <ymax>897.3</ymax>
    </bndbox>
  </object>
  <object>
    <name>WHITE</name>
    <occluded>0</occluded>
    <bndbox>
      <xmin>547.36</xmin>
      <ymin>829.47</ymin>
      <xmax>585.7</xmax>
      <ymax>873.4</ymax>
    </bndbox>
  </object>
  <object>
    <name>BLACK</name>
    <occluded>0</occluded>
    <bndbox>
      <xmin>615.25</xmin>
      <ymin>770.74</ymin>
      <xmax>660.1</xmax>
      <ymax>804.3</ymax>
    </bndbox>
  </object>
  <object>
    <name>WHITE</name>
    <occluded>0</occluded>
    <bndbox>
      <xmin>676.03</xmin>
      <ymin>714.1</ymin>
      <xmax>726.7</xmax>
      <ymax>752.56</ymax>
    </bndbox>
  </object>
  <object>
    <name>WHITE</name>
    <occluded>0</occluded>
    <bndbox>
      <xmin>739.4</xmin>
      <ymin>649.9</ymin>
      <xmax>788.0</xmax>
      <ymax>694.6</ymax>
    </bndbox>
  </object>
  <object>
    <name>WHITE</name>
    <occluded>0</occluded>
    <bndbox>
      <xmin>802.01</xmin>
      <ymin>573.76</ymin>
      <xmax>847.97</xmax>
      <ymax>620.9</ymax>
    </bndbox>
  </object>
  <object>
    <name>WHITE</name>
    <occluded>0</occluded>
    <bndbox>
      <xmin>834.92</xmin>
      <ymin>519.43</ymin>
      <xmax>869.92</xmax>
      <ymax>566.43</ymax>
    </bndbox>
  </object>
  <object>
    <name>BLACK</name>
    <occluded>0</occluded>
    <bndbox>
      <xmin>869.2</xmin>
      <ymin>468.38</ymin>
      <xmax>912.4</xmax>
      <ymax>509.4</ymax>
    </bndbox>
  </object>
  <object>
    <name>WHITE</name>
    <occluded>0</occluded>
    <bndbox>
      <xmin>781.19</xmin>
      <ymin>707.37</ymin>
      <xmax>825.46</xmax>
      <ymax>753.1</ymax>
    </bndbox>
  </object>
  <object>
    <name>WHITE</name>
    <occluded>0</occluded>
    <bndbox>
      <xmin>870.97</xmin>
      <ymin>566.05</ymin>
      <xmax>916.23</xmax>
      <ymax>615.9</ymax>
    </bndbox>
  </object>
  <object>
    <name>WHITE</name>
    <occluded>0</occluded>
    <bndbox>
      <xmin>688.99</xmin>
      <ymin>591.74</ymin>
      <xmax>739.5</xmax>
      <ymax>636.4</ymax>
    </bndbox>
  </object>
  <object>
    <name>WHITE</name>
    <occluded>0</occluded>
    <bndbox>
      <xmin>618.74</xmin>
      <ymin>649.57</ymin>
      <xmax>673.3</xmax>
      <ymax>695.8</ymax>
    </bndbox>
  </object>
  <object>
    <name>WHITE</name>
    <occluded>0</occluded>
    <bndbox>
      <xmin>488.12</xmin>
      <ymin>355.24</ymin>
      <xmax>532.39</xmax>
      <ymax>387.89</ymax>
    </bndbox>
  </object>
  <object>
    <name>WHITE</name>
    <occluded>0</occluded>
    <bndbox>
      <xmin>934.3</xmin>
      <ymin>434.35</ymin>
      <xmax>962.93</xmax>
      <ymax>486.4</ymax>
    </bndbox>
  </object>
  <object>
    <name>WHITE</name>
    <occluded>0</occluded>
    <bndbox>
      <xmin>741.5</xmin>
      <ymin>515.86</ymin>
      <xmax>791.59</xmax>
      <ymax>565.05</ymax>
    </bndbox>
  </object>
  <object>
    <name>WHITE</name>
    <occluded>0</occluded>
    <bndbox>
      <xmin>487.03</xmin>
      <ymin>681.3</ymin>
      <xmax>525.6</xmax>
      <ymax>728.3</ymax>
    </bndbox>
  </object>
  <object>
    <name>WHITE</name>
    <occluded>0</occluded>
    <bndbox>
      <xmin>574.7</xmin>
      <ymin>579.37</ymin>
      <xmax>627.4</xmax>
      <ymax>630.6</ymax>
    </bndbox>
  </object>
  <object>
    <name>WHITE</name>
    <occluded>0</occluded>
    <bndbox>
      <xmin>640.95</xmin>
      <ymin>512.65</ymin>
      <xmax>695.4</xmax>
      <ymax>565.9</ymax>
    </bndbox>
  </object>
  <object>
    <name>WHITE</name>
    <occluded>0</occluded>
    <bndbox>
      <xmin>702.9</xmin>
      <ymin>436.3</ymin>
      <xmax>754.9</xmax>
      <ymax>491.0</ymax>
    </bndbox>
  </object>
  <object>
    <name>WHITE</name>
    <occluded>0</occluded>
    <bndbox>
      <xmin>862.9</xmin>
      <ymin>389.81</ymin>
      <xmax>904.6</xmax>
      <ymax>438.9</ymax>
    </bndbox>
  </object>
  <object>
    <name>WHITE</name>
    <occluded>0</occluded>
    <bndbox>
      <xmin>488.3</xmin>
      <ymin>804.26</ymin>
      <xmax>525.1</xmax>
      <ymax>846.4</ymax>
    </bndbox>
  </object>
  <object>
    <name>WHITE</name>
    <occluded>0</occluded>
    <bndbox>
      <xmin>518.89</xmin>
      <ymin>780.16</ymin>
      <xmax>561.1</xmax>
      <ymax>816.5</ymax>
    </bndbox>
  </object>
  <object>
    <name>WHITE</name>
    <occluded>0</occluded>
    <bndbox>
      <xmin>526.1</xmin>
      <ymin>746.9</ymin>
      <xmax>570.61</xmax>
      <ymax>788.13</ymax>
    </bndbox>
  </object>
  <object>
    <name>WHITE</name>
    <occluded>0</occluded>
    <bndbox>
      <xmin>663.6</xmin>
      <ymin>357.04</ymin>
      <xmax>714.99</xmax>
      <ymax>408.9</ymax>
    </bndbox>
  </object>
  <object>
    <name>WHITE</name>
    <occluded>0</occluded>
    <bndbox>
      <xmin>737.32</xmin>
      <ymin>305.02</ymin>
      <xmax>787.9</xmax>
      <ymax>358.1</ymax>
    </bndbox>
  </object>
  <object>
    <name>WHITE</name>
    <occluded>0</occluded>
    <bndbox>
      <xmin>665.63</xmin>
      <ymin>199.75</ymin>
      <xmax>716.6</xmax>
      <ymax>231.0</ymax>
    </bndbox>
  </object>
  <object>
    <name>WHITE</name>
    <occluded>0</occluded>
    <bndbox>
      <xmin>773.18</xmin>
      <ymin>368.16</ymin>
      <xmax>818.0</xmax>
      <ymax>419.1</ymax>
    </bndbox>
  </object>
  <object>
    <name>WHITE</name>
    <occluded>0</occluded>
    <bndbox>
      <xmin>520.65</xmin>
      <ymin>632.2</ymin>
      <xmax>566.8</xmax>
      <ymax>677.1</ymax>
    </bndbox>
  </object>
  <object>
    <name>WHITE</name>
    <occluded>0</occluded>
    <bndbox>
      <xmin>651.3</xmin>
      <ymin>166.76</ymin>
      <xmax>694.98</xmax>
      <ymax>191.3</ymax>
    </bndbox>
  </object>
  <object>
    <name>WHITE</name>
    <occluded>0</occluded>
    <bndbox>
      <xmin>800.46</xmin>
      <ymin>250.0</ymin>
      <xmax>848.8</xmax>
      <ymax>288.0</ymax>
    </bndbox>
  </object>
  <object>
    <name>WHITE</name>
    <occluded>0</occluded>
    <bndbox>
      <xmin>905.3</xmin>
      <ymin>287.19</ymin>
      <xmax>939.2</xmax>
      <ymax>340.2</ymax>
    </bndbox>
  </object>
  <object>
    <name>BLACK</name>
    <occluded>0</occluded>
    <bndbox>
      <xmin>721.48</xmin>
      <ymin>174.2</ymin>
      <xmax>768.6</xmax>
      <ymax>203.5</ymax>
    </bndbox>
  </object>
  <object>
    <name>WHITE</name>
    <occluded>0</occluded>
    <bndbox>
      <xmin>840.8</xmin>
      <ymin>317.64</ymin>
      <xmax>880.82</xmax>
      <ymax>368.4</ymax>
    </bndbox>
  </object>
  <object>
    <name>WHITE</name>
    <occluded>0</occluded>
    <bndbox>
      <xmin>565.1</xmin>
      <ymin>885.47</ymin>
      <xmax>613.18</xmax>
      <ymax>919.78</ymax>
    </bndbox>
  </object>
  <object>
    <name>WHITE</name>
    <occluded>0</occluded>
    <bndbox>
      <xmin>614.74</xmin>
      <ymin>854.8</ymin>
      <xmax>663.35</xmax>
      <ymax>892.48</ymax>
    </bndbox>
  </object>
  <object>
    <name>WHITE</name>
    <occluded>0</occluded>
    <bndbox>
      <xmin>590.83</xmin>
      <ymin>801.52</ymin>
      <xmax>636.31</xmax>
      <ymax>835.56</ymax>
    </bndbox>
  </object>
  <object>
    <name>WHITE</name>
    <occluded>0</occluded>
    <bndbox>
      <xmin>414.6</xmin>
      <ymin>601.49</ymin>
      <xmax>442.99</xmax>
      <ymax>650.46</ymax>
    </bndbox>
  </object>
  <object>
    <name>WHITE</name>
    <occluded>0</occluded>
    <bndbox>
      <xmin>939.16</xmin>
      <ymin>545.76</ymin>
      <xmax>965.03</xmax>
      <ymax>594.42</ymax>
    </bndbox>
  </object>
  <object>
    <name>WHITE</name>
    <occluded>0</occluded>
    <bndbox>
      <xmin>913.38</xmin>
      <ymin>500.85</ymin>
      <xmax>946.31</xmax>
      <ymax>552.87</ymax>
    </bndbox>
  </object>
  <object>
    <name>WHITE</name>
    <occluded>0</occluded>
    <bndbox>
      <xmin>969.14</xmin>
      <ymin>474.28</ymin>
      <xmax>991.6</xmax>
      <ymax>522.93</ymax>
    </bndbox>
  </object>
</annotation>
