<annotation>
  <folder>TN</folder>
  <filename>TN_camera2.png</filename>
  <source>
    <database>Unknown</database>
    <annotation>Unknown</annotation>
    <image>Unknown</image>
  </source>
  <size>
    <width>960</width>
    <height>1280</height>
    <depth></depth>
  </size>
  <segmented>0</segmented>
  <object>
    <name>WHITE</name>
    <occluded>0</occluded>
    <bndbox>
      <xmin>460.77</xmin>
      <ymin>346.2</ymin>
      <xmax>510.5</xmax>
      <ymax>391.0</ymax>
    </bndbox>
  </object>
  <object>
    <name>BLACK</name>
    <occluded>0</occluded>
    <bndbox>
      <xmin>239.37</xmin>
      <ymin>790.19</ymin>
      <xmax>270.01</xmax>
      <ymax>830.93</ymax>
    </bndbox>
  </object>
  <object>
    <name>WHITE</name>
    <occluded>0</occluded>
    <bndbox>
      <xmin>257.88</xmin>
      <ymin>854.88</ymin>
      <xmax>284.16</xmax>
      <ymax>896.2</ymax>
    </bndbox>
  </object>
  <object>
    <name>WHITE</name>
    <occluded>0</occluded>
    <bndbox>
      <xmin>210.23</xmin>
      <ymin>754.69</ymin>
      <xmax>229.29</xmax>
      <ymax>796.83</ymax>
    </bndbox>
  </object>
  <object>
    <name>WHITE</name>
    <occluded>0</occluded>
    <bndbox>
      <xmin>210.23</xmin>
      <ymin>604.49</ymin>
      <xmax>237.09</xmax>
      <ymax>650.73</ymax>
    </bndbox>
  </object>
  <object>
    <name>WHITE</name>
    <occluded>0</occluded>
    <bndbox>
      <xmin>654.11</xmin>
      <ymin>622.98</ymin>
      <xmax>686.42</xmax>
      <ymax>669.47</ymax>
    </bndbox>
  </object>
  <object>
    <name>WHITE</name>
    <occluded>0</occluded>
    <bndbox>
      <xmin>658.99</xmin>
      <ymin>819.35</ymin>
      <xmax>697.14</xmax>
      <ymax>861.81</ymax>
    </bndbox>
  </object>
  <object>
    <name>WHITE</name>
    <occluded>0</occluded>
    <bndbox>
      <xmin>679.23</xmin>
      <ymin>760.76</ymin>
      <xmax>704.33</xmax>
      <ymax>807.22</ymax>
    </bndbox>
  </object>
  <object>
    <name>WHITE</name>
    <occluded>0</occluded>
    <bndbox>
      <xmin>702.6</xmin>
      <ymin>639.15</ymin>
      <xmax>724.86</xmax>
      <ymax>685.93</ymax>
    </bndbox>
  </object>
  <object>
    <name>WHITE</name>
    <occluded>0</occluded>
    <bndbox>
      <xmin>727.43</xmin>
      <ymin>629.04</ymin>
      <xmax>750.25</xmax>
      <ymax>675.25</ymax>
    </bndbox>
  </object>
  <object>
    <name>WHITE</name>
    <occluded>0</occluded>
    <bndbox>
      <xmin>681.83</xmin>
      <ymin>566.08</ymin>
      <xmax>706.96</xmax>
      <ymax>611.71</ymax>
    </bndbox>
  </object>
  <object>
    <name>WHITE</name>
    <occluded>0</occluded>
    <bndbox>
      <xmin>716.78</xmin>
      <ymin>572.15</ymin>
      <xmax>738.41</xmax>
      <ymax>617.2</ymax>
    </bndbox>
  </object>
  <object>
    <name>WHITE</name>
    <occluded>0</occluded>
    <bndbox>
      <xmin>706.09</xmin>
      <ymin>509.48</ymin>
      <xmax>727.75</xmax>
      <ymax>557.13</ymax>
    </bndbox>
  </object>
  <object>
    <name>WHITE</name>
    <occluded>0</occluded>
    <bndbox>
      <xmin>671.72</xmin>
      <ymin>375.48</ymin>
      <xmax>703.17</xmax>
      <ymax>415.62</ymax>
    </bndbox>
  </object>
  <object>
    <name>WHITE</name>
    <occluded>0</occluded>
    <bndbox>
      <xmin>597.47</xmin>
      <ymin>331.87</ymin>
      <xmax>636.2</xmax>
      <ymax>364.51</ymax>
    </bndbox>
  </object>
  <object>
    <name>WHITE</name>
    <occluded>0</occluded>
    <bndbox>
      <xmin>643.39</xmin>
      <ymin>324.08</ymin>
      <xmax>678.94</xmax>
      <ymax>361.04</ymax>
    </bndbox>
  </object>
  <object>
    <name>WHITE</name>
    <occluded>0</occluded>
    <bndbox>
      <xmin>676.6</xmin>
      <ymin>319.45</ymin>
      <xmax>709.27</xmax>
      <ymax>353.85</ymax>
    </bndbox>
  </object>
  <object>
    <name>WHITE</name>
    <occluded>0</occluded>
    <bndbox>
      <xmin>559.61</xmin>
      <ymin>281.42</ymin>
      <xmax>599.76</xmax>
      <ymax>313.48</ymax>
    </bndbox>
  </object>
  <object>
    <name>WHITE</name>
    <occluded>0</occluded>
    <bndbox>
      <xmin>613.62</xmin>
      <ymin>278.24</ymin>
      <xmax>655.2</xmax>
      <ymax>311.17</ymax>
    </bndbox>
  </object>
  <object>
    <name>WHITE</name>
    <occluded>0</occluded>
    <bndbox>
      <xmin>521.49</xmin>
      <ymin>245.32</ymin>
      <xmax>566.26</xmax>
      <ymax>268.14</ymax>
    </bndbox>
  </object>
  <object>
    <name>WHITE</name>
    <occluded>0</occluded>
    <bndbox>
      <xmin>574.92</xmin>
      <ymin>241.57</ymin>
      <xmax>613.91</xmax>
      <ymax>267.27</ymax>
    </bndbox>
  </object>
  <object>
    <name>WHITE</name>
    <occluded>0</occluded>
    <bndbox>
      <xmin>210.46</xmin>
      <ymin>475.78</ymin>
      <xmax>234.12</xmax>
      <ymax>521.7</ymax>
    </bndbox>
  </object>
  <object>
    <name>WHITE</name>
    <occluded>0</occluded>
    <bndbox>
      <xmin>333.2</xmin>
      <ymin>298.14</ymin>
      <xmax>371.32</xmax>
      <ymax>335.71</ymax>
    </bndbox>
  </object>
  <object>
    <name>WHITE</name>
    <occluded>0</occluded>
    <bndbox>
      <xmin>379.99</xmin>
      <ymin>259.44</ymin>
      <xmax>424.75</xmax>
      <ymax>289.8</ymax>
    </bndbox>
  </object>
  <object>
    <name>WHITE</name>
    <occluded>0</occluded>
    <bndbox>
      <xmin>305.16</xmin>
      <ymin>270.45</ymin>
      <xmax>346.49</xmax>
      <ymax>306.26</ymax>
    </bndbox>
  </object>
  <object>
    <name>WHITE</name>
    <occluded>0</occluded>
    <bndbox>
      <xmin>260.56</xmin>
      <ymin>594.96</ymin>
      <xmax>295.8</xmax>
      <ymax>640.1</ymax>
    </bndbox>
  </object>
  <object>
    <name>WHITE</name>
    <occluded>0</occluded>
    <bndbox>
      <xmin>469.0</xmin>
      <ymin>263.4</ymin>
      <xmax>514.5</xmax>
      <ymax>288.6</ymax>
    </bndbox>
  </object>
  <object>
    <name>WHITE</name>
    <occluded>0</occluded>
    <bndbox>
      <xmin>419.6</xmin>
      <ymin>292.6</ymin>
      <xmax>466.05</xmax>
      <ymax>327.0</ymax>
    </bndbox>
  </object>
  <object>
    <name>WHITE</name>
    <occluded>0</occluded>
    <bndbox>
      <xmin>363.03</xmin>
      <ymin>343.67</ymin>
      <xmax>412.4</xmax>
      <ymax>383.4</ymax>
    </bndbox>
  </object>
  <object>
    <name>WHITE</name>
    <occluded>0</occluded>
    <bndbox>
      <xmin>313.47</xmin>
      <ymin>403.2</ymin>
      <xmax>356.8</xmax>
      <ymax>447.14</ymax>
    </bndbox>
  </object>
  <object>
    <name>WHITE</name>
    <occluded>0</occluded>
    <bndbox>
      <xmin>264.9</xmin>
      <ymin>463.67</ymin>
      <xmax>303.95</xmax>
      <ymax>512.0</ymax>
    </bndbox>
  </object>
  <object>
    <name>WHITE</name>
    <occluded>0</occluded>
    <bndbox>
      <xmin>228.59</xmin>
      <ymin>533.18</ymin>
      <xmax>256.9</xmax>
      <ymax>579.0</ymax>
    </bndbox>
  </object>
  <object>
    <name>WHITE</name>
    <occluded>0</occluded>
    <bndbox>
      <xmin>432.67</xmin>
      <ymin>236.31</ymin>
      <xmax>481.5</xmax>
      <ymax>251.4</ymax>
    </bndbox>
  </object>
  <object>
    <name>WHITE</name>
    <occluded>0</occluded>
    <bndbox>
      <xmin>283.2</xmin>
      <ymin>350.94</ymin>
      <xmax>321.87</xmax>
      <ymax>390.9</ymax>
    </bndbox>
  </object>
  <object>
    <name>WHITE</name>
    <occluded>0</occluded>
    <bndbox>
      <xmin>236.7</xmin>
      <ymin>409.9</ymin>
      <xmax>266.85</xmax>
      <ymax>459.0</ymax>
    </bndbox>
  </object>
  <object>
    <name>WHITE</name>
    <occluded>0</occluded>
    <bndbox>
      <xmin>407.6</xmin>
      <ymin>400.4</ymin>
      <xmax>458.9</xmax>
      <ymax>452.2</ymax>
    </bndbox>
  </object>
  <object>
    <name>WHITE</name>
    <occluded>0</occluded>
    <bndbox>
      <xmin>512.59</xmin>
      <ymin>302.69</ymin>
      <xmax>559.2</xmax>
      <ymax>343.26</ymax>
    </bndbox>
  </object>
  <object>
    <name>WHITE</name>
    <occluded>0</occluded>
    <bndbox>
      <xmin>353.53</xmin>
      <ymin>593.6</ymin>
      <xmax>399.7</xmax>
      <ymax>645.0</ymax>
    </bndbox>
  </object>
  <object>
    <name>WHITE</name>
    <occluded>0</occluded>
    <bndbox>
      <xmin>405.32</xmin>
      <ymin>539.04</ymin>
      <xmax>456.4</xmax>
      <ymax>589.3</ymax>
    </bndbox>
  </object>
  <object>
    <name>WHITE</name>
    <occluded>0</occluded>
    <bndbox>
      <xmin>459.59</xmin>
      <ymin>472.54</ymin>
      <xmax>508.2</xmax>
      <ymax>520.6</ymax>
    </bndbox>
  </object>
  <object>
    <name>WHITE</name>
    <occluded>0</occluded>
    <bndbox>
      <xmin>509.8</xmin>
      <ymin>413.0</ymin>
      <xmax>557.5</xmax>
      <ymax>460.9</ymax>
    </bndbox>
  </object>
  <object>
    <name>WHITE</name>
    <occluded>0</occluded>
    <bndbox>
      <xmin>552.98</xmin>
      <ymin>362.81</ymin>
      <xmax>598.8</xmax>
      <ymax>405.7</ymax>
    </bndbox>
  </object>
  <object>
    <name>BLACK</name>
    <occluded>0</occluded>
    <bndbox>
      <xmin>417.8</xmin>
      <ymin>666.45</ymin>
      <xmax>468.9</xmax>
      <ymax>716.7</ymax>
    </bndbox>
  </object>
  <object>
    <name>WHITE</name>
    <occluded>0</occluded>
    <bndbox>
      <xmin>463.5</xmin>
      <ymin>600.9</ymin>
      <xmax>510.01</xmax>
      <ymax>650.7</ymax>
    </bndbox>
  </object>
  <object>
    <name>WHITE</name>
    <occluded>0</occluded>
    <bndbox>
      <xmin>510.89</xmin>
      <ymin>534.2</ymin>
      <xmax>559.7</xmax>
      <ymax>584.3</ymax>
    </bndbox>
  </object>
  <object>
    <name>WHITE</name>
    <occluded>0</occluded>
    <bndbox>
      <xmin>560.66</xmin>
      <ymin>478.13</ymin>
      <xmax>607.1</xmax>
      <ymax>525.2</ymax>
    </bndbox>
  </object>
  <object>
    <name>WHITE</name>
    <occluded>0</occluded>
    <bndbox>
      <xmin>601.99</xmin>
      <ymin>428.38</ymin>
      <xmax>645.5</xmax>
      <ymax>478.1</ymax>
    </bndbox>
  </object>
  <object>
    <name>BLACK</name>
    <occluded>0</occluded>
    <bndbox>
      <xmin>628.1</xmin>
      <ymin>387.7</ymin>
      <xmax>663.3</xmax>
      <ymax>431.2</ymax>
    </bndbox>
  </object>
  <object>
    <name>WHITE</name>
    <occluded>0</occluded>
    <bndbox>
      <xmin>304.64</xmin>
      <ymin>525.8</ymin>
      <xmax>347.4</xmax>
      <ymax>575.7</ymax>
    </bndbox>
  </object>
  <object>
    <name>WHITE</name>
    <occluded>0</occluded>
    <bndbox>
      <xmin>354.7</xmin>
      <ymin>466.23</ymin>
      <xmax>400.59</xmax>
      <ymax>513.7</ymax>
    </bndbox>
  </object>
  <object>
    <name>BLACK</name>
    <occluded>0</occluded>
    <bndbox>
      <xmin>628.45</xmin>
      <ymin>790.57</ymin>
      <xmax>661.5</xmax>
      <ymax>836.9</ymax>
    </bndbox>
  </object>
  <object>
    <name>WHITE</name>
    <occluded>0</occluded>
    <bndbox>
      <xmin>572.78</xmin>
      <ymin>606.84</ymin>
      <xmax>617.8</xmax>
      <ymax>654.5</ymax>
    </bndbox>
  </object>
  <object>
    <name>WHITE</name>
    <occluded>0</occluded>
    <bndbox>
      <xmin>612.75</xmin>
      <ymin>552.01</ymin>
      <xmax>651.8</xmax>
      <ymax>599.2</ymax>
    </bndbox>
  </object>
  <object>
    <name>WHITE</name>
    <occluded>0</occluded>
    <bndbox>
      <xmin>644.8</xmin>
      <ymin>490.71</ymin>
      <xmax>680.8</xmax>
      <ymax>541.4</ymax>
    </bndbox>
  </object>
  <object>
    <name>WHITE</name>
    <occluded>0</occluded>
    <bndbox>
      <xmin>677.76</xmin>
      <ymin>444.01</ymin>
      <xmax>710.0</xmax>
      <ymax>491.7</ymax>
    </bndbox>
  </object>
  <object>
    <name>BLACK</name>
    <occluded>0</occluded>
    <bndbox>
      <xmin>231.5</xmin>
      <ymin>378.13</ymin>
      <xmax>260.46</xmax>
      <ymax>419.8</ymax>
    </bndbox>
  </object>
  <object>
    <name>WHITE</name>
    <occluded>0</occluded>
    <bndbox>
      <xmin>287.12</xmin>
      <ymin>812.81</ymin>
      <xmax>328.1</xmax>
      <ymax>853.7</ymax>
    </bndbox>
  </object>
  <object>
    <name>WHITE</name>
    <occluded>0</occluded>
    <bndbox>
      <xmin>569.15</xmin>
      <ymin>808.77</ymin>
      <xmax>607.2</xmax>
      <ymax>848.8</ymax>
    </bndbox>
  </object>
  <object>
    <name>WHITE</name>
    <occluded>0</occluded>
    <bndbox>
      <xmin>263.57</xmin>
      <ymin>318.1</ymin>
      <xmax>298.26</xmax>
      <ymax>355.64</ymax>
    </bndbox>
  </object>
  <object>
    <name>WHITE</name>
    <occluded>0</occluded>
    <bndbox>
      <xmin>647.09</xmin>
      <ymin>256.7</ymin>
      <xmax>680.3</xmax>
      <ymax>288.18</ymax>
    </bndbox>
  </object>
  <object>
    <name>WHITE</name>
    <occluded>0</occluded>
    <bndbox>
      <xmin>719.29</xmin>
      <ymin>442.39</ymin>
      <xmax>740.95</xmax>
      <ymax>486.0</ymax>
    </bndbox>
  </object>
  <object>
    <name>WHITE</name>
    <occluded>0</occluded>
    <bndbox>
      <xmin>354.14</xmin>
      <ymin>235.59</ymin>
      <xmax>398.32</xmax>
      <ymax>263.31</ymax>
    </bndbox>
  </object>
</annotation>
