<annotation>
  <folder>TN</folder>
  <filename>TN_camera9.png</filename>
  <source>
    <database>Unknown</database>
    <annotation>Unknown</annotation>
    <image>Unknown</image>
  </source>
  <size>
    <width>960</width>
    <height>1280</height>
    <depth></depth>
  </size>
  <segmented>0</segmented>
  <object>
    <name>WHITE</name>
    <occluded>0</occluded>
    <bndbox>
      <xmin>597.0</xmin>
      <ymin>287.2</ymin>
      <xmax>641.6</xmax>
      <ymax>326.1</ymax>
    </bndbox>
  </object>
  <object>
    <name>WHITE</name>
    <occluded>0</occluded>
    <bndbox>
      <xmin>326.45</xmin>
      <ymin>733.22</ymin>
      <xmax>371.4</xmax>
      <ymax>785.2</ymax>
    </bndbox>
  </object>
  <object>
    <name>WHITE</name>
    <occluded>0</occluded>
    <bndbox>
      <xmin>498.17</xmin>
      <ymin>742.97</ymin>
      <xmax>544.0</xmax>
      <ymax>791.06</ymax>
    </bndbox>
  </object>
  <object>
    <name>WHITE</name>
    <occluded>0</occluded>
    <bndbox>
      <xmin>388.71</xmin>
      <ymin>490.08</ymin>
      <xmax>438.2</xmax>
      <ymax>545.8</ymax>
    </bndbox>
  </object>
  <object>
    <name>WHITE</name>
    <occluded>0</occluded>
    <bndbox>
      <xmin>255.46</xmin>
      <ymin>292.02</ymin>
      <xmax>293.61</xmax>
      <ymax>330.72</ymax>
    </bndbox>
  </object>
  <object>
    <name>WHITE</name>
    <occluded>0</occluded>
    <bndbox>
      <xmin>225.37</xmin>
      <ymin>396.98</ymin>
      <xmax>261.41</xmax>
      <ymax>443.42</ymax>
    </bndbox>
  </object>
  <object>
    <name>WHITE</name>
    <occluded>0</occluded>
    <bndbox>
      <xmin>270.42</xmin>
      <ymin>324.2</ymin>
      <xmax>314.08</xmax>
      <ymax>367.87</ymax>
    </bndbox>
  </object>
  <object>
    <name>WHITE</name>
    <occluded>0</occluded>
    <bndbox>
      <xmin>312.7</xmin>
      <ymin>242.42</ymin>
      <xmax>357.4</xmax>
      <ymax>273.26</ymax>
    </bndbox>
  </object>
  <object>
    <name>BLACK</name>
    <occluded>0</occluded>
    <bndbox>
      <xmin>455.82</xmin>
      <ymin>236.87</ymin>
      <xmax>507.8</xmax>
      <ymax>283.66</ymax>
    </bndbox>
  </object>
  <object>
    <name>WHITE</name>
    <occluded>0</occluded>
    <bndbox>
      <xmin>535.88</xmin>
      <ymin>240.34</ymin>
      <xmax>584.39</xmax>
      <ymax>274.3</ymax>
    </bndbox>
  </object>
  <object>
    <name>WHITE</name>
    <occluded>0</occluded>
    <bndbox>
      <xmin>614.2</xmin>
      <ymin>256.28</ymin>
      <xmax>658.55</xmax>
      <ymax>292.67</ymax>
    </bndbox>
  </object>
  <object>
    <name>WHITE</name>
    <occluded>0</occluded>
    <bndbox>
      <xmin>244.77</xmin>
      <ymin>676.64</ymin>
      <xmax>285.67</xmax>
      <ymax>726.55</ymax>
    </bndbox>
  </object>
  <object>
    <name>WHITE</name>
    <occluded>0</occluded>
    <bndbox>
      <xmin>437.8</xmin>
      <ymin>417.35</ymin>
      <xmax>491.7</xmax>
      <ymax>464.9</ymax>
    </bndbox>
  </object>
  <object>
    <name>WHITE</name>
    <occluded>0</occluded>
    <bndbox>
      <xmin>495.6</xmin>
      <ymin>359.3</ymin>
      <xmax>544.6</xmax>
      <ymax>403.6</ymax>
    </bndbox>
  </object>
  <object>
    <name>WHITE</name>
    <occluded>0</occluded>
    <bndbox>
      <xmin>534.39</xmin>
      <ymin>315.71</ymin>
      <xmax>584.9</xmax>
      <ymax>354.6</ymax>
    </bndbox>
  </object>
  <object>
    <name>WHITE</name>
    <occluded>0</occluded>
    <bndbox>
      <xmin>744.15</xmin>
      <ymin>348.46</ymin>
      <xmax>778.12</xmax>
      <ymax>391.09</ymax>
    </bndbox>
  </object>
  <object>
    <name>WHITE</name>
    <occluded>0</occluded>
    <bndbox>
      <xmin>730.64</xmin>
      <ymin>383.12</ymin>
      <xmax>763.56</xmax>
      <ymax>426.43</ymax>
    </bndbox>
  </object>
  <object>
    <name>WHITE</name>
    <occluded>0</occluded>
    <bndbox>
      <xmin>780.23</xmin>
      <ymin>425.74</ymin>
      <xmax>808.61</xmax>
      <ymax>471.49</ymax>
    </bndbox>
  </object>
  <object>
    <name>WHITE</name>
    <occluded>0</occluded>
    <bndbox>
      <xmin>758.01</xmin>
      <ymin>463.86</ymin>
      <xmax>790.94</xmax>
      <ymax>512.73</ymax>
    </bndbox>
  </object>
  <object>
    <name>WHITE</name>
    <occluded>0</occluded>
    <bndbox>
      <xmin>748.31</xmin>
      <ymin>750.11</ymin>
      <xmax>778.81</xmax>
      <ymax>797.94</ymax>
    </bndbox>
  </object>
  <object>
    <name>WHITE</name>
    <occluded>0</occluded>
    <bndbox>
      <xmin>302.3</xmin>
      <ymin>665.55</ymin>
      <xmax>353.24</xmax>
      <ymax>719.62</ymax>
    </bndbox>
  </object>
  <object>
    <name>WHITE</name>
    <occluded>0</occluded>
    <bndbox>
      <xmin>595.46</xmin>
      <ymin>379.86</ymin>
      <xmax>642.6</xmax>
      <ymax>428.6</ymax>
    </bndbox>
  </object>
  <object>
    <name>WHITE</name>
    <occluded>0</occluded>
    <bndbox>
      <xmin>382.7</xmin>
      <ymin>657.34</ymin>
      <xmax>434.08</xmax>
      <ymax>712.9</ymax>
    </bndbox>
  </object>
  <object>
    <name>WHITE</name>
    <occluded>0</occluded>
    <bndbox>
      <xmin>482.9</xmin>
      <ymin>494.1</ymin>
      <xmax>537.56</xmax>
      <ymax>546.0</ymax>
    </bndbox>
  </object>
  <object>
    <name>WHITE</name>
    <occluded>0</occluded>
    <bndbox>
      <xmin>539.16</xmin>
      <ymin>426.81</ymin>
      <xmax>586.7</xmax>
      <ymax>477.8</ymax>
    </bndbox>
  </object>
  <object>
    <name>WHITE</name>
    <occluded>0</occluded>
    <bndbox>
      <xmin>268.69</xmin>
      <ymin>756.72</ymin>
      <xmax>312.0</xmax>
      <ymax>806.6</ymax>
    </bndbox>
  </object>
  <object>
    <name>WHITE</name>
    <occluded>0</occluded>
    <bndbox>
      <xmin>343.55</xmin>
      <ymin>579.56</ymin>
      <xmax>389.3</xmax>
      <ymax>631.8</ymax>
    </bndbox>
  </object>
  <object>
    <name>WHITE</name>
    <occluded>0</occluded>
    <bndbox>
      <xmin>271.97</xmin>
      <ymin>593.05</ymin>
      <xmax>312.6</xmax>
      <ymax>642.7</ymax>
    </bndbox>
  </object>
  <object>
    <name>WHITE</name>
    <occluded>0</occluded>
    <bndbox>
      <xmin>650.26</xmin>
      <ymin>781.54</ymin>
      <xmax>691.9</xmax>
      <ymax>827.54</ymax>
    </bndbox>
  </object>
  <object>
    <name>WHITE</name>
    <occluded>0</occluded>
    <bndbox>
      <xmin>750.93</xmin>
      <ymin>594.86</ymin>
      <xmax>778.9</xmax>
      <ymax>647.5</ymax>
    </bndbox>
  </object>
  <object>
    <name>WHITE</name>
    <occluded>0</occluded>
    <bndbox>
      <xmin>697.7</xmin>
      <ymin>627.46</ymin>
      <xmax>730.14</xmax>
      <ymax>674.5</ymax>
    </bndbox>
  </object>
  <object>
    <name>WHITE</name>
    <occluded>0</occluded>
    <bndbox>
      <xmin>638.7</xmin>
      <ymin>694.9</ymin>
      <xmax>683.6</xmax>
      <ymax>740.9</ymax>
    </bndbox>
  </object>
  <object>
    <name>WHITE</name>
    <occluded>0</occluded>
    <bndbox>
      <xmin>574.02</xmin>
      <ymin>750.02</ymin>
      <xmax>623.3</xmax>
      <ymax>801.6</ymax>
    </bndbox>
  </object>
  <object>
    <name>WHITE</name>
    <occluded>0</occluded>
    <bndbox>
      <xmin>705.18</xmin>
      <ymin>718.47</ymin>
      <xmax>742.6</xmax>
      <ymax>770.7</ymax>
    </bndbox>
  </object>
  <object>
    <name>WHITE</name>
    <occluded>0</occluded>
    <bndbox>
      <xmin>746.36</xmin>
      <ymin>657.95</ymin>
      <xmax>777.0</xmax>
      <ymax>710.1</ymax>
    </bndbox>
  </object>
  <object>
    <name>WHITE</name>
    <occluded>0</occluded>
    <bndbox>
      <xmin>781.93</xmin>
      <ymin>552.78</ymin>
      <xmax>809.0</xmax>
      <ymax>604.4</ymax>
    </bndbox>
  </object>
  <object>
    <name>BLACK</name>
    <occluded>0</occluded>
    <bndbox>
      <xmin>710.35</xmin>
      <ymin>788.77</ymin>
      <xmax>740.0</xmax>
      <ymax>832.8</ymax>
    </bndbox>
  </object>
  <object>
    <name>WHITE</name>
    <occluded>0</occluded>
    <bndbox>
      <xmin>389.45</xmin>
      <ymin>231.96</ymin>
      <xmax>430.14</xmax>
      <ymax>257.4</ymax>
    </bndbox>
  </object>
  <object>
    <name>WHITE</name>
    <occluded>0</occluded>
    <bndbox>
      <xmin>321.6</xmin>
      <ymin>267.03</ymin>
      <xmax>366.91</xmax>
      <ymax>308.3</ymax>
    </bndbox>
  </object>
  <object>
    <name>WHITE</name>
    <occluded>0</occluded>
    <bndbox>
      <xmin>197.02</xmin>
      <ymin>638.22</ymin>
      <xmax>216.02</xmax>
      <ymax>684.0</ymax>
    </bndbox>
  </object>
  <object>
    <name>WHITE</name>
    <occluded>0</occluded>
    <bndbox>
      <xmin>254.18</xmin>
      <ymin>438.56</ymin>
      <xmax>299.35</xmax>
      <ymax>485.7</ymax>
    </bndbox>
  </object>
  <object>
    <name>WHITE</name>
    <occluded>0</occluded>
    <bndbox>
      <xmin>303.2</xmin>
      <ymin>362.49</ymin>
      <xmax>351.94</xmax>
      <ymax>409.2</ymax>
    </bndbox>
  </object>
  <object>
    <name>WHITE</name>
    <occluded>0</occluded>
    <bndbox>
      <xmin>362.1</xmin>
      <ymin>296.84</ymin>
      <xmax>412.85</xmax>
      <ymax>339.9</ymax>
    </bndbox>
  </object>
  <object>
    <name>WHITE</name>
    <occluded>0</occluded>
    <bndbox>
      <xmin>407.03</xmin>
      <ymin>266.16</ymin>
      <xmax>454.0</xmax>
      <ymax>297.2</ymax>
    </bndbox>
  </object>
  <object>
    <name>WHITE</name>
    <occluded>0</occluded>
    <bndbox>
      <xmin>223.44</xmin>
      <ymin>764.93</ymin>
      <xmax>258.0</xmax>
      <ymax>813.6</ymax>
    </bndbox>
  </object>
  <object>
    <name>WHITE</name>
    <occluded>0</occluded>
    <bndbox>
      <xmin>296.64</xmin>
      <ymin>504.86</ymin>
      <xmax>342.9</xmax>
      <ymax>551.9</ymax>
    </bndbox>
  </object>
  <object>
    <name>WHITE</name>
    <occluded>0</occluded>
    <bndbox>
      <xmin>346.0</xmin>
      <ymin>421.15</ymin>
      <xmax>390.87</xmax>
      <ymax>466.3</ymax>
    </bndbox>
  </object>
  <object>
    <name>WHITE</name>
    <occluded>0</occluded>
    <bndbox>
      <xmin>399.53</xmin>
      <ymin>356.2</ymin>
      <xmax>451.5</xmax>
      <ymax>395.7</ymax>
    </bndbox>
  </object>
  <object>
    <name>WHITE</name>
    <occluded>0</occluded>
    <bndbox>
      <xmin>446.24</xmin>
      <ymin>305.87</ymin>
      <xmax>497.9</xmax>
      <ymax>347.0</ymax>
    </bndbox>
  </object>
  <object>
    <name>WHITE</name>
    <occluded>0</occluded>
    <bndbox>
      <xmin>503.13</xmin>
      <ymin>277.17</ymin>
      <xmax>550.8</xmax>
      <ymax>311.0</ymax>
    </bndbox>
  </object>
  <object>
    <name>WHITE</name>
    <occluded>0</occluded>
    <bndbox>
      <xmin>642.3</xmin>
      <ymin>343.06</ymin>
      <xmax>687.6</xmax>
      <ymax>391.1</ymax>
    </bndbox>
  </object>
  <object>
    <name>WHITE</name>
    <occluded>0</occluded>
    <bndbox>
      <xmin>678.17</xmin>
      <ymin>310.25</ymin>
      <xmax>716.6</xmax>
      <ymax>352.3</ymax>
    </bndbox>
  </object>
  <object>
    <name>WHITE</name>
    <occluded>0</occluded>
    <bndbox>
      <xmin>468.3</xmin>
      <ymin>662.3</ymin>
      <xmax>518.8</xmax>
      <ymax>714.81</ymax>
    </bndbox>
  </object>
  <object>
    <name>WHITE</name>
    <occluded>0</occluded>
    <bndbox>
      <xmin>521.55</xmin>
      <ymin>583.3</ymin>
      <xmax>573.4</xmax>
      <ymax>634.1</ymax>
    </bndbox>
  </object>
  <object>
    <name>WHITE</name>
    <occluded>0</occluded>
    <bndbox>
      <xmin>586.4</xmin>
      <ymin>512.1</ymin>
      <xmax>635.3</xmax>
      <ymax>567.13</ymax>
    </bndbox>
  </object>
  <object>
    <name>WHITE</name>
    <occluded>0</occluded>
    <bndbox>
      <xmin>640.32</xmin>
      <ymin>456.56</ymin>
      <xmax>687.3</xmax>
      <ymax>507.9</ymax>
    </bndbox>
  </object>
  <object>
    <name>WHITE</name>
    <occluded>0</occluded>
    <bndbox>
      <xmin>688.73</xmin>
      <ymin>420.92</ymin>
      <xmax>725.7</xmax>
      <ymax>466.1</ymax>
    </bndbox>
  </object>
  <object>
    <name>WHITE</name>
    <occluded>0</occluded>
    <bndbox>
      <xmin>549.19</xmin>
      <ymin>675.25</ymin>
      <xmax>603.3</xmax>
      <ymax>726.6</ymax>
    </bndbox>
  </object>
  <object>
    <name>WHITE</name>
    <occluded>0</occluded>
    <bndbox>
      <xmin>615.0</xmin>
      <ymin>602.0</ymin>
      <xmax>658.1</xmax>
      <ymax>653.53</ymax>
    </bndbox>
  </object>
  <object>
    <name>BLACK</name>
    <occluded>0</occluded>
    <bndbox>
      <xmin>686.09</xmin>
      <ymin>555.54</ymin>
      <xmax>722.8</xmax>
      <ymax>606.7</ymax>
    </bndbox>
  </object>
  <object>
    <name>BLACK</name>
    <occluded>0</occluded>
    <bndbox>
      <xmin>231.08</xmin>
      <ymin>543.33</ymin>
      <xmax>252.08</xmax>
      <ymax>580.33</ymax>
    </bndbox>
  </object>
  <object>
    <name>WHITE</name>
    <occluded>0</occluded>
    <bndbox>
      <xmin>432.93</xmin>
      <ymin>580.36</ymin>
      <xmax>479.46</xmax>
      <ymax>626.74</ymax>
    </bndbox>
  </object>
  <object>
    <name>WHITE</name>
    <occluded>0</occluded>
    <bndbox>
      <xmin>735.55</xmin>
      <ymin>511.32</ymin>
      <xmax>762.61</xmax>
      <ymax>555.05</ymax>
    </bndbox>
  </object>
</annotation>
