<annotation>
  <folder>TN</folder>
  <filename>TN_camera8.png</filename>
  <source>
    <database>Unknown</database>
    <annotation>Unknown</annotation>
    <image>Unknown</image>
  </source>
  <size>
    <width>1280</width>
    <height>960</height>
    <depth></depth>
  </size>
  <segmented>0</segmented>
  <object>
    <name>WHITE</name>
    <occluded>0</occluded>
    <bndbox>
      <xmin>488.6</xmin>
      <ymin>89.41</ymin>
      <xmax>538.45</xmax>
      <ymax>121.3</ymax>
    </bndbox>
  </object>
  <object>
    <name>WHITE</name>
    <occluded>0</occluded>
    <bndbox>
      <xmin>743.25</xmin>
      <ymin>287.03</ymin>
      <xmax>780.53</xmax>
      <ymax>334.19</ymax>
    </bndbox>
  </object>
  <object>
    <name>WHITE</name>
    <occluded>0</occluded>
    <bndbox>
      <xmin>798.95</xmin>
      <ymin>278.04</ymin>
      <xmax>829.49</xmax>
      <ymax>323.86</ymax>
    </bndbox>
  </object>
  <object>
    <name>WHITE</name>
    <occluded>0</occluded>
    <bndbox>
      <xmin>796.7</xmin>
      <ymin>360.24</ymin>
      <xmax>833.08</xmax>
      <ymax>404.7</ymax>
    </bndbox>
  </object>
  <object>
    <name>WHITE</name>
    <occluded>0</occluded>
    <bndbox>
      <xmin>811.97</xmin>
      <ymin>446.02</ymin>
      <xmax>851.49</xmax>
      <ymax>494.52</ymax>
    </bndbox>
  </object>
  <object>
    <name>WHITE</name>
    <occluded>0</occluded>
    <bndbox>
      <xmin>862.27</xmin>
      <ymin>493.63</ymin>
      <xmax>891.91</xmax>
      <ymax>544.38</ymax>
    </bndbox>
  </object>
  <object>
    <name>WHITE</name>
    <occluded>0</occluded>
    <bndbox>
      <xmin>412.5</xmin>
      <ymin>350.0</ymin>
      <xmax>459.5</xmax>
      <ymax>394.0</ymax>
    </bndbox>
  </object>
  <object>
    <name>WHITE</name>
    <occluded>0</occluded>
    <bndbox>
      <xmin>562.25</xmin>
      <ymin>94.8</ymin>
      <xmax>612.11</xmax>
      <ymax>124.44</ymax>
    </bndbox>
  </object>
  <object>
    <name>WHITE</name>
    <occluded>0</occluded>
    <bndbox>
      <xmin>745.95</xmin>
      <ymin>222.8</ymin>
      <xmax>786.82</xmax>
      <ymax>265.92</ymax>
    </bndbox>
  </object>
  <object>
    <name>WHITE</name>
    <occluded>0</occluded>
    <bndbox>
      <xmin>375.3</xmin>
      <ymin>146.87</ymin>
      <xmax>427.65</xmax>
      <ymax>184.0</ymax>
    </bndbox>
  </object>
  <object>
    <name>WHITE</name>
    <occluded>0</occluded>
    <bndbox>
      <xmin>235.5</xmin>
      <ymin>488.5</ymin>
      <xmax>270.5</xmax>
      <ymax>535.5</ymax>
    </bndbox>
  </object>
  <object>
    <name>WHITE</name>
    <occluded>0</occluded>
    <bndbox>
      <xmin>272.04</xmin>
      <ymin>568.75</ymin>
      <xmax>313.96</xmax>
      <ymax>617.25</ymax>
    </bndbox>
  </object>
  <object>
    <name>WHITE</name>
    <occluded>0</occluded>
    <bndbox>
      <xmin>854.64</xmin>
      <ymin>629.71</ymin>
      <xmax>882.03</xmax>
      <ymax>681.36</ymax>
    </bndbox>
  </object>
  <object>
    <name>WHITE</name>
    <occluded>0</occluded>
    <bndbox>
      <xmin>874.4</xmin>
      <ymin>661.6</ymin>
      <xmax>900.45</xmax>
      <ymax>712.35</ymax>
    </bndbox>
  </object>
  <object>
    <name>WHITE</name>
    <occluded>0</occluded>
    <bndbox>
      <xmin>822.3</xmin>
      <ymin>542.13</ymin>
      <xmax>859.13</xmax>
      <ymax>591.54</ymax>
    </bndbox>
  </object>
  <object>
    <name>WHITE</name>
    <occluded>0</occluded>
    <bndbox>
      <xmin>871.26</xmin>
      <ymin>567.28</ymin>
      <xmax>900.45</xmax>
      <ymax>618.93</ymax>
    </bndbox>
  </object>
  <object>
    <name>WHITE</name>
    <occluded>0</occluded>
    <bndbox>
      <xmin>176.0</xmin>
      <ymin>358.44</ymin>
      <xmax>206.99</xmax>
      <ymax>412.33</ymax>
    </bndbox>
  </object>
  <object>
    <name>WHITE</name>
    <occluded>0</occluded>
    <bndbox>
      <xmin>180.04</xmin>
      <ymin>508.0</ymin>
      <xmax>212.38</xmax>
      <ymax>561.0</ymax>
    </bndbox>
  </object>
  <object>
    <name>WHITE</name>
    <occluded>0</occluded>
    <bndbox>
      <xmin>153.55</xmin>
      <ymin>441.98</ymin>
      <xmax>182.74</xmax>
      <ymax>497.67</ymax>
    </bndbox>
  </object>
  <object>
    <name>WHITE</name>
    <occluded>0</occluded>
    <bndbox>
      <xmin>244.26</xmin>
      <ymin>654.7</ymin>
      <xmax>298.7</xmax>
      <ymax>708.5</ymax>
    </bndbox>
  </object>
  <object>
    <name>WHITE</name>
    <occluded>0</occluded>
    <bndbox>
      <xmin>476.23</xmin>
      <ymin>143.57</ymin>
      <xmax>527.6</xmax>
      <ymax>188.2</ymax>
    </bndbox>
  </object>
  <object>
    <name>WHITE</name>
    <occluded>0</occluded>
    <bndbox>
      <xmin>418.36</xmin>
      <ymin>208.56</ymin>
      <xmax>472.5</xmax>
      <ymax>254.7</ymax>
    </bndbox>
  </object>
  <object>
    <name>WHITE</name>
    <occluded>0</occluded>
    <bndbox>
      <xmin>370.42</xmin>
      <ymin>274.68</ymin>
      <xmax>425.7</xmax>
      <ymax>327.1</ymax>
    </bndbox>
  </object>
  <object>
    <name>WHITE</name>
    <occluded>0</occluded>
    <bndbox>
      <xmin>337.96</xmin>
      <ymin>340.2</ymin>
      <xmax>391.0</xmax>
      <ymax>388.9</ymax>
    </bndbox>
  </object>
  <object>
    <name>WHITE</name>
    <occluded>0</occluded>
    <bndbox>
      <xmin>293.4</xmin>
      <ymin>411.41</ymin>
      <xmax>345.19</xmax>
      <ymax>465.9</ymax>
    </bndbox>
  </object>
  <object>
    <name>BLACK</name>
    <occluded>0</occluded>
    <bndbox>
      <xmin>423.97</xmin>
      <ymin>103.66</ymin>
      <xmax>474.0</xmax>
      <ymax>136.3</ymax>
    </bndbox>
  </object>
  <object>
    <name>WHITE</name>
    <occluded>0</occluded>
    <bndbox>
      <xmin>328.8</xmin>
      <ymin>201.13</ymin>
      <xmax>381.02</xmax>
      <ymax>251.3</ymax>
    </bndbox>
  </object>
  <object>
    <name>WHITE</name>
    <occluded>0</occluded>
    <bndbox>
      <xmin>288.9</xmin>
      <ymin>272.82</ymin>
      <xmax>336.3</xmax>
      <ymax>324.8</ymax>
    </bndbox>
  </object>
  <object>
    <name>WHITE</name>
    <occluded>0</occluded>
    <bndbox>
      <xmin>256.2</xmin>
      <ymin>343.31</ymin>
      <xmax>296.74</xmax>
      <ymax>393.1</ymax>
    </bndbox>
  </object>
  <object>
    <name>BLACK</name>
    <occluded>0</occluded>
    <bndbox>
      <xmin>208.29</xmin>
      <ymin>422.46</ymin>
      <xmax>248.9</xmax>
      <ymax>479.4</ymax>
    </bndbox>
  </object>
  <object>
    <name>WHITE</name>
    <occluded>0</occluded>
    <bndbox>
      <xmin>347.4</xmin>
      <ymin>105.34</ymin>
      <xmax>395.29</xmax>
      <ymax>132.7</ymax>
    </bndbox>
  </object>
  <object>
    <name>WHITE</name>
    <occluded>0</occluded>
    <bndbox>
      <xmin>296.8</xmin>
      <ymin>154.82</ymin>
      <xmax>342.3</xmax>
      <ymax>195.6</ymax>
    </bndbox>
  </object>
  <object>
    <name>WHITE</name>
    <occluded>0</occluded>
    <bndbox>
      <xmin>253.6</xmin>
      <ymin>214.88</ymin>
      <xmax>297.08</xmax>
      <ymax>259.7</ymax>
    </bndbox>
  </object>
  <object>
    <name>WHITE</name>
    <occluded>0</occluded>
    <bndbox>
      <xmin>732.31</xmin>
      <ymin>358.53</ymin>
      <xmax>773.9</xmax>
      <ymax>404.9</ymax>
    </bndbox>
  </object>
  <object>
    <name>WHITE</name>
    <occluded>0</occluded>
    <bndbox>
      <xmin>758.2</xmin>
      <ymin>434.23</ymin>
      <xmax>804.5</xmax>
      <ymax>484.4</ymax>
    </bndbox>
  </object>
  <object>
    <name>WHITE</name>
    <occluded>0</occluded>
    <bndbox>
      <xmin>755.52</xmin>
      <ymin>518.78</ymin>
      <xmax>801.8</xmax>
      <ymax>569.4</ymax>
    </bndbox>
  </object>
  <object>
    <name>WHITE</name>
    <occluded>0</occluded>
    <bndbox>
      <xmin>710.34</xmin>
      <ymin>595.6</ymin>
      <xmax>760.0</xmax>
      <ymax>649.7</ymax>
    </bndbox>
  </object>
  <object>
    <name>WHITE</name>
    <occluded>0</occluded>
    <bndbox>
      <xmin>649.2</xmin>
      <ymin>653.41</ymin>
      <xmax>702.33</xmax>
      <ymax>706.0</ymax>
    </bndbox>
  </object>
  <object>
    <name>WHITE</name>
    <occluded>0</occluded>
    <bndbox>
      <xmin>798.82</xmin>
      <ymin>610.28</ymin>
      <xmax>837.0</xmax>
      <ymax>662.7</ymax>
    </bndbox>
  </object>
  <object>
    <name>WHITE</name>
    <occluded>0</occluded>
    <bndbox>
      <xmin>737.55</xmin>
      <ymin>677.77</ymin>
      <xmax>787.8</xmax>
      <ymax>734.7</ymax>
    </bndbox>
  </object>
  <object>
    <name>WHITE</name>
    <occluded>0</occluded>
    <bndbox>
      <xmin>306.6</xmin>
      <ymin>479.3</ymin>
      <xmax>359.0</xmax>
      <ymax>533.1</ymax>
    </bndbox>
  </object>
  <object>
    <name>WHITE</name>
    <occluded>0</occluded>
    <bndbox>
      <xmin>367.31</xmin>
      <ymin>404.36</ymin>
      <xmax>423.3</xmax>
      <ymax>461.7</ymax>
    </bndbox>
  </object>
  <object>
    <name>WHITE</name>
    <occluded>0</occluded>
    <bndbox>
      <xmin>468.3</xmin>
      <ymin>281.89</ymin>
      <xmax>529.5</xmax>
      <ymax>334.4</ymax>
    </bndbox>
  </object>
  <object>
    <name>WHITE</name>
    <occluded>0</occluded>
    <bndbox>
      <xmin>528.5</xmin>
      <ymin>211.52</ymin>
      <xmax>580.0</xmax>
      <ymax>260.3</ymax>
    </bndbox>
  </object>
  <object>
    <name>WHITE</name>
    <occluded>0</occluded>
    <bndbox>
      <xmin>547.26</xmin>
      <ymin>141.7</ymin>
      <xmax>600.0</xmax>
      <ymax>184.8</ymax>
    </bndbox>
  </object>
  <object>
    <name>BLACK</name>
    <occluded>0</occluded>
    <bndbox>
      <xmin>314.26</xmin>
      <ymin>623.21</ymin>
      <xmax>369.8</xmax>
      <ymax>681.5</ymax>
    </bndbox>
  </object>
  <object>
    <name>WHITE</name>
    <occluded>0</occluded>
    <bndbox>
      <xmin>368.57</xmin>
      <ymin>563.62</ymin>
      <xmax>421.5</xmax>
      <ymax>615.5</ymax>
    </bndbox>
  </object>
  <object>
    <name>WHITE</name>
    <occluded>0</occluded>
    <bndbox>
      <xmin>393.8</xmin>
      <ymin>479.3</ymin>
      <xmax>446.6</xmax>
      <ymax>530.7</ymax>
    </bndbox>
  </object>
  <object>
    <name>BLACK</name>
    <occluded>0</occluded>
    <bndbox>
      <xmin>809.07</xmin>
      <ymin>700.36</ymin>
      <xmax>851.1</xmax>
      <ymax>753.4</ymax>
    </bndbox>
  </object>
  <object>
    <name>WHITE</name>
    <occluded>0</occluded>
    <bndbox>
      <xmin>566.0</xmin>
      <ymin>286.7</ymin>
      <xmax>616.3</xmax>
      <ymax>337.69</ymax>
    </bndbox>
  </object>
  <object>
    <name>WHITE</name>
    <occluded>0</occluded>
    <bndbox>
      <xmin>615.25</xmin>
      <ymin>211.33</ymin>
      <xmax>663.4</xmax>
      <ymax>258.9</ymax>
    </bndbox>
  </object>
  <object>
    <name>WHITE</name>
    <occluded>0</occluded>
    <bndbox>
      <xmin>627.76</xmin>
      <ymin>143.4</ymin>
      <xmax>674.9</xmax>
      <ymax>187.7</ymax>
    </bndbox>
  </object>
  <object>
    <name>BLACK</name>
    <occluded>0</occluded>
    <bndbox>
      <xmin>697.77</xmin>
      <ymin>422.24</ymin>
      <xmax>744.4</xmax>
      <ymax>475.1</ymax>
    </bndbox>
  </object>
  <object>
    <name>WHITE</name>
    <occluded>0</occluded>
    <bndbox>
      <xmin>670.66</xmin>
      <ymin>508.91</ymin>
      <xmax>727.1</xmax>
      <ymax>559.1</ymax>
    </bndbox>
  </object>
  <object>
    <name>WHITE</name>
    <occluded>0</occluded>
    <bndbox>
      <xmin>611.0</xmin>
      <ymin>579.7</ymin>
      <xmax>662.5</xmax>
      <ymax>634.5</ymax>
    </bndbox>
  </object>
  <object>
    <name>WHITE</name>
    <occluded>0</occluded>
    <bndbox>
      <xmin>536.87</xmin>
      <ymin>638.5</ymin>
      <xmax>595.9</xmax>
      <ymax>693.1</ymax>
    </bndbox>
  </object>
  <object>
    <name>WHITE</name>
    <occluded>0</occluded>
    <bndbox>
      <xmin>694.95</xmin>
      <ymin>155.94</ymin>
      <xmax>733.7</xmax>
      <ymax>198.6</ymax>
    </bndbox>
  </object>
  <object>
    <name>WHITE</name>
    <occluded>0</occluded>
    <bndbox>
      <xmin>697.27</xmin>
      <ymin>217.18</ymin>
      <xmax>733.6</xmax>
      <ymax>263.7</ymax>
    </bndbox>
  </object>
  <object>
    <name>WHITE</name>
    <occluded>0</occluded>
    <bndbox>
      <xmin>666.64</xmin>
      <ymin>285.37</ymin>
      <xmax>711.1</xmax>
      <ymax>333.3</ymax>
    </bndbox>
  </object>
  <object>
    <name>WHITE</name>
    <occluded>0</occluded>
    <bndbox>
      <xmin>660.84</xmin>
      <ymin>352.87</ymin>
      <xmax>709.0</xmax>
      <ymax>401.3</ymax>
    </bndbox>
  </object>
  <object>
    <name>WHITE</name>
    <occluded>0</occluded>
    <bndbox>
      <xmin>474.91</xmin>
      <ymin>557.04</ymin>
      <xmax>532.2</xmax>
      <ymax>611.6</ymax>
    </bndbox>
  </object>
  <object>
    <name>WHITE</name>
    <occluded>0</occluded>
    <bndbox>
      <xmin>421.31</xmin>
      <ymin>627.0</ymin>
      <xmax>479.1</xmax>
      <ymax>686.8</ymax>
    </bndbox>
  </object>
</annotation>
