<annotation>
  <folder>TN</folder>
  <filename>TN_camera7.png</filename>
  <source>
    <database>Unknown</database>
    <annotation>Unknown</annotation>
    <image>Unknown</image>
  </source>
  <size>
    <width>1280</width>
    <height>960</height>
    <depth></depth>
  </size>
  <segmented>0</segmented>
  <object>
    <name>WHITE</name>
    <occluded>0</occluded>
    <bndbox>
      <xmin>538.69</xmin>
      <ymin>118.75</ymin>
      <xmax>585.81</xmax>
      <ymax>144.58</ymax>
    </bndbox>
  </object>
  <object>
    <name>WHITE</name>
    <occluded>0</occluded>
    <bndbox>
      <xmin>473.94</xmin>
      <ymin>92.18</ymin>
      <xmax>521.85</xmax>
      <ymax>117.63</ymax>
    </bndbox>
  </object>
  <object>
    <name>WHITE</name>
    <occluded>0</occluded>
    <bndbox>
      <xmin>215.65</xmin>
      <ymin>302.15</ymin>
      <xmax>247.88</xmax>
      <ymax>347.06</ymax>
    </bndbox>
  </object>
  <object>
    <name>WHITE</name>
    <occluded>0</occluded>
    <bndbox>
      <xmin>253.08</xmin>
      <ymin>327.97</ymin>
      <xmax>291.29</xmax>
      <ymax>376.25</ymax>
    </bndbox>
  </object>
  <object>
    <name>BLACK</name>
    <occluded>0</occluded>
    <bndbox>
      <xmin>220.93</xmin>
      <ymin>414.06</ymin>
      <xmax>250.5</xmax>
      <ymax>463.83</ymax>
    </bndbox>
  </object>
  <object>
    <name>WHITE</name>
    <occluded>0</occluded>
    <bndbox>
      <xmin>253.08</xmin>
      <ymin>471.32</ymin>
      <xmax>287.18</xmax>
      <ymax>527.09</ymax>
    </bndbox>
  </object>
  <object>
    <name>WHITE</name>
    <occluded>0</occluded>
    <bndbox>
      <xmin>240.77</xmin>
      <ymin>562.64</ymin>
      <xmax>264.68</xmax>
      <ymax>618.41</ymax>
    </bndbox>
  </object>
  <object>
    <name>WHITE</name>
    <occluded>0</occluded>
    <bndbox>
      <xmin>261.15</xmin>
      <ymin>391.87</ymin>
      <xmax>290.81</xmax>
      <ymax>439.59</ymax>
    </bndbox>
  </object>
  <object>
    <name>WHITE</name>
    <occluded>0</occluded>
    <bndbox>
      <xmin>310.4</xmin>
      <ymin>282.54</ymin>
      <xmax>356.8</xmax>
      <ymax>324.1</ymax>
    </bndbox>
  </object>
  <object>
    <name>WHITE</name>
    <occluded>0</occluded>
    <bndbox>
      <xmin>341.16</xmin>
      <ymin>186.24</ymin>
      <xmax>384.29</xmax>
      <ymax>230.5</ymax>
    </bndbox>
  </object>
  <object>
    <name>WHITE</name>
    <occluded>0</occluded>
    <bndbox>
      <xmin>376.6</xmin>
      <ymin>123.06</ymin>
      <xmax>418.82</xmax>
      <ymax>158.8</ymax>
    </bndbox>
  </object>
  <object>
    <name>BLACK</name>
    <occluded>0</occluded>
    <bndbox>
      <xmin>435.32</xmin>
      <ymin>376.17</ymin>
      <xmax>489.5</xmax>
      <ymax>430.1</ymax>
    </bndbox>
  </object>
  <object>
    <name>BLACK</name>
    <occluded>0</occluded>
    <bndbox>
      <xmin>678.46</xmin>
      <ymin>223.82</ymin>
      <xmax>719.8</xmax>
      <ymax>261.8</ymax>
    </bndbox>
  </object>
  <object>
    <name>WHITE</name>
    <occluded>0</occluded>
    <bndbox>
      <xmin>271.67</xmin>
      <ymin>248.4</ymin>
      <xmax>316.4</xmax>
      <ymax>295.9</ymax>
    </bndbox>
  </object>
  <object>
    <name>WHITE</name>
    <occluded>0</occluded>
    <bndbox>
      <xmin>296.9</xmin>
      <ymin>175.53</ymin>
      <xmax>335.59</xmax>
      <ymax>218.5</ymax>
    </bndbox>
  </object>
  <object>
    <name>WHITE</name>
    <occluded>0</occluded>
    <bndbox>
      <xmin>607.93</xmin>
      <ymin>157.68</ymin>
      <xmax>656.96</xmax>
      <ymax>188.74</ymax>
    </bndbox>
  </object>
  <object>
    <name>WHITE</name>
    <occluded>0</occluded>
    <bndbox>
      <xmin>635.25</xmin>
      <ymin>143.46</ymin>
      <xmax>674.92</xmax>
      <ymax>179.01</ymax>
    </bndbox>
  </object>
  <object>
    <name>WHITE</name>
    <occluded>0</occluded>
    <bndbox>
      <xmin>408.8</xmin>
      <ymin>81.81</ymin>
      <xmax>456.83</xmax>
      <ymax>107.7</ymax>
    </bndbox>
  </object>
  <object>
    <name>WHITE</name>
    <occluded>0</occluded>
    <bndbox>
      <xmin>570.05</xmin>
      <ymin>100.21</ymin>
      <xmax>616.84</xmax>
      <ymax>123.92</ymax>
    </bndbox>
  </object>
  <object>
    <name>WHITE</name>
    <occluded>0</occluded>
    <bndbox>
      <xmin>402.91</xmin>
      <ymin>539.4</ymin>
      <xmax>455.7</xmax>
      <ymax>593.47</ymax>
    </bndbox>
  </object>
  <object>
    <name>BLACK</name>
    <occluded>0</occluded>
    <bndbox>
      <xmin>317.48</xmin>
      <ymin>617.14</ymin>
      <xmax>361.2</xmax>
      <ymax>672.7</ymax>
    </bndbox>
  </object>
  <object>
    <name>WHITE</name>
    <occluded>0</occluded>
    <bndbox>
      <xmin>342.08</xmin>
      <ymin>525.87</ymin>
      <xmax>393.7</xmax>
      <ymax>585.1</ymax>
    </bndbox>
  </object>
  <object>
    <name>WHITE</name>
    <occluded>0</occluded>
    <bndbox>
      <xmin>368.87</xmin>
      <ymin>447.97</ymin>
      <xmax>416.28</xmax>
      <ymax>504.7</ymax>
    </bndbox>
  </object>
  <object>
    <name>WHITE</name>
    <occluded>0</occluded>
    <bndbox>
      <xmin>389.6</xmin>
      <ymin>209.59</ymin>
      <xmax>439.06</xmax>
      <ymax>246.0</ymax>
    </bndbox>
  </object>
  <object>
    <name>WHITE</name>
    <occluded>0</occluded>
    <bndbox>
      <xmin>494.15</xmin>
      <ymin>154.68</ymin>
      <xmax>543.89</xmax>
      <ymax>197.35</ymax>
    </bndbox>
  </object>
  <object>
    <name>WHITE</name>
    <occluded>0</occluded>
    <bndbox>
      <xmin>237.73</xmin>
      <ymin>219.43</ymin>
      <xmax>275.95</xmax>
      <ymax>262.1</ymax>
    </bndbox>
  </object>
  <object>
    <name>WHITE</name>
    <occluded>0</occluded>
    <bndbox>
      <xmin>261.2</xmin>
      <ymin>625.69</ymin>
      <xmax>296.9</xmax>
      <ymax>683.3</ymax>
    </bndbox>
  </object>
  <object>
    <name>WHITE</name>
    <occluded>0</occluded>
    <bndbox>
      <xmin>276.39</xmin>
      <ymin>541.14</ymin>
      <xmax>324.65</xmax>
      <ymax>594.5</ymax>
    </bndbox>
  </object>
  <object>
    <name>WHITE</name>
    <occluded>0</occluded>
    <bndbox>
      <xmin>304.79</xmin>
      <ymin>454.6</ymin>
      <xmax>351.8</xmax>
      <ymax>509.91</ymax>
    </bndbox>
  </object>
  <object>
    <name>WHITE</name>
    <occluded>0</occluded>
    <bndbox>
      <xmin>359.09</xmin>
      <ymin>379.3</ymin>
      <xmax>408.3</xmax>
      <ymax>426.19</ymax>
    </bndbox>
  </object>
  <object>
    <name>WHITE</name>
    <occluded>0</occluded>
    <bndbox>
      <xmin>305.7</xmin>
      <ymin>366.49</ymin>
      <xmax>348.68</xmax>
      <ymax>414.6</ymax>
    </bndbox>
  </object>
  <object>
    <name>WHITE</name>
    <occluded>0</occluded>
    <bndbox>
      <xmin>429.1</xmin>
      <ymin>134.39</ymin>
      <xmax>474.85</xmax>
      <ymax>168.7</ymax>
    </bndbox>
  </object>
  <object>
    <name>WHITE</name>
    <occluded>0</occluded>
    <bndbox>
      <xmin>437.08</xmin>
      <ymin>479.4</ymin>
      <xmax>489.8</xmax>
      <ymax>529.11</ymax>
    </bndbox>
  </object>
  <object>
    <name>WHITE</name>
    <occluded>0</occluded>
    <bndbox>
      <xmin>514.55</xmin>
      <ymin>385.6</ymin>
      <xmax>568.3</xmax>
      <ymax>436.51</ymax>
    </bndbox>
  </object>
</annotation>
