<annotation>
  <folder>TN</folder>
  <filename>TN_camera4.png</filename>
  <source>
    <database>Unknown</database>
    <annotation>Unknown</annotation>
    <image>Unknown</image>
  </source>
  <size>
    <width>1280</width>
    <height>960</height>
    <depth></depth>
  </size>
  <segmented>0</segmented>
  <object>
    <name>WHITE</name>
    <occluded>0</occluded>
    <bndbox>
      <xmin>857.43</xmin>
      <ymin>693.29</ymin>
      <xmax>902.69</xmax>
      <ymax>740.5</ymax>
    </bndbox>
  </object>
  <object>
    <name>WHITE</name>
    <occluded>0</occluded>
    <bndbox>
      <xmin>897.14</xmin>
      <ymin>508.76</ymin>
      <xmax>941.6</xmax>
      <ymax>562.5</ymax>
    </bndbox>
  </object>
  <object>
    <name>WHITE</name>
    <occluded>0</occluded>
    <bndbox>
      <xmin>869.28</xmin>
      <ymin>427.11</ymin>
      <xmax>914.6</xmax>
      <ymax>478.6</ymax>
    </bndbox>
  </object>
  <object>
    <name>WHITE</name>
    <occluded>0</occluded>
    <bndbox>
      <xmin>701.5</xmin>
      <ymin>246.1</ymin>
      <xmax>747.7</xmax>
      <ymax>274.81</ymax>
    </bndbox>
  </object>
  <object>
    <name>WHITE</name>
    <occluded>0</occluded>
    <bndbox>
      <xmin>837.94</xmin>
      <ymin>808.99</ymin>
      <xmax>881.08</xmax>
      <ymax>852.91</ymax>
    </bndbox>
  </object>
  <object>
    <name>WHITE</name>
    <occluded>0</occluded>
    <bndbox>
      <xmin>891.7</xmin>
      <ymin>738.81</ymin>
      <xmax>930.21</xmax>
      <ymax>784.7</ymax>
    </bndbox>
  </object>
  <object>
    <name>WHITE</name>
    <occluded>0</occluded>
    <bndbox>
      <xmin>938.91</xmin>
      <ymin>459.8</ymin>
      <xmax>970.3</xmax>
      <ymax>509.9</ymax>
    </bndbox>
  </object>
  <object>
    <name>WHITE</name>
    <occluded>0</occluded>
    <bndbox>
      <xmin>901.35</xmin>
      <ymin>381.0</ymin>
      <xmax>939.6</xmax>
      <ymax>428.6</ymax>
    </bndbox>
  </object>
  <object>
    <name>WHITE</name>
    <occluded>0</occluded>
    <bndbox>
      <xmin>438.85</xmin>
      <ymin>589.01</ymin>
      <xmax>489.2</xmax>
      <ymax>641.2</ymax>
    </bndbox>
  </object>
  <object>
    <name>WHITE</name>
    <occluded>0</occluded>
    <bndbox>
      <xmin>515.19</xmin>
      <ymin>459.39</ymin>
      <xmax>566.4</xmax>
      <ymax>511.9</ymax>
    </bndbox>
  </object>
  <object>
    <name>WHITE</name>
    <occluded>0</occluded>
    <bndbox>
      <xmin>559.79</xmin>
      <ymin>396.87</ymin>
      <xmax>612.7</xmax>
      <ymax>450.1</ymax>
    </bndbox>
  </object>
  <object>
    <name>WHITE</name>
    <occluded>0</occluded>
    <bndbox>
      <xmin>619.44</xmin>
      <ymin>332.25</ymin>
      <xmax>668.9</xmax>
      <ymax>371.0</ymax>
    </bndbox>
  </object>
  <object>
    <name>WHITE</name>
    <occluded>0</occluded>
    <bndbox>
      <xmin>666.19</xmin>
      <ymin>279.13</ymin>
      <xmax>716.7</xmax>
      <ymax>315.7</ymax>
    </bndbox>
  </object>
  <object>
    <name>WHITE</name>
    <occluded>0</occluded>
    <bndbox>
      <xmin>432.78</xmin>
      <ymin>697.87</ymin>
      <xmax>475.1</xmax>
      <ymax>745.8</ymax>
    </bndbox>
  </object>
  <object>
    <name>WHITE</name>
    <occluded>0</occluded>
    <bndbox>
      <xmin>465.08</xmin>
      <ymin>654.93</ymin>
      <xmax>513.5</xmax>
      <ymax>700.8</ymax>
    </bndbox>
  </object>
  <object>
    <name>WHITE</name>
    <occluded>0</occluded>
    <bndbox>
      <xmin>528.26</xmin>
      <ymin>613.95</ymin>
      <xmax>580.9</xmax>
      <ymax>664.8</ymax>
    </bndbox>
  </object>
  <object>
    <name>WHITE</name>
    <occluded>0</occluded>
    <bndbox>
      <xmin>560.0</xmin>
      <ymin>548.1</ymin>
      <xmax>610.0</xmax>
      <ymax>601.7</ymax>
    </bndbox>
  </object>
  <object>
    <name>WHITE</name>
    <occluded>0</occluded>
    <bndbox>
      <xmin>613.89</xmin>
      <ymin>467.4</ymin>
      <xmax>669.2</xmax>
      <ymax>521.5</ymax>
    </bndbox>
  </object>
  <object>
    <name>WHITE</name>
    <occluded>0</occluded>
    <bndbox>
      <xmin>664.86</xmin>
      <ymin>398.81</ymin>
      <xmax>717.4</xmax>
      <ymax>452.3</ymax>
    </bndbox>
  </object>
  <object>
    <name>WHITE</name>
    <occluded>0</occluded>
    <bndbox>
      <xmin>716.12</xmin>
      <ymin>328.75</ymin>
      <xmax>766.9</xmax>
      <ymax>369.2</ymax>
    </bndbox>
  </object>
  <object>
    <name>WHITE</name>
    <occluded>0</occluded>
    <bndbox>
      <xmin>449.27</xmin>
      <ymin>816.12</ymin>
      <xmax>485.7</xmax>
      <ymax>853.6</ymax>
    </bndbox>
  </object>
  <object>
    <name>WHITE</name>
    <occluded>0</occluded>
    <bndbox>
      <xmin>470.62</xmin>
      <ymin>776.89</ymin>
      <xmax>519.2</xmax>
      <ymax>821.7</ymax>
    </bndbox>
  </object>
  <object>
    <name>WHITE</name>
    <occluded>0</occluded>
    <bndbox>
      <xmin>519.29</xmin>
      <ymin>733.53</ymin>
      <xmax>569.1</xmax>
      <ymax>779.0</ymax>
    </bndbox>
  </object>
  <object>
    <name>WHITE</name>
    <occluded>0</occluded>
    <bndbox>
      <xmin>569.62</xmin>
      <ymin>692.48</ymin>
      <xmax>620.1</xmax>
      <ymax>738.9</ymax>
    </bndbox>
  </object>
  <object>
    <name>WHITE</name>
    <occluded>0</occluded>
    <bndbox>
      <xmin>617.4</xmin>
      <ymin>626.3</ymin>
      <xmax>675.7</xmax>
      <ymax>678.9</ymax>
    </bndbox>
  </object>
  <object>
    <name>WHITE</name>
    <occluded>0</occluded>
    <bndbox>
      <xmin>661.07</xmin>
      <ymin>552.9</ymin>
      <xmax>717.6</xmax>
      <ymax>608.0</ymax>
    </bndbox>
  </object>
  <object>
    <name>WHITE</name>
    <occluded>0</occluded>
    <bndbox>
      <xmin>765.86</xmin>
      <ymin>392.23</ymin>
      <xmax>817.1</xmax>
      <ymax>442.3</ymax>
    </bndbox>
  </object>
  <object>
    <name>WHITE</name>
    <occluded>0</occluded>
    <bndbox>
      <xmin>494.01</xmin>
      <ymin>871.26</ymin>
      <xmax>537.9</xmax>
      <ymax>910.9</ymax>
    </bndbox>
  </object>
  <object>
    <name>WHITE</name>
    <occluded>0</occluded>
    <bndbox>
      <xmin>529.64</xmin>
      <ymin>848.03</ymin>
      <xmax>577.2</xmax>
      <ymax>884.7</ymax>
    </bndbox>
  </object>
  <object>
    <name>WHITE</name>
    <occluded>0</occluded>
    <bndbox>
      <xmin>569.57</xmin>
      <ymin>804.38</ymin>
      <xmax>620.1</xmax>
      <ymax>846.1</ymax>
    </bndbox>
  </object>
  <object>
    <name>WHITE</name>
    <occluded>0</occluded>
    <bndbox>
      <xmin>624.6</xmin>
      <ymin>762.05</ymin>
      <xmax>675.47</xmax>
      <ymax>800.8</ymax>
    </bndbox>
  </object>
  <object>
    <name>WHITE</name>
    <occluded>0</occluded>
    <bndbox>
      <xmin>679.6</xmin>
      <ymin>705.0</ymin>
      <xmax>733.5</xmax>
      <ymax>752.8</ymax>
    </bndbox>
  </object>
  <object>
    <name>WHITE</name>
    <occluded>0</occluded>
    <bndbox>
      <xmin>723.3</xmin>
      <ymin>635.1</ymin>
      <xmax>777.4</xmax>
      <ymax>684.4</ymax>
    </bndbox>
  </object>
  <object>
    <name>WHITE</name>
    <occluded>0</occluded>
    <bndbox>
      <xmin>769.5</xmin>
      <ymin>556.0</ymin>
      <xmax>818.0</xmax>
      <ymax>609.5</ymax>
    </bndbox>
  </object>
  <object>
    <name>WHITE</name>
    <occluded>0</occluded>
    <bndbox>
      <xmin>814.7</xmin>
      <ymin>473.82</ymin>
      <xmax>864.8</xmax>
      <ymax>527.0</ymax>
    </bndbox>
  </object>
  <object>
    <name>WHITE</name>
    <occluded>0</occluded>
    <bndbox>
      <xmin>371.4</xmin>
      <ymin>469.34</ymin>
      <xmax>407.19</xmax>
      <ymax>520.1</ymax>
    </bndbox>
  </object>
  <object>
    <name>BLACK</name>
    <occluded>0</occluded>
    <bndbox>
      <xmin>414.57</xmin>
      <ymin>525.13</ymin>
      <xmax>452.5</xmax>
      <ymax>568.2</ymax>
    </bndbox>
  </object>
  <object>
    <name>WHITE</name>
    <occluded>0</occluded>
    <bndbox>
      <xmin>475.88</xmin>
      <ymin>538.0</ymin>
      <xmax>526.5</xmax>
      <ymax>589.7</ymax>
    </bndbox>
  </object>
  <object>
    <name>WHITE</name>
    <occluded>0</occluded>
    <bndbox>
      <xmin>721.5</xmin>
      <ymin>474.5</ymin>
      <xmax>773.8</xmax>
      <ymax>528.7</ymax>
    </bndbox>
  </object>
  <object>
    <name>WHITE</name>
    <occluded>0</occluded>
    <bndbox>
      <xmin>466.88</xmin>
      <ymin>382.3</ymin>
      <xmax>512.13</xmax>
      <ymax>437.8</ymax>
    </bndbox>
  </object>
  <object>
    <name>WHITE</name>
    <occluded>0</occluded>
    <bndbox>
      <xmin>568.77</xmin>
      <ymin>897.3</ymin>
      <xmax>618.0</xmax>
      <ymax>935.0</ymax>
    </bndbox>
  </object>
  <object>
    <name>WHITE</name>
    <occluded>0</occluded>
    <bndbox>
      <xmin>730.81</xmin>
      <ymin>767.82</ymin>
      <xmax>781.6</xmax>
      <ymax>809.8</ymax>
    </bndbox>
  </object>
  <object>
    <name>WHITE</name>
    <occluded>0</occluded>
    <bndbox>
      <xmin>772.8</xmin>
      <ymin>703.89</ymin>
      <xmax>827.85</xmax>
      <ymax>747.7</ymax>
    </bndbox>
  </object>
  <object>
    <name>WHITE</name>
    <occluded>0</occluded>
    <bndbox>
      <xmin>819.49</xmin>
      <ymin>633.28</ymin>
      <xmax>866.15</xmax>
      <ymax>687.6</ymax>
    </bndbox>
  </object>
  <object>
    <name>BLACK</name>
    <occluded>0</occluded>
    <bndbox>
      <xmin>852.4</xmin>
      <ymin>557.6</ymin>
      <xmax>894.45</xmax>
      <ymax>610.9</ymax>
    </bndbox>
  </object>
  <object>
    <name>WHITE</name>
    <occluded>0</occluded>
    <bndbox>
      <xmin>780.55</xmin>
      <ymin>815.4</ymin>
      <xmax>828.2</xmax>
      <ymax>857.7</ymax>
    </bndbox>
  </object>
  <object>
    <name>WHITE</name>
    <occluded>0</occluded>
    <bndbox>
      <xmin>813.37</xmin>
      <ymin>764.0</ymin>
      <xmax>861.1</xmax>
      <ymax>805.3</ymax>
    </bndbox>
  </object>
  <object>
    <name>WHITE</name>
    <occluded>0</occluded>
    <bndbox>
      <xmin>401.66</xmin>
      <ymin>744.0</ymin>
      <xmax>437.53</xmax>
      <ymax>790.47</ymax>
    </bndbox>
  </object>
  <object>
    <name>WHITE</name>
    <occluded>0</occluded>
    <bndbox>
      <xmin>338.03</xmin>
      <ymin>500.09</ymin>
      <xmax>364.54</xmax>
      <ymax>550.0</ymax>
    </bndbox>
  </object>
  <object>
    <name>WHITE</name>
    <occluded>0</occluded>
    <bndbox>
      <xmin>350.2</xmin>
      <ymin>579.32</ymin>
      <xmax>380.76</xmax>
      <ymax>627.35</ymax>
    </bndbox>
  </object>
  <object>
    <name>WHITE</name>
    <occluded>0</occluded>
    <bndbox>
      <xmin>377.33</xmin>
      <ymin>546.25</ymin>
      <xmax>413.2</xmax>
      <ymax>594.91</ymax>
    </bndbox>
  </object>
  <object>
    <name>WHITE</name>
    <occluded>0</occluded>
    <bndbox>
      <xmin>401.04</xmin>
      <ymin>621.11</ymin>
      <xmax>435.66</xmax>
      <ymax>671.32</ymax>
    </bndbox>
  </object>
  <object>
    <name>WHITE</name>
    <occluded>0</occluded>
    <bndbox>
      <xmin>399.79</xmin>
      <ymin>393.74</ymin>
      <xmax>434.72</xmax>
      <ymax>443.95</ymax>
    </bndbox>
  </object>
  <object>
    <name>WHITE</name>
    <occluded>0</occluded>
    <bndbox>
      <xmin>428.48</xmin>
      <ymin>335.1</ymin>
      <xmax>462.79</xmax>
      <ymax>382.51</ymax>
    </bndbox>
  </object>
  <object>
    <name>WHITE</name>
    <occluded>0</occluded>
    <bndbox>
      <xmin>484.31</xmin>
      <ymin>286.76</ymin>
      <xmax>522.05</xmax>
      <ymax>327.93</ymax>
    </bndbox>
  </object>
  <object>
    <name>WHITE</name>
    <occluded>0</occluded>
    <bndbox>
      <xmin>517.06</xmin>
      <ymin>322.0</ymin>
      <xmax>566.03</xmax>
      <ymax>356.93</ymax>
    </bndbox>
  </object>
  <object>
    <name>WHITE</name>
    <occluded>0</occluded>
    <bndbox>
      <xmin>571.33</xmin>
      <ymin>271.47</ymin>
      <xmax>619.99</xmax>
      <ymax>312.02</ymax>
    </bndbox>
  </object>
  <object>
    <name>BLACK</name>
    <occluded>0</occluded>
    <bndbox>
      <xmin>622.48</xmin>
      <ymin>246.83</ymin>
      <xmax>671.45</xmax>
      <ymax>276.78</ymax>
    </bndbox>
  </object>
  <object>
    <name>WHITE</name>
    <occluded>0</occluded>
    <bndbox>
      <xmin>912.23</xmin>
      <ymin>299.23</ymin>
      <xmax>949.66</xmax>
      <ymax>337.6</ymax>
    </bndbox>
  </object>
  <object>
    <name>WHITE</name>
    <occluded>0</occluded>
    <bndbox>
      <xmin>854.53</xmin>
      <ymin>268.36</ymin>
      <xmax>896.02</xmax>
      <ymax>303.6</ymax>
    </bndbox>
  </object>
  <object>
    <name>WHITE</name>
    <occluded>0</occluded>
    <bndbox>
      <xmin>780.61</xmin>
      <ymin>253.7</ymin>
      <xmax>826.15</xmax>
      <ymax>278.96</ymax>
    </bndbox>
  </object>
  <object>
    <name>WHITE</name>
    <occluded>0</occluded>
    <bndbox>
      <xmin>770.32</xmin>
      <ymin>293.31</ymin>
      <xmax>820.85</xmax>
      <ymax>338.53</ymax>
    </bndbox>
  </object>
  <object>
    <name>WHITE</name>
    <occluded>0</occluded>
    <bndbox>
      <xmin>855.16</xmin>
      <ymin>313.89</ymin>
      <xmax>896.33</xmax>
      <ymax>356.0</ymax>
    </bndbox>
  </object>
  <object>
    <name>WHITE</name>
    <occluded>0</occluded>
    <bndbox>
      <xmin>829.27</xmin>
      <ymin>353.82</ymin>
      <xmax>875.12</xmax>
      <ymax>401.54</ymax>
    </bndbox>
  </object>
  <object>
    <name>WHITE</name>
    <occluded>0</occluded>
    <bndbox>
      <xmin>916.91</xmin>
      <ymin>339.47</ymin>
      <xmax>954.03</xmax>
      <ymax>380.01</ymax>
    </bndbox>
  </object>
  <object>
    <name>WHITE</name>
    <occluded>0</occluded>
    <bndbox>
      <xmin>949.35</xmin>
      <ymin>560.91</ymin>
      <xmax>981.79</xmax>
      <ymax>613.62</ymax>
    </bndbox>
  </object>
  <object>
    <name>WHITE</name>
    <occluded>0</occluded>
    <bndbox>
      <xmin>907.24</xmin>
      <ymin>604.89</ymin>
      <xmax>940.93</xmax>
      <ymax>655.42</ymax>
    </bndbox>
  </object>
  <object>
    <name>WHITE</name>
    <occluded>0</occluded>
    <bndbox>
      <xmin>689.23</xmin>
      <ymin>818.23</ymin>
      <xmax>736.95</xmax>
      <ymax>860.96</ymax>
    </bndbox>
  </object>
  <object>
    <name>WHITE</name>
    <occluded>0</occluded>
    <bndbox>
      <xmin>731.33</xmin>
      <ymin>864.08</ymin>
      <xmax>779.99</xmax>
      <ymax>906.81</ymax>
    </bndbox>
  </object>
  <object>
    <name>WHITE</name>
    <occluded>0</occluded>
    <bndbox>
      <xmin>737.57</xmin>
      <ymin>904.94</ymin>
      <xmax>783.73</xmax>
      <ymax>940.18</ymax>
    </bndbox>
  </object>
  <object>
    <name>BLACK</name>
    <occluded>0</occluded>
    <bndbox>
      <xmin>630.9</xmin>
      <ymin>869.69</ymin>
      <xmax>679.56</xmax>
      <ymax>901.5</ymax>
    </bndbox>
  </object>
  <object>
    <name>WHITE</name>
    <occluded>0</occluded>
    <bndbox>
      <xmin>652.42</xmin>
      <ymin>905.56</ymin>
      <xmax>702.64</xmax>
      <ymax>941.43</ymax>
    </bndbox>
  </object>
  <object>
    <name>WHITE</name>
    <occluded>0</occluded>
    <bndbox>
      <xmin>438.0</xmin>
      <ymin>455.5</ymin>
      <xmax>474.0</xmax>
      <ymax>500.5</ymax>
    </bndbox>
  </object>
</annotation>
