<annotation>
  <folder>TN</folder>
  <filename>TN_camera6.png</filename>
  <source>
    <database>Unknown</database>
    <annotation>Unknown</annotation>
    <image>Unknown</image>
  </source>
  <size>
    <width>1280</width>
    <height>960</height>
    <depth></depth>
  </size>
  <segmented>0</segmented>
  <object>
    <name>WHITE</name>
    <occluded>0</occluded>
    <bndbox>
      <xmin>504.55</xmin>
      <ymin>208.35</ymin>
      <xmax>547.6</xmax>
      <ymax>246.4</ymax>
    </bndbox>
  </object>
  <object>
    <name>WHITE</name>
    <occluded>0</occluded>
    <bndbox>
      <xmin>348.22</xmin>
      <ymin>665.79</ymin>
      <xmax>381.16</xmax>
      <ymax>711.45</ymax>
    </bndbox>
  </object>
  <object>
    <name>BLACK</name>
    <occluded>0</occluded>
    <bndbox>
      <xmin>379.29</xmin>
      <ymin>687.13</ymin>
      <xmax>417.46</xmax>
      <ymax>736.16</ymax>
    </bndbox>
  </object>
  <object>
    <name>WHITE</name>
    <occluded>0</occluded>
    <bndbox>
      <xmin>383.03</xmin>
      <ymin>747.38</ymin>
      <xmax>423.08</xmax>
      <ymax>789.68</ymax>
    </bndbox>
  </object>
  <object>
    <name>WHITE</name>
    <occluded>0</occluded>
    <bndbox>
      <xmin>420.08</xmin>
      <ymin>811.76</ymin>
      <xmax>458.63</xmax>
      <ymax>850.31</ymax>
    </bndbox>
  </object>
  <object>
    <name>WHITE</name>
    <occluded>0</occluded>
    <bndbox>
      <xmin>459.01</xmin>
      <ymin>815.5</ymin>
      <xmax>503.54</xmax>
      <ymax>853.3</ymax>
    </bndbox>
  </object>
  <object>
    <name>WHITE</name>
    <occluded>0</occluded>
    <bndbox>
      <xmin>566.42</xmin>
      <ymin>864.16</ymin>
      <xmax>615.45</xmax>
      <ymax>897.84</ymax>
    </bndbox>
  </object>
  <object>
    <name>WHITE</name>
    <occluded>0</occluded>
    <bndbox>
      <xmin>903.38</xmin>
      <ymin>611.34</ymin>
      <xmax>938.23</xmax>
      <ymax>652.66</ymax>
    </bndbox>
  </object>
  <object>
    <name>WHITE</name>
    <occluded>0</occluded>
    <bndbox>
      <xmin>924.69</xmin>
      <ymin>490.48</ymin>
      <xmax>959.54</xmax>
      <ymax>537.78</ymax>
    </bndbox>
  </object>
  <object>
    <name>WHITE</name>
    <occluded>0</occluded>
    <bndbox>
      <xmin>944.18</xmin>
      <ymin>535.7</ymin>
      <xmax>974.1</xmax>
      <ymax>582.23</ymax>
    </bndbox>
  </object>
  <object>
    <name>WHITE</name>
    <occluded>0</occluded>
    <bndbox>
      <xmin>905.46</xmin>
      <ymin>457.21</ymin>
      <xmax>937.71</xmax>
      <ymax>504.77</ymax>
    </bndbox>
  </object>
  <object>
    <name>WHITE</name>
    <occluded>0</occluded>
    <bndbox>
      <xmin>955.75</xmin>
      <ymin>416.87</ymin>
      <xmax>980.18</xmax>
      <ymax>462.62</ymax>
    </bndbox>
  </object>
  <object>
    <name>WHITE</name>
    <occluded>0</occluded>
    <bndbox>
      <xmin>979.66</xmin>
      <ymin>460.54</ymin>
      <xmax>999.93</xmax>
      <ymax>506.02</ymax>
    </bndbox>
  </object>
  <object>
    <name>WHITE</name>
    <occluded>0</occluded>
    <bndbox>
      <xmin>878.83</xmin>
      <ymin>229.87</ymin>
      <xmax>915.63</xmax>
      <ymax>269.48</ymax>
    </bndbox>
  </object>
  <object>
    <name>WHITE</name>
    <occluded>0</occluded>
    <bndbox>
      <xmin>340.81</xmin>
      <ymin>470.03</ymin>
      <xmax>376.68</xmax>
      <ymax>518.68</ymax>
    </bndbox>
  </object>
  <object>
    <name>WHITE</name>
    <occluded>0</occluded>
    <bndbox>
      <xmin>350.79</xmin>
      <ymin>387.38</ymin>
      <xmax>383.54</xmax>
      <ymax>431.66</ymax>
    </bndbox>
  </object>
  <object>
    <name>WHITE</name>
    <occluded>0</occluded>
    <bndbox>
      <xmin>560.95</xmin>
      <ymin>774.59</ymin>
      <xmax>599.95</xmax>
      <ymax>805.59</ymax>
    </bndbox>
  </object>
  <object>
    <name>WHITE</name>
    <occluded>0</occluded>
    <bndbox>
      <xmin>495.52</xmin>
      <ymin>771.39</ymin>
      <xmax>521.91</xmax>
      <ymax>811.19</ymax>
    </bndbox>
  </object>
  <object>
    <name>WHITE</name>
    <occluded>0</occluded>
    <bndbox>
      <xmin>466.82</xmin>
      <ymin>266.05</ymin>
      <xmax>508.61</xmax>
      <ymax>307.53</ymax>
    </bndbox>
  </object>
  <object>
    <name>WHITE</name>
    <occluded>0</occluded>
    <bndbox>
      <xmin>408.8</xmin>
      <ymin>289.13</ymin>
      <xmax>442.49</xmax>
      <ymax>331.23</ymax>
    </bndbox>
  </object>
  <object>
    <name>WHITE</name>
    <occluded>0</occluded>
    <bndbox>
      <xmin>536.99</xmin>
      <ymin>169.36</ymin>
      <xmax>585.02</xmax>
      <ymax>195.56</ymax>
    </bndbox>
  </object>
  <object>
    <name>WHITE</name>
    <occluded>0</occluded>
    <bndbox>
      <xmin>680.46</xmin>
      <ymin>155.33</ymin>
      <xmax>726.62</xmax>
      <ymax>178.72</ymax>
    </bndbox>
  </object>
  <object>
    <name>WHITE</name>
    <occluded>0</occluded>
    <bndbox>
      <xmin>762.18</xmin>
      <ymin>168.11</ymin>
      <xmax>804.6</xmax>
      <ymax>194.0</ymax>
    </bndbox>
  </object>
  <object>
    <name>WHITE</name>
    <occluded>0</occluded>
    <bndbox>
      <xmin>913.29</xmin>
      <ymin>645.56</ymin>
      <xmax>944.48</xmax>
      <ymax>686.11</ymax>
    </bndbox>
  </object>
  <object>
    <name>BLACK</name>
    <occluded>0</occluded>
    <bndbox>
      <xmin>839.69</xmin>
      <ymin>782.48</ymin>
      <xmax>874.31</xmax>
      <ymax>821.78</ymax>
    </bndbox>
  </object>
  <object>
    <name>WHITE</name>
    <occluded>0</occluded>
    <bndbox>
      <xmin>669.8</xmin>
      <ymin>451.98</ymin>
      <xmax>719.9</xmax>
      <ymax>501.7</ymax>
    </bndbox>
  </object>
  <object>
    <name>BLACK</name>
    <occluded>0</occluded>
    <bndbox>
      <xmin>619.6</xmin>
      <ymin>706.51</ymin>
      <xmax>661.46</xmax>
      <ymax>747.4</ymax>
    </bndbox>
  </object>
  <object>
    <name>WHITE</name>
    <occluded>0</occluded>
    <bndbox>
      <xmin>846.02</xmin>
      <ymin>327.52</ymin>
      <xmax>886.6</xmax>
      <ymax>373.4</ymax>
    </bndbox>
  </object>
  <object>
    <name>BLACK</name>
    <occluded>0</occluded>
    <bndbox>
      <xmin>496.57</xmin>
      <ymin>320.07</ymin>
      <xmax>546.2</xmax>
      <ymax>365.5</ymax>
    </bndbox>
  </object>
  <object>
    <name>WHITE</name>
    <occluded>0</occluded>
    <bndbox>
      <xmin>392.48</xmin>
      <ymin>444.38</ymin>
      <xmax>428.2</xmax>
      <ymax>492.2</ymax>
    </bndbox>
  </object>
  <object>
    <name>WHITE</name>
    <occluded>0</occluded>
    <bndbox>
      <xmin>444.27</xmin>
      <ymin>414.2</ymin>
      <xmax>485.85</xmax>
      <ymax>460.8</ymax>
    </bndbox>
  </object>
  <object>
    <name>WHITE</name>
    <occluded>0</occluded>
    <bndbox>
      <xmin>503.1</xmin>
      <ymin>391.9</ymin>
      <xmax>549.4</xmax>
      <ymax>440.5</ymax>
    </bndbox>
  </object>
  <object>
    <name>WHITE</name>
    <occluded>0</occluded>
    <bndbox>
      <xmin>572.1</xmin>
      <ymin>336.1</ymin>
      <xmax>619.07</xmax>
      <ymax>380.7</ymax>
    </bndbox>
  </object>
  <object>
    <name>WHITE</name>
    <occluded>0</occluded>
    <bndbox>
      <xmin>613.16</xmin>
      <ymin>284.18</ymin>
      <xmax>662.0</xmax>
      <ymax>327.7</ymax>
    </bndbox>
  </object>
  <object>
    <name>WHITE</name>
    <occluded>0</occluded>
    <bndbox>
      <xmin>663.32</xmin>
      <ymin>241.38</ymin>
      <xmax>711.2</xmax>
      <ymax>278.6</ymax>
    </bndbox>
  </object>
  <object>
    <name>WHITE</name>
    <occluded>0</occluded>
    <bndbox>
      <xmin>710.29</xmin>
      <ymin>201.92</ymin>
      <xmax>756.2</xmax>
      <ymax>231.8</ymax>
    </bndbox>
  </object>
  <object>
    <name>WHITE</name>
    <occluded>0</occluded>
    <bndbox>
      <xmin>403.63</xmin>
      <ymin>538.2</ymin>
      <xmax>444.7</xmax>
      <ymax>583.55</ymax>
    </bndbox>
  </object>
  <object>
    <name>WHITE</name>
    <occluded>0</occluded>
    <bndbox>
      <xmin>460.0</xmin>
      <ymin>506.2</ymin>
      <xmax>505.3</xmax>
      <ymax>553.94</ymax>
    </bndbox>
  </object>
  <object>
    <name>WHITE</name>
    <occluded>0</occluded>
    <bndbox>
      <xmin>517.61</xmin>
      <ymin>474.5</ymin>
      <xmax>567.6</xmax>
      <ymax>525.25</ymax>
    </bndbox>
  </object>
  <object>
    <name>WHITE</name>
    <occluded>0</occluded>
    <bndbox>
      <xmin>587.6</xmin>
      <ymin>425.6</ymin>
      <xmax>633.39</xmax>
      <ymax>472.02</ymax>
    </bndbox>
  </object>
  <object>
    <name>WHITE</name>
    <occluded>0</occluded>
    <bndbox>
      <xmin>644.41</xmin>
      <ymin>360.5</ymin>
      <xmax>694.2</xmax>
      <ymax>409.94</ymax>
    </bndbox>
  </object>
  <object>
    <name>WHITE</name>
    <occluded>0</occluded>
    <bndbox>
      <xmin>692.96</xmin>
      <ymin>307.67</ymin>
      <xmax>741.2</xmax>
      <ymax>350.25</ymax>
    </bndbox>
  </object>
  <object>
    <name>WHITE</name>
    <occluded>0</occluded>
    <bndbox>
      <xmin>744.45</xmin>
      <ymin>255.9</ymin>
      <xmax>787.9</xmax>
      <ymax>297.2</ymax>
    </bndbox>
  </object>
  <object>
    <name>WHITE</name>
    <occluded>0</occluded>
    <bndbox>
      <xmin>795.9</xmin>
      <ymin>202.78</ymin>
      <xmax>839.6</xmax>
      <ymax>240.1</ymax>
    </bndbox>
  </object>
  <object>
    <name>WHITE</name>
    <occluded>0</occluded>
    <bndbox>
      <xmin>483.46</xmin>
      <ymin>605.7</ymin>
      <xmax>531.3</xmax>
      <ymax>652.91</ymax>
    </bndbox>
  </object>
  <object>
    <name>WHITE</name>
    <occluded>0</occluded>
    <bndbox>
      <xmin>539.9</xmin>
      <ymin>555.63</ymin>
      <xmax>588.8</xmax>
      <ymax>605.0</ymax>
    </bndbox>
  </object>
  <object>
    <name>WHITE</name>
    <occluded>0</occluded>
    <bndbox>
      <xmin>602.3</xmin>
      <ymin>513.5</ymin>
      <xmax>649.9</xmax>
      <ymax>559.2</ymax>
    </bndbox>
  </object>
  <object>
    <name>WHITE</name>
    <occluded>0</occluded>
    <bndbox>
      <xmin>858.37</xmin>
      <ymin>636.36</ymin>
      <xmax>898.68</xmax>
      <ymax>683.0</ymax>
    </bndbox>
  </object>
  <object>
    <name>WHITE</name>
    <occluded>0</occluded>
    <bndbox>
      <xmin>722.7</xmin>
      <ymin>381.6</ymin>
      <xmax>771.6</xmax>
      <ymax>430.43</ymax>
    </bndbox>
  </object>
  <object>
    <name>WHITE</name>
    <occluded>0</occluded>
    <bndbox>
      <xmin>775.2</xmin>
      <ymin>324.5</ymin>
      <xmax>819.66</xmax>
      <ymax>369.61</ymax>
    </bndbox>
  </object>
  <object>
    <name>WHITE</name>
    <occluded>0</occluded>
    <bndbox>
      <xmin>567.77</xmin>
      <ymin>637.2</ymin>
      <xmax>614.8</xmax>
      <ymax>683.57</ymax>
    </bndbox>
  </object>
  <object>
    <name>WHITE</name>
    <occluded>0</occluded>
    <bndbox>
      <xmin>815.8</xmin>
      <ymin>606.39</ymin>
      <xmax>861.68</xmax>
      <ymax>646.3</ymax>
    </bndbox>
  </object>
  <object>
    <name>BLACK</name>
    <occluded>0</occluded>
    <bndbox>
      <xmin>860.8</xmin>
      <ymin>404.3</ymin>
      <xmax>900.12</xmax>
      <ymax>450.25</ymax>
    </bndbox>
  </object>
  <object>
    <name>WHITE</name>
    <occluded>0</occluded>
    <bndbox>
      <xmin>821.88</xmin>
      <ymin>472.29</ymin>
      <xmax>861.0</xmax>
      <ymax>519.4</ymax>
    </bndbox>
  </object>
  <object>
    <name>WHITE</name>
    <occluded>0</occluded>
    <bndbox>
      <xmin>777.65</xmin>
      <ymin>553.1</ymin>
      <xmax>821.9</xmax>
      <ymax>597.59</ymax>
    </bndbox>
  </object>
  <object>
    <name>WHITE</name>
    <occluded>0</occluded>
    <bndbox>
      <xmin>741.71</xmin>
      <ymin>607.66</ymin>
      <xmax>787.0</xmax>
      <ymax>650.3</ymax>
    </bndbox>
  </object>
  <object>
    <name>WHITE</name>
    <occluded>0</occluded>
    <bndbox>
      <xmin>803.94</xmin>
      <ymin>391.86</ymin>
      <xmax>839.3</xmax>
      <ymax>443.7</ymax>
    </bndbox>
  </object>
  <object>
    <name>WHITE</name>
    <occluded>0</occluded>
    <bndbox>
      <xmin>752.4</xmin>
      <ymin>469.1</ymin>
      <xmax>801.5</xmax>
      <ymax>517.1</ymax>
    </bndbox>
  </object>
  <object>
    <name>WHITE</name>
    <occluded>0</occluded>
    <bndbox>
      <xmin>693.95</xmin>
      <ymin>541.4</ymin>
      <xmax>741.9</xmax>
      <ymax>584.39</ymax>
    </bndbox>
  </object>
  <object>
    <name>WHITE</name>
    <occluded>0</occluded>
    <bndbox>
      <xmin>638.63</xmin>
      <ymin>589.97</ymin>
      <xmax>687.5</xmax>
      <ymax>636.6</ymax>
    </bndbox>
  </object>
  <object>
    <name>WHITE</name>
    <occluded>0</occluded>
    <bndbox>
      <xmin>865.38</xmin>
      <ymin>529.0</ymin>
      <xmax>904.3</xmax>
      <ymax>575.92</ymax>
    </bndbox>
  </object>
  <object>
    <name>WHITE</name>
    <occluded>0</occluded>
    <bndbox>
      <xmin>814.65</xmin>
      <ymin>258.63</ymin>
      <xmax>863.1</xmax>
      <ymax>299.64</ymax>
    </bndbox>
  </object>
  <object>
    <name>WHITE</name>
    <occluded>0</occluded>
    <bndbox>
      <xmin>637.06</xmin>
      <ymin>770.52</ymin>
      <xmax>676.57</xmax>
      <ymax>797.79</ymax>
    </bndbox>
  </object>
  <object>
    <name>WHITE</name>
    <occluded>0</occluded>
    <bndbox>
      <xmin>633.36</xmin>
      <ymin>182.67</ymin>
      <xmax>672.36</xmax>
      <ymax>203.67</ymax>
    </bndbox>
  </object>
  <object>
    <name>WHITE</name>
    <occluded>0</occluded>
    <bndbox>
      <xmin>956.11</xmin>
      <ymin>334.98</ymin>
      <xmax>981.6</xmax>
      <ymax>381.3</ymax>
    </bndbox>
  </object>
  <object>
    <name>WHITE</name>
    <occluded>0</occluded>
    <bndbox>
      <xmin>889.8</xmin>
      <ymin>576.01</ymin>
      <xmax>924.52</xmax>
      <ymax>617.6</ymax>
    </bndbox>
  </object>
  <object>
    <name>WHITE</name>
    <occluded>0</occluded>
    <bndbox>
      <xmin>396.25</xmin>
      <ymin>357.39</ymin>
      <xmax>427.5</xmax>
      <ymax>404.7</ymax>
    </bndbox>
  </object>
  <object>
    <name>WHITE</name>
    <occluded>0</occluded>
    <bndbox>
      <xmin>311.7</xmin>
      <ymin>417.9</ymin>
      <xmax>339.22</xmax>
      <ymax>464.4</ymax>
    </bndbox>
  </object>
  <object>
    <name>WHITE</name>
    <occluded>0</occluded>
    <bndbox>
      <xmin>542.21</xmin>
      <ymin>261.69</ymin>
      <xmax>588.2</xmax>
      <ymax>299.7</ymax>
    </bndbox>
  </object>
  <object>
    <name>WHITE</name>
    <occluded>0</occluded>
    <bndbox>
      <xmin>581.2</xmin>
      <ymin>213.03</ymin>
      <xmax>626.58</xmax>
      <ymax>247.6</ymax>
    </bndbox>
  </object>
  <object>
    <name>WHITE</name>
    <occluded>0</occluded>
    <bndbox>
      <xmin>775.6</xmin>
      <ymin>810.53</ymin>
      <xmax>814.27</xmax>
      <ymax>846.4</ymax>
    </bndbox>
  </object>
  <object>
    <name>WHITE</name>
    <occluded>0</occluded>
    <bndbox>
      <xmin>430.11</xmin>
      <ymin>759.31</ymin>
      <xmax>463.1</xmax>
      <ymax>800.8</ymax>
    </bndbox>
  </object>
  <object>
    <name>BLACK</name>
    <occluded>0</occluded>
    <bndbox>
      <xmin>499.63</xmin>
      <ymin>866.86</ymin>
      <xmax>543.8</xmax>
      <ymax>898.7</ymax>
    </bndbox>
  </object>
  <object>
    <name>WHITE</name>
    <occluded>0</occluded>
    <bndbox>
      <xmin>430.76</xmin>
      <ymin>705.42</ymin>
      <xmax>474.6</xmax>
      <ymax>753.5</ymax>
    </bndbox>
  </object>
  <object>
    <name>WHITE</name>
    <occluded>0</occluded>
    <bndbox>
      <xmin>525.42</xmin>
      <ymin>822.28</ymin>
      <xmax>567.2</xmax>
      <ymax>861.8</ymax>
    </bndbox>
  </object>
  <object>
    <name>WHITE</name>
    <occluded>0</occluded>
    <bndbox>
      <xmin>489.09</xmin>
      <ymin>693.3</ymin>
      <xmax>532.5</xmax>
      <ymax>736.68</ymax>
    </bndbox>
  </object>
  <object>
    <name>WHITE</name>
    <occluded>0</occluded>
    <bndbox>
      <xmin>545.2</xmin>
      <ymin>706.64</ymin>
      <xmax>593.7</xmax>
      <ymax>749.4</ymax>
    </bndbox>
  </object>
  <object>
    <name>WHITE</name>
    <occluded>0</occluded>
    <bndbox>
      <xmin>600.87</xmin>
      <ymin>822.83</ymin>
      <xmax>639.78</xmax>
      <ymax>857.3</ymax>
    </bndbox>
  </object>
  <object>
    <name>WHITE</name>
    <occluded>0</occluded>
    <bndbox>
      <xmin>635.74</xmin>
      <ymin>851.37</ymin>
      <xmax>676.7</xmax>
      <ymax>881.5</ymax>
    </bndbox>
  </object>
  <object>
    <name>WHITE</name>
    <occluded>0</occluded>
    <bndbox>
      <xmin>674.04</xmin>
      <ymin>806.14</ymin>
      <xmax>711.51</xmax>
      <ymax>841.7</ymax>
    </bndbox>
  </object>
  <object>
    <name>WHITE</name>
    <occluded>0</occluded>
    <bndbox>
      <xmin>897.64</xmin>
      <ymin>297.08</ymin>
      <xmax>933.3</xmax>
      <ymax>341.7</ymax>
    </bndbox>
  </object>
  <object>
    <name>WHITE</name>
    <occluded>0</occluded>
    <bndbox>
      <xmin>917.6</xmin>
      <ymin>369.1</ymin>
      <xmax>950.65</xmax>
      <ymax>416.38</ymax>
    </bndbox>
  </object>
  <object>
    <name>WHITE</name>
    <occluded>0</occluded>
    <bndbox>
      <xmin>649.44</xmin>
      <ymin>649.65</ymin>
      <xmax>697.2</xmax>
      <ymax>694.8</ymax>
    </bndbox>
  </object>
  <object>
    <name>WHITE</name>
    <occluded>0</occluded>
    <bndbox>
      <xmin>442.67</xmin>
      <ymin>334.46</ymin>
      <xmax>482.0</xmax>
      <ymax>383.8</ymax>
    </bndbox>
  </object>
  <object>
    <name>WHITE</name>
    <occluded>0</occluded>
    <bndbox>
      <xmin>708.03</xmin>
      <ymin>833.43</ymin>
      <xmax>746.31</xmax>
      <ymax>859.2</ymax>
    </bndbox>
  </object>
</annotation>
