<annotation>
  <folder>TN</folder>
  <filename>TN_camera10.png</filename>
  <source>
    <database>Unknown</database>
    <annotation>Unknown</annotation>
    <image>Unknown</image>
  </source>
  <size>
    <width>1280</width>
    <height>960</height>
    <depth></depth>
  </size>
  <segmented>0</segmented>
  <object>
    <name>WHITE</name>
    <occluded>0</occluded>
    <bndbox>
      <xmin>674.22</xmin>
      <ymin>568.81</ymin>
      <xmax>720.09</xmax>
      <ymax>616.65</ymax>
    </bndbox>
  </object>
  <object>
    <name>WHITE</name>
    <occluded>0</occluded>
    <bndbox>
      <xmin>569.06</xmin>
      <ymin>317.18</ymin>
      <xmax>613.49</xmax>
      <ymax>348.93</ymax>
    </bndbox>
  </object>
  <object>
    <name>WHITE</name>
    <occluded>0</occluded>
    <bndbox>
      <xmin>1062.88</xmin>
      <ymin>262.46</ymin>
      <xmax>1095.94</xmax>
      <ymax>309.87</ymax>
    </bndbox>
  </object>
  <object>
    <name>WHITE</name>
    <occluded>0</occluded>
    <bndbox>
      <xmin>483.06</xmin>
      <ymin>399.51</ymin>
      <xmax>515.22</xmax>
      <ymax>447.85</ymax>
    </bndbox>
  </object>
  <object>
    <name>WHITE</name>
    <occluded>0</occluded>
    <bndbox>
      <xmin>452.08</xmin>
      <ymin>340.47</ymin>
      <xmax>488.01</xmax>
      <ymax>380.89</ymax>
    </bndbox>
  </object>
  <object>
    <name>WHITE</name>
    <occluded>0</occluded>
    <bndbox>
      <xmin>845.27</xmin>
      <ymin>51.43</ymin>
      <xmax>897.04</xmax>
      <ymax>73.27</ymax>
    </bndbox>
  </object>
  <object>
    <name>WHITE</name>
    <occluded>0</occluded>
    <bndbox>
      <xmin>707.82</xmin>
      <ymin>70.55</ymin>
      <xmax>757.6</xmax>
      <ymax>97.12</ymax>
    </bndbox>
  </object>
  <object>
    <name>WHITE</name>
    <occluded>0</occluded>
    <bndbox>
      <xmin>981.87</xmin>
      <ymin>337.34</ymin>
      <xmax>1037.92</xmax>
      <ymax>390.69</ymax>
    </bndbox>
  </object>
  <object>
    <name>WHITE</name>
    <occluded>0</occluded>
    <bndbox>
      <xmin>1079.42</xmin>
      <ymin>505.49</ymin>
      <xmax>1112.84</xmax>
      <ymax>561.0</ymax>
    </bndbox>
  </object>
  <object>
    <name>WHITE</name>
    <occluded>0</occluded>
    <bndbox>
      <xmin>1019.37</xmin>
      <ymin>574.28</ymin>
      <xmax>1065.41</xmax>
      <ymax>629.67</ymax>
    </bndbox>
  </object>
  <object>
    <name>WHITE</name>
    <occluded>0</occluded>
    <bndbox>
      <xmin>1055.68</xmin>
      <ymin>415.96</ymin>
      <xmax>1095.35</xmax>
      <ymax>470.98</ymax>
    </bndbox>
  </object>
  <object>
    <name>WHITE</name>
    <occluded>0</occluded>
    <bndbox>
      <xmin>594.57</xmin>
      <ymin>138.25</ymin>
      <xmax>635.36</xmax>
      <ymax>175.68</ymax>
    </bndbox>
  </object>
  <object>
    <name>WHITE</name>
    <occluded>0</occluded>
    <bndbox>
      <xmin>490.15</xmin>
      <ymin>221.34</ymin>
      <xmax>524.95</xmax>
      <ymax>260.64</ymax>
    </bndbox>
  </object>
  <object>
    <name>WHITE</name>
    <occluded>0</occluded>
    <bndbox>
      <xmin>539.55</xmin>
      <ymin>206.75</ymin>
      <xmax>578.1</xmax>
      <ymax>251.66</ymax>
    </bndbox>
  </object>
  <object>
    <name>WHITE</name>
    <occluded>0</occluded>
    <bndbox>
      <xmin>497.26</xmin>
      <ymin>272.24</ymin>
      <xmax>532.06</xmax>
      <ymax>316.03</ymax>
    </bndbox>
  </object>
  <object>
    <name>WHITE</name>
    <occluded>0</occluded>
    <bndbox>
      <xmin>561.26</xmin>
      <ymin>257.65</ymin>
      <xmax>604.67</xmax>
      <ymax>304.43</ymax>
    </bndbox>
  </object>
  <object>
    <name>WHITE</name>
    <occluded>0</occluded>
    <bndbox>
      <xmin>502.87</xmin>
      <ymin>329.13</ymin>
      <xmax>543.29</xmax>
      <ymax>371.05</ymax>
    </bndbox>
  </object>
  <object>
    <name>WHITE</name>
    <occluded>0</occluded>
    <bndbox>
      <xmin>437.75</xmin>
      <ymin>500.92</ymin>
      <xmax>470.68</xmax>
      <ymax>550.33</ymax>
    </bndbox>
  </object>
  <object>
    <name>WHITE</name>
    <occluded>0</occluded>
    <bndbox>
      <xmin>444.48</xmin>
      <ymin>418.21</ymin>
      <xmax>473.3</xmax>
      <ymax>461.25</ymax>
    </bndbox>
  </object>
  <object>
    <name>WHITE</name>
    <occluded>0</occluded>
    <bndbox>
      <xmin>423.9</xmin>
      <ymin>584.76</ymin>
      <xmax>457.21</xmax>
      <ymax>636.79</ymax>
    </bndbox>
  </object>
  <object>
    <name>WHITE</name>
    <occluded>0</occluded>
    <bndbox>
      <xmin>468.06</xmin>
      <ymin>558.94</ymin>
      <xmax>496.13</xmax>
      <ymax>613.21</ymax>
    </bndbox>
  </object>
  <object>
    <name>BLACK</name>
    <occluded>0</occluded>
    <bndbox>
      <xmin>457.96</xmin>
      <ymin>646.14</ymin>
      <xmax>488.65</xmax>
      <ymax>698.92</ymax>
    </bndbox>
  </object>
  <object>
    <name>WHITE</name>
    <occluded>0</occluded>
    <bndbox>
      <xmin>607.3</xmin>
      <ymin>189.1</ymin>
      <xmax>646.94</xmax>
      <ymax>237.3</ymax>
    </bndbox>
  </object>
  <object>
    <name>WHITE</name>
    <occluded>0</occluded>
    <bndbox>
      <xmin>657.44</xmin>
      <ymin>118.4</ymin>
      <xmax>700.5</xmax>
      <ymax>157.54</ymax>
    </bndbox>
  </object>
  <object>
    <name>BLACK</name>
    <occluded>0</occluded>
    <bndbox>
      <xmin>531.6</xmin>
      <ymin>375.95</ymin>
      <xmax>584.45</xmax>
      <ymax>424.1</ymax>
    </bndbox>
  </object>
  <object>
    <name>WHITE</name>
    <occluded>0</occluded>
    <bndbox>
      <xmin>652.3</xmin>
      <ymin>242.72</ymin>
      <xmax>700.34</xmax>
      <ymax>290.4</ymax>
    </bndbox>
  </object>
  <object>
    <name>WHITE</name>
    <occluded>0</occluded>
    <bndbox>
      <xmin>675.59</xmin>
      <ymin>175.8</ymin>
      <xmax>721.51</xmax>
      <ymax>220.5</ymax>
    </bndbox>
  </object>
  <object>
    <name>WHITE</name>
    <occluded>0</occluded>
    <bndbox>
      <xmin>721.06</xmin>
      <ymin>112.1</ymin>
      <xmax>771.2</xmax>
      <ymax>140.09</ymax>
    </bndbox>
  </object>
  <object>
    <name>WHITE</name>
    <occluded>0</occluded>
    <bndbox>
      <xmin>554.2</xmin>
      <ymin>451.63</ymin>
      <xmax>601.87</xmax>
      <ymax>500.4</ymax>
    </bndbox>
  </object>
  <object>
    <name>WHITE</name>
    <occluded>0</occluded>
    <bndbox>
      <xmin>730.09</xmin>
      <ymin>224.3</ymin>
      <xmax>781.6</xmax>
      <ymax>274.22</ymax>
    </bndbox>
  </object>
  <object>
    <name>WHITE</name>
    <occluded>0</occluded>
    <bndbox>
      <xmin>770.66</xmin>
      <ymin>144.99</ymin>
      <xmax>825.9</xmax>
      <ymax>187.8</ymax>
    </bndbox>
  </object>
  <object>
    <name>WHITE</name>
    <occluded>0</occluded>
    <bndbox>
      <xmin>614.7</xmin>
      <ymin>518.77</ymin>
      <xmax>669.9</xmax>
      <ymax>569.1</ymax>
    </bndbox>
  </object>
  <object>
    <name>WHITE</name>
    <occluded>0</occluded>
    <bndbox>
      <xmin>797.67</xmin>
      <ymin>271.56</ymin>
      <xmax>848.7</xmax>
      <ymax>314.56</ymax>
    </bndbox>
  </object>
  <object>
    <name>WHITE</name>
    <occluded>0</occluded>
    <bndbox>
      <xmin>819.56</xmin>
      <ymin>198.22</ymin>
      <xmax>872.0</xmax>
      <ymax>243.9</ymax>
    </bndbox>
  </object>
  <object>
    <name>WHITE</name>
    <occluded>0</occluded>
    <bndbox>
      <xmin>854.84</xmin>
      <ymin>123.94</ymin>
      <xmax>907.7</xmax>
      <ymax>163.3</ymax>
    </bndbox>
  </object>
  <object>
    <name>WHITE</name>
    <occluded>0</occluded>
    <bndbox>
      <xmin>898.5</xmin>
      <ymin>78.9</ymin>
      <xmax>950.4</xmax>
      <ymax>115.6</ymax>
    </bndbox>
  </object>
  <object>
    <name>WHITE</name>
    <occluded>0</occluded>
    <bndbox>
      <xmin>730.07</xmin>
      <ymin>490.7</ymin>
      <xmax>784.3</xmax>
      <ymax>544.29</ymax>
    </bndbox>
  </object>
  <object>
    <name>WHITE</name>
    <occluded>0</occluded>
    <bndbox>
      <xmin>802.19</xmin>
      <ymin>394.34</ymin>
      <xmax>861.0</xmax>
      <ymax>447.5</ymax>
    </bndbox>
  </object>
  <object>
    <name>WHITE</name>
    <occluded>0</occluded>
    <bndbox>
      <xmin>829.37</xmin>
      <ymin>327.08</ymin>
      <xmax>884.6</xmax>
      <ymax>378.6</ymax>
    </bndbox>
  </object>
  <object>
    <name>WHITE</name>
    <occluded>0</occluded>
    <bndbox>
      <xmin>858.87</xmin>
      <ymin>248.86</ymin>
      <xmax>912.2</xmax>
      <ymax>296.0</ymax>
    </bndbox>
  </object>
  <object>
    <name>WHITE</name>
    <occluded>0</occluded>
    <bndbox>
      <xmin>902.11</xmin>
      <ymin>176.37</ymin>
      <xmax>954.2</xmax>
      <ymax>220.4</ymax>
    </bndbox>
  </object>
  <object>
    <name>WHITE</name>
    <occluded>0</occluded>
    <bndbox>
      <xmin>952.47</xmin>
      <ymin>125.74</ymin>
      <xmax>1001.8</xmax>
      <ymax>168.3</ymax>
    </bndbox>
  </object>
  <object>
    <name>WHITE</name>
    <occluded>0</occluded>
    <bndbox>
      <xmin>990.27</xmin>
      <ymin>93.5</ymin>
      <xmax>1030.9</xmax>
      <ymax>130.8</ymax>
    </bndbox>
  </object>
  <object>
    <name>WHITE</name>
    <occluded>0</occluded>
    <bndbox>
      <xmin>761.07</xmin>
      <ymin>551.4</ymin>
      <xmax>817.2</xmax>
      <ymax>605.9</ymax>
    </bndbox>
  </object>
  <object>
    <name>WHITE</name>
    <occluded>0</occluded>
    <bndbox>
      <xmin>823.4</xmin>
      <ymin>472.46</ymin>
      <xmax>879.1</xmax>
      <ymax>524.7</ymax>
    </bndbox>
  </object>
  <object>
    <name>WHITE</name>
    <occluded>0</occluded>
    <bndbox>
      <xmin>888.71</xmin>
      <ymin>385.85</ymin>
      <xmax>947.0</xmax>
      <ymax>437.3</ymax>
    </bndbox>
  </object>
  <object>
    <name>WHITE</name>
    <occluded>0</occluded>
    <bndbox>
      <xmin>906.72</xmin>
      <ymin>318.53</ymin>
      <xmax>959.7</xmax>
      <ymax>370.1</ymax>
    </bndbox>
  </object>
  <object>
    <name>WHITE</name>
    <occluded>0</occluded>
    <bndbox>
      <xmin>952.9</xmin>
      <ymin>238.54</ymin>
      <xmax>999.77</xmax>
      <ymax>285.06</ymax>
    </bndbox>
  </object>
  <object>
    <name>WHITE</name>
    <occluded>0</occluded>
    <bndbox>
      <xmin>1004.45</xmin>
      <ymin>187.81</ymin>
      <xmax>1050.5</xmax>
      <ymax>234.3</ymax>
    </bndbox>
  </object>
  <object>
    <name>WHITE</name>
    <occluded>0</occluded>
    <bndbox>
      <xmin>1046.52</xmin>
      <ymin>150.54</ymin>
      <xmax>1078.1</xmax>
      <ymax>197.9</ymax>
    </bndbox>
  </object>
  <object>
    <name>BLACK</name>
    <occluded>0</occluded>
    <bndbox>
      <xmin>862.88</xmin>
      <ymin>536.5</ymin>
      <xmax>920.1</xmax>
      <ymax>588.0</ymax>
    </bndbox>
  </object>
  <object>
    <name>WHITE</name>
    <occluded>0</occluded>
    <bndbox>
      <xmin>916.29</xmin>
      <ymin>469.7</ymin>
      <xmax>974.1</xmax>
      <ymax>520.1</ymax>
    </bndbox>
  </object>
  <object>
    <name>WHITE</name>
    <occluded>0</occluded>
    <bndbox>
      <xmin>581.42</xmin>
      <ymin>594.83</ymin>
      <xmax>632.1</xmax>
      <ymax>647.8</ymax>
    </bndbox>
  </object>
  <object>
    <name>WHITE</name>
    <occluded>0</occluded>
    <bndbox>
      <xmin>530.53</xmin>
      <ymin>539.23</ymin>
      <xmax>577.51</xmax>
      <ymax>593.8</ymax>
    </bndbox>
  </object>
  <object>
    <name>WHITE</name>
    <occluded>0</occluded>
    <bndbox>
      <xmin>488.33</xmin>
      <ymin>474.06</ymin>
      <xmax>531.3</xmax>
      <ymax>522.3</ymax>
    </bndbox>
  </object>
  <object>
    <name>WHITE</name>
    <occluded>0</occluded>
    <bndbox>
      <xmin>510.54</xmin>
      <ymin>616.45</ymin>
      <xmax>553.7</xmax>
      <ymax>670.0</ymax>
    </bndbox>
  </object>
  <object>
    <name>WHITE</name>
    <occluded>0</occluded>
    <bndbox>
      <xmin>1006.55</xmin>
      <ymin>479.89</ymin>
      <xmax>1054.5</xmax>
      <ymax>534.4</ymax>
    </bndbox>
  </object>
  <object>
    <name>WHITE</name>
    <occluded>0</occluded>
    <bndbox>
      <xmin>948.9</xmin>
      <ymin>550.5</ymin>
      <xmax>997.52</xmax>
      <ymax>607.4</ymax>
    </bndbox>
  </object>
  <object>
    <name>WHITE</name>
    <occluded>0</occluded>
    <bndbox>
      <xmin>978.8</xmin>
      <ymin>391.36</ymin>
      <xmax>1028.7</xmax>
      <ymax>441.7</ymax>
    </bndbox>
  </object>
  <object>
    <name>WHITE</name>
    <occluded>0</occluded>
    <bndbox>
      <xmin>815.56</xmin>
      <ymin>88.01</ymin>
      <xmax>870.3</xmax>
      <ymax>128.1</ymax>
    </bndbox>
  </object>
</annotation>
