<annotation>
  <folder>TN</folder>
  <filename>TN_camera1.png</filename>
  <source>
    <database>Unknown</database>
    <annotation>Unknown</annotation>
    <image>Unknown</image>
  </source>
  <size>
    <width>960</width>
    <height>1280</height>
    <depth></depth>
  </size>
  <segmented>0</segmented>
  <object>
    <name>WHITE</name>
    <occluded>0</occluded>
    <bndbox>
      <xmin>437.24</xmin>
      <ymin>307.14</ymin>
      <xmax>478.15</xmax>
      <ymax>333.42</ymax>
    </bndbox>
  </object>
  <object>
    <name>WHITE</name>
    <occluded>0</occluded>
    <bndbox>
      <xmin>238.77</xmin>
      <ymin>745.22</ymin>
      <xmax>268.8</xmax>
      <ymax>790.56</ymax>
    </bndbox>
  </object>
  <object>
    <name>WHITE</name>
    <occluded>0</occluded>
    <bndbox>
      <xmin>588.27</xmin>
      <ymin>918.92</ymin>
      <xmax>642.72</xmax>
      <ymax>946.64</ymax>
    </bndbox>
  </object>
  <object>
    <name>WHITE</name>
    <occluded>0</occluded>
    <bndbox>
      <xmin>504.8</xmin>
      <ymin>872.8</ymin>
      <xmax>553.4</xmax>
      <ymax>919.7</ymax>
    </bndbox>
  </object>
  <object>
    <name>WHITE</name>
    <occluded>0</occluded>
    <bndbox>
      <xmin>403.01</xmin>
      <ymin>904.44</ymin>
      <xmax>451.4</xmax>
      <ymax>936.5</ymax>
    </bndbox>
  </object>
  <object>
    <name>WHITE</name>
    <occluded>0</occluded>
    <bndbox>
      <xmin>509.69</xmin>
      <ymin>809.2</ymin>
      <xmax>563.4</xmax>
      <ymax>852.2</ymax>
    </bndbox>
  </object>
  <object>
    <name>WHITE</name>
    <occluded>0</occluded>
    <bndbox>
      <xmin>414.8</xmin>
      <ymin>838.02</ymin>
      <xmax>463.7</xmax>
      <ymax>877.7</ymax>
    </bndbox>
  </object>
  <object>
    <name>WHITE</name>
    <occluded>0</occluded>
    <bndbox>
      <xmin>336.1</xmin>
      <ymin>836.73</ymin>
      <xmax>378.9</xmax>
      <ymax>881.6</ymax>
    </bndbox>
  </object>
  <object>
    <name>WHITE</name>
    <occluded>0</occluded>
    <bndbox>
      <xmin>292.36</xmin>
      <ymin>745.3</ymin>
      <xmax>330.5</xmax>
      <ymax>795.31</ymax>
    </bndbox>
  </object>
  <object>
    <name>WHITE</name>
    <occluded>0</occluded>
    <bndbox>
      <xmin>246.38</xmin>
      <ymin>674.81</ymin>
      <xmax>274.8</xmax>
      <ymax>720.3</ymax>
    </bndbox>
  </object>
  <object>
    <name>WHITE</name>
    <occluded>0</occluded>
    <bndbox>
      <xmin>226.5</xmin>
      <ymin>612.75</ymin>
      <xmax>250.93</xmax>
      <ymax>660.0</ymax>
    </bndbox>
  </object>
  <object>
    <name>WHITE</name>
    <occluded>0</occluded>
    <bndbox>
      <xmin>529.67</xmin>
      <ymin>576.4</ymin>
      <xmax>579.7</xmax>
      <ymax>627.4</ymax>
    </bndbox>
  </object>
  <object>
    <name>WHITE</name>
    <occluded>0</occluded>
    <bndbox>
      <xmin>473.81</xmin>
      <ymin>662.72</ymin>
      <xmax>527.3</xmax>
      <ymax>713.7</ymax>
    </bndbox>
  </object>
  <object>
    <name>WHITE</name>
    <occluded>0</occluded>
    <bndbox>
      <xmin>587.3</xmin>
      <ymin>399.4</ymin>
      <xmax>635.9</xmax>
      <ymax>439.0</ymax>
    </bndbox>
  </object>
  <object>
    <name>WHITE</name>
    <occluded>0</occluded>
    <bndbox>
      <xmin>538.13</xmin>
      <ymin>446.77</ymin>
      <xmax>586.7</xmax>
      <ymax>491.7</ymax>
    </bndbox>
  </object>
  <object>
    <name>WHITE</name>
    <occluded>0</occluded>
    <bndbox>
      <xmin>485.5</xmin>
      <ymin>498.68</ymin>
      <xmax>536.8</xmax>
      <ymax>550.0</ymax>
    </bndbox>
  </object>
  <object>
    <name>WHITE</name>
    <occluded>0</occluded>
    <bndbox>
      <xmin>432.1</xmin>
      <ymin>590.4</ymin>
      <xmax>480.6</xmax>
      <ymax>639.4</ymax>
    </bndbox>
  </object>
  <object>
    <name>WHITE</name>
    <occluded>0</occluded>
    <bndbox>
      <xmin>535.67</xmin>
      <ymin>347.93</ymin>
      <xmax>583.6</xmax>
      <ymax>377.1</ymax>
    </bndbox>
  </object>
  <object>
    <name>WHITE</name>
    <occluded>0</occluded>
    <bndbox>
      <xmin>487.09</xmin>
      <ymin>388.54</ymin>
      <xmax>535.2</xmax>
      <ymax>425.7</ymax>
    </bndbox>
  </object>
  <object>
    <name>WHITE</name>
    <occluded>0</occluded>
    <bndbox>
      <xmin>361.9</xmin>
      <ymin>753.5</ymin>
      <xmax>405.4</xmax>
      <ymax>802.4</ymax>
    </bndbox>
  </object>
  <object>
    <name>WHITE</name>
    <occluded>0</occluded>
    <bndbox>
      <xmin>300.6</xmin>
      <ymin>664.87</ymin>
      <xmax>338.4</xmax>
      <ymax>716.9</ymax>
    </bndbox>
  </object>
  <object>
    <name>WHITE</name>
    <occluded>0</occluded>
    <bndbox>
      <xmin>270.1</xmin>
      <ymin>602.0</ymin>
      <xmax>303.2</xmax>
      <ymax>648.0</ymax>
    </bndbox>
  </object>
  <object>
    <name>WHITE</name>
    <occluded>0</occluded>
    <bndbox>
      <xmin>251.13</xmin>
      <ymin>545.85</ymin>
      <xmax>280.9</xmax>
      <ymax>591.3</ymax>
    </bndbox>
  </object>
  <object>
    <name>WHITE</name>
    <occluded>0</occluded>
    <bndbox>
      <xmin>434.98</xmin>
      <ymin>748.24</ymin>
      <xmax>486.0</xmax>
      <ymax>794.9</ymax>
    </bndbox>
  </object>
  <object>
    <name>WHITE</name>
    <occluded>0</occluded>
    <bndbox>
      <xmin>373.05</xmin>
      <ymin>662.01</ymin>
      <xmax>420.4</xmax>
      <ymax>713.7</ymax>
    </bndbox>
  </object>
  <object>
    <name>WHITE</name>
    <occluded>0</occluded>
    <bndbox>
      <xmin>329.89</xmin>
      <ymin>593.47</ymin>
      <xmax>373.06</xmax>
      <ymax>644.1</ymax>
    </bndbox>
  </object>
  <object>
    <name>WHITE</name>
    <occluded>0</occluded>
    <bndbox>
      <xmin>308.3</xmin>
      <ymin>531.25</ymin>
      <xmax>343.42</xmax>
      <ymax>578.0</ymax>
    </bndbox>
  </object>
  <object>
    <name>WHITE</name>
    <occluded>0</occluded>
    <bndbox>
      <xmin>286.7</xmin>
      <ymin>481.97</ymin>
      <xmax>319.63</xmax>
      <ymax>529.1</ymax>
    </bndbox>
  </object>
  <object>
    <name>WHITE</name>
    <occluded>0</occluded>
    <bndbox>
      <xmin>354.42</xmin>
      <ymin>469.77</ymin>
      <xmax>396.82</xmax>
      <ymax>517.5</ymax>
    </bndbox>
  </object>
  <object>
    <name>WHITE</name>
    <occluded>0</occluded>
    <bndbox>
      <xmin>395.87</xmin>
      <ymin>406.03</ymin>
      <xmax>442.9</xmax>
      <ymax>441.8</ymax>
    </bndbox>
  </object>
  <object>
    <name>WHITE</name>
    <occluded>0</occluded>
    <bndbox>
      <xmin>437.45</xmin>
      <ymin>356.33</ymin>
      <xmax>487.6</xmax>
      <ymax>385.5</ymax>
    </bndbox>
  </object>
  <object>
    <name>WHITE</name>
    <occluded>0</occluded>
    <bndbox>
      <xmin>393.29</xmin>
      <ymin>523.16</ymin>
      <xmax>439.6</xmax>
      <ymax>570.4</ymax>
    </bndbox>
  </object>
  <object>
    <name>WHITE</name>
    <occluded>0</occluded>
    <bndbox>
      <xmin>439.8</xmin>
      <ymin>450.0</ymin>
      <xmax>485.8</xmax>
      <ymax>492.86</ymax>
    </bndbox>
  </object>
  <object>
    <name>BLACK</name>
    <occluded>0</occluded>
    <bndbox>
      <xmin>518.1</xmin>
      <ymin>734.7</ymin>
      <xmax>570.7</xmax>
      <ymax>782.5</ymax>
    </bndbox>
  </object>
  <object>
    <name>WHITE</name>
    <occluded>0</occluded>
    <bndbox>
      <xmin>717.6</xmin>
      <ymin>501.07</ymin>
      <xmax>753.53</xmax>
      <ymax>546.8</ymax>
    </bndbox>
  </object>
  <object>
    <name>WHITE</name>
    <occluded>0</occluded>
    <bndbox>
      <xmin>678.35</xmin>
      <ymin>545.54</ymin>
      <xmax>719.3</xmax>
      <ymax>594.8</ymax>
    </bndbox>
  </object>
  <object>
    <name>WHITE</name>
    <occluded>0</occluded>
    <bndbox>
      <xmin>573.2</xmin>
      <ymin>672.0</ymin>
      <xmax>621.75</xmax>
      <ymax>722.87</ymax>
    </bndbox>
  </object>
  <object>
    <name>WHITE</name>
    <occluded>0</occluded>
    <bndbox>
      <xmin>677.25</xmin>
      <ymin>691.18</ymin>
      <xmax>716.9</xmax>
      <ymax>738.1</ymax>
    </bndbox>
  </object>
  <object>
    <name>WHITE</name>
    <occluded>0</occluded>
    <bndbox>
      <xmin>795.79</xmin>
      <ymin>717.54</ymin>
      <xmax>826.29</xmax>
      <ymax>766.75</ymax>
    </bndbox>
  </object>
  <object>
    <name>WHITE</name>
    <occluded>0</occluded>
    <bndbox>
      <xmin>482.77</xmin>
      <ymin>321.38</ymin>
      <xmax>531.1</xmax>
      <ymax>340.64</ymax>
    </bndbox>
  </object>
  <object>
    <name>WHITE</name>
    <occluded>0</occluded>
    <bndbox>
      <xmin>272.84</xmin>
      <ymin>820.02</ymin>
      <xmax>307.79</xmax>
      <ymax>862.47</ymax>
    </bndbox>
  </object>
  <object>
    <name>WHITE</name>
    <occluded>0</occluded>
    <bndbox>
      <xmin>351.89</xmin>
      <ymin>375.22</ymin>
      <xmax>395.97</xmax>
      <ymax>410.57</ymax>
    </bndbox>
  </object>
  <object>
    <name>BLACK</name>
    <occluded>0</occluded>
    <bndbox>
      <xmin>329.85</xmin>
      <ymin>423.05</ymin>
      <xmax>368.11</xmax>
      <ymax>465.05</ymax>
    </bndbox>
  </object>
  <object>
    <name>WHITE</name>
    <occluded>0</occluded>
    <bndbox>
      <xmin>584.15</xmin>
      <ymin>323.2</ymin>
      <xmax>631.63</xmax>
      <ymax>352.65</ymax>
    </bndbox>
  </object>
  <object>
    <name>WHITE</name>
    <occluded>0</occluded>
    <bndbox>
      <xmin>636.48</xmin>
      <ymin>366.52</ymin>
      <xmax>678.41</xmax>
      <ymax>403.6</ymax>
    </bndbox>
  </object>
  <object>
    <name>WHITE</name>
    <occluded>0</occluded>
    <bndbox>
      <xmin>678.07</xmin>
      <ymin>427.86</ymin>
      <xmax>719.3</xmax>
      <ymax>474.99</ymax>
    </bndbox>
  </object>
  <object>
    <name>WHITE</name>
    <occluded>0</occluded>
    <bndbox>
      <xmin>785.5</xmin>
      <ymin>641.33</ymin>
      <xmax>814.26</xmax>
      <ymax>688.46</ymax>
    </bndbox>
  </object>
  <object>
    <name>WHITE</name>
    <occluded>0</occluded>
    <bndbox>
      <xmin>735.56</xmin>
      <ymin>788.62</ymin>
      <xmax>773.02</xmax>
      <ymax>835.4</ymax>
    </bndbox>
  </object>
  <object>
    <name>WHITE</name>
    <occluded>0</occluded>
    <bndbox>
      <xmin>492.31</xmin>
      <ymin>942.14</ymin>
      <xmax>544.64</xmax>
      <ymax>962.93</ymax>
    </bndbox>
  </object>
  <object>
    <name>WHITE</name>
    <occluded>0</occluded>
    <bndbox>
      <xmin>330.13</xmin>
      <ymin>891.89</ymin>
      <xmax>372.41</xmax>
      <ymax>926.54</ymax>
    </bndbox>
  </object>
  <object>
    <name>WHITE</name>
    <occluded>0</occluded>
    <bndbox>
      <xmin>484.34</xmin>
      <ymin>970.55</ymin>
      <xmax>537.71</xmax>
      <ymax>992.39</ymax>
    </bndbox>
  </object>
  <object>
    <name>WHITE</name>
    <occluded>0</occluded>
    <bndbox>
      <xmin>568.87</xmin>
      <ymin>951.15</ymin>
      <xmax>619.5</xmax>
      <ymax>977.83</ymax>
    </bndbox>
  </object>
  <object>
    <name>WHITE</name>
    <occluded>0</occluded>
    <bndbox>
      <xmin>639.06</xmin>
      <ymin>468.0</ymin>
      <xmax>678.06</xmax>
      <ymax>514.7</ymax>
    </bndbox>
  </object>
  <object>
    <name>WHITE</name>
    <occluded>0</occluded>
    <bndbox>
      <xmin>748.9</xmin>
      <ymin>702.78</ymin>
      <xmax>779.98</xmax>
      <ymax>744.78</ymax>
    </bndbox>
  </object>
  <object>
    <name>WHITE</name>
    <occluded>0</occluded>
    <bndbox>
      <xmin>670.31</xmin>
      <ymin>771.7</ymin>
      <xmax>713.24</xmax>
      <ymax>824.08</ymax>
    </bndbox>
  </object>
  <object>
    <name>WHITE</name>
    <occluded>0</occluded>
    <bndbox>
      <xmin>595.3</xmin>
      <ymin>757.4</ymin>
      <xmax>644.0</xmax>
      <ymax>806.22</ymax>
    </bndbox>
  </object>
  <object>
    <name>WHITE</name>
    <occluded>0</occluded>
    <bndbox>
      <xmin>606.59</xmin>
      <ymin>843.06</ymin>
      <xmax>651.47</xmax>
      <ymax>890.63</ymax>
    </bndbox>
  </object>
  <object>
    <name>WHITE</name>
    <occluded>0</occluded>
    <bndbox>
      <xmin>627.6</xmin>
      <ymin>603.2</ymin>
      <xmax>675.1</xmax>
      <ymax>655.4</ymax>
    </bndbox>
  </object>
  <object>
    <name>WHITE</name>
    <occluded>0</occluded>
    <bndbox>
      <xmin>728.73</xmin>
      <ymin>625.51</ymin>
      <xmax>764.9</xmax>
      <ymax>674.4</ymax>
    </bndbox>
  </object>
  <object>
    <name>WHITE</name>
    <occluded>0</occluded>
    <bndbox>
      <xmin>755.44</xmin>
      <ymin>563.79</ymin>
      <xmax>792.5</xmax>
      <ymax>613.9</ymax>
    </bndbox>
  </object>
  <object>
    <name>WHITE</name>
    <occluded>0</occluded>
    <bndbox>
      <xmin>587.75</xmin>
      <ymin>511.5</ymin>
      <xmax>634.3</xmax>
      <ymax>563.9</ymax>
    </bndbox>
  </object>
</annotation>
