<annotation>
  <folder>TN</folder>
  <filename>TN_camera11.png</filename>
  <source>
    <database>Unknown</database>
    <annotation>Unknown</annotation>
    <image>Unknown</image>
  </source>
  <size>
    <width>1280</width>
    <height>960</height>
    <depth></depth>
  </size>
  <segmented>0</segmented>
  <object>
    <name>WHITE</name>
    <occluded>0</occluded>
    <bndbox>
      <xmin>848.22</xmin>
      <ymin>272.39</ymin>
      <xmax>881.7</xmax>
      <ymax>312.1</ymax>
    </bndbox>
  </object>
  <object>
    <name>WHITE</name>
    <occluded>0</occluded>
    <bndbox>
      <xmin>607.7</xmin>
      <ymin>149.48</ymin>
      <xmax>648.7</xmax>
      <ymax>182.9</ymax>
    </bndbox>
  </object>
  <object>
    <name>WHITE</name>
    <occluded>0</occluded>
    <bndbox>
      <xmin>690.05</xmin>
      <ymin>179.82</ymin>
      <xmax>737.3</xmax>
      <ymax>219.6</ymax>
    </bndbox>
  </object>
  <object>
    <name>WHITE</name>
    <occluded>0</occluded>
    <bndbox>
      <xmin>738.84</xmin>
      <ymin>162.24</ymin>
      <xmax>778.8</xmax>
      <ymax>199.1</ymax>
    </bndbox>
  </object>
  <object>
    <name>WHITE</name>
    <occluded>0</occluded>
    <bndbox>
      <xmin>781.05</xmin>
      <ymin>142.0</ymin>
      <xmax>819.7</xmax>
      <ymax>176.4</ymax>
    </bndbox>
  </object>
  <object>
    <name>WHITE</name>
    <occluded>0</occluded>
    <bndbox>
      <xmin>728.79</xmin>
      <ymin>259.71</ymin>
      <xmax>774.5</xmax>
      <ymax>297.0</ymax>
    </bndbox>
  </object>
  <object>
    <name>WHITE</name>
    <occluded>0</occluded>
    <bndbox>
      <xmin>767.66</xmin>
      <ymin>225.95</ymin>
      <xmax>809.6</xmax>
      <ymax>265.2</ymax>
    </bndbox>
  </object>
  <object>
    <name>WHITE</name>
    <occluded>0</occluded>
    <bndbox>
      <xmin>808.1</xmin>
      <ymin>199.66</ymin>
      <xmax>846.4</xmax>
      <ymax>240.8</ymax>
    </bndbox>
  </object>
  <object>
    <name>WHITE</name>
    <occluded>0</occluded>
    <bndbox>
      <xmin>802.32</xmin>
      <ymin>297.03</ymin>
      <xmax>844.7</xmax>
      <ymax>335.8</ymax>
    </bndbox>
  </object>
  <object>
    <name>WHITE</name>
    <occluded>0</occluded>
    <bndbox>
      <xmin>610.18</xmin>
      <ymin>434.71</ymin>
      <xmax>661.3</xmax>
      <ymax>481.7</ymax>
    </bndbox>
  </object>
  <object>
    <name>WHITE</name>
    <occluded>0</occluded>
    <bndbox>
      <xmin>656.38</xmin>
      <ymin>508.13</ymin>
      <xmax>706.5</xmax>
      <ymax>556.1</ymax>
    </bndbox>
  </object>
  <object>
    <name>BLACK</name>
    <occluded>0</occluded>
    <bndbox>
      <xmin>614.62</xmin>
      <ymin>363.3</ymin>
      <xmax>665.8</xmax>
      <ymax>398.2</ymax>
    </bndbox>
  </object>
  <object>
    <name>WHITE</name>
    <occluded>0</occluded>
    <bndbox>
      <xmin>677.19</xmin>
      <ymin>419.95</ymin>
      <xmax>729.9</xmax>
      <ymax>461.55</ymax>
    </bndbox>
  </object>
  <object>
    <name>WHITE</name>
    <occluded>0</occluded>
    <bndbox>
      <xmin>717.83</xmin>
      <ymin>486.79</ymin>
      <xmax>765.0</xmax>
      <ymax>538.3</ymax>
    </bndbox>
  </object>
  <object>
    <name>BLACK</name>
    <occluded>0</occluded>
    <bndbox>
      <xmin>752.89</xmin>
      <ymin>561.89</ymin>
      <xmax>798.5</xmax>
      <ymax>613.6</ymax>
    </bndbox>
  </object>
  <object>
    <name>WHITE</name>
    <occluded>0</occluded>
    <bndbox>
      <xmin>687.1</xmin>
      <ymin>355.0</ymin>
      <xmax>734.5</xmax>
      <ymax>393.0</ymax>
    </bndbox>
  </object>
  <object>
    <name>WHITE</name>
    <occluded>0</occluded>
    <bndbox>
      <xmin>750.83</xmin>
      <ymin>417.54</ymin>
      <xmax>795.5</xmax>
      <ymax>466.3</ymax>
    </bndbox>
  </object>
  <object>
    <name>WHITE</name>
    <occluded>0</occluded>
    <bndbox>
      <xmin>915.29</xmin>
      <ymin>316.78</ymin>
      <xmax>944.48</xmax>
      <ymax>357.95</ymax>
    </bndbox>
  </object>
  <object>
    <name>BLACK</name>
    <occluded>0</occluded>
    <bndbox>
      <xmin>855.78</xmin>
      <ymin>366.56</ymin>
      <xmax>883.1</xmax>
      <ymax>411.1</ymax>
    </bndbox>
  </object>
  <object>
    <name>WHITE</name>
    <occluded>0</occluded>
    <bndbox>
      <xmin>870.75</xmin>
      <ymin>445.16</ymin>
      <xmax>895.45</xmax>
      <ymax>491.57</ymax>
    </bndbox>
  </object>
  <object>
    <name>WHITE</name>
    <occluded>0</occluded>
    <bndbox>
      <xmin>938.86</xmin>
      <ymin>596.74</ymin>
      <xmax>963.2</xmax>
      <ymax>641.7</ymax>
    </bndbox>
  </object>
  <object>
    <name>WHITE</name>
    <occluded>0</occluded>
    <bndbox>
      <xmin>901.44</xmin>
      <ymin>580.65</ymin>
      <xmax>928.38</xmax>
      <ymax>627.43</ymax>
    </bndbox>
  </object>
  <object>
    <name>WHITE</name>
    <occluded>0</occluded>
    <bndbox>
      <xmin>894.32</xmin>
      <ymin>523.01</ymin>
      <xmax>919.78</xmax>
      <ymax>569.04</ymax>
    </bndbox>
  </object>
  <object>
    <name>WHITE</name>
    <occluded>0</occluded>
    <bndbox>
      <xmin>865.88</xmin>
      <ymin>574.66</ymin>
      <xmax>892.08</xmax>
      <ymax>621.44</ymax>
    </bndbox>
  </object>
  <object>
    <name>WHITE</name>
    <occluded>0</occluded>
    <bndbox>
      <xmin>845.29</xmin>
      <ymin>508.04</ymin>
      <xmax>877.48</xmax>
      <ymax>561.56</ymax>
    </bndbox>
  </object>
  <object>
    <name>WHITE</name>
    <occluded>0</occluded>
    <bndbox>
      <xmin>814.23</xmin>
      <ymin>426.82</ymin>
      <xmax>850.54</xmax>
      <ymax>473.6</ymax>
    </bndbox>
  </object>
  <object>
    <name>WHITE</name>
    <occluded>0</occluded>
    <bndbox>
      <xmin>551.12</xmin>
      <ymin>367.31</ymin>
      <xmax>600.89</xmax>
      <ymax>415.59</ymax>
    </bndbox>
  </object>
  <object>
    <name>WHITE</name>
    <occluded>0</occluded>
    <bndbox>
      <xmin>551.1</xmin>
      <ymin>179.21</ymin>
      <xmax>594.24</xmax>
      <ymax>209.4</ymax>
    </bndbox>
  </object>
  <object>
    <name>WHITE</name>
    <occluded>0</occluded>
    <bndbox>
      <xmin>638.38</xmin>
      <ymin>199.76</ymin>
      <xmax>688.6</xmax>
      <ymax>239.6</ymax>
    </bndbox>
  </object>
  <object>
    <name>WHITE</name>
    <occluded>0</occluded>
    <bndbox>
      <xmin>800.12</xmin>
      <ymin>355.73</ymin>
      <xmax>845.2</xmax>
      <ymax>398.3</ymax>
    </bndbox>
  </object>
  <object>
    <name>WHITE</name>
    <occluded>0</occluded>
    <bndbox>
      <xmin>742.56</xmin>
      <ymin>335.64</ymin>
      <xmax>788.7</xmax>
      <ymax>380.4</ymax>
    </bndbox>
  </object>
  <object>
    <name>WHITE</name>
    <occluded>0</occluded>
    <bndbox>
      <xmin>819.7</xmin>
      <ymin>566.14</ymin>
      <xmax>859.45</xmax>
      <ymax>615.2</ymax>
    </bndbox>
  </object>
  <object>
    <name>WHITE</name>
    <occluded>0</occluded>
    <bndbox>
      <xmin>781.39</xmin>
      <ymin>492.01</ymin>
      <xmax>828.6</xmax>
      <ymax>538.5</ymax>
    </bndbox>
  </object>
  <object>
    <name>WHITE</name>
    <occluded>0</occluded>
    <bndbox>
      <xmin>519.93</xmin>
      <ymin>156.33</ymin>
      <xmax>562.23</xmax>
      <ymax>179.97</ymax>
    </bndbox>
  </object>
  <object>
    <name>WHITE</name>
    <occluded>0</occluded>
    <bndbox>
      <xmin>465.81</xmin>
      <ymin>193.69</ymin>
      <xmax>509.1</xmax>
      <ymax>223.85</ymax>
    </bndbox>
  </object>
  <object>
    <name>BLACK</name>
    <occluded>0</occluded>
    <bndbox>
      <xmin>425.5</xmin>
      <ymin>245.35</ymin>
      <xmax>462.52</xmax>
      <ymax>282.97</ymax>
    </bndbox>
  </object>
  <object>
    <name>WHITE</name>
    <occluded>0</occluded>
    <bndbox>
      <xmin>956.08</xmin>
      <ymin>336.99</ymin>
      <xmax>981.53</xmax>
      <ymax>384.53</ymax>
    </bndbox>
  </object>
  <object>
    <name>WHITE</name>
    <occluded>0</occluded>
    <bndbox>
      <xmin>929.13</xmin>
      <ymin>271.87</ymin>
      <xmax>956.83</xmax>
      <ymax>313.41</ymax>
    </bndbox>
  </object>
  <object>
    <name>WHITE</name>
    <occluded>0</occluded>
    <bndbox>
      <xmin>705.32</xmin>
      <ymin>115.42</ymin>
      <xmax>750.23</xmax>
      <ymax>144.99</ymax>
    </bndbox>
  </object>
  <object>
    <name>WHITE</name>
    <occluded>0</occluded>
    <bndbox>
      <xmin>573.57</xmin>
      <ymin>115.05</ymin>
      <xmax>615.12</xmax>
      <ymax>144.24</ymax>
    </bndbox>
  </object>
  <object>
    <name>WHITE</name>
    <occluded>0</occluded>
    <bndbox>
      <xmin>650.67</xmin>
      <ymin>128.52</ymin>
      <xmax>696.71</xmax>
      <ymax>153.6</ymax>
    </bndbox>
  </object>
  <object>
    <name>WHITE</name>
    <occluded>0</occluded>
    <bndbox>
      <xmin>875.24</xmin>
      <ymin>237.81</ymin>
      <xmax>911.92</xmax>
      <ymax>279.35</ymax>
    </bndbox>
  </object>
  <object>
    <name>WHITE</name>
    <occluded>0</occluded>
    <bndbox>
      <xmin>865.51</xmin>
      <ymin>327.64</ymin>
      <xmax>900.31</xmax>
      <ymax>366.56</ymax>
    </bndbox>
  </object>
</annotation>
