<annotation>
  <folder>VV</folder>
  <filename>VV_camera8.png</filename>
  <source>
    <database>Unknown</database>
    <annotation>Unknown</annotation>
    <image>Unknown</image>
  </source>
  <size>
    <width>1280</width>
    <height>960</height>
    <depth></depth>
  </size>
  <segmented>0</segmented>
  <object>
    <name>WHITE</name>
    <occluded>0</occluded>
    <bndbox>
      <xmin>337.0</xmin>
      <ymin>247.0</ymin>
      <xmax>381.0</xmax>
      <ymax>281.7</ymax>
    </bndbox>
  </object>
  <object>
    <name>WHITE</name>
    <occluded>0</occluded>
    <bndbox>
      <xmin>258.69</xmin>
      <ymin>377.86</ymin>
      <xmax>302.69</xmax>
      <ymax>424.6</ymax>
    </bndbox>
  </object>
  <object>
    <name>WHITE</name>
    <occluded>0</occluded>
    <bndbox>
      <xmin>812.06</xmin>
      <ymin>233.9</ymin>
      <xmax>841.7</xmax>
      <ymax>275.7</ymax>
    </bndbox>
  </object>
  <object>
    <name>WHITE</name>
    <occluded>0</occluded>
    <bndbox>
      <xmin>272.21</xmin>
      <ymin>259.72</ymin>
      <xmax>316.71</xmax>
      <ymax>301.04</ymax>
    </bndbox>
  </object>
  <object>
    <name>BLACK</name>
    <occluded>0</occluded>
    <bndbox>
      <xmin>231.38</xmin>
      <ymin>325.74</ymin>
      <xmax>268.2</xmax>
      <ymax>375.15</ymax>
    </bndbox>
  </object>
  <object>
    <name>WHITE</name>
    <occluded>0</occluded>
    <bndbox>
      <xmin>254.24</xmin>
      <ymin>211.66</ymin>
      <xmax>294.71</xmax>
      <ymax>248.94</ymax>
    </bndbox>
  </object>
  <object>
    <name>WHITE</name>
    <occluded>0</occluded>
    <bndbox>
      <xmin>316.67</xmin>
      <ymin>194.6</ymin>
      <xmax>361.18</xmax>
      <ymax>238.16</ymax>
    </bndbox>
  </object>
  <object>
    <name>WHITE</name>
    <occluded>0</occluded>
    <bndbox>
      <xmin>300.95</xmin>
      <ymin>154.62</ymin>
      <xmax>339.62</xmax>
      <ymax>186.96</ymax>
    </bndbox>
  </object>
  <object>
    <name>WHITE</name>
    <occluded>0</occluded>
    <bndbox>
      <xmin>365.18</xmin>
      <ymin>138.9</ymin>
      <xmax>409.24</xmax>
      <ymax>174.83</ymax>
    </bndbox>
  </object>
  <object>
    <name>WHITE</name>
    <occluded>0</occluded>
    <bndbox>
      <xmin>357.54</xmin>
      <ymin>103.42</ymin>
      <xmax>401.6</xmax>
      <ymax>130.82</ymax>
    </bndbox>
  </object>
  <object>
    <name>WHITE</name>
    <occluded>0</occluded>
    <bndbox>
      <xmin>488.7</xmin>
      <ymin>514.55</ymin>
      <xmax>540.2</xmax>
      <ymax>565.45</ymax>
    </bndbox>
  </object>
  <object>
    <name>WHITE</name>
    <occluded>0</occluded>
    <bndbox>
      <xmin>762.14</xmin>
      <ymin>180.14</ymin>
      <xmax>800.3</xmax>
      <ymax>214.8</ymax>
    </bndbox>
  </object>
  <object>
    <name>WHITE</name>
    <occluded>0</occluded>
    <bndbox>
      <xmin>782.42</xmin>
      <ymin>285.09</ymin>
      <xmax>820.0</xmax>
      <ymax>324.9</ymax>
    </bndbox>
  </object>
  <object>
    <name>WHITE</name>
    <occluded>0</occluded>
    <bndbox>
      <xmin>668.11</xmin>
      <ymin>207.75</ymin>
      <xmax>708.8</xmax>
      <ymax>247.6</ymax>
    </bndbox>
  </object>
  <object>
    <name>WHITE</name>
    <occluded>0</occluded>
    <bndbox>
      <xmin>633.61</xmin>
      <ymin>256.35</ymin>
      <xmax>678.2</xmax>
      <ymax>300.35</ymax>
    </bndbox>
  </object>
  <object>
    <name>WHITE</name>
    <occluded>0</occluded>
    <bndbox>
      <xmin>396.5</xmin>
      <ymin>505.0</ymin>
      <xmax>443.5</xmax>
      <ymax>555.0</ymax>
    </bndbox>
  </object>
  <object>
    <name>WHITE</name>
    <occluded>0</occluded>
    <bndbox>
      <xmin>622.97</xmin>
      <ymin>149.8</ymin>
      <xmax>665.7</xmax>
      <ymax>186.4</ymax>
    </bndbox>
  </object>
  <object>
    <name>WHITE</name>
    <occluded>0</occluded>
    <bndbox>
      <xmin>589.07</xmin>
      <ymin>195.59</ymin>
      <xmax>633.5</xmax>
      <ymax>235.6</ymax>
    </bndbox>
  </object>
  <object>
    <name>WHITE</name>
    <occluded>0</occluded>
    <bndbox>
      <xmin>384.5</xmin>
      <ymin>358.0</ymin>
      <xmax>430.6</xmax>
      <ymax>405.1</ymax>
    </bndbox>
  </object>
  <object>
    <name>WHITE</name>
    <occluded>0</occluded>
    <bndbox>
      <xmin>369.0</xmin>
      <ymin>437.09</ymin>
      <xmax>413.0</xmax>
      <ymax>482.09</ymax>
    </bndbox>
  </object>
  <object>
    <name>BLACK</name>
    <occluded>0</occluded>
    <bndbox>
      <xmin>319.01</xmin>
      <ymin>502.92</ymin>
      <xmax>362.5</xmax>
      <ymax>558.8</ymax>
    </bndbox>
  </object>
  <object>
    <name>WHITE</name>
    <occluded>0</occluded>
    <bndbox>
      <xmin>544.65</xmin>
      <ymin>138.91</ymin>
      <xmax>591.6</xmax>
      <ymax>176.4</ymax>
    </bndbox>
  </object>
  <object>
    <name>WHITE</name>
    <occluded>0</occluded>
    <bndbox>
      <xmin>477.0</xmin>
      <ymin>186.0</ymin>
      <xmax>524.1</xmax>
      <ymax>220.2</ymax>
    </bndbox>
  </object>
  <object>
    <name>WHITE</name>
    <occluded>0</occluded>
    <bndbox>
      <xmin>404.5</xmin>
      <ymin>229.7</ymin>
      <xmax>449.5</xmax>
      <ymax>266.5</ymax>
    </bndbox>
  </object>
  <object>
    <name>WHITE</name>
    <occluded>0</occluded>
    <bndbox>
      <xmin>360.2</xmin>
      <ymin>296.0</ymin>
      <xmax>404.5</xmax>
      <ymax>341.1</ymax>
    </bndbox>
  </object>
  <object>
    <name>WHITE</name>
    <occluded>0</occluded>
    <bndbox>
      <xmin>319.4</xmin>
      <ymin>361.0</ymin>
      <xmax>361.0</xmax>
      <ymax>407.7</ymax>
    </bndbox>
  </object>
  <object>
    <name>WHITE</name>
    <occluded>0</occluded>
    <bndbox>
      <xmin>299.5</xmin>
      <ymin>439.46</ymin>
      <xmax>341.4</xmax>
      <ymax>487.7</ymax>
    </bndbox>
  </object>
  <object>
    <name>WHITE</name>
    <occluded>0</occluded>
    <bndbox>
      <xmin>384.8</xmin>
      <ymin>185.16</ymin>
      <xmax>431.4</xmax>
      <ymax>221.2</ymax>
    </bndbox>
  </object>
  <object>
    <name>WHITE</name>
    <occluded>0</occluded>
    <bndbox>
      <xmin>296.0</xmin>
      <ymin>305.5</ymin>
      <xmax>340.0</xmax>
      <ymax>346.4</ymax>
    </bndbox>
  </object>
  <object>
    <name>WHITE</name>
    <occluded>0</occluded>
    <bndbox>
      <xmin>557.75</xmin>
      <ymin>454.45</ymin>
      <xmax>607.8</xmax>
      <ymax>501.3</ymax>
    </bndbox>
  </object>
  <object>
    <name>WHITE</name>
    <occluded>0</occluded>
    <bndbox>
      <xmin>621.31</xmin>
      <ymin>387.45</ymin>
      <xmax>677.7</xmax>
      <ymax>433.45</ymax>
    </bndbox>
  </object>
  <object>
    <name>BLACK</name>
    <occluded>0</occluded>
    <bndbox>
      <xmin>655.71</xmin>
      <ymin>322.01</ymin>
      <xmax>708.2</xmax>
      <ymax>371.1</ymax>
    </bndbox>
  </object>
  <object>
    <name>WHITE</name>
    <occluded>0</occluded>
    <bndbox>
      <xmin>708.61</xmin>
      <ymin>272.04</ymin>
      <xmax>750.3</xmax>
      <ymax>313.1</ymax>
    </bndbox>
  </object>
  <object>
    <name>WHITE</name>
    <occluded>0</occluded>
    <bndbox>
      <xmin>749.46</xmin>
      <ymin>225.35</ymin>
      <xmax>787.0</xmax>
      <ymax>264.2</ymax>
    </bndbox>
  </object>
  <object>
    <name>WHITE</name>
    <occluded>0</occluded>
    <bndbox>
      <xmin>725.76</xmin>
      <ymin>338.25</ymin>
      <xmax>770.9</xmax>
      <ymax>382.25</ymax>
    </bndbox>
  </object>
  <object>
    <name>WHITE</name>
    <occluded>0</occluded>
    <bndbox>
      <xmin>787.31</xmin>
      <ymin>354.35</ymin>
      <xmax>833.6</xmax>
      <ymax>399.7</ymax>
    </bndbox>
  </object>
  <object>
    <name>WHITE</name>
    <occluded>0</occluded>
    <bndbox>
      <xmin>700.81</xmin>
      <ymin>407.15</ymin>
      <xmax>750.1</xmax>
      <ymax>456.4</ymax>
    </bndbox>
  </object>
  <object>
    <name>WHITE</name>
    <occluded>0</occluded>
    <bndbox>
      <xmin>647.55</xmin>
      <ymin>483.1</ymin>
      <xmax>696.2</xmax>
      <ymax>530.0</ymax>
    </bndbox>
  </object>
  <object>
    <name>BLACK</name>
    <occluded>0</occluded>
    <bndbox>
      <xmin>478.4</xmin>
      <ymin>65.25</ymin>
      <xmax>523.31</xmax>
      <ymax>91.3</ymax>
    </bndbox>
  </object>
  <object>
    <name>WHITE</name>
    <occluded>0</occluded>
    <bndbox>
      <xmin>512.98</xmin>
      <ymin>93.54</ymin>
      <xmax>557.45</xmax>
      <ymax>123.18</ymax>
    </bndbox>
  </object>
  <object>
    <name>WHITE</name>
    <occluded>0</occluded>
    <bndbox>
      <xmin>659.85</xmin>
      <ymin>115.1</ymin>
      <xmax>700.72</xmax>
      <ymax>143.39</ymax>
    </bndbox>
  </object>
  <object>
    <name>WHITE</name>
    <occluded>0</occluded>
    <bndbox>
      <xmin>592.93</xmin>
      <ymin>100.73</ymin>
      <xmax>636.49</xmax>
      <ymax>129.02</ymax>
    </bndbox>
  </object>
  <object>
    <name>WHITE</name>
    <occluded>0</occluded>
    <bndbox>
      <xmin>849.38</xmin>
      <ymin>286.67</ymin>
      <xmax>877.23</xmax>
      <ymax>322.6</ymax>
    </bndbox>
  </object>
  <object>
    <name>BLACK</name>
    <occluded>0</occluded>
    <bndbox>
      <xmin>879.88</xmin>
      <ymin>455.99</ymin>
      <xmax>910.91</xmax>
      <ymax>502.7</ymax>
    </bndbox>
  </object>
  <object>
    <name>WHITE</name>
    <occluded>0</occluded>
    <bndbox>
      <xmin>859.26</xmin>
      <ymin>529.65</ymin>
      <xmax>893.85</xmax>
      <ymax>578.6</ymax>
    </bndbox>
  </object>
  <object>
    <name>WHITE</name>
    <occluded>0</occluded>
    <bndbox>
      <xmin>649.97</xmin>
      <ymin>568.27</ymin>
      <xmax>698.92</xmax>
      <ymax>621.27</ymax>
    </bndbox>
  </object>
  <object>
    <name>WHITE</name>
    <occluded>0</occluded>
    <bndbox>
      <xmin>428.95</xmin>
      <ymin>93.09</ymin>
      <xmax>474.36</xmax>
      <ymax>123.18</ymax>
    </bndbox>
  </object>
  <object>
    <name>WHITE</name>
    <occluded>0</occluded>
    <bndbox>
      <xmin>453.7</xmin>
      <ymin>128.57</ymin>
      <xmax>498.16</xmax>
      <ymax>164.95</ymax>
    </bndbox>
  </object>
  <object>
    <name>WHITE</name>
    <occluded>0</occluded>
    <bndbox>
      <xmin>541.73</xmin>
      <ymin>60.75</ymin>
      <xmax>587.09</xmax>
      <ymax>84.56</ymax>
    </bndbox>
  </object>
  <object>
    <name>WHITE</name>
    <occluded>0</occluded>
    <bndbox>
      <xmin>565.0</xmin>
      <ymin>533.5</ymin>
      <xmax>614.1</xmax>
      <ymax>583.6</ymax>
    </bndbox>
  </object>
  <object>
    <name>WHITE</name>
    <occluded>0</occluded>
    <bndbox>
      <xmin>842.8</xmin>
      <ymin>408.9</ymin>
      <xmax>877.69</xmax>
      <ymax>458.19</ymax>
    </bndbox>
  </object>
  <object>
    <name>WHITE</name>
    <occluded>0</occluded>
    <bndbox>
      <xmin>767.06</xmin>
      <ymin>443.35</ymin>
      <xmax>813.6</xmax>
      <ymax>489.1</ymax>
    </bndbox>
  </object>
  <object>
    <name>WHITE</name>
    <occluded>0</occluded>
    <bndbox>
      <xmin>718.6</xmin>
      <ymin>511.0</ymin>
      <xmax>766.5</xmax>
      <ymax>558.8</ymax>
    </bndbox>
  </object>
  <object>
    <name>WHITE</name>
    <occluded>0</occluded>
    <bndbox>
      <xmin>837.71</xmin>
      <ymin>482.85</ymin>
      <xmax>870.7</xmax>
      <ymax>530.1</ymax>
    </bndbox>
  </object>
  <object>
    <name>WHITE</name>
    <occluded>0</occluded>
    <bndbox>
      <xmin>267.0</xmin>
      <ymin>517.5</ymin>
      <xmax>303.0</xmax>
      <ymax>562.5</ymax>
    </bndbox>
  </object>
  <object>
    <name>WHITE</name>
    <occluded>0</occluded>
    <bndbox>
      <xmin>449.0</xmin>
      <ymin>435.0</ymin>
      <xmax>495.0</xmax>
      <ymax>481.0</ymax>
    </bndbox>
  </object>
  <object>
    <name>WHITE</name>
    <occluded>0</occluded>
    <bndbox>
      <xmin>785.51</xmin>
      <ymin>538.75</ymin>
      <xmax>829.8</xmax>
      <ymax>587.5</ymax>
    </bndbox>
  </object>
  <object>
    <name>BLACK</name>
    <occluded>0</occluded>
    <bndbox>
      <xmin>709.51</xmin>
      <ymin>609.36</ymin>
      <xmax>760.1</xmax>
      <ymax>662.4</ymax>
    </bndbox>
  </object>
  <object>
    <name>WHITE</name>
    <occluded>0</occluded>
    <bndbox>
      <xmin>825.26</xmin>
      <ymin>569.2</ymin>
      <xmax>862.8</xmax>
      <ymax>617.7</ymax>
    </bndbox>
  </object>
  <object>
    <name>WHITE</name>
    <occluded>0</occluded>
    <bndbox>
      <xmin>697.57</xmin>
      <ymin>162.2</ymin>
      <xmax>738.6</xmax>
      <ymax>201.4</ymax>
    </bndbox>
  </object>
  <object>
    <name>WHITE</name>
    <occluded>0</occluded>
    <bndbox>
      <xmin>242.16</xmin>
      <ymin>458.68</ymin>
      <xmax>280.78</xmax>
      <ymax>506.29</ymax>
    </bndbox>
  </object>
</annotation>
