<annotation>
  <folder>VV</folder>
  <filename>VV_camera10.png</filename>
  <source>
    <database>Unknown</database>
    <annotation>Unknown</annotation>
    <image>Unknown</image>
  </source>
  <size>
    <width>1280</width>
    <height>960</height>
    <depth></depth>
  </size>
  <segmented>0</segmented>
  <object>
    <name>WHITE</name>
    <occluded>0</occluded>
    <bndbox>
      <xmin>511.89</xmin>
      <ymin>165.33</ymin>
      <xmax>539.73</xmax>
      <ymax>202.23</ymax>
    </bndbox>
  </object>
  <object>
    <name>WHITE</name>
    <occluded>0</occluded>
    <bndbox>
      <xmin>862.5</xmin>
      <ymin>147.0</ymin>
      <xmax>905.5</xmax>
      <ymax>183.0</ymax>
    </bndbox>
  </object>
  <object>
    <name>WHITE</name>
    <occluded>0</occluded>
    <bndbox>
      <xmin>756.5</xmin>
      <ymin>429.5</ymin>
      <xmax>801.5</xmax>
      <ymax>474.5</ymax>
    </bndbox>
  </object>
  <object>
    <name>WHITE</name>
    <occluded>0</occluded>
    <bndbox>
      <xmin>755.5</xmin>
      <ymin>224.0</ymin>
      <xmax>800.5</xmax>
      <ymax>262.0</ymax>
    </bndbox>
  </object>
  <object>
    <name>BLACK</name>
    <occluded>0</occluded>
    <bndbox>
      <xmin>962.89</xmin>
      <ymin>273.26</ymin>
      <xmax>1004.4</xmax>
      <ymax>320.5</ymax>
    </bndbox>
  </object>
  <object>
    <name>WHITE</name>
    <occluded>0</occluded>
    <bndbox>
      <xmin>993.0</xmin>
      <ymin>215.06</ymin>
      <xmax>1032.3</xmax>
      <ymax>258.4</ymax>
    </bndbox>
  </object>
  <object>
    <name>WHITE</name>
    <occluded>0</occluded>
    <bndbox>
      <xmin>971.32</xmin>
      <ymin>469.36</ymin>
      <xmax>1014.1</xmax>
      <ymax>507.5</ymax>
    </bndbox>
  </object>
  <object>
    <name>BLACK</name>
    <occluded>0</occluded>
    <bndbox>
      <xmin>553.27</xmin>
      <ymin>633.18</ymin>
      <xmax>599.6</xmax>
      <ymax>680.1</ymax>
    </bndbox>
  </object>
  <object>
    <name>WHITE</name>
    <occluded>0</occluded>
    <bndbox>
      <xmin>484.98</xmin>
      <ymin>484.33</ymin>
      <xmax>524.2</xmax>
      <ymax>530.5</ymax>
    </bndbox>
  </object>
  <object>
    <name>WHITE</name>
    <occluded>0</occluded>
    <bndbox>
      <xmin>528.1</xmin>
      <ymin>542.72</ymin>
      <xmax>570.8</xmax>
      <ymax>590.9</ymax>
    </bndbox>
  </object>
  <object>
    <name>WHITE</name>
    <occluded>0</occluded>
    <bndbox>
      <xmin>590.07</xmin>
      <ymin>597.74</ymin>
      <xmax>635.4</xmax>
      <ymax>644.3</ymax>
    </bndbox>
  </object>
  <object>
    <name>WHITE</name>
    <occluded>0</occluded>
    <bndbox>
      <xmin>503.92</xmin>
      <ymin>378.22</ymin>
      <xmax>545.92</xmax>
      <ymax>425.8</ymax>
    </bndbox>
  </object>
  <object>
    <name>WHITE</name>
    <occluded>0</occluded>
    <bndbox>
      <xmin>533.88</xmin>
      <ymin>443.87</ymin>
      <xmax>572.0</xmax>
      <ymax>491.5</ymax>
    </bndbox>
  </object>
  <object>
    <name>WHITE</name>
    <occluded>0</occluded>
    <bndbox>
      <xmin>586.2</xmin>
      <ymin>505.65</ymin>
      <xmax>630.4</xmax>
      <ymax>553.8</ymax>
    </bndbox>
  </object>
  <object>
    <name>WHITE</name>
    <occluded>0</occluded>
    <bndbox>
      <xmin>661.5</xmin>
      <ymin>540.7</ymin>
      <xmax>707.5</xmax>
      <ymax>588.9</ymax>
    </bndbox>
  </object>
  <object>
    <name>WHITE</name>
    <occluded>0</occluded>
    <bndbox>
      <xmin>868.63</xmin>
      <ymin>334.44</ymin>
      <xmax>911.63</xmax>
      <ymax>379.44</ymax>
    </bndbox>
  </object>
  <object>
    <name>WHITE</name>
    <occluded>0</occluded>
    <bndbox>
      <xmin>833.9</xmin>
      <ymin>416.0</ymin>
      <xmax>880.5</xmax>
      <ymax>462.0</ymax>
    </bndbox>
  </object>
  <object>
    <name>WHITE</name>
    <occluded>0</occluded>
    <bndbox>
      <xmin>885.0</xmin>
      <ymin>89.38</ymin>
      <xmax>931.3</xmax>
      <ymax>122.7</ymax>
    </bndbox>
  </object>
  <object>
    <name>WHITE</name>
    <occluded>0</occluded>
    <bndbox>
      <xmin>837.0</xmin>
      <ymin>213.5</ymin>
      <xmax>881.0</xmax>
      <ymax>254.7</ymax>
    </bndbox>
  </object>
  <object>
    <name>WHITE</name>
    <occluded>0</occluded>
    <bndbox>
      <xmin>807.9</xmin>
      <ymin>273.5</ymin>
      <xmax>854.0</xmax>
      <ymax>322.6</ymax>
    </bndbox>
  </object>
  <object>
    <name>WHITE</name>
    <occluded>0</occluded>
    <bndbox>
      <xmin>796.07</xmin>
      <ymin>343.55</ymin>
      <xmax>841.07</xmax>
      <ymax>388.55</ymax>
    </bndbox>
  </object>
  <object>
    <name>WHITE</name>
    <occluded>0</occluded>
    <bndbox>
      <xmin>696.43</xmin>
      <ymin>20.04</ymin>
      <xmax>741.94</xmax>
      <ymax>42.65</ymax>
    </bndbox>
  </object>
  <object>
    <name>WHITE</name>
    <occluded>0</occluded>
    <bndbox>
      <xmin>454.19</xmin>
      <ymin>282.29</ymin>
      <xmax>478.65</xmax>
      <ymax>319.71</ymax>
    </bndbox>
  </object>
  <object>
    <name>WHITE</name>
    <occluded>0</occluded>
    <bndbox>
      <xmin>1028.73</xmin>
      <ymin>482.33</ymin>
      <xmax>1065.19</xmax>
      <ymax>515.72</ymax>
    </bndbox>
  </object>
  <object>
    <name>WHITE</name>
    <occluded>0</occluded>
    <bndbox>
      <xmin>481.54</xmin>
      <ymin>223.82</ymin>
      <xmax>508.7</xmax>
      <ymax>260.31</ymax>
    </bndbox>
  </object>
  <object>
    <name>WHITE</name>
    <occluded>0</occluded>
    <bndbox>
      <xmin>520.83</xmin>
      <ymin>203.54</ymin>
      <xmax>549.22</xmax>
      <ymax>241.28</ymax>
    </bndbox>
  </object>
  <object>
    <name>WHITE</name>
    <occluded>0</occluded>
    <bndbox>
      <xmin>491.15</xmin>
      <ymin>267.19</ymin>
      <xmax>518.21</xmax>
      <ymax>309.81</ymax>
    </bndbox>
  </object>
  <object>
    <name>WHITE</name>
    <occluded>0</occluded>
    <bndbox>
      <xmin>465.5</xmin>
      <ymin>402.99</ymin>
      <xmax>494.74</xmax>
      <ymax>449.35</ymax>
    </bndbox>
  </object>
  <object>
    <name>WHITE</name>
    <occluded>0</occluded>
    <bndbox>
      <xmin>437.35</xmin>
      <ymin>462.99</ymin>
      <xmax>467.67</xmax>
      <ymax>508.91</ymax>
    </bndbox>
  </object>
  <object>
    <name>WHITE</name>
    <occluded>0</occluded>
    <bndbox>
      <xmin>450.78</xmin>
      <ymin>532.52</ymin>
      <xmax>476.33</xmax>
      <ymax>576.92</ymax>
    </bndbox>
  </object>
  <object>
    <name>WHITE</name>
    <occluded>0</occluded>
    <bndbox>
      <xmin>450.99</xmin>
      <ymin>581.68</ymin>
      <xmax>475.47</xmax>
      <ymax>625.0</ymax>
    </bndbox>
  </object>
  <object>
    <name>WHITE</name>
    <occluded>0</occluded>
    <bndbox>
      <xmin>478.48</xmin>
      <ymin>612.2</ymin>
      <xmax>510.34</xmax>
      <ymax>655.11</ymax>
    </bndbox>
  </object>
  <object>
    <name>WHITE</name>
    <occluded>0</occluded>
    <bndbox>
      <xmin>484.56</xmin>
      <ymin>578.87</ymin>
      <xmax>523.12</xmax>
      <ymax>622.84</ymax>
    </bndbox>
  </object>
  <object>
    <name>WHITE</name>
    <occluded>0</occluded>
    <bndbox>
      <xmin>726.5</xmin>
      <ymin>505.8</ymin>
      <xmax>773.2</xmax>
      <ymax>551.5</ymax>
    </bndbox>
  </object>
  <object>
    <name>BLACK</name>
    <occluded>0</occluded>
    <bndbox>
      <xmin>551.35</xmin>
      <ymin>353.82</ymin>
      <xmax>590.3</xmax>
      <ymax>404.8</ymax>
    </bndbox>
  </object>
  <object>
    <name>WHITE</name>
    <occluded>0</occluded>
    <bndbox>
      <xmin>944.95</xmin>
      <ymin>144.81</ymin>
      <xmax>985.9</xmax>
      <ymax>187.8</ymax>
    </bndbox>
  </object>
  <object>
    <name>WHITE</name>
    <occluded>0</occluded>
    <bndbox>
      <xmin>803.1</xmin>
      <ymin>97.0</ymin>
      <xmax>850.5</xmax>
      <ymax>132.1</ymax>
    </bndbox>
  </object>
  <object>
    <name>WHITE</name>
    <occluded>0</occluded>
    <bndbox>
      <xmin>777.0</xmin>
      <ymin>164.6</ymin>
      <xmax>821.0</xmax>
      <ymax>204.0</ymax>
    </bndbox>
  </object>
  <object>
    <name>WHITE</name>
    <occluded>0</occluded>
    <bndbox>
      <xmin>654.05</xmin>
      <ymin>461.15</ymin>
      <xmax>700.8</xmax>
      <ymax>510.7</ymax>
    </bndbox>
  </object>
  <object>
    <name>WHITE</name>
    <occluded>0</occluded>
    <bndbox>
      <xmin>711.0</xmin>
      <ymin>119.5</ymin>
      <xmax>755.8</xmax>
      <ymax>153.7</ymax>
    </bndbox>
  </object>
  <object>
    <name>WHITE</name>
    <occluded>0</occluded>
    <bndbox>
      <xmin>688.8</xmin>
      <ymin>188.5</ymin>
      <xmax>733.0</xmax>
      <ymax>226.1</ymax>
    </bndbox>
  </object>
  <object>
    <name>WHITE</name>
    <occluded>0</occluded>
    <bndbox>
      <xmin>595.83</xmin>
      <ymin>409.22</ymin>
      <xmax>641.6</xmax>
      <ymax>453.22</ymax>
    </bndbox>
  </object>
  <object>
    <name>WHITE</name>
    <occluded>0</occluded>
    <bndbox>
      <xmin>658.81</xmin>
      <ymin>85.46</ymin>
      <xmax>699.81</xmax>
      <ymax>125.7</ymax>
    </bndbox>
  </object>
  <object>
    <name>WHITE</name>
    <occluded>0</occluded>
    <bndbox>
      <xmin>629.9</xmin>
      <ymin>149.2</ymin>
      <xmax>668.43</xmax>
      <ymax>192.2</ymax>
    </bndbox>
  </object>
  <object>
    <name>WHITE</name>
    <occluded>0</occluded>
    <bndbox>
      <xmin>593.62</xmin>
      <ymin>217.45</ymin>
      <xmax>635.62</xmax>
      <ymax>259.8</ymax>
    </bndbox>
  </object>
  <object>
    <name>WHITE</name>
    <occluded>0</occluded>
    <bndbox>
      <xmin>962.96</xmin>
      <ymin>96.56</ymin>
      <xmax>1001.4</xmax>
      <ymax>134.2</ymax>
    </bndbox>
  </object>
  <object>
    <name>BLACK</name>
    <occluded>0</occluded>
    <bndbox>
      <xmin>896.2</xmin>
      <ymin>467.38</ymin>
      <xmax>947.9</xmax>
      <ymax>511.9</ymax>
    </bndbox>
  </object>
  <object>
    <name>WHITE</name>
    <occluded>0</occluded>
    <bndbox>
      <xmin>983.5</xmin>
      <ymin>409.5</ymin>
      <xmax>1018.5</xmax>
      <ymax>454.5</ymax>
    </bndbox>
  </object>
  <object>
    <name>WHITE</name>
    <occluded>0</occluded>
    <bndbox>
      <xmin>940.25</xmin>
      <ymin>330.12</ymin>
      <xmax>986.1</xmax>
      <ymax>375.1</ymax>
    </bndbox>
  </object>
  <object>
    <name>WHITE</name>
    <occluded>0</occluded>
    <bndbox>
      <xmin>908.5</xmin>
      <ymin>406.0</ymin>
      <xmax>951.5</xmax>
      <ymax>452.0</ymax>
    </bndbox>
  </object>
  <object>
    <name>WHITE</name>
    <occluded>0</occluded>
    <bndbox>
      <xmin>919.5</xmin>
      <ymin>207.5</ymin>
      <xmax>960.5</xmax>
      <ymax>246.5</ymax>
    </bndbox>
  </object>
  <object>
    <name>WHITE</name>
    <occluded>0</occluded>
    <bndbox>
      <xmin>884.5</xmin>
      <ymin>269.0</ymin>
      <xmax>927.5</xmax>
      <ymax>311.0</ymax>
    </bndbox>
  </object>
  <object>
    <name>WHITE</name>
    <occluded>0</occluded>
    <bndbox>
      <xmin>816.5</xmin>
      <ymin>479.0</ymin>
      <xmax>861.5</xmax>
      <ymax>525.0</ymax>
    </bndbox>
  </object>
  <object>
    <name>WHITE</name>
    <occluded>0</occluded>
    <bndbox>
      <xmin>759.56</xmin>
      <ymin>22.71</ymin>
      <xmax>804.47</xmax>
      <ymax>46.72</ymax>
    </bndbox>
  </object>
  <object>
    <name>WHITE</name>
    <occluded>0</occluded>
    <bndbox>
      <xmin>833.79</xmin>
      <ymin>14.29</ymin>
      <xmax>877.46</xmax>
      <ymax>36.12</ymax>
    </bndbox>
  </object>
  <object>
    <name>WHITE</name>
    <occluded>0</occluded>
    <bndbox>
      <xmin>821.0</xmin>
      <ymin>46.41</ymin>
      <xmax>866.23</xmax>
      <ymax>75.11</ymax>
    </bndbox>
  </object>
  <object>
    <name>WHITE</name>
    <occluded>0</occluded>
    <bndbox>
      <xmin>896.79</xmin>
      <ymin>46.1</ymin>
      <xmax>938.9</xmax>
      <ymax>73.86</ymax>
    </bndbox>
  </object>
  <object>
    <name>WHITE</name>
    <occluded>0</occluded>
    <bndbox>
      <xmin>1020.3</xmin>
      <ymin>162.44</ymin>
      <xmax>1052.74</xmax>
      <ymax>202.67</ymax>
    </bndbox>
  </object>
  <object>
    <name>WHITE</name>
    <occluded>0</occluded>
    <bndbox>
      <xmin>1031.22</xmin>
      <ymin>290.94</ymin>
      <xmax>1064.28</xmax>
      <ymax>335.54</ymax>
    </bndbox>
  </object>
  <object>
    <name>WHITE</name>
    <occluded>0</occluded>
    <bndbox>
      <xmin>1040.58</xmin>
      <ymin>426.92</ymin>
      <xmax>1070.21</xmax>
      <ymax>473.08</ymax>
    </bndbox>
  </object>
  <object>
    <name>WHITE</name>
    <occluded>0</occluded>
    <bndbox>
      <xmin>1015.63</xmin>
      <ymin>349.89</ymin>
      <xmax>1042.14</xmax>
      <ymax>395.42</ymax>
    </bndbox>
  </object>
  <object>
    <name>WHITE</name>
    <occluded>0</occluded>
    <bndbox>
      <xmin>548.33</xmin>
      <ymin>142.95</ymin>
      <xmax>582.67</xmax>
      <ymax>176.22</ymax>
    </bndbox>
  </object>
  <object>
    <name>WHITE</name>
    <occluded>0</occluded>
    <bndbox>
      <xmin>570.17</xmin>
      <ymin>176.22</ymin>
      <xmax>601.38</xmax>
      <ymax>217.8</ymax>
    </bndbox>
  </object>
  <object>
    <name>WHITE</name>
    <occluded>0</occluded>
    <bndbox>
      <xmin>594.34</xmin>
      <ymin>118.78</ymin>
      <xmax>633.09</xmax>
      <ymax>151.0</ymax>
    </bndbox>
  </object>
  <object>
    <name>WHITE</name>
    <occluded>0</occluded>
    <bndbox>
      <xmin>640.08</xmin>
      <ymin>59.0</ymin>
      <xmax>679.36</xmax>
      <ymax>87.85</ymax>
    </bndbox>
  </object>
  <object>
    <name>BLACK</name>
    <occluded>0</occluded>
    <bndbox>
      <xmin>694.34</xmin>
      <ymin>42.36</ymin>
      <xmax>736.48</xmax>
      <ymax>71.99</ymax>
    </bndbox>
  </object>
  <object>
    <name>WHITE</name>
    <occluded>0</occluded>
    <bndbox>
      <xmin>738.04</xmin>
      <ymin>63.25</ymin>
      <xmax>784.2</xmax>
      <ymax>95.69</ymax>
    </bndbox>
  </object>
  <object>
    <name>WHITE</name>
    <occluded>0</occluded>
    <bndbox>
      <xmin>541.58</xmin>
      <ymin>241.97</ymin>
      <xmax>575.39</xmax>
      <ymax>285.64</ymax>
    </bndbox>
  </object>
  <object>
    <name>WHITE</name>
    <occluded>0</occluded>
    <bndbox>
      <xmin>469.6</xmin>
      <ymin>332.94</ymin>
      <xmax>495.08</xmax>
      <ymax>374.27</ymax>
    </bndbox>
  </object>
  <object>
    <name>WHITE</name>
    <occluded>0</occluded>
    <bndbox>
      <xmin>517.4</xmin>
      <ymin>310.07</ymin>
      <xmax>550.96</xmax>
      <ymax>355.3</ymax>
    </bndbox>
  </object>
  <object>
    <name>WHITE</name>
    <occluded>0</occluded>
    <bndbox>
      <xmin>571.23</xmin>
      <ymin>286.16</ymin>
      <xmax>611.52</xmax>
      <ymax>331.64</ymax>
    </bndbox>
  </object>
</annotation>
