<annotation>
  <folder>VV</folder>
  <filename>VV_camera9.png</filename>
  <source>
    <database>Unknown</database>
    <annotation>Unknown</annotation>
    <image>Unknown</image>
  </source>
  <size>
    <width>960</width>
    <height>1280</height>
    <depth></depth>
  </size>
  <segmented>0</segmented>
  <object>
    <name>WHITE</name>
    <occluded>0</occluded>
    <bndbox>
      <xmin>471.5</xmin>
      <ymin>296.5</ymin>
      <xmax>514.5</xmax>
      <ymax>333.1</ymax>
    </bndbox>
  </object>
  <object>
    <name>WHITE</name>
    <occluded>0</occluded>
    <bndbox>
      <xmin>430.7</xmin>
      <ymin>356.58</ymin>
      <xmax>475.41</xmax>
      <ymax>395.58</ymax>
    </bndbox>
  </object>
  <object>
    <name>WHITE</name>
    <occluded>0</occluded>
    <bndbox>
      <xmin>397.5</xmin>
      <ymin>427.0</ymin>
      <xmax>445.0</xmax>
      <ymax>470.8</ymax>
    </bndbox>
  </object>
  <object>
    <name>WHITE</name>
    <occluded>0</occluded>
    <bndbox>
      <xmin>491.34</xmin>
      <ymin>556.5</ymin>
      <xmax>537.7</xmax>
      <ymax>595.1</ymax>
    </bndbox>
  </object>
  <object>
    <name>WHITE</name>
    <occluded>0</occluded>
    <bndbox>
      <xmin>518.6</xmin>
      <ymin>492.07</ymin>
      <xmax>563.06</xmax>
      <ymax>536.07</ymax>
    </bndbox>
  </object>
  <object>
    <name>WHITE</name>
    <occluded>0</occluded>
    <bndbox>
      <xmin>345.0</xmin>
      <ymin>636.0</ymin>
      <xmax>389.0</xmax>
      <ymax>672.2</ymax>
    </bndbox>
  </object>
  <object>
    <name>WHITE</name>
    <occluded>0</occluded>
    <bndbox>
      <xmin>587.34</xmin>
      <ymin>364.58</ymin>
      <xmax>629.6</xmax>
      <ymax>409.7</ymax>
    </bndbox>
  </object>
  <object>
    <name>WHITE</name>
    <occluded>0</occluded>
    <bndbox>
      <xmin>632.76</xmin>
      <ymin>328.08</ymin>
      <xmax>667.2</xmax>
      <ymax>368.3</ymax>
    </bndbox>
  </object>
  <object>
    <name>WHITE</name>
    <occluded>0</occluded>
    <bndbox>
      <xmin>699.58</xmin>
      <ymin>467.16</ymin>
      <xmax>727.3</xmax>
      <ymax>509.4</ymax>
    </bndbox>
  </object>
  <object>
    <name>WHITE</name>
    <occluded>0</occluded>
    <bndbox>
      <xmin>650.58</xmin>
      <ymin>648.74</ymin>
      <xmax>680.58</xmax>
      <ymax>692.74</ymax>
    </bndbox>
  </object>
  <object>
    <name>WHITE</name>
    <occluded>0</occluded>
    <bndbox>
      <xmin>388.16</xmin>
      <ymin>305.0</ymin>
      <xmax>429.16</xmax>
      <ymax>339.0</ymax>
    </bndbox>
  </object>
  <object>
    <name>WHITE</name>
    <occluded>0</occluded>
    <bndbox>
      <xmin>327.0</xmin>
      <ymin>446.3</ymin>
      <xmax>369.0</xmax>
      <ymax>491.4</ymax>
    </bndbox>
  </object>
  <object>
    <name>WHITE</name>
    <occluded>0</occluded>
    <bndbox>
      <xmin>563.34</xmin>
      <ymin>563.25</ymin>
      <xmax>608.9</xmax>
      <ymax>608.7</ymax>
    </bndbox>
  </object>
  <object>
    <name>BLACK</name>
    <occluded>0</occluded>
    <bndbox>
      <xmin>635.34</xmin>
      <ymin>438.18</ymin>
      <xmax>671.5</xmax>
      <ymax>485.8</ymax>
    </bndbox>
  </object>
  <object>
    <name>WHITE</name>
    <occluded>0</occluded>
    <bndbox>
      <xmin>695.5</xmin>
      <ymin>366.83</ymin>
      <xmax>718.6</xmax>
      <ymax>408.1</ymax>
    </bndbox>
  </object>
  <object>
    <name>WHITE</name>
    <occluded>0</occluded>
    <bndbox>
      <xmin>652.6</xmin>
      <ymin>299.4</ymin>
      <xmax>684.4</xmax>
      <ymax>331.92</ymax>
    </bndbox>
  </object>
  <object>
    <name>WHITE</name>
    <occluded>0</occluded>
    <bndbox>
      <xmin>353.5</xmin>
      <ymin>580.5</ymin>
      <xmax>396.5</xmax>
      <ymax>615.5</ymax>
    </bndbox>
  </object>
  <object>
    <name>WHITE</name>
    <occluded>0</occluded>
    <bndbox>
      <xmin>556.0</xmin>
      <ymin>428.0</ymin>
      <xmax>598.0</xmax>
      <ymax>468.0</ymax>
    </bndbox>
  </object>
  <object>
    <name>WHITE</name>
    <occluded>0</occluded>
    <bndbox>
      <xmin>538.5</xmin>
      <ymin>617.5</ymin>
      <xmax>577.5</xmax>
      <ymax>662.5</ymax>
    </bndbox>
  </object>
  <object>
    <name>WHITE</name>
    <occluded>0</occluded>
    <bndbox>
      <xmin>592.5</xmin>
      <ymin>497.0</ymin>
      <xmax>631.5</xmax>
      <ymax>539.0</ymax>
    </bndbox>
  </object>
  <object>
    <name>WHITE</name>
    <occluded>0</occluded>
    <bndbox>
      <xmin>674.0</xmin>
      <ymin>403.5</ymin>
      <xmax>698.0</xmax>
      <ymax>444.5</ymax>
    </bndbox>
  </object>
  <object>
    <name>WHITE</name>
    <occluded>0</occluded>
    <bndbox>
      <xmin>595.0</xmin>
      <ymin>630.0</ymin>
      <xmax>633.0</xmax>
      <ymax>674.0</ymax>
    </bndbox>
  </object>
  <object>
    <name>WHITE</name>
    <occluded>0</occluded>
    <bndbox>
      <xmin>399.5</xmin>
      <ymin>622.5</ymin>
      <xmax>444.5</xmax>
      <ymax>659.5</ymax>
    </bndbox>
  </object>
  <object>
    <name>WHITE</name>
    <occluded>0</occluded>
    <bndbox>
      <xmin>372.0</xmin>
      <ymin>503.0</ymin>
      <xmax>412.0</xmax>
      <ymax>545.0</ymax>
    </bndbox>
  </object>
  <object>
    <name>WHITE</name>
    <occluded>0</occluded>
    <bndbox>
      <xmin>418.0</xmin>
      <ymin>560.0</ymin>
      <xmax>462.0</xmax>
      <ymax>600.0</ymax>
    </bndbox>
  </object>
  <object>
    <name>WHITE</name>
    <occluded>0</occluded>
    <bndbox>
      <xmin>354.0</xmin>
      <ymin>376.5</ymin>
      <xmax>396.0</xmax>
      <ymax>411.5</ymax>
    </bndbox>
  </object>
  <object>
    <name>WHITE</name>
    <occluded>0</occluded>
    <bndbox>
      <xmin>509.0</xmin>
      <ymin>352.5</ymin>
      <xmax>554.1</xmax>
      <ymax>395.5</ymax>
    </bndbox>
  </object>
  <object>
    <name>WHITE</name>
    <occluded>0</occluded>
    <bndbox>
      <xmin>327.8</xmin>
      <ymin>233.6</ymin>
      <xmax>363.92</xmax>
      <ymax>265.6</ymax>
    </bndbox>
  </object>
  <object>
    <name>BLACK</name>
    <occluded>0</occluded>
    <bndbox>
      <xmin>278.2</xmin>
      <ymin>474.27</ymin>
      <xmax>306.17</xmax>
      <ymax>521.1</ymax>
    </bndbox>
  </object>
  <object>
    <name>WHITE</name>
    <occluded>0</occluded>
    <bndbox>
      <xmin>315.1</xmin>
      <ymin>325.59</ymin>
      <xmax>352.92</xmax>
      <ymax>362.8</ymax>
    </bndbox>
  </object>
  <object>
    <name>WHITE</name>
    <occluded>0</occluded>
    <bndbox>
      <xmin>681.63</xmin>
      <ymin>594.8</ymin>
      <xmax>713.23</xmax>
      <ymax>638.46</ymax>
    </bndbox>
  </object>
  <object>
    <name>WHITE</name>
    <occluded>0</occluded>
    <bndbox>
      <xmin>303.26</xmin>
      <ymin>652.6</ymin>
      <xmax>338.7</xmax>
      <ymax>691.46</ymax>
    </bndbox>
  </object>
  <object>
    <name>WHITE</name>
    <occluded>0</occluded>
    <bndbox>
      <xmin>299.3</xmin>
      <ymin>597.3</ymin>
      <xmax>335.6</xmax>
      <ymax>641.7</ymax>
    </bndbox>
  </object>
  <object>
    <name>WHITE</name>
    <occluded>0</occluded>
    <bndbox>
      <xmin>312.8</xmin>
      <ymin>521.5</ymin>
      <xmax>355.3</xmax>
      <ymax>564.5</ymax>
    </bndbox>
  </object>
  <object>
    <name>WHITE</name>
    <occluded>0</occluded>
    <bndbox>
      <xmin>748.46</xmin>
      <ymin>656.21</ymin>
      <xmax>767.8</xmax>
      <ymax>699.53</ymax>
    </bndbox>
  </object>
  <object>
    <name>WHITE</name>
    <occluded>0</occluded>
    <bndbox>
      <xmin>724.49</xmin>
      <ymin>625.6</ymin>
      <xmax>742.97</xmax>
      <ymax>669.5</ymax>
    </bndbox>
  </object>
  <object>
    <name>WHITE</name>
    <occluded>0</occluded>
    <bndbox>
      <xmin>231.67</xmin>
      <ymin>605.19</ymin>
      <xmax>249.13</xmax>
      <ymax>645.12</ymax>
    </bndbox>
  </object>
  <object>
    <name>WHITE</name>
    <occluded>0</occluded>
    <bndbox>
      <xmin>291.51</xmin>
      <ymin>398.93</ymin>
      <xmax>323.16</xmax>
      <ymax>444.25</ymax>
    </bndbox>
  </object>
  <object>
    <name>WHITE</name>
    <occluded>0</occluded>
    <bndbox>
      <xmin>263.69</xmin>
      <ymin>358.17</ymin>
      <xmax>293.63</xmax>
      <ymax>401.84</ymax>
    </bndbox>
  </object>
  <object>
    <name>WHITE</name>
    <occluded>0</occluded>
    <bndbox>
      <xmin>291.92</xmin>
      <ymin>289.14</ymin>
      <xmax>324.82</xmax>
      <ymax>324.07</ymax>
    </bndbox>
  </object>
  <object>
    <name>WHITE</name>
    <occluded>0</occluded>
    <bndbox>
      <xmin>375.1</xmin>
      <ymin>200.98</ymin>
      <xmax>417.97</xmax>
      <ymax>220.11</ymax>
    </bndbox>
  </object>
  <object>
    <name>WHITE</name>
    <occluded>0</occluded>
    <bndbox>
      <xmin>391.36</xmin>
      <ymin>222.18</ymin>
      <xmax>434.61</xmax>
      <ymax>245.89</ymax>
    </bndbox>
  </object>
  <object>
    <name>BLACK</name>
    <occluded>0</occluded>
    <bndbox>
      <xmin>439.6</xmin>
      <ymin>198.07</ymin>
      <xmax>485.34</xmax>
      <ymax>223.43</ymax>
    </bndbox>
  </object>
  <object>
    <name>WHITE</name>
    <occluded>0</occluded>
    <bndbox>
      <xmin>502.81</xmin>
      <ymin>193.91</ymin>
      <xmax>547.3</xmax>
      <ymax>219.69</ymax>
    </bndbox>
  </object>
  <object>
    <name>WHITE</name>
    <occluded>0</occluded>
    <bndbox>
      <xmin>426.71</xmin>
      <ymin>252.96</ymin>
      <xmax>472.03</xmax>
      <ymax>282.07</ymax>
    </bndbox>
  </object>
  <object>
    <name>WHITE</name>
    <occluded>0</occluded>
    <bndbox>
      <xmin>476.19</xmin>
      <ymin>213.87</ymin>
      <xmax>521.11</xmax>
      <ymax>242.15</ymax>
    </bndbox>
  </object>
  <object>
    <name>WHITE</name>
    <occluded>0</occluded>
    <bndbox>
      <xmin>572.67</xmin>
      <ymin>208.05</ymin>
      <xmax>613.84</xmax>
      <ymax>229.25</ymax>
    </bndbox>
  </object>
  <object>
    <name>WHITE</name>
    <occluded>0</occluded>
    <bndbox>
      <xmin>553.96</xmin>
      <ymin>223.02</ymin>
      <xmax>590.55</xmax>
      <ymax>251.29</ymax>
    </bndbox>
  </object>
  <object>
    <name>WHITE</name>
    <occluded>0</occluded>
    <bndbox>
      <xmin>616.34</xmin>
      <ymin>244.64</ymin>
      <xmax>652.1</xmax>
      <ymax>276.66</ymax>
    </bndbox>
  </object>
  <object>
    <name>WHITE</name>
    <occluded>0</occluded>
    <bndbox>
      <xmin>705.33</xmin>
      <ymin>337.79</ymin>
      <xmax>731.95</xmax>
      <ymax>374.39</ymax>
    </bndbox>
  </object>
  <object>
    <name>WHITE</name>
    <occluded>0</occluded>
    <bndbox>
      <xmin>251.98</xmin>
      <ymin>571.81</ymin>
      <xmax>273.47</xmax>
      <ymax>616.17</ymax>
    </bndbox>
  </object>
  <object>
    <name>WHITE</name>
    <occluded>0</occluded>
    <bndbox>
      <xmin>241.23</xmin>
      <ymin>512.46</ymin>
      <xmax>264.94</xmax>
      <ymax>556.12</ymax>
    </bndbox>
  </object>
  <object>
    <name>WHITE</name>
    <occluded>0</occluded>
    <bndbox>
      <xmin>354.08</xmin>
      <ymin>256.93</ymin>
      <xmax>395.08</xmax>
      <ymax>288.2</ymax>
    </bndbox>
  </object>
  <object>
    <name>WHITE</name>
    <occluded>0</occluded>
    <bndbox>
      <xmin>660.83</xmin>
      <ymin>515.78</ymin>
      <xmax>692.02</xmax>
      <ymax>556.95</ymax>
    </bndbox>
  </object>
  <object>
    <name>WHITE</name>
    <occluded>0</occluded>
    <bndbox>
      <xmin>708.66</xmin>
      <ymin>535.74</ymin>
      <xmax>737.35</xmax>
      <ymax>581.49</ymax>
    </bndbox>
  </object>
  <object>
    <name>WHITE</name>
    <occluded>0</occluded>
    <bndbox>
      <xmin>635.5</xmin>
      <ymin>575.0</ymin>
      <xmax>668.5</xmax>
      <ymax>619.0</ymax>
    </bndbox>
  </object>
  <object>
    <name>BLACK</name>
    <occluded>0</occluded>
    <bndbox>
      <xmin>698.5</xmin>
      <ymin>671.0</ymin>
      <xmax>717.5</xmax>
      <ymax>707.0</ymax>
    </bndbox>
  </object>
  <object>
    <name>WHITE</name>
    <occluded>0</occluded>
    <bndbox>
      <xmin>718.64</xmin>
      <ymin>434.69</ymin>
      <xmax>744.01</xmax>
      <ymax>472.95</ymax>
    </bndbox>
  </object>
  <object>
    <name>WHITE</name>
    <occluded>0</occluded>
    <bndbox>
      <xmin>507.8</xmin>
      <ymin>251.71</ymin>
      <xmax>553.54</xmax>
      <ymax>283.32</ymax>
    </bndbox>
  </object>
  <object>
    <name>WHITE</name>
    <occluded>0</occluded>
    <bndbox>
      <xmin>744.42</xmin>
      <ymin>569.84</ymin>
      <xmax>772.7</xmax>
      <ymax>613.51</ymax>
    </bndbox>
  </object>
  <object>
    <name>WHITE</name>
    <occluded>0</occluded>
    <bndbox>
      <xmin>746.09</xmin>
      <ymin>502.89</ymin>
      <xmax>765.63</xmax>
      <ymax>546.14</ymax>
    </bndbox>
  </object>
  <object>
    <name>WHITE</name>
    <occluded>0</occluded>
    <bndbox>
      <xmin>252.74</xmin>
      <ymin>436.07</ymin>
      <xmax>281.04</xmax>
      <ymax>477.94</ymax>
    </bndbox>
  </object>
  <object>
    <name>WHITE</name>
    <occluded>0</occluded>
    <bndbox>
      <xmin>589.18</xmin>
      <ymin>268.32</ymin>
      <xmax>628.1</xmax>
      <ymax>300.6</ymax>
    </bndbox>
  </object>
  <object>
    <name>WHITE</name>
    <occluded>0</occluded>
    <bndbox>
      <xmin>553.93</xmin>
      <ymin>304.74</ymin>
      <xmax>595.0</xmax>
      <ymax>342.2</ymax>
    </bndbox>
  </object>
  <object>
    <name>WHITE</name>
    <occluded>0</occluded>
    <bndbox>
      <xmin>442.03</xmin>
      <ymin>493.52</ymin>
      <xmax>487.9</xmax>
      <ymax>536.52</ymax>
    </bndbox>
  </object>
  <object>
    <name>WHITE</name>
    <occluded>0</occluded>
    <bndbox>
      <xmin>474.79</xmin>
      <ymin>424.62</ymin>
      <xmax>519.19</xmax>
      <ymax>466.62</ymax>
    </bndbox>
  </object>
</annotation>
