<annotation>
  <folder>VV</folder>
  <filename>VV_camera5.png</filename>
  <source>
    <database>Unknown</database>
    <annotation>Unknown</annotation>
    <image>Unknown</image>
  </source>
  <size>
    <width>1280</width>
    <height>960</height>
    <depth></depth>
  </size>
  <segmented>0</segmented>
  <object>
    <name>WHITE</name>
    <occluded>0</occluded>
    <bndbox>
      <xmin>863.5</xmin>
      <ymin>507.9</ymin>
      <xmax>900.4</xmax>
      <ymax>553.36</ymax>
    </bndbox>
  </object>
  <object>
    <name>WHITE</name>
    <occluded>0</occluded>
    <bndbox>
      <xmin>825.7</xmin>
      <ymin>583.77</ymin>
      <xmax>866.38</xmax>
      <ymax>626.7</ymax>
    </bndbox>
  </object>
  <object>
    <name>WHITE</name>
    <occluded>0</occluded>
    <bndbox>
      <xmin>781.87</xmin>
      <ymin>650.13</ymin>
      <xmax>824.87</xmax>
      <ymax>684.6</ymax>
    </bndbox>
  </object>
  <object>
    <name>WHITE</name>
    <occluded>0</occluded>
    <bndbox>
      <xmin>744.0</xmin>
      <ymin>701.25</ymin>
      <xmax>785.76</xmax>
      <ymax>742.5</ymax>
    </bndbox>
  </object>
  <object>
    <name>WHITE</name>
    <occluded>0</occluded>
    <bndbox>
      <xmin>711.01</xmin>
      <ymin>753.38</ymin>
      <xmax>752.9</xmax>
      <ymax>788.7</ymax>
    </bndbox>
  </object>
  <object>
    <name>WHITE</name>
    <occluded>0</occluded>
    <bndbox>
      <xmin>695.75</xmin>
      <ymin>786.89</ymin>
      <xmax>739.9</xmax>
      <ymax>831.0</ymax>
    </bndbox>
  </object>
  <object>
    <name>WHITE</name>
    <occluded>0</occluded>
    <bndbox>
      <xmin>871.76</xmin>
      <ymin>188.37</ymin>
      <xmax>904.9</xmax>
      <ymax>229.0</ymax>
    </bndbox>
  </object>
  <object>
    <name>WHITE</name>
    <occluded>0</occluded>
    <bndbox>
      <xmin>622.25</xmin>
      <ymin>118.5</ymin>
      <xmax>670.4</xmax>
      <ymax>149.7</ymax>
    </bndbox>
  </object>
  <object>
    <name>WHITE</name>
    <occluded>0</occluded>
    <bndbox>
      <xmin>453.14</xmin>
      <ymin>570.99</ymin>
      <xmax>490.5</xmax>
      <ymax>609.6</ymax>
    </bndbox>
  </object>
  <object>
    <name>WHITE</name>
    <occluded>0</occluded>
    <bndbox>
      <xmin>752.5</xmin>
      <ymin>166.5</ymin>
      <xmax>793.6</xmax>
      <ymax>207.1</ymax>
    </bndbox>
  </object>
  <object>
    <name>WHITE</name>
    <occluded>0</occluded>
    <bndbox>
      <xmin>840.0</xmin>
      <ymin>721.4</ymin>
      <xmax>867.0</xmax>
      <ymax>760.7</ymax>
    </bndbox>
  </object>
  <object>
    <name>WHITE</name>
    <occluded>0</occluded>
    <bndbox>
      <xmin>845.12</xmin>
      <ymin>634.8</ymin>
      <xmax>885.3</xmax>
      <ymax>667.99</ymax>
    </bndbox>
  </object>
  <object>
    <name>WHITE</name>
    <occluded>0</occluded>
    <bndbox>
      <xmin>531.87</xmin>
      <ymin>530.5</ymin>
      <xmax>572.37</xmax>
      <ymax>575.5</ymax>
    </bndbox>
  </object>
  <object>
    <name>WHITE</name>
    <occluded>0</occluded>
    <bndbox>
      <xmin>789.24</xmin>
      <ymin>244.3</ymin>
      <xmax>830.24</xmax>
      <ymax>291.75</ymax>
    </bndbox>
  </object>
  <object>
    <name>WHITE</name>
    <occluded>0</occluded>
    <bndbox>
      <xmin>548.88</xmin>
      <ymin>648.87</ymin>
      <xmax>589.5</xmax>
      <ymax>681.1</ymax>
    </bndbox>
  </object>
  <object>
    <name>WHITE</name>
    <occluded>0</occluded>
    <bndbox>
      <xmin>581.76</xmin>
      <ymin>596.75</ymin>
      <xmax>626.4</xmax>
      <ymax>640.75</ymax>
    </bndbox>
  </object>
  <object>
    <name>WHITE</name>
    <occluded>0</occluded>
    <bndbox>
      <xmin>652.4</xmin>
      <ymin>466.05</ymin>
      <xmax>699.4</xmax>
      <ymax>512.75</ymax>
    </bndbox>
  </object>
  <object>
    <name>WHITE</name>
    <occluded>0</occluded>
    <bndbox>
      <xmin>685.75</xmin>
      <ymin>382.13</ymin>
      <xmax>737.7</xmax>
      <ymax>433.4</ymax>
    </bndbox>
  </object>
  <object>
    <name>WHITE</name>
    <occluded>0</occluded>
    <bndbox>
      <xmin>604.39</xmin>
      <ymin>701.37</ymin>
      <xmax>641.2</xmax>
      <ymax>736.3</ymax>
    </bndbox>
  </object>
  <object>
    <name>WHITE</name>
    <occluded>0</occluded>
    <bndbox>
      <xmin>660.5</xmin>
      <ymin>609.9</ymin>
      <xmax>707.0</xmax>
      <ymax>648.4</ymax>
    </bndbox>
  </object>
  <object>
    <name>WHITE</name>
    <occluded>0</occluded>
    <bndbox>
      <xmin>704.5</xmin>
      <ymin>545.5</ymin>
      <xmax>751.6</xmax>
      <ymax>589.5</ymax>
    </bndbox>
  </object>
  <object>
    <name>BLACK</name>
    <occluded>0</occluded>
    <bndbox>
      <xmin>805.64</xmin>
      <ymin>314.01</ymin>
      <xmax>845.9</xmax>
      <ymax>368.6</ymax>
    </bndbox>
  </object>
  <object>
    <name>WHITE</name>
    <occluded>0</occluded>
    <bndbox>
      <xmin>676.27</xmin>
      <ymin>713.9</ymin>
      <xmax>721.7</xmax>
      <ymax>748.5</ymax>
    </bndbox>
  </object>
  <object>
    <name>WHITE</name>
    <occluded>0</occluded>
    <bndbox>
      <xmin>706.5</xmin>
      <ymin>663.0</ymin>
      <xmax>749.5</xmax>
      <ymax>696.4</ymax>
    </bndbox>
  </object>
  <object>
    <name>WHITE</name>
    <occluded>0</occluded>
    <bndbox>
      <xmin>749.75</xmin>
      <ymin>602.38</ymin>
      <xmax>793.75</xmax>
      <ymax>642.2</ymax>
    </bndbox>
  </object>
  <object>
    <name>WHITE</name>
    <occluded>0</occluded>
    <bndbox>
      <xmin>807.13</xmin>
      <ymin>689.51</ymin>
      <xmax>848.13</xmax>
      <ymax>728.1</ymax>
    </bndbox>
  </object>
  <object>
    <name>WHITE</name>
    <occluded>0</occluded>
    <bndbox>
      <xmin>777.0</xmin>
      <ymin>745.26</ymin>
      <xmax>818.0</xmax>
      <ymax>781.0</ymax>
    </bndbox>
  </object>
  <object>
    <name>WHITE</name>
    <occluded>0</occluded>
    <bndbox>
      <xmin>757.5</xmin>
      <ymin>783.5</ymin>
      <xmax>796.5</xmax>
      <ymax>827.37</ymax>
    </bndbox>
  </object>
  <object>
    <name>WHITE</name>
    <occluded>0</occluded>
    <bndbox>
      <xmin>545.84</xmin>
      <ymin>684.69</ymin>
      <xmax>584.76</xmax>
      <ymax>716.88</ymax>
    </bndbox>
  </object>
  <object>
    <name>WHITE</name>
    <occluded>0</occluded>
    <bndbox>
      <xmin>791.0</xmin>
      <ymin>534.0</ymin>
      <xmax>835.0</xmax>
      <ymax>575.2</ymax>
    </bndbox>
  </object>
  <object>
    <name>WHITE</name>
    <occluded>0</occluded>
    <bndbox>
      <xmin>822.87</xmin>
      <ymin>448.51</ymin>
      <xmax>863.8</xmax>
      <ymax>499.1</ymax>
    </bndbox>
  </object>
  <object>
    <name>WHITE</name>
    <occluded>0</occluded>
    <bndbox>
      <xmin>858.2</xmin>
      <ymin>287.1</ymin>
      <xmax>889.0</xmax>
      <ymax>333.5</ymax>
    </bndbox>
  </object>
  <object>
    <name>BLACK</name>
    <occluded>0</occluded>
    <bndbox>
      <xmin>621.82</xmin>
      <ymin>658.87</ymin>
      <xmax>669.35</xmax>
      <ymax>697.04</ymax>
    </bndbox>
  </object>
  <object>
    <name>WHITE</name>
    <occluded>0</occluded>
    <bndbox>
      <xmin>493.81</xmin>
      <ymin>634.54</ymin>
      <xmax>527.87</xmax>
      <ymax>671.97</ymax>
    </bndbox>
  </object>
  <object>
    <name>WHITE</name>
    <occluded>0</occluded>
    <bndbox>
      <xmin>490.82</xmin>
      <ymin>674.96</ymin>
      <xmax>528.25</xmax>
      <ymax>708.27</ymax>
    </bndbox>
  </object>
  <object>
    <name>WHITE</name>
    <occluded>0</occluded>
    <bndbox>
      <xmin>485.58</xmin>
      <ymin>701.16</ymin>
      <xmax>517.39</xmax>
      <ymax>731.48</ymax>
    </bndbox>
  </object>
  <object>
    <name>WHITE</name>
    <occluded>0</occluded>
    <bndbox>
      <xmin>455.0</xmin>
      <ymin>381.5</ymin>
      <xmax>485.0</xmax>
      <ymax>426.5</ymax>
    </bndbox>
  </object>
  <object>
    <name>WHITE</name>
    <occluded>0</occluded>
    <bndbox>
      <xmin>523.0</xmin>
      <ymin>380.5</ymin>
      <xmax>561.0</xmax>
      <ymax>425.5</ymax>
    </bndbox>
  </object>
  <object>
    <name>WHITE</name>
    <occluded>0</occluded>
    <bndbox>
      <xmin>558.5</xmin>
      <ymin>303.0</ymin>
      <xmax>603.5</xmax>
      <ymax>345.0</ymax>
    </bndbox>
  </object>
  <object>
    <name>WHITE</name>
    <occluded>0</occluded>
    <bndbox>
      <xmin>571.38</xmin>
      <ymin>173.0</ymin>
      <xmax>616.6</xmax>
      <ymax>212.0</ymax>
    </bndbox>
  </object>
  <object>
    <name>WHITE</name>
    <occluded>0</occluded>
    <bndbox>
      <xmin>521.5</xmin>
      <ymin>233.9</ymin>
      <xmax>566.5</xmax>
      <ymax>279.9</ymax>
    </bndbox>
  </object>
  <object>
    <name>WHITE</name>
    <occluded>0</occluded>
    <bndbox>
      <xmin>481.12</xmin>
      <ymin>303.89</ymin>
      <xmax>526.12</xmax>
      <ymax>354.0</ymax>
    </bndbox>
  </object>
  <object>
    <name>BLACK</name>
    <occluded>0</occluded>
    <bndbox>
      <xmin>433.88</xmin>
      <ymin>312.27</ymin>
      <xmax>461.6</xmax>
      <ymax>360.9</ymax>
    </bndbox>
  </object>
  <object>
    <name>WHITE</name>
    <occluded>0</occluded>
    <bndbox>
      <xmin>459.4</xmin>
      <ymin>243.14</ymin>
      <xmax>491.76</xmax>
      <ymax>289.9</ymax>
    </bndbox>
  </object>
  <object>
    <name>WHITE</name>
    <occluded>0</occluded>
    <bndbox>
      <xmin>413.4</xmin>
      <ymin>281.78</ymin>
      <xmax>438.89</xmax>
      <ymax>326.6</ymax>
    </bndbox>
  </object>
  <object>
    <name>WHITE</name>
    <occluded>0</occluded>
    <bndbox>
      <xmin>642.3</xmin>
      <ymin>299.7</ymin>
      <xmax>690.5</xmax>
      <ymax>352.0</ymax>
    </bndbox>
  </object>
  <object>
    <name>WHITE</name>
    <occluded>0</occluded>
    <bndbox>
      <xmin>642.4</xmin>
      <ymin>752.06</ymin>
      <xmax>688.06</xmax>
      <ymax>788.37</ymax>
    </bndbox>
  </object>
  <object>
    <name>WHITE</name>
    <occluded>0</occluded>
    <bndbox>
      <xmin>637.54</xmin>
      <ymin>782.38</ymin>
      <xmax>680.2</xmax>
      <ymax>821.68</ymax>
    </bndbox>
  </object>
  <object>
    <name>BLACK</name>
    <occluded>0</occluded>
    <bndbox>
      <xmin>578.03</xmin>
      <ymin>772.24</ymin>
      <xmax>621.82</xmax>
      <ymax>809.7</ymax>
    </bndbox>
  </object>
  <object>
    <name>WHITE</name>
    <occluded>0</occluded>
    <bndbox>
      <xmin>578.4</xmin>
      <ymin>742.71</ymin>
      <xmax>615.08</xmax>
      <ymax>779.39</ymax>
    </bndbox>
  </object>
  <object>
    <name>WHITE</name>
    <occluded>0</occluded>
    <bndbox>
      <xmin>530.12</xmin>
      <ymin>749.44</ymin>
      <xmax>560.81</xmax>
      <ymax>788.74</ymax>
    </bndbox>
  </object>
  <object>
    <name>WHITE</name>
    <occluded>0</occluded>
    <bndbox>
      <xmin>532.74</xmin>
      <ymin>718.0</ymin>
      <xmax>567.55</xmax>
      <ymax>757.68</ymax>
    </bndbox>
  </object>
  <object>
    <name>WHITE</name>
    <occluded>0</occluded>
    <bndbox>
      <xmin>896.53</xmin>
      <ymin>259.52</ymin>
      <xmax>925.73</xmax>
      <ymax>304.06</ymax>
    </bndbox>
  </object>
  <object>
    <name>WHITE</name>
    <occluded>0</occluded>
    <bndbox>
      <xmin>510.9</xmin>
      <ymin>590.4</ymin>
      <xmax>552.0</xmax>
      <ymax>628.5</ymax>
    </bndbox>
  </object>
  <object>
    <name>WHITE</name>
    <occluded>0</occluded>
    <bndbox>
      <xmin>488.01</xmin>
      <ymin>720.46</ymin>
      <xmax>510.2</xmax>
      <ymax>759.6</ymax>
    </bndbox>
  </object>
  <object>
    <name>WHITE</name>
    <occluded>0</occluded>
    <bndbox>
      <xmin>658.5</xmin>
      <ymin>165.5</ymin>
      <xmax>709.1</xmax>
      <ymax>206.4</ymax>
    </bndbox>
  </object>
  <object>
    <name>WHITE</name>
    <occluded>0</occluded>
    <bndbox>
      <xmin>608.25</xmin>
      <ymin>223.75</ymin>
      <xmax>658.4</xmax>
      <ymax>268.0</ymax>
    </bndbox>
  </object>
  <object>
    <name>WHITE</name>
    <occluded>0</occluded>
    <bndbox>
      <xmin>565.9</xmin>
      <ymin>461.0</ymin>
      <xmax>609.5</xmax>
      <ymax>506.5</ymax>
    </bndbox>
  </object>
  <object>
    <name>WHITE</name>
    <occluded>0</occluded>
    <bndbox>
      <xmin>600.5</xmin>
      <ymin>381.5</ymin>
      <xmax>645.5</xmax>
      <ymax>426.5</ymax>
    </bndbox>
  </object>
  <object>
    <name>WHITE</name>
    <occluded>0</occluded>
    <bndbox>
      <xmin>696.0</xmin>
      <ymin>227.5</ymin>
      <xmax>740.0</xmax>
      <ymax>270.5</ymax>
    </bndbox>
  </object>
  <object>
    <name>WHITE</name>
    <occluded>0</occluded>
    <bndbox>
      <xmin>613.5</xmin>
      <ymin>542.0</ymin>
      <xmax>656.5</xmax>
      <ymax>582.0</ymax>
    </bndbox>
  </object>
  <object>
    <name>WHITE</name>
    <occluded>0</occluded>
    <bndbox>
      <xmin>731.5</xmin>
      <ymin>308.5</ymin>
      <xmax>776.5</xmax>
      <ymax>353.5</ymax>
    </bndbox>
  </object>
  <object>
    <name>WHITE</name>
    <occluded>0</occluded>
    <bndbox>
      <xmin>749.0</xmin>
      <ymin>461.5</ymin>
      <xmax>793.0</xmax>
      <ymax>506.5</ymax>
    </bndbox>
  </object>
  <object>
    <name>WHITE</name>
    <occluded>0</occluded>
    <bndbox>
      <xmin>774.5</xmin>
      <ymin>380.0</ymin>
      <xmax>815.5</xmax>
      <ymax>426.0</ymax>
    </bndbox>
  </object>
  <object>
    <name>WHITE</name>
    <occluded>0</occluded>
    <bndbox>
      <xmin>858.5</xmin>
      <ymin>367.5</ymin>
      <xmax>891.5</xmax>
      <ymax>412.5</ymax>
    </bndbox>
  </object>
  <object>
    <name>WHITE</name>
    <occluded>0</occluded>
    <bndbox>
      <xmin>893.0</xmin>
      <ymin>426.0</ymin>
      <xmax>919.0</xmax>
      <ymax>470.0</ymax>
    </bndbox>
  </object>
  <object>
    <name>WHITE</name>
    <occluded>0</occluded>
    <bndbox>
      <xmin>909.5</xmin>
      <ymin>336.0</ymin>
      <xmax>930.5</xmax>
      <ymax>380.0</ymax>
    </bndbox>
  </object>
  <object>
    <name>WHITE</name>
    <occluded>0</occluded>
    <bndbox>
      <xmin>832.91</xmin>
      <ymin>208.24</ymin>
      <xmax>872.58</xmax>
      <ymax>247.92</ymax>
    </bndbox>
  </object>
  <object>
    <name>WHITE</name>
    <occluded>0</occluded>
    <bndbox>
      <xmin>812.32</xmin>
      <ymin>144.62</ymin>
      <xmax>852.0</xmax>
      <ymax>184.66</ymax>
    </bndbox>
  </object>
  <object>
    <name>WHITE</name>
    <occluded>0</occluded>
    <bndbox>
      <xmin>717.63</xmin>
      <ymin>113.55</ymin>
      <xmax>761.79</xmax>
      <ymax>147.98</ymax>
    </bndbox>
  </object>
  <object>
    <name>WHITE</name>
    <occluded>0</occluded>
    <bndbox>
      <xmin>408.1</xmin>
      <ymin>364.69</ymin>
      <xmax>427.57</xmax>
      <ymax>407.73</ymax>
    </bndbox>
  </object>
  <object>
    <name>WHITE</name>
    <occluded>0</occluded>
    <bndbox>
      <xmin>387.48</xmin>
      <ymin>328.76</ymin>
      <xmax>409.98</xmax>
      <ymax>374.05</ymax>
    </bndbox>
  </object>
  <object>
    <name>WHITE</name>
    <occluded>0</occluded>
    <bndbox>
      <xmin>499.39</xmin>
      <ymin>171.19</ymin>
      <xmax>541.35</xmax>
      <ymax>212.36</ymax>
    </bndbox>
  </object>
  <object>
    <name>WHITE</name>
    <occluded>0</occluded>
    <bndbox>
      <xmin>472.44</xmin>
      <ymin>147.98</ymin>
      <xmax>511.03</xmax>
      <ymax>187.66</ymax>
    </bndbox>
  </object>
  <object>
    <name>WHITE</name>
    <occluded>0</occluded>
    <bndbox>
      <xmin>548.05</xmin>
      <ymin>116.92</ymin>
      <xmax>591.87</xmax>
      <ymax>148.36</ymax>
    </bndbox>
  </object>
  <object>
    <name>WHITE</name>
    <occluded>0</occluded>
    <bndbox>
      <xmin>597.82</xmin>
      <ymin>83.23</ymin>
      <xmax>645.77</xmax>
      <ymax>108.69</ymax>
    </bndbox>
  </object>
  <object>
    <name>WHITE</name>
    <occluded>0</occluded>
    <bndbox>
      <xmin>680.58</xmin>
      <ymin>81.36</ymin>
      <xmax>726.99</xmax>
      <ymax>106.06</ymax>
    </bndbox>
  </object>
  <object>
    <name>WHITE</name>
    <occluded>0</occluded>
    <bndbox>
      <xmin>923.62</xmin>
      <ymin>483.93</ymin>
      <xmax>947.43</xmax>
      <ymax>526.14</ymax>
    </bndbox>
  </object>
  <object>
    <name>WHITE</name>
    <occluded>0</occluded>
    <bndbox>
      <xmin>935.83</xmin>
      <ymin>396.13</ymin>
      <xmax>956.04</xmax>
      <ymax>444.04</ymax>
    </bndbox>
  </object>
  <object>
    <name>WHITE</name>
    <occluded>0</occluded>
    <bndbox>
      <xmin>886.43</xmin>
      <ymin>564.89</ymin>
      <xmax>920.49</xmax>
      <ymax>605.72</ymax>
    </bndbox>
  </object>
  <object>
    <name>WHITE</name>
    <occluded>0</occluded>
    <bndbox>
      <xmin>429.44</xmin>
      <ymin>438.79</ymin>
      <xmax>458.63</xmax>
      <ymax>482.21</ymax>
    </bndbox>
  </object>
  <object>
    <name>WHITE</name>
    <occluded>0</occluded>
    <bndbox>
      <xmin>490.82</xmin>
      <ymin>453.77</ymin>
      <xmax>530.12</xmax>
      <ymax>500.2</ymax>
    </bndbox>
  </object>
  <object>
    <name>WHITE</name>
    <occluded>0</occluded>
    <bndbox>
      <xmin>465.37</xmin>
      <ymin>520.76</ymin>
      <xmax>502.05</xmax>
      <ymax>564.93</ymax>
    </bndbox>
  </object>
</annotation>
