<annotation>
  <folder>VV</folder>
  <filename>VV_camera4.png</filename>
  <source>
    <database>Unknown</database>
    <annotation>Unknown</annotation>
    <image>Unknown</image>
  </source>
  <size>
    <width>1280</width>
    <height>960</height>
    <depth></depth>
  </size>
  <segmented>0</segmented>
  <object>
    <name>WHITE</name>
    <occluded>0</occluded>
    <bndbox>
      <xmin>649.8</xmin>
      <ymin>530.0</ymin>
      <xmax>697.0</xmax>
      <ymax>576.2</ymax>
    </bndbox>
  </object>
  <object>
    <name>WHITE</name>
    <occluded>0</occluded>
    <bndbox>
      <xmin>474.05</xmin>
      <ymin>297.99</ymin>
      <xmax>515.6</xmax>
      <ymax>346.65</ymax>
    </bndbox>
  </object>
  <object>
    <name>WHITE</name>
    <occluded>0</occluded>
    <bndbox>
      <xmin>373.37</xmin>
      <ymin>463.42</ymin>
      <xmax>398.45</xmax>
      <ymax>509.46</ymax>
    </bndbox>
  </object>
  <object>
    <name>WHITE</name>
    <occluded>0</occluded>
    <bndbox>
      <xmin>423.59</xmin>
      <ymin>626.6</ymin>
      <xmax>452.9</xmax>
      <ymax>668.08</ymax>
    </bndbox>
  </object>
  <object>
    <name>WHITE</name>
    <occluded>0</occluded>
    <bndbox>
      <xmin>440.74</xmin>
      <ymin>573.89</ymin>
      <xmax>476.3</xmax>
      <ymax>619.11</ymax>
    </bndbox>
  </object>
  <object>
    <name>WHITE</name>
    <occluded>0</occluded>
    <bndbox>
      <xmin>868.66</xmin>
      <ymin>600.4</ymin>
      <xmax>904.53</xmax>
      <ymax>645.0</ymax>
    </bndbox>
  </object>
  <object>
    <name>WHITE</name>
    <occluded>0</occluded>
    <bndbox>
      <xmin>690.88</xmin>
      <ymin>731.71</ymin>
      <xmax>738.91</xmax>
      <ymax>770.07</ymax>
    </bndbox>
  </object>
  <object>
    <name>BLACK</name>
    <occluded>0</occluded>
    <bndbox>
      <xmin>707.6</xmin>
      <ymin>880.37</ymin>
      <xmax>753.26</xmax>
      <ymax>908.06</ymax>
    </bndbox>
  </object>
  <object>
    <name>WHITE</name>
    <occluded>0</occluded>
    <bndbox>
      <xmin>647.34</xmin>
      <ymin>880.37</ymin>
      <xmax>690.38</xmax>
      <ymax>914.05</ymax>
    </bndbox>
  </object>
  <object>
    <name>WHITE</name>
    <occluded>0</occluded>
    <bndbox>
      <xmin>457.96</xmin>
      <ymin>776.69</ymin>
      <xmax>480.41</xmax>
      <ymax>817.11</ymax>
    </bndbox>
  </object>
  <object>
    <name>WHITE</name>
    <occluded>0</occluded>
    <bndbox>
      <xmin>414.2</xmin>
      <ymin>328.03</ymin>
      <xmax>448.63</xmax>
      <ymax>373.4</ymax>
    </bndbox>
  </object>
  <object>
    <name>WHITE</name>
    <occluded>0</occluded>
    <bndbox>
      <xmin>404.5</xmin>
      <ymin>405.0</ymin>
      <xmax>436.2</xmax>
      <ymax>453.5</ymax>
    </bndbox>
  </object>
  <object>
    <name>BLACK</name>
    <occluded>0</occluded>
    <bndbox>
      <xmin>448.88</xmin>
      <ymin>366.14</ymin>
      <xmax>488.5</xmax>
      <ymax>417.1</ymax>
    </bndbox>
  </object>
  <object>
    <name>WHITE</name>
    <occluded>0</occluded>
    <bndbox>
      <xmin>413.88</xmin>
      <ymin>492.5</ymin>
      <xmax>447.1</xmax>
      <ymax>538.7</ymax>
    </bndbox>
  </object>
  <object>
    <name>WHITE</name>
    <occluded>0</occluded>
    <bndbox>
      <xmin>458.2</xmin>
      <ymin>432.39</ymin>
      <xmax>499.5</xmax>
      <ymax>485.0</ymax>
    </bndbox>
  </object>
  <object>
    <name>WHITE</name>
    <occluded>0</occluded>
    <bndbox>
      <xmin>506.12</xmin>
      <ymin>364.13</ymin>
      <xmax>552.12</xmax>
      <ymax>413.4</ymax>
    </bndbox>
  </object>
  <object>
    <name>WHITE</name>
    <occluded>0</occluded>
    <bndbox>
      <xmin>546.5</xmin>
      <ymin>287.5</ymin>
      <xmax>593.5</xmax>
      <ymax>333.0</ymax>
    </bndbox>
  </object>
  <object>
    <name>WHITE</name>
    <occluded>0</occluded>
    <bndbox>
      <xmin>590.5</xmin>
      <ymin>228.9</ymin>
      <xmax>639.3</xmax>
      <ymax>270.0</ymax>
    </bndbox>
  </object>
  <object>
    <name>WHITE</name>
    <occluded>0</occluded>
    <bndbox>
      <xmin>650.5</xmin>
      <ymin>185.1</ymin>
      <xmax>700.4</xmax>
      <ymax>215.5</ymax>
    </bndbox>
  </object>
  <object>
    <name>WHITE</name>
    <occluded>0</occluded>
    <bndbox>
      <xmin>710.03</xmin>
      <ymin>148.49</ymin>
      <xmax>757.0</xmax>
      <ymax>178.4</ymax>
    </bndbox>
  </object>
  <object>
    <name>WHITE</name>
    <occluded>0</occluded>
    <bndbox>
      <xmin>475.0</xmin>
      <ymin>510.5</ymin>
      <xmax>515.5</xmax>
      <ymax>557.7</ymax>
    </bndbox>
  </object>
  <object>
    <name>WHITE</name>
    <occluded>0</occluded>
    <bndbox>
      <xmin>535.5</xmin>
      <ymin>442.5</ymin>
      <xmax>583.0</xmax>
      <ymax>489.5</ymax>
    </bndbox>
  </object>
  <object>
    <name>WHITE</name>
    <occluded>0</occluded>
    <bndbox>
      <xmin>685.51</xmin>
      <ymin>239.12</ymin>
      <xmax>735.9</xmax>
      <ymax>285.12</ymax>
    </bndbox>
  </object>
  <object>
    <name>WHITE</name>
    <occluded>0</occluded>
    <bndbox>
      <xmin>745.51</xmin>
      <ymin>190.12</ymin>
      <xmax>790.6</xmax>
      <ymax>222.1</ymax>
    </bndbox>
  </object>
  <object>
    <name>WHITE</name>
    <occluded>0</occluded>
    <bndbox>
      <xmin>474.31</xmin>
      <ymin>650.81</ymin>
      <xmax>507.9</xmax>
      <ymax>694.81</ymax>
    </bndbox>
  </object>
  <object>
    <name>WHITE</name>
    <occluded>0</occluded>
    <bndbox>
      <xmin>508.5</xmin>
      <ymin>600.0</ymin>
      <xmax>552.6</xmax>
      <ymax>642.0</ymax>
    </bndbox>
  </object>
  <object>
    <name>WHITE</name>
    <occluded>0</occluded>
    <bndbox>
      <xmin>560.0</xmin>
      <ymin>523.9</ymin>
      <xmax>607.0</xmax>
      <ymax>571.0</ymax>
    </bndbox>
  </object>
  <object>
    <name>WHITE</name>
    <occluded>0</occluded>
    <bndbox>
      <xmin>617.5</xmin>
      <ymin>451.0</ymin>
      <xmax>668.0</xmax>
      <ymax>500.4</ymax>
    </bndbox>
  </object>
  <object>
    <name>WHITE</name>
    <occluded>0</occluded>
    <bndbox>
      <xmin>723.5</xmin>
      <ymin>305.0</ymin>
      <xmax>772.5</xmax>
      <ymax>355.1</ymax>
    </bndbox>
  </object>
  <object>
    <name>WHITE</name>
    <occluded>0</occluded>
    <bndbox>
      <xmin>780.02</xmin>
      <ymin>243.0</ymin>
      <xmax>823.5</xmax>
      <ymax>288.0</ymax>
    </bndbox>
  </object>
  <object>
    <name>WHITE</name>
    <occluded>0</occluded>
    <bndbox>
      <xmin>503.13</xmin>
      <ymin>771.49</ymin>
      <xmax>541.0</xmax>
      <ymax>811.2</ymax>
    </bndbox>
  </object>
  <object>
    <name>WHITE</name>
    <occluded>0</occluded>
    <bndbox>
      <xmin>524.82</xmin>
      <ymin>722.81</ymin>
      <xmax>565.4</xmax>
      <ymax>760.6</ymax>
    </bndbox>
  </object>
  <object>
    <name>WHITE</name>
    <occluded>0</occluded>
    <bndbox>
      <xmin>546.88</xmin>
      <ymin>666.5</ymin>
      <xmax>592.1</xmax>
      <ymax>710.1</ymax>
    </bndbox>
  </object>
  <object>
    <name>WHITE</name>
    <occluded>0</occluded>
    <bndbox>
      <xmin>605.5</xmin>
      <ymin>602.5</ymin>
      <xmax>653.6</xmax>
      <ymax>648.3</ymax>
    </bndbox>
  </object>
  <object>
    <name>WHITE</name>
    <occluded>0</occluded>
    <bndbox>
      <xmin>709.0</xmin>
      <ymin>455.9</ymin>
      <xmax>755.0</xmax>
      <ymax>503.0</ymax>
    </bndbox>
  </object>
  <object>
    <name>WHITE</name>
    <occluded>0</occluded>
    <bndbox>
      <xmin>586.0</xmin>
      <ymin>367.0</ymin>
      <xmax>632.0</xmax>
      <ymax>413.0</ymax>
    </bndbox>
  </object>
  <object>
    <name>WHITE</name>
    <occluded>0</occluded>
    <bndbox>
      <xmin>633.0</xmin>
      <ymin>295.0</ymin>
      <xmax>677.0</xmax>
      <ymax>341.0</ymax>
    </bndbox>
  </object>
  <object>
    <name>WHITE</name>
    <occluded>0</occluded>
    <bndbox>
      <xmin>673.0</xmin>
      <ymin>375.5</ymin>
      <xmax>719.0</xmax>
      <ymax>422.5</ymax>
    </bndbox>
  </object>
  <object>
    <name>WHITE</name>
    <occluded>0</occluded>
    <bndbox>
      <xmin>764.0</xmin>
      <ymin>385.5</ymin>
      <xmax>808.0</xmax>
      <ymax>432.5</ymax>
    </bndbox>
  </object>
  <object>
    <name>WHITE</name>
    <occluded>0</occluded>
    <bndbox>
      <xmin>743.5</xmin>
      <ymin>533.0</ymin>
      <xmax>788.5</xmax>
      <ymax>577.0</ymax>
    </bndbox>
  </object>
  <object>
    <name>WHITE</name>
    <occluded>0</occluded>
    <bndbox>
      <xmin>814.01</xmin>
      <ymin>323.0</ymin>
      <xmax>858.4</xmax>
      <ymax>370.6</ymax>
    </bndbox>
  </object>
  <object>
    <name>WHITE</name>
    <occluded>0</occluded>
    <bndbox>
      <xmin>530.89</xmin>
      <ymin>861.76</ymin>
      <xmax>572.0</xmax>
      <ymax>903.5</ymax>
    </bndbox>
  </object>
  <object>
    <name>WHITE</name>
    <occluded>0</occluded>
    <bndbox>
      <xmin>568.76</xmin>
      <ymin>784.24</ymin>
      <xmax>612.4</xmax>
      <ymax>821.7</ymax>
    </bndbox>
  </object>
  <object>
    <name>BLACK</name>
    <occluded>0</occluded>
    <bndbox>
      <xmin>598.71</xmin>
      <ymin>736.25</ymin>
      <xmax>649.5</xmax>
      <ymax>775.7</ymax>
    </bndbox>
  </object>
  <object>
    <name>WHITE</name>
    <occluded>0</occluded>
    <bndbox>
      <xmin>651.5</xmin>
      <ymin>678.5</ymin>
      <xmax>694.9</xmax>
      <ymax>723.5</ymax>
    </bndbox>
  </object>
  <object>
    <name>WHITE</name>
    <occluded>0</occluded>
    <bndbox>
      <xmin>694.4</xmin>
      <ymin>610.0</ymin>
      <xmax>742.5</xmax>
      <ymax>654.5</ymax>
    </bndbox>
  </object>
  <object>
    <name>WHITE</name>
    <occluded>0</occluded>
    <bndbox>
      <xmin>800.0</xmin>
      <ymin>461.3</ymin>
      <xmax>846.0</xmax>
      <ymax>510.5</ymax>
    </bndbox>
  </object>
  <object>
    <name>BLACK</name>
    <occluded>0</occluded>
    <bndbox>
      <xmin>837.63</xmin>
      <ymin>396.26</ymin>
      <xmax>880.0</xmax>
      <ymax>450.4</ymax>
    </bndbox>
  </object>
  <object>
    <name>WHITE</name>
    <occluded>0</occluded>
    <bndbox>
      <xmin>620.87</xmin>
      <ymin>840.5</ymin>
      <xmax>662.87</xmax>
      <ymax>869.5</ymax>
    </bndbox>
  </object>
  <object>
    <name>WHITE</name>
    <occluded>0</occluded>
    <bndbox>
      <xmin>638.5</xmin>
      <ymin>788.0</ymin>
      <xmax>686.5</xmax>
      <ymax>820.2</ymax>
    </bndbox>
  </object>
  <object>
    <name>WHITE</name>
    <occluded>0</occluded>
    <bndbox>
      <xmin>729.94</xmin>
      <ymin>672.32</ymin>
      <xmax>777.4</xmax>
      <ymax>717.2</ymax>
    </bndbox>
  </object>
  <object>
    <name>WHITE</name>
    <occluded>0</occluded>
    <bndbox>
      <xmin>781.0</xmin>
      <ymin>609.6</ymin>
      <xmax>825.5</xmax>
      <ymax>654.5</ymax>
    </bndbox>
  </object>
  <object>
    <name>WHITE</name>
    <occluded>0</occluded>
    <bndbox>
      <xmin>838.0</xmin>
      <ymin>528.64</ymin>
      <xmax>883.0</xmax>
      <ymax>577.57</ymax>
    </bndbox>
  </object>
  <object>
    <name>WHITE</name>
    <occluded>0</occluded>
    <bndbox>
      <xmin>883.8</xmin>
      <ymin>451.5</ymin>
      <xmax>920.0</xmax>
      <ymax>496.5</ymax>
    </bndbox>
  </object>
  <object>
    <name>WHITE</name>
    <occluded>0</occluded>
    <bndbox>
      <xmin>888.1</xmin>
      <ymin>365.5</ymin>
      <xmax>922.5</xmax>
      <ymax>410.5</ymax>
    </bndbox>
  </object>
  <object>
    <name>WHITE</name>
    <occluded>0</occluded>
    <bndbox>
      <xmin>872.5</xmin>
      <ymin>285.5</ymin>
      <xmax>904.8</xmax>
      <ymax>329.7</ymax>
    </bndbox>
  </object>
  <object>
    <name>WHITE</name>
    <occluded>0</occluded>
    <bndbox>
      <xmin>683.5</xmin>
      <ymin>832.51</ymin>
      <xmax>730.4</xmax>
      <ymax>866.1</ymax>
    </bndbox>
  </object>
  <object>
    <name>WHITE</name>
    <occluded>0</occluded>
    <bndbox>
      <xmin>714.8</xmin>
      <ymin>781.94</ymin>
      <xmax>758.94</xmax>
      <ymax>816.6</ymax>
    </bndbox>
  </object>
  <object>
    <name>WHITE</name>
    <occluded>0</occluded>
    <bndbox>
      <xmin>765.5</xmin>
      <ymin>736.9</ymin>
      <xmax>810.4</xmax>
      <ymax>773.0</ymax>
    </bndbox>
  </object>
  <object>
    <name>WHITE</name>
    <occluded>0</occluded>
    <bndbox>
      <xmin>806.0</xmin>
      <ymin>667.4</ymin>
      <xmax>850.0</xmax>
      <ymax>706.2</ymax>
    </bndbox>
  </object>
  <object>
    <name>WHITE</name>
    <occluded>0</occluded>
    <bndbox>
      <xmin>940.38</xmin>
      <ymin>422.63</ymin>
      <xmax>967.4</xmax>
      <ymax>474.5</ymax>
    </bndbox>
  </object>
  <object>
    <name>WHITE</name>
    <occluded>0</occluded>
    <bndbox>
      <xmin>934.2</xmin>
      <ymin>344.5</ymin>
      <xmax>959.0</xmax>
      <ymax>387.5</ymax>
    </bndbox>
  </object>
  <object>
    <name>WHITE</name>
    <occluded>0</occluded>
    <bndbox>
      <xmin>754.13</xmin>
      <ymin>822.64</ymin>
      <xmax>796.13</xmax>
      <ymax>859.0</ymax>
    </bndbox>
  </object>
  <object>
    <name>WHITE</name>
    <occluded>0</occluded>
    <bndbox>
      <xmin>782.44</xmin>
      <ymin>783.94</ymin>
      <xmax>825.44</xmax>
      <ymax>811.6</ymax>
    </bndbox>
  </object>
  <object>
    <name>WHITE</name>
    <occluded>0</occluded>
    <bndbox>
      <xmin>1001.03</xmin>
      <ymin>627.35</ymin>
      <xmax>1029.1</xmax>
      <ymax>666.28</ymax>
    </bndbox>
  </object>
  <object>
    <name>WHITE</name>
    <occluded>0</occluded>
    <bndbox>
      <xmin>449.72</xmin>
      <ymin>256.45</ymin>
      <xmax>480.04</xmax>
      <ymax>297.62</ymax>
    </bndbox>
  </object>
  <object>
    <name>WHITE</name>
    <occluded>0</occluded>
    <bndbox>
      <xmin>518.22</xmin>
      <ymin>222.39</ymin>
      <xmax>562.75</xmax>
      <ymax>265.81</ymax>
    </bndbox>
  </object>
  <object>
    <name>WHITE</name>
    <occluded>0</occluded>
    <bndbox>
      <xmin>799.3</xmin>
      <ymin>177.85</ymin>
      <xmax>840.47</xmax>
      <ymax>204.42</ymax>
    </bndbox>
  </object>
  <object>
    <name>WHITE</name>
    <occluded>0</occluded>
    <bndbox>
      <xmin>838.97</xmin>
      <ymin>228.75</ymin>
      <xmax>879.39</xmax>
      <ymax>265.06</ymax>
    </bndbox>
  </object>
  <object>
    <name>WHITE</name>
    <occluded>0</occluded>
    <bndbox>
      <xmin>918.69</xmin>
      <ymin>517.69</ymin>
      <xmax>949.01</xmax>
      <ymax>560.73</ymax>
    </bndbox>
  </object>
  <object>
    <name>WHITE</name>
    <occluded>0</occluded>
    <bndbox>
      <xmin>998.41</xmin>
      <ymin>445.46</ymin>
      <xmax>1017.5</xmax>
      <ymax>490.74</ymax>
    </bndbox>
  </object>
  <object>
    <name>WHITE</name>
    <occluded>0</occluded>
    <bndbox>
      <xmin>965.85</xmin>
      <ymin>487.38</ymin>
      <xmax>988.31</xmax>
      <ymax>533.04</ymax>
    </bndbox>
  </object>
  <object>
    <name>WHITE</name>
    <occluded>0</occluded>
    <bndbox>
      <xmin>946.01</xmin>
      <ymin>565.97</ymin>
      <xmax>973.71</xmax>
      <ymax>615.38</ymax>
    </bndbox>
  </object>
  <object>
    <name>BLACK</name>
    <occluded>0</occluded>
    <bndbox>
      <xmin>965.5</xmin>
      <ymin>649.06</ymin>
      <xmax>1000.66</xmax>
      <ymax>691.0</ymax>
    </bndbox>
  </object>
  <object>
    <name>WHITE</name>
    <occluded>0</occluded>
    <bndbox>
      <xmin>875.65</xmin>
      <ymin>823.81</ymin>
      <xmax>910.46</xmax>
      <ymax>854.91</ymax>
    </bndbox>
  </object>
  <object>
    <name>WHITE</name>
    <occluded>0</occluded>
    <bndbox>
      <xmin>423.79</xmin>
      <ymin>673.88</ymin>
      <xmax>451.48</xmax>
      <ymax>713.21</ymax>
    </bndbox>
  </object>
  <object>
    <name>WHITE</name>
    <occluded>0</occluded>
    <bndbox>
      <xmin>991.02</xmin>
      <ymin>363.7</ymin>
      <xmax>1015.03</xmax>
      <ymax>404.56</ymax>
    </bndbox>
  </object>
  <object>
    <name>WHITE</name>
    <occluded>0</occluded>
    <bndbox>
      <xmin>898.73</xmin>
      <ymin>265.46</ymin>
      <xmax>937.09</xmax>
      <ymax>304.75</ymax>
    </bndbox>
  </object>
  <object>
    <name>WHITE</name>
    <occluded>0</occluded>
    <bndbox>
      <xmin>834.8</xmin>
      <ymin>839.76</ymin>
      <xmax>868.13</xmax>
      <ymax>870.6</ymax>
    </bndbox>
  </object>
  <object>
    <name>WHITE</name>
    <occluded>0</occluded>
    <bndbox>
      <xmin>820.2</xmin>
      <ymin>807.83</ymin>
      <xmax>858.12</xmax>
      <ymax>842.0</ymax>
    </bndbox>
  </object>
  <object>
    <name>WHITE</name>
    <occluded>0</occluded>
    <bndbox>
      <xmin>771.38</xmin>
      <ymin>860.27</ymin>
      <xmax>811.38</xmax>
      <ymax>893.1</ymax>
    </bndbox>
  </object>
  <object>
    <name>WHITE</name>
    <occluded>0</occluded>
    <bndbox>
      <xmin>958.01</xmin>
      <ymin>318.44</ymin>
      <xmax>984.0</xmax>
      <ymax>362.2</ymax>
    </bndbox>
  </object>
  <object>
    <name>WHITE</name>
    <occluded>0</occluded>
    <bndbox>
      <xmin>973.26</xmin>
      <ymin>393.25</ymin>
      <xmax>997.2</xmax>
      <ymax>439.7</ymax>
    </bndbox>
  </object>
  <object>
    <name>WHITE</name>
    <occluded>0</occluded>
    <bndbox>
      <xmin>566.25</xmin>
      <ymin>174.4</ymin>
      <xmax>611.0</xmax>
      <ymax>208.1</ymax>
    </bndbox>
  </object>
  <object>
    <name>WHITE</name>
    <occluded>0</occluded>
    <bndbox>
      <xmin>621.1</xmin>
      <ymin>145.26</ymin>
      <xmax>666.87</xmax>
      <ymax>167.2</ymax>
    </bndbox>
  </object>
</annotation>
