<annotation>
  <folder>VV</folder>
  <filename>VV_camera3.png</filename>
  <source>
    <database>Unknown</database>
    <annotation>Unknown</annotation>
    <image>Unknown</image>
  </source>
  <size>
    <width>1280</width>
    <height>960</height>
    <depth></depth>
  </size>
  <segmented>0</segmented>
  <object>
    <name>WHITE</name>
    <occluded>0</occluded>
    <bndbox>
      <xmin>608.5</xmin>
      <ymin>550.88</ymin>
      <xmax>658.7</xmax>
      <ymax>595.9</ymax>
    </bndbox>
  </object>
  <object>
    <name>WHITE</name>
    <occluded>0</occluded>
    <bndbox>
      <xmin>400.1</xmin>
      <ymin>252.26</ymin>
      <xmax>431.82</xmax>
      <ymax>297.2</ymax>
    </bndbox>
  </object>
  <object>
    <name>WHITE</name>
    <occluded>0</occluded>
    <bndbox>
      <xmin>341.5</xmin>
      <ymin>360.0</ymin>
      <xmax>366.2</xmax>
      <ymax>405.1</ymax>
    </bndbox>
  </object>
  <object>
    <name>BLACK</name>
    <occluded>0</occluded>
    <bndbox>
      <xmin>375.13</xmin>
      <ymin>320.39</ymin>
      <xmax>409.5</xmax>
      <ymax>369.8</ymax>
    </bndbox>
  </object>
  <object>
    <name>WHITE</name>
    <occluded>0</occluded>
    <bndbox>
      <xmin>389.24</xmin>
      <ymin>388.89</ymin>
      <xmax>426.3</xmax>
      <ymax>437.4</ymax>
    </bndbox>
  </object>
  <object>
    <name>WHITE</name>
    <occluded>0</occluded>
    <bndbox>
      <xmin>688.0</xmin>
      <ymin>399.5</ymin>
      <xmax>734.0</xmax>
      <ymax>444.5</ymax>
    </bndbox>
  </object>
  <object>
    <name>WHITE</name>
    <occluded>0</occluded>
    <bndbox>
      <xmin>646.0</xmin>
      <ymin>476.0</ymin>
      <xmax>690.0</xmax>
      <ymax>522.0</ymax>
    </bndbox>
  </object>
  <object>
    <name>WHITE</name>
    <occluded>0</occluded>
    <bndbox>
      <xmin>603.5</xmin>
      <ymin>406.5</ymin>
      <xmax>648.5</xmax>
      <ymax>451.5</ymax>
    </bndbox>
  </object>
  <object>
    <name>WHITE</name>
    <occluded>0</occluded>
    <bndbox>
      <xmin>559.0</xmin>
      <ymin>485.5</ymin>
      <xmax>603.0</xmax>
      <ymax>528.5</ymax>
    </bndbox>
  </object>
  <object>
    <name>WHITE</name>
    <occluded>0</occluded>
    <bndbox>
      <xmin>424.37</xmin>
      <ymin>317.45</ymin>
      <xmax>463.7</xmax>
      <ymax>367.2</ymax>
    </bndbox>
  </object>
  <object>
    <name>WHITE</name>
    <occluded>0</occluded>
    <bndbox>
      <xmin>472.17</xmin>
      <ymin>250.44</ymin>
      <xmax>515.37</xmax>
      <ymax>295.54</ymax>
    </bndbox>
  </object>
  <object>
    <name>WHITE</name>
    <occluded>0</occluded>
    <bndbox>
      <xmin>554.5</xmin>
      <ymin>142.0</ymin>
      <xmax>601.0</xmax>
      <ymax>172.2</ymax>
    </bndbox>
  </object>
  <object>
    <name>WHITE</name>
    <occluded>0</occluded>
    <bndbox>
      <xmin>528.44</xmin>
      <ymin>94.8</ymin>
      <xmax>573.0</xmax>
      <ymax>120.29</ymax>
    </bndbox>
  </object>
  <object>
    <name>WHITE</name>
    <occluded>0</occluded>
    <bndbox>
      <xmin>538.8</xmin>
      <ymin>250.0</ymin>
      <xmax>585.0</xmax>
      <ymax>295.7</ymax>
    </bndbox>
  </object>
  <object>
    <name>BLACK</name>
    <occluded>0</occluded>
    <bndbox>
      <xmin>717.46</xmin>
      <ymin>326.76</ymin>
      <xmax>771.3</xmax>
      <ymax>376.5</ymax>
    </bndbox>
  </object>
  <object>
    <name>WHITE</name>
    <occluded>0</occluded>
    <bndbox>
      <xmin>569.57</xmin>
      <ymin>696.37</ymin>
      <xmax>611.4</xmax>
      <ymax>736.3</ymax>
    </bndbox>
  </object>
  <object>
    <name>WHITE</name>
    <occluded>0</occluded>
    <bndbox>
      <xmin>636.9</xmin>
      <ymin>707.93</ymin>
      <xmax>683.8</xmax>
      <ymax>744.4</ymax>
    </bndbox>
  </object>
  <object>
    <name>WHITE</name>
    <occluded>0</occluded>
    <bndbox>
      <xmin>547.95</xmin>
      <ymin>760.24</ymin>
      <xmax>589.9</xmax>
      <ymax>794.1</ymax>
    </bndbox>
  </object>
  <object>
    <name>WHITE</name>
    <occluded>0</occluded>
    <bndbox>
      <xmin>479.21</xmin>
      <ymin>794.99</ymin>
      <xmax>511.5</xmax>
      <ymax>829.3</ymax>
    </bndbox>
  </object>
  <object>
    <name>WHITE</name>
    <occluded>0</occluded>
    <bndbox>
      <xmin>689.7</xmin>
      <ymin>754.8</ymin>
      <xmax>738.5</xmax>
      <ymax>788.8</ymax>
    </bndbox>
  </object>
  <object>
    <name>WHITE</name>
    <occluded>0</occluded>
    <bndbox>
      <xmin>539.78</xmin>
      <ymin>837.31</ymin>
      <xmax>578.2</xmax>
      <ymax>867.0</ymax>
    </bndbox>
  </object>
  <object>
    <name>BLACK</name>
    <occluded>0</occluded>
    <bndbox>
      <xmin>760.4</xmin>
      <ymin>769.25</ymin>
      <xmax>799.81</xmax>
      <ymax>791.4</ymax>
    </bndbox>
  </object>
  <object>
    <name>BLACK</name>
    <occluded>0</occluded>
    <bndbox>
      <xmin>600.96</xmin>
      <ymin>863.99</ymin>
      <xmax>638.2</xmax>
      <ymax>891.0</ymax>
    </bndbox>
  </object>
  <object>
    <name>WHITE</name>
    <occluded>0</occluded>
    <bndbox>
      <xmin>737.0</xmin>
      <ymin>817.63</ymin>
      <xmax>781.75</xmax>
      <ymax>851.7</ymax>
    </bndbox>
  </object>
  <object>
    <name>WHITE</name>
    <occluded>0</occluded>
    <bndbox>
      <xmin>746.38</xmin>
      <ymin>581.5</ymin>
      <xmax>793.7</xmax>
      <ymax>626.8</ymax>
    </bndbox>
  </object>
  <object>
    <name>WHITE</name>
    <occluded>0</occluded>
    <bndbox>
      <xmin>808.62</xmin>
      <ymin>497.76</ymin>
      <xmax>849.6</xmax>
      <ymax>546.9</ymax>
    </bndbox>
  </object>
  <object>
    <name>WHITE</name>
    <occluded>0</occluded>
    <bndbox>
      <xmin>846.82</xmin>
      <ymin>409.62</ymin>
      <xmax>884.6</xmax>
      <ymax>458.0</ymax>
    </bndbox>
  </object>
  <object>
    <name>WHITE</name>
    <occluded>0</occluded>
    <bndbox>
      <xmin>852.0</xmin>
      <ymin>328.0</ymin>
      <xmax>888.1</xmax>
      <ymax>373.7</ymax>
    </bndbox>
  </object>
  <object>
    <name>WHITE</name>
    <occluded>0</occluded>
    <bndbox>
      <xmin>838.82</xmin>
      <ymin>256.66</ymin>
      <xmax>875.9</xmax>
      <ymax>296.8</ymax>
    </bndbox>
  </object>
  <object>
    <name>WHITE</name>
    <occluded>0</occluded>
    <bndbox>
      <xmin>854.55</xmin>
      <ymin>529.51</ymin>
      <xmax>889.8</xmax>
      <ymax>577.0</ymax>
    </bndbox>
  </object>
  <object>
    <name>WHITE</name>
    <occluded>0</occluded>
    <bndbox>
      <xmin>895.58</xmin>
      <ymin>301.3</ymin>
      <xmax>923.0</xmax>
      <ymax>343.8</ymax>
    </bndbox>
  </object>
  <object>
    <name>WHITE</name>
    <occluded>0</occluded>
    <bndbox>
      <xmin>366.9</xmin>
      <ymin>208.7</ymin>
      <xmax>397.7</xmax>
      <ymax>246.5</ymax>
    </bndbox>
  </object>
  <object>
    <name>WHITE</name>
    <occluded>0</occluded>
    <bndbox>
      <xmin>430.4</xmin>
      <ymin>176.89</ymin>
      <xmax>469.38</xmax>
      <ymax>219.3</ymax>
    </bndbox>
  </object>
  <object>
    <name>WHITE</name>
    <occluded>0</occluded>
    <bndbox>
      <xmin>347.9</xmin>
      <ymin>279.83</ymin>
      <xmax>374.26</xmax>
      <ymax>323.3</ymax>
    </bndbox>
  </object>
  <object>
    <name>WHITE</name>
    <occluded>0</occluded>
    <bndbox>
      <xmin>783.62</xmin>
      <ymin>287.38</ymin>
      <xmax>829.8</xmax>
      <ymax>331.38</ymax>
    </bndbox>
  </object>
  <object>
    <name>WHITE</name>
    <occluded>0</occluded>
    <bndbox>
      <xmin>779.3</xmin>
      <ymin>370.5</ymin>
      <xmax>824.4</xmax>
      <ymax>419.6</ymax>
    </bndbox>
  </object>
  <object>
    <name>WHITE</name>
    <occluded>0</occluded>
    <bndbox>
      <xmin>746.63</xmin>
      <ymin>452.32</ymin>
      <xmax>794.7</xmax>
      <ymax>501.7</ymax>
    </bndbox>
  </object>
  <object>
    <name>WHITE</name>
    <occluded>0</occluded>
    <bndbox>
      <xmin>695.32</xmin>
      <ymin>537.44</ymin>
      <xmax>745.0</xmax>
      <ymax>581.9</ymax>
    </bndbox>
  </object>
  <object>
    <name>WHITE</name>
    <occluded>0</occluded>
    <bndbox>
      <xmin>644.95</xmin>
      <ymin>616.62</ymin>
      <xmax>694.9</xmax>
      <ymax>659.4</ymax>
    </bndbox>
  </object>
  <object>
    <name>WHITE</name>
    <occluded>0</occluded>
    <bndbox>
      <xmin>520.19</xmin>
      <ymin>551.44</ymin>
      <xmax>564.7</xmax>
      <ymax>594.44</ymax>
    </bndbox>
  </object>
  <object>
    <name>WHITE</name>
    <occluded>0</occluded>
    <bndbox>
      <xmin>648.4</xmin>
      <ymin>325.5</ymin>
      <xmax>696.5</xmax>
      <ymax>371.1</ymax>
    </bndbox>
  </object>
  <object>
    <name>WHITE</name>
    <occluded>0</occluded>
    <bndbox>
      <xmin>701.32</xmin>
      <ymin>259.06</ymin>
      <xmax>748.5</xmax>
      <ymax>304.06</ymax>
    </bndbox>
  </object>
  <object>
    <name>WHITE</name>
    <occluded>0</occluded>
    <bndbox>
      <xmin>456.52</xmin>
      <ymin>752.68</ymin>
      <xmax>492.1</xmax>
      <ymax>787.3</ymax>
    </bndbox>
  </object>
  <object>
    <name>WHITE</name>
    <occluded>0</occluded>
    <bndbox>
      <xmin>776.07</xmin>
      <ymin>229.55</ymin>
      <xmax>820.4</xmax>
      <ymax>267.3</ymax>
    </bndbox>
  </object>
  <object>
    <name>WHITE</name>
    <occluded>0</occluded>
    <bndbox>
      <xmin>483.52</xmin>
      <ymin>727.37</ymin>
      <xmax>523.7</xmax>
      <ymax>763.1</ymax>
    </bndbox>
  </object>
  <object>
    <name>BLACK</name>
    <occluded>0</occluded>
    <bndbox>
      <xmin>510.76</xmin>
      <ymin>675.57</ymin>
      <xmax>546.1</xmax>
      <ymax>720.0</ymax>
    </bndbox>
  </object>
  <object>
    <name>WHITE</name>
    <occluded>0</occluded>
    <bndbox>
      <xmin>559.6</xmin>
      <ymin>619.0</ymin>
      <xmax>605.4</xmax>
      <ymax>663.0</ymax>
    </bndbox>
  </object>
  <object>
    <name>BLACK</name>
    <occluded>0</occluded>
    <bndbox>
      <xmin>577.51</xmin>
      <ymin>81.87</ymin>
      <xmax>624.92</xmax>
      <ymax>99.34</ymax>
    </bndbox>
  </object>
  <object>
    <name>WHITE</name>
    <occluded>0</occluded>
    <bndbox>
      <xmin>317.08</xmin>
      <ymin>475.96</ymin>
      <xmax>341.07</xmax>
      <ymax>517.88</ymax>
    </bndbox>
  </object>
  <object>
    <name>WHITE</name>
    <occluded>0</occluded>
    <bndbox>
      <xmin>314.3</xmin>
      <ymin>318.38</ymin>
      <xmax>337.41</xmax>
      <ymax>361.11</ymax>
    </bndbox>
  </object>
  <object>
    <name>WHITE</name>
    <occluded>0</occluded>
    <bndbox>
      <xmin>694.03</xmin>
      <ymin>853.22</ymin>
      <xmax>738.32</xmax>
      <ymax>878.49</ymax>
    </bndbox>
  </object>
  <object>
    <name>WHITE</name>
    <occluded>0</occluded>
    <bndbox>
      <xmin>685.58</xmin>
      <ymin>809.87</ymin>
      <xmax>732.71</xmax>
      <ymax>841.68</ymax>
    </bndbox>
  </object>
  <object>
    <name>WHITE</name>
    <occluded>0</occluded>
    <bndbox>
      <xmin>810.99</xmin>
      <ymin>751.54</ymin>
      <xmax>847.79</xmax>
      <ymax>787.72</ymax>
    </bndbox>
  </object>
  <object>
    <name>WHITE</name>
    <occluded>0</occluded>
    <bndbox>
      <xmin>477.5</xmin>
      <ymin>487.0</ymin>
      <xmax>518.5</xmax>
      <ymax>529.0</ymax>
    </bndbox>
  </object>
  <object>
    <name>WHITE</name>
    <occluded>0</occluded>
    <bndbox>
      <xmin>645.5</xmin>
      <ymin>146.5</ymin>
      <xmax>688.5</xmax>
      <ymax>173.5</ymax>
    </bndbox>
  </object>
  <object>
    <name>WHITE</name>
    <occluded>0</occluded>
    <bndbox>
      <xmin>592.0</xmin>
      <ymin>194.0</ymin>
      <xmax>636.0</xmax>
      <ymax>230.0</ymax>
    </bndbox>
  </object>
  <object>
    <name>WHITE</name>
    <occluded>0</occluded>
    <bndbox>
      <xmin>493.5</xmin>
      <ymin>332.5</ymin>
      <xmax>536.5</xmax>
      <ymax>377.5</ymax>
    </bndbox>
  </object>
  <object>
    <name>WHITE</name>
    <occluded>0</occluded>
    <bndbox>
      <xmin>455.0</xmin>
      <ymin>402.5</ymin>
      <xmax>495.0</xmax>
      <ymax>447.5</ymax>
    </bndbox>
  </object>
  <object>
    <name>WHITE</name>
    <occluded>0</occluded>
    <bndbox>
      <xmin>407.5</xmin>
      <ymin>474.0</ymin>
      <xmax>442.5</xmax>
      <ymax>516.0</ymax>
    </bndbox>
  </object>
  <object>
    <name>WHITE</name>
    <occluded>0</occluded>
    <bndbox>
      <xmin>363.0</xmin>
      <ymin>519.0</ymin>
      <xmax>389.0</xmax>
      <ymax>561.0</ymax>
    </bndbox>
  </object>
  <object>
    <name>WHITE</name>
    <occluded>0</occluded>
    <bndbox>
      <xmin>480.57</xmin>
      <ymin>613.12</ymin>
      <xmax>524.6</xmax>
      <ymax>656.1</ymax>
    </bndbox>
  </object>
  <object>
    <name>WHITE</name>
    <occluded>0</occluded>
    <bndbox>
      <xmin>670.89</xmin>
      <ymin>195.87</ymin>
      <xmax>721.4</xmax>
      <ymax>234.6</ymax>
    </bndbox>
  </object>
  <object>
    <name>WHITE</name>
    <occluded>0</occluded>
    <bndbox>
      <xmin>618.94</xmin>
      <ymin>250.12</ymin>
      <xmax>665.2</xmax>
      <ymax>291.7</ymax>
    </bndbox>
  </object>
  <object>
    <name>WHITE</name>
    <occluded>0</occluded>
    <bndbox>
      <xmin>566.5</xmin>
      <ymin>335.5</ymin>
      <xmax>614.3</xmax>
      <ymax>382.4</ymax>
    </bndbox>
  </object>
  <object>
    <name>WHITE</name>
    <occluded>0</occluded>
    <bndbox>
      <xmin>440.26</xmin>
      <ymin>548.81</ymin>
      <xmax>482.5</xmax>
      <ymax>591.81</ymax>
    </bndbox>
  </object>
  <object>
    <name>WHITE</name>
    <occluded>0</occluded>
    <bndbox>
      <xmin>350.0</xmin>
      <ymin>435.0</ymin>
      <xmax>374.0</xmax>
      <ymax>477.0</ymax>
    </bndbox>
  </object>
  <object>
    <name>WHITE</name>
    <occluded>0</occluded>
    <bndbox>
      <xmin>646.62</xmin>
      <ymin>844.49</ymin>
      <xmax>689.67</xmax>
      <ymax>873.81</ymax>
    </bndbox>
  </object>
  <object>
    <name>WHITE</name>
    <occluded>0</occluded>
    <bndbox>
      <xmin>526.0</xmin>
      <ymin>410.5</ymin>
      <xmax>570.0</xmax>
      <ymax>455.5</ymax>
    </bndbox>
  </object>
  <object>
    <name>WHITE</name>
    <occluded>0</occluded>
    <bndbox>
      <xmin>583.0</xmin>
      <ymin>820.47</ymin>
      <xmax>617.93</xmax>
      <ymax>855.72</ymax>
    </bndbox>
  </object>
  <object>
    <name>WHITE</name>
    <occluded>0</occluded>
    <bndbox>
      <xmin>891.12</xmin>
      <ymin>455.56</ymin>
      <xmax>917.97</xmax>
      <ymax>503.9</ymax>
    </bndbox>
  </object>
  <object>
    <name>WHITE</name>
    <occluded>0</occluded>
    <bndbox>
      <xmin>928.58</xmin>
      <ymin>491.11</ymin>
      <xmax>948.23</xmax>
      <ymax>535.4</ymax>
    </bndbox>
  </object>
  <object>
    <name>WHITE</name>
    <occluded>0</occluded>
    <bndbox>
      <xmin>936.37</xmin>
      <ymin>421.87</ymin>
      <xmax>954.78</xmax>
      <ymax>466.16</ymax>
    </bndbox>
  </object>
  <object>
    <name>WHITE</name>
    <occluded>0</occluded>
    <bndbox>
      <xmin>904.56</xmin>
      <ymin>374.15</ymin>
      <xmax>930.76</xmax>
      <ymax>419.38</ymax>
    </bndbox>
  </object>
  <object>
    <name>WHITE</name>
    <occluded>0</occluded>
    <bndbox>
      <xmin>739.38</xmin>
      <ymin>174.51</ymin>
      <xmax>784.29</xmax>
      <ymax>204.45</ymax>
    </bndbox>
  </object>
  <object>
    <name>WHITE</name>
    <occluded>0</occluded>
    <bndbox>
      <xmin>480.2</xmin>
      <ymin>132.71</ymin>
      <xmax>518.87</xmax>
      <ymax>157.66</ymax>
    </bndbox>
  </object>
  <object>
    <name>WHITE</name>
    <occluded>0</occluded>
    <bndbox>
      <xmin>428.61</xmin>
      <ymin>766.83</ymin>
      <xmax>461.67</xmax>
      <ymax>797.71</ymax>
    </bndbox>
  </object>
  <object>
    <name>WHITE</name>
    <occluded>0</occluded>
    <bndbox>
      <xmin>520.3</xmin>
      <ymin>793.34</ymin>
      <xmax>556.17</xmax>
      <ymax>826.4</ymax>
    </bndbox>
  </object>
  <object>
    <name>WHITE</name>
    <occluded>0</occluded>
    <bndbox>
      <xmin>502.0</xmin>
      <ymin>192.5</ymin>
      <xmax>546.0</xmax>
      <ymax>227.5</ymax>
    </bndbox>
  </object>
  <object>
    <name>WHITE</name>
    <occluded>0</occluded>
    <bndbox>
      <xmin>616.68</xmin>
      <ymin>782.42</ymin>
      <xmax>656.6</xmax>
      <ymax>820.16</ymax>
    </bndbox>
  </object>
  <object>
    <name>WHITE</name>
    <occluded>0</occluded>
    <bndbox>
      <xmin>613.38</xmin>
      <ymin>109.32</ymin>
      <xmax>658.6</xmax>
      <ymax>130.84</ymax>
    </bndbox>
  </object>
</annotation>
