<annotation>
  <folder>VV</folder>
  <filename>VV_camera1.png</filename>
  <source>
    <database>Unknown</database>
    <annotation>Unknown</annotation>
    <image>Unknown</image>
  </source>
  <size>
    <width>960</width>
    <height>1280</height>
    <depth></depth>
  </size>
  <segmented>0</segmented>
  <object>
    <name>WHITE</name>
    <occluded>0</occluded>
    <bndbox>
      <xmin>667.07</xmin>
      <ymin>349.58</ymin>
      <xmax>708.08</xmax>
      <ymax>389.72</ymax>
    </bndbox>
  </object>
  <object>
    <name>WHITE</name>
    <occluded>0</occluded>
    <bndbox>
      <xmin>644.0</xmin>
      <ymin>692.5</ymin>
      <xmax>690.0</xmax>
      <ymax>736.7</ymax>
    </bndbox>
  </object>
  <object>
    <name>BLACK</name>
    <occluded>0</occluded>
    <bndbox>
      <xmin>727.14</xmin>
      <ymin>396.91</ymin>
      <xmax>756.89</xmax>
      <ymax>438.23</ymax>
    </bndbox>
  </object>
  <object>
    <name>WHITE</name>
    <occluded>0</occluded>
    <bndbox>
      <xmin>622.6</xmin>
      <ymin>370.37</ymin>
      <xmax>663.61</xmax>
      <ymax>409.07</ymax>
    </bndbox>
  </object>
  <object>
    <name>WHITE</name>
    <occluded>0</occluded>
    <bndbox>
      <xmin>587.94</xmin>
      <ymin>320.7</ymin>
      <xmax>632.71</xmax>
      <ymax>353.04</ymax>
    </bndbox>
  </object>
  <object>
    <name>WHITE</name>
    <occluded>0</occluded>
    <bndbox>
      <xmin>635.88</xmin>
      <ymin>303.95</ymin>
      <xmax>677.76</xmax>
      <ymax>335.42</ymax>
    </bndbox>
  </object>
  <object>
    <name>WHITE</name>
    <occluded>0</occluded>
    <bndbox>
      <xmin>699.44</xmin>
      <ymin>420.79</ymin>
      <xmax>734.8</xmax>
      <ymax>464.9</ymax>
    </bndbox>
  </object>
  <object>
    <name>WHITE</name>
    <occluded>0</occluded>
    <bndbox>
      <xmin>467.0</xmin>
      <ymin>555.0</ymin>
      <xmax>514.4</xmax>
      <ymax>602.4</ymax>
    </bndbox>
  </object>
  <object>
    <name>BLACK</name>
    <occluded>0</occluded>
    <bndbox>
      <xmin>497.31</xmin>
      <ymin>622.86</ymin>
      <xmax>557.2</xmax>
      <ymax>678.9</ymax>
    </bndbox>
  </object>
  <object>
    <name>WHITE</name>
    <occluded>0</occluded>
    <bndbox>
      <xmin>475.8</xmin>
      <ymin>784.62</ymin>
      <xmax>527.9</xmax>
      <ymax>826.3</ymax>
    </bndbox>
  </object>
  <object>
    <name>WHITE</name>
    <occluded>0</occluded>
    <bndbox>
      <xmin>378.84</xmin>
      <ymin>812.81</ymin>
      <xmax>429.7</xmax>
      <ymax>854.9</ymax>
    </bndbox>
  </object>
  <object>
    <name>WHITE</name>
    <occluded>0</occluded>
    <bndbox>
      <xmin>321.28</xmin>
      <ymin>815.76</ymin>
      <xmax>361.0</xmax>
      <ymax>855.4</ymax>
    </bndbox>
  </object>
  <object>
    <name>WHITE</name>
    <occluded>0</occluded>
    <bndbox>
      <xmin>488.5</xmin>
      <ymin>703.0</ymin>
      <xmax>539.0</xmax>
      <ymax>753.9</ymax>
    </bndbox>
  </object>
  <object>
    <name>WHITE</name>
    <occluded>0</occluded>
    <bndbox>
      <xmin>390.66</xmin>
      <ymin>737.3</ymin>
      <xmax>436.8</xmax>
      <ymax>781.3</ymax>
    </bndbox>
  </object>
  <object>
    <name>WHITE</name>
    <occluded>0</occluded>
    <bndbox>
      <xmin>289.7</xmin>
      <ymin>659.5</ymin>
      <xmax>322.0</xmax>
      <ymax>708.0</ymax>
    </bndbox>
  </object>
  <object>
    <name>WHITE</name>
    <occluded>0</occluded>
    <bndbox>
      <xmin>270.4</xmin>
      <ymin>576.29</ymin>
      <xmax>291.34</xmax>
      <ymax>625.2</ymax>
    </bndbox>
  </object>
  <object>
    <name>WHITE</name>
    <occluded>0</occluded>
    <bndbox>
      <xmin>346.7</xmin>
      <ymin>651.0</ymin>
      <xmax>391.5</xmax>
      <ymax>700.2</ymax>
    </bndbox>
  </object>
  <object>
    <name>WHITE</name>
    <occluded>0</occluded>
    <bndbox>
      <xmin>305.4</xmin>
      <ymin>573.03</ymin>
      <xmax>339.12</xmax>
      <ymax>625.3</ymax>
    </bndbox>
  </object>
  <object>
    <name>WHITE</name>
    <occluded>0</occluded>
    <bndbox>
      <xmin>293.8</xmin>
      <ymin>515.39</ymin>
      <xmax>326.12</xmax>
      <ymax>561.2</ymax>
    </bndbox>
  </object>
  <object>
    <name>WHITE</name>
    <occluded>0</occluded>
    <bndbox>
      <xmin>421.5</xmin>
      <ymin>640.0</ymin>
      <xmax>468.5</xmax>
      <ymax>688.0</ymax>
    </bndbox>
  </object>
  <object>
    <name>WHITE</name>
    <occluded>0</occluded>
    <bndbox>
      <xmin>369.29</xmin>
      <ymin>557.57</ymin>
      <xmax>415.29</xmax>
      <ymax>611.9</ymax>
    </bndbox>
  </object>
  <object>
    <name>WHITE</name>
    <occluded>0</occluded>
    <bndbox>
      <xmin>343.98</xmin>
      <ymin>496.12</ymin>
      <xmax>387.98</xmax>
      <ymax>543.6</ymax>
    </bndbox>
  </object>
  <object>
    <name>WHITE</name>
    <occluded>0</occluded>
    <bndbox>
      <xmin>401.0</xmin>
      <ymin>430.38</ymin>
      <xmax>445.0</xmax>
      <ymax>473.6</ymax>
    </bndbox>
  </object>
  <object>
    <name>WHITE</name>
    <occluded>0</occluded>
    <bndbox>
      <xmin>464.0</xmin>
      <ymin>354.0</ymin>
      <xmax>507.4</xmax>
      <ymax>390.0</ymax>
    </bndbox>
  </object>
  <object>
    <name>WHITE</name>
    <occluded>0</occluded>
    <bndbox>
      <xmin>507.17</xmin>
      <ymin>315.0</ymin>
      <xmax>553.9</xmax>
      <ymax>346.1</ymax>
    </bndbox>
  </object>
  <object>
    <name>WHITE</name>
    <occluded>0</occluded>
    <bndbox>
      <xmin>435.0</xmin>
      <ymin>489.0</ymin>
      <xmax>479.9</xmax>
      <ymax>533.9</ymax>
    </bndbox>
  </object>
  <object>
    <name>WHITE</name>
    <occluded>0</occluded>
    <bndbox>
      <xmin>488.5</xmin>
      <ymin>407.1</ymin>
      <xmax>536.4</xmax>
      <ymax>447.5</ymax>
    </bndbox>
  </object>
  <object>
    <name>WHITE</name>
    <occluded>0</occluded>
    <bndbox>
      <xmin>543.05</xmin>
      <ymin>352.16</ymin>
      <xmax>589.8</xmax>
      <ymax>393.3</ymax>
    </bndbox>
  </object>
  <object>
    <name>WHITE</name>
    <occluded>0</occluded>
    <bndbox>
      <xmin>468.38</xmin>
      <ymin>288.93</ymin>
      <xmax>511.42</xmax>
      <ymax>315.18</ymax>
    </bndbox>
  </object>
  <object>
    <name>WHITE</name>
    <occluded>0</occluded>
    <bndbox>
      <xmin>426.51</xmin>
      <ymin>326.76</ymin>
      <xmax>469.25</xmax>
      <ymax>361.42</ymax>
    </bndbox>
  </object>
  <object>
    <name>WHITE</name>
    <occluded>0</occluded>
    <bndbox>
      <xmin>550.11</xmin>
      <ymin>286.91</ymin>
      <xmax>596.32</xmax>
      <ymax>308.28</ymax>
    </bndbox>
  </object>
  <object>
    <name>WHITE</name>
    <occluded>0</occluded>
    <bndbox>
      <xmin>275.88</xmin>
      <ymin>805.78</ymin>
      <xmax>307.07</xmax>
      <ymax>843.04</ymax>
    </bndbox>
  </object>
  <object>
    <name>WHITE</name>
    <occluded>0</occluded>
    <bndbox>
      <xmin>694.8</xmin>
      <ymin>799.51</ymin>
      <xmax>732.63</xmax>
      <ymax>834.46</ymax>
    </bndbox>
  </object>
  <object>
    <name>WHITE</name>
    <occluded>0</occluded>
    <bndbox>
      <xmin>708.95</xmin>
      <ymin>715.45</ymin>
      <xmax>739.56</xmax>
      <ymax>760.24</ymax>
    </bndbox>
  </object>
  <object>
    <name>WHITE</name>
    <occluded>0</occluded>
    <bndbox>
      <xmin>749.03</xmin>
      <ymin>726.54</ymin>
      <xmax>778.78</xmax>
      <ymax>768.7</ymax>
    </bndbox>
  </object>
  <object>
    <name>WHITE</name>
    <occluded>0</occluded>
    <bndbox>
      <xmin>759.49</xmin>
      <ymin>638.08</ymin>
      <xmax>785.48</xmax>
      <ymax>683.71</ymax>
    </bndbox>
  </object>
  <object>
    <name>WHITE</name>
    <occluded>0</occluded>
    <bndbox>
      <xmin>579.7</xmin>
      <ymin>415.5</ymin>
      <xmax>626.0</xmax>
      <ymax>458.3</ymax>
    </bndbox>
  </object>
  <object>
    <name>WHITE</name>
    <occluded>0</occluded>
    <bndbox>
      <xmin>526.0</xmin>
      <ymin>474.5</ymin>
      <xmax>575.5</xmax>
      <ymax>519.2</ymax>
    </bndbox>
  </object>
  <object>
    <name>WHITE</name>
    <occluded>0</occluded>
    <bndbox>
      <xmin>755.09</xmin>
      <ymin>454.27</ymin>
      <xmax>785.8</xmax>
      <ymax>499.7</ymax>
    </bndbox>
  </object>
  <object>
    <name>WHITE</name>
    <occluded>0</occluded>
    <bndbox>
      <xmin>716.56</xmin>
      <ymin>623.98</ymin>
      <xmax>751.5</xmax>
      <ymax>674.3</ymax>
    </bndbox>
  </object>
  <object>
    <name>WHITE</name>
    <occluded>0</occluded>
    <bndbox>
      <xmin>381.46</xmin>
      <ymin>385.96</ymin>
      <xmax>421.89</xmax>
      <ymax>423.22</ymax>
    </bndbox>
  </object>
  <object>
    <name>BLACK</name>
    <occluded>0</occluded>
    <bndbox>
      <xmin>366.15</xmin>
      <ymin>357.37</ymin>
      <xmax>403.7</xmax>
      <ymax>388.27</ymax>
    </bndbox>
  </object>
  <object>
    <name>WHITE</name>
    <occluded>0</occluded>
    <bndbox>
      <xmin>334.1</xmin>
      <ymin>448.92</ymin>
      <xmax>370.48</xmax>
      <ymax>493.97</ymax>
    </bndbox>
  </object>
  <object>
    <name>WHITE</name>
    <occluded>0</occluded>
    <bndbox>
      <xmin>284.71</xmin>
      <ymin>467.98</ymin>
      <xmax>314.75</xmax>
      <ymax>509.57</ymax>
    </bndbox>
  </object>
  <object>
    <name>WHITE</name>
    <occluded>0</occluded>
    <bndbox>
      <xmin>324.86</xmin>
      <ymin>405.6</ymin>
      <xmax>361.24</xmax>
      <ymax>443.43</ymax>
    </bndbox>
  </object>
  <object>
    <name>WHITE</name>
    <occluded>0</occluded>
    <bndbox>
      <xmin>390.3</xmin>
      <ymin>319.19</ymin>
      <xmax>429.32</xmax>
      <ymax>345.9</ymax>
    </bndbox>
  </object>
  <object>
    <name>WHITE</name>
    <occluded>0</occluded>
    <bndbox>
      <xmin>673.21</xmin>
      <ymin>853.18</ymin>
      <xmax>710.64</xmax>
      <ymax>886.45</ymax>
    </bndbox>
  </object>
  <object>
    <name>WHITE</name>
    <occluded>0</occluded>
    <bndbox>
      <xmin>794.85</xmin>
      <ymin>594.65</ymin>
      <xmax>813.91</xmax>
      <ymax>640.4</ymax>
    </bndbox>
  </object>
  <object>
    <name>WHITE</name>
    <occluded>0</occluded>
    <bndbox>
      <xmin>714.04</xmin>
      <ymin>347.54</ymin>
      <xmax>744.85</xmax>
      <ymax>383.64</ymax>
    </bndbox>
  </object>
  <object>
    <name>WHITE</name>
    <occluded>0</occluded>
    <bndbox>
      <xmin>781.44</xmin>
      <ymin>525.74</ymin>
      <xmax>804.25</xmax>
      <ymax>570.47</ymax>
    </bndbox>
  </object>
  <object>
    <name>WHITE</name>
    <occluded>0</occluded>
    <bndbox>
      <xmin>542.14</xmin>
      <ymin>886.35</ymin>
      <xmax>587.48</xmax>
      <ymax>915.81</ymax>
    </bndbox>
  </object>
  <object>
    <name>WHITE</name>
    <occluded>0</occluded>
    <bndbox>
      <xmin>729.69</xmin>
      <ymin>493.61</ymin>
      <xmax>763.5</xmax>
      <ymax>538.6</ymax>
    </bndbox>
  </object>
  <object>
    <name>WHITE</name>
    <occluded>0</occluded>
    <bndbox>
      <xmin>326.53</xmin>
      <ymin>865.18</ymin>
      <xmax>363.8</xmax>
      <ymax>900.0</ymax>
    </bndbox>
  </object>
  <object>
    <name>WHITE</name>
    <occluded>0</occluded>
    <bndbox>
      <xmin>577.0</xmin>
      <ymin>659.0</ymin>
      <xmax>625.6</xmax>
      <ymax>709.6</ymax>
    </bndbox>
  </object>
  <object>
    <name>WHITE</name>
    <occluded>0</occluded>
    <bndbox>
      <xmin>605.1</xmin>
      <ymin>901.3</ymin>
      <xmax>649.52</xmax>
      <ymax>924.5</ymax>
    </bndbox>
  </object>
  <object>
    <name>WHITE</name>
    <occluded>0</occluded>
    <bndbox>
      <xmin>618.5</xmin>
      <ymin>853.7</ymin>
      <xmax>665.0</xmax>
      <ymax>886.6</ymax>
    </bndbox>
  </object>
  <object>
    <name>WHITE</name>
    <occluded>0</occluded>
    <bndbox>
      <xmin>576.5</xmin>
      <ymin>760.5</ymin>
      <xmax>621.5</xmax>
      <ymax>803.5</ymax>
    </bndbox>
  </object>
  <object>
    <name>WHITE</name>
    <occluded>0</occluded>
    <bndbox>
      <xmin>640.0</xmin>
      <ymin>792.8</ymin>
      <xmax>686.3</xmax>
      <ymax>829.8</ymax>
    </bndbox>
  </object>
  <object>
    <name>WHITE</name>
    <occluded>0</occluded>
    <bndbox>
      <xmin>384.95</xmin>
      <ymin>868.12</ymin>
      <xmax>431.3</xmax>
      <ymax>901.0</ymax>
    </bndbox>
  </object>
  <object>
    <name>WHITE</name>
    <occluded>0</occluded>
    <bndbox>
      <xmin>460.09</xmin>
      <ymin>911.65</ymin>
      <xmax>515.7</xmax>
      <ymax>932.7</ymax>
    </bndbox>
  </object>
  <object>
    <name>WHITE</name>
    <occluded>0</occluded>
    <bndbox>
      <xmin>651.5</xmin>
      <ymin>595.2</ymin>
      <xmax>692.8</xmax>
      <ymax>642.5</ymax>
    </bndbox>
  </object>
  <object>
    <name>WHITE</name>
    <occluded>0</occluded>
    <bndbox>
      <xmin>558.8</xmin>
      <ymin>564.0</ymin>
      <xmax>608.0</xmax>
      <ymax>614.3</ymax>
    </bndbox>
  </object>
  <object>
    <name>WHITE</name>
    <occluded>0</occluded>
    <bndbox>
      <xmin>662.59</xmin>
      <ymin>457.19</ymin>
      <xmax>703.4</xmax>
      <ymax>508.0</ymax>
    </bndbox>
  </object>
  <object>
    <name>WHITE</name>
    <occluded>0</occluded>
    <bndbox>
      <xmin>468.91</xmin>
      <ymin>854.16</ymin>
      <xmax>517.4</xmax>
      <ymax>883.9</ymax>
    </bndbox>
  </object>
  <object>
    <name>WHITE</name>
    <occluded>0</occluded>
    <bndbox>
      <xmin>751.9</xmin>
      <ymin>568.27</ymin>
      <xmax>779.8</xmax>
      <ymax>616.3</ymax>
    </bndbox>
  </object>
  <object>
    <name>WHITE</name>
    <occluded>0</occluded>
    <bndbox>
      <xmin>561.5</xmin>
      <ymin>838.5</ymin>
      <xmax>604.5</xmax>
      <ymax>875.5</ymax>
    </bndbox>
  </object>
  <object>
    <name>WHITE</name>
    <occluded>0</occluded>
    <bndbox>
      <xmin>697.0</xmin>
      <ymin>538.5</ymin>
      <xmax>735.2</xmax>
      <ymax>586.0</ymax>
    </bndbox>
  </object>
  <object>
    <name>WHITE</name>
    <occluded>0</occluded>
    <bndbox>
      <xmin>270.97</xmin>
      <ymin>743.4</ymin>
      <xmax>302.16</xmax>
      <ymax>786.14</ymax>
    </bndbox>
  </object>
  <object>
    <name>WHITE</name>
    <occluded>0</occluded>
    <bndbox>
      <xmin>318.33</xmin>
      <ymin>748.02</ymin>
      <xmax>357.6</xmax>
      <ymax>794.23</ymax>
    </bndbox>
  </object>
  <object>
    <name>WHITE</name>
    <occluded>0</occluded>
    <bndbox>
      <xmin>389.95</xmin>
      <ymin>915.81</ymin>
      <xmax>434.13</xmax>
      <ymax>937.47</ymax>
    </bndbox>
  </object>
  <object>
    <name>WHITE</name>
    <occluded>0</occluded>
    <bndbox>
      <xmin>613.0</xmin>
      <ymin>508.0</ymin>
      <xmax>658.2</xmax>
      <ymax>554.9</ymax>
    </bndbox>
  </object>
</annotation>
