<annotation>
  <folder>VV</folder>
  <filename>VV_camera6.png</filename>
  <source>
    <database>Unknown</database>
    <annotation>Unknown</annotation>
    <image>Unknown</image>
  </source>
  <size>
    <width>1280</width>
    <height>960</height>
    <depth></depth>
  </size>
  <segmented>0</segmented>
  <object>
    <name>WHITE</name>
    <occluded>0</occluded>
    <bndbox>
      <xmin>829.5</xmin>
      <ymin>291.5</ymin>
      <xmax>865.6</xmax>
      <ymax>339.2</ymax>
    </bndbox>
  </object>
  <object>
    <name>WHITE</name>
    <occluded>0</occluded>
    <bndbox>
      <xmin>820.0</xmin>
      <ymin>376.5</ymin>
      <xmax>855.6</xmax>
      <ymax>420.9</ymax>
    </bndbox>
  </object>
  <object>
    <name>WHITE</name>
    <occluded>0</occluded>
    <bndbox>
      <xmin>790.4</xmin>
      <ymin>448.64</ymin>
      <xmax>829.88</xmax>
      <ymax>494.4</ymax>
    </bndbox>
  </object>
  <object>
    <name>WHITE</name>
    <occluded>0</occluded>
    <bndbox>
      <xmin>760.88</xmin>
      <ymin>526.69</ymin>
      <xmax>803.7</xmax>
      <ymax>567.4</ymax>
    </bndbox>
  </object>
  <object>
    <name>BLACK</name>
    <occluded>0</occluded>
    <bndbox>
      <xmin>769.14</xmin>
      <ymin>331.7</ymin>
      <xmax>814.7</xmax>
      <ymax>380.7</ymax>
    </bndbox>
  </object>
  <object>
    <name>WHITE</name>
    <occluded>0</occluded>
    <bndbox>
      <xmin>378.4</xmin>
      <ymin>312.95</ymin>
      <xmax>414.4</xmax>
      <ymax>357.4</ymax>
    </bndbox>
  </object>
  <object>
    <name>WHITE</name>
    <occluded>0</occluded>
    <bndbox>
      <xmin>333.88</xmin>
      <ymin>339.75</ymin>
      <xmax>358.88</xmax>
      <ymax>385.1</ymax>
    </bndbox>
  </object>
  <object>
    <name>WHITE</name>
    <occluded>0</occluded>
    <bndbox>
      <xmin>485.0</xmin>
      <ymin>290.9</ymin>
      <xmax>527.0</xmax>
      <ymax>336.4</ymax>
    </bndbox>
  </object>
  <object>
    <name>WHITE</name>
    <occluded>0</occluded>
    <bndbox>
      <xmin>527.69</xmin>
      <ymin>227.31</ymin>
      <xmax>575.2</xmax>
      <ymax>269.5</ymax>
    </bndbox>
  </object>
  <object>
    <name>WHITE</name>
    <occluded>0</occluded>
    <bndbox>
      <xmin>622.13</xmin>
      <ymin>128.07</ymin>
      <xmax>669.1</xmax>
      <ymax>166.1</ymax>
    </bndbox>
  </object>
  <object>
    <name>WHITE</name>
    <occluded>0</occluded>
    <bndbox>
      <xmin>675.19</xmin>
      <ymin>87.13</ymin>
      <xmax>718.4</xmax>
      <ymax>113.7</ymax>
    </bndbox>
  </object>
  <object>
    <name>WHITE</name>
    <occluded>0</occluded>
    <bndbox>
      <xmin>386.25</xmin>
      <ymin>508.88</ymin>
      <xmax>422.1</xmax>
      <ymax>552.4</ymax>
    </bndbox>
  </object>
  <object>
    <name>WHITE</name>
    <occluded>0</occluded>
    <bndbox>
      <xmin>424.5</xmin>
      <ymin>475.44</ymin>
      <xmax>464.9</xmax>
      <ymax>518.3</ymax>
    </bndbox>
  </object>
  <object>
    <name>WHITE</name>
    <occluded>0</occluded>
    <bndbox>
      <xmin>472.75</xmin>
      <ymin>432.25</ymin>
      <xmax>516.4</xmax>
      <ymax>477.4</ymax>
    </bndbox>
  </object>
  <object>
    <name>WHITE</name>
    <occluded>0</occluded>
    <bndbox>
      <xmin>513.5</xmin>
      <ymin>375.5</ymin>
      <xmax>556.7</xmax>
      <ymax>420.4</ymax>
    </bndbox>
  </object>
  <object>
    <name>WHITE</name>
    <occluded>0</occluded>
    <bndbox>
      <xmin>389.26</xmin>
      <ymin>392.94</ymin>
      <xmax>429.3</xmax>
      <ymax>437.6</ymax>
    </bndbox>
  </object>
  <object>
    <name>WHITE</name>
    <occluded>0</occluded>
    <bndbox>
      <xmin>350.25</xmin>
      <ymin>424.32</ymin>
      <xmax>381.7</xmax>
      <ymax>469.1</ymax>
    </bndbox>
  </object>
  <object>
    <name>BLACK</name>
    <occluded>0</occluded>
    <bndbox>
      <xmin>425.82</xmin>
      <ymin>284.89</ymin>
      <xmax>465.2</xmax>
      <ymax>333.6</ymax>
    </bndbox>
  </object>
  <object>
    <name>WHITE</name>
    <occluded>0</occluded>
    <bndbox>
      <xmin>557.5</xmin>
      <ymin>312.4</ymin>
      <xmax>603.3</xmax>
      <ymax>356.0</ymax>
    </bndbox>
  </object>
  <object>
    <name>WHITE</name>
    <occluded>0</occluded>
    <bndbox>
      <xmin>604.0</xmin>
      <ymin>238.5</ymin>
      <xmax>648.5</xmax>
      <ymax>281.7</ymax>
    </bndbox>
  </object>
  <object>
    <name>WHITE</name>
    <occluded>0</occluded>
    <bndbox>
      <xmin>656.4</xmin>
      <ymin>181.0</ymin>
      <xmax>698.0</xmax>
      <ymax>223.0</ymax>
    </bndbox>
  </object>
  <object>
    <name>WHITE</name>
    <occluded>0</occluded>
    <bndbox>
      <xmin>824.0</xmin>
      <ymin>216.5</ymin>
      <xmax>858.2</xmax>
      <ymax>262.8</ymax>
    </bndbox>
  </object>
  <object>
    <name>WHITE</name>
    <occluded>0</occluded>
    <bndbox>
      <xmin>801.76</xmin>
      <ymin>153.31</ymin>
      <xmax>842.7</xmax>
      <ymax>189.9</ymax>
    </bndbox>
  </object>
  <object>
    <name>WHITE</name>
    <occluded>0</occluded>
    <bndbox>
      <xmin>671.8</xmin>
      <ymin>716.07</ymin>
      <xmax>711.0</xmax>
      <ymax>741.3</ymax>
    </bndbox>
  </object>
  <object>
    <name>WHITE</name>
    <occluded>0</occluded>
    <bndbox>
      <xmin>839.2</xmin>
      <ymin>499.2</ymin>
      <xmax>872.38</xmax>
      <ymax>538.0</ymax>
    </bndbox>
  </object>
  <object>
    <name>WHITE</name>
    <occluded>0</occluded>
    <bndbox>
      <xmin>867.8</xmin>
      <ymin>417.88</ymin>
      <xmax>899.0</xmax>
      <ymax>460.3</ymax>
    </bndbox>
  </object>
  <object>
    <name>WHITE</name>
    <occluded>0</occluded>
    <bndbox>
      <xmin>882.5</xmin>
      <ymin>337.5</ymin>
      <xmax>910.7</xmax>
      <ymax>380.7</ymax>
    </bndbox>
  </object>
  <object>
    <name>WHITE</name>
    <occluded>0</occluded>
    <bndbox>
      <xmin>882.8</xmin>
      <ymin>255.0</ymin>
      <xmax>909.0</xmax>
      <ymax>297.0</ymax>
    </bndbox>
  </object>
  <object>
    <name>WHITE</name>
    <occluded>0</occluded>
    <bndbox>
      <xmin>720.94</xmin>
      <ymin>731.26</ymin>
      <xmax>756.94</xmax>
      <ymax>762.29</ymax>
    </bndbox>
  </object>
  <object>
    <name>WHITE</name>
    <occluded>0</occluded>
    <bndbox>
      <xmin>925.63</xmin>
      <ymin>302.75</ymin>
      <xmax>947.1</xmax>
      <ymax>346.2</ymax>
    </bndbox>
  </object>
  <object>
    <name>WHITE</name>
    <occluded>0</occluded>
    <bndbox>
      <xmin>784.38</xmin>
      <ymin>707.7</ymin>
      <xmax>820.38</xmax>
      <ymax>736.7</ymax>
    </bndbox>
  </object>
  <object>
    <name>WHITE</name>
    <occluded>0</occluded>
    <bndbox>
      <xmin>439.02</xmin>
      <ymin>722.37</ymin>
      <xmax>477.3</xmax>
      <ymax>750.1</ymax>
    </bndbox>
  </object>
  <object>
    <name>WHITE</name>
    <occluded>0</occluded>
    <bndbox>
      <xmin>635.86</xmin>
      <ymin>681.37</ymin>
      <xmax>673.32</xmax>
      <ymax>716.3</ymax>
    </bndbox>
  </object>
  <object>
    <name>WHITE</name>
    <occluded>0</occluded>
    <bndbox>
      <xmin>601.87</xmin>
      <ymin>739.07</ymin>
      <xmax>644.32</xmax>
      <ymax>765.27</ymax>
    </bndbox>
  </object>
  <object>
    <name>WHITE</name>
    <occluded>0</occluded>
    <bndbox>
      <xmin>560.1</xmin>
      <ymin>695.09</ymin>
      <xmax>603.42</xmax>
      <ymax>728.46</ymax>
    </bndbox>
  </object>
  <object>
    <name>WHITE</name>
    <occluded>0</occluded>
    <bndbox>
      <xmin>535.78</xmin>
      <ymin>751.54</ymin>
      <xmax>578.47</xmax>
      <ymax>779.3</ymax>
    </bndbox>
  </object>
  <object>
    <name>WHITE</name>
    <occluded>0</occluded>
    <bndbox>
      <xmin>499.56</xmin>
      <ymin>710.06</ymin>
      <xmax>539.83</xmax>
      <ymax>740.94</ymax>
    </bndbox>
  </object>
  <object>
    <name>WHITE</name>
    <occluded>0</occluded>
    <bndbox>
      <xmin>407.9</xmin>
      <ymin>726.28</ymin>
      <xmax>444.98</xmax>
      <ymax>752.48</ymax>
    </bndbox>
  </object>
  <object>
    <name>BLACK</name>
    <occluded>0</occluded>
    <bndbox>
      <xmin>385.41</xmin>
      <ymin>678.56</ymin>
      <xmax>419.13</xmax>
      <ymax>704.76</ymax>
    </bndbox>
  </object>
  <object>
    <name>WHITE</name>
    <occluded>0</occluded>
    <bndbox>
      <xmin>351.45</xmin>
      <ymin>651.11</ymin>
      <xmax>382.92</xmax>
      <ymax>685.73</ymax>
    </bndbox>
  </object>
  <object>
    <name>WHITE</name>
    <occluded>0</occluded>
    <bndbox>
      <xmin>477.3</xmin>
      <ymin>759.94</ymin>
      <xmax>517.44</xmax>
      <ymax>781.6</ymax>
    </bndbox>
  </object>
  <object>
    <name>WHITE</name>
    <occluded>0</occluded>
    <bndbox>
      <xmin>541.0</xmin>
      <ymin>647.5</ymin>
      <xmax>582.6</xmax>
      <ymax>680.1</ymax>
    </bndbox>
  </object>
  <object>
    <name>WHITE</name>
    <occluded>0</occluded>
    <bndbox>
      <xmin>471.64</xmin>
      <ymin>640.37</ymin>
      <xmax>516.0</xmax>
      <ymax>674.8</ymax>
    </bndbox>
  </object>
  <object>
    <name>WHITE</name>
    <occluded>0</occluded>
    <bndbox>
      <xmin>433.0</xmin>
      <ymin>675.5</ymin>
      <xmax>472.2</xmax>
      <ymax>707.5</ymax>
    </bndbox>
  </object>
  <object>
    <name>WHITE</name>
    <occluded>0</occluded>
    <bndbox>
      <xmin>654.3</xmin>
      <ymin>752.48</ymin>
      <xmax>694.5</xmax>
      <ymax>773.38</ymax>
    </bndbox>
  </object>
  <object>
    <name>WHITE</name>
    <occluded>0</occluded>
    <bndbox>
      <xmin>862.61</xmin>
      <ymin>647.06</ymin>
      <xmax>891.96</xmax>
      <ymax>678.25</ymax>
    </bndbox>
  </object>
  <object>
    <name>WHITE</name>
    <occluded>0</occluded>
    <bndbox>
      <xmin>838.91</xmin>
      <ymin>593.73</ymin>
      <xmax>871.38</xmax>
      <ymax>628.66</ymax>
    </bndbox>
  </object>
  <object>
    <name>WHITE</name>
    <occluded>0</occluded>
    <bndbox>
      <xmin>816.45</xmin>
      <ymin>557.86</ymin>
      <xmax>851.07</xmax>
      <ymax>592.79</ymax>
    </bndbox>
  </object>
  <object>
    <name>WHITE</name>
    <occluded>0</occluded>
    <bndbox>
      <xmin>871.34</xmin>
      <ymin>532.59</ymin>
      <xmax>897.89</xmax>
      <ymax>570.96</ymax>
    </bndbox>
  </object>
  <object>
    <name>WHITE</name>
    <occluded>0</occluded>
    <bndbox>
      <xmin>895.36</xmin>
      <ymin>587.8</ymin>
      <xmax>923.46</xmax>
      <ymax>618.37</ymax>
    </bndbox>
  </object>
  <object>
    <name>WHITE</name>
    <occluded>0</occluded>
    <bndbox>
      <xmin>855.12</xmin>
      <ymin>608.38</ymin>
      <xmax>883.85</xmax>
      <ymax>643.32</ymax>
    </bndbox>
  </object>
  <object>
    <name>WHITE</name>
    <occluded>0</occluded>
    <bndbox>
      <xmin>882.57</xmin>
      <ymin>565.97</ymin>
      <xmax>913.17</xmax>
      <ymax>597.78</ymax>
    </bndbox>
  </object>
  <object>
    <name>WHITE</name>
    <occluded>0</occluded>
    <bndbox>
      <xmin>899.1</xmin>
      <ymin>462.11</ymin>
      <xmax>925.02</xmax>
      <ymax>502.65</ymax>
    </bndbox>
  </object>
  <object>
    <name>WHITE</name>
    <occluded>0</occluded>
    <bndbox>
      <xmin>923.74</xmin>
      <ymin>383.51</ymin>
      <xmax>944.05</xmax>
      <ymax>424.99</ymax>
    </bndbox>
  </object>
  <object>
    <name>WHITE</name>
    <occluded>0</occluded>
    <bndbox>
      <xmin>316.82</xmin>
      <ymin>447.13</ymin>
      <xmax>342.71</xmax>
      <ymax>491.42</ymax>
    </bndbox>
  </object>
  <object>
    <name>WHITE</name>
    <occluded>0</occluded>
    <bndbox>
      <xmin>304.04</xmin>
      <ymin>376.96</ymin>
      <xmax>327.43</xmax>
      <ymax>418.13</ymax>
    </bndbox>
  </object>
  <object>
    <name>WHITE</name>
    <occluded>0</occluded>
    <bndbox>
      <xmin>309.0</xmin>
      <ymin>304.29</ymin>
      <xmax>332.11</xmax>
      <ymax>346.7</ymax>
    </bndbox>
  </object>
  <object>
    <name>WHITE</name>
    <occluded>0</occluded>
    <bndbox>
      <xmin>413.17</xmin>
      <ymin>183.89</ymin>
      <xmax>451.88</xmax>
      <ymax>220.39</ymax>
    </bndbox>
  </object>
  <object>
    <name>WHITE</name>
    <occluded>0</occluded>
    <bndbox>
      <xmin>367.01</xmin>
      <ymin>200.11</ymin>
      <xmax>400.41</xmax>
      <ymax>235.98</ymax>
    </bndbox>
  </object>
  <object>
    <name>WHITE</name>
    <occluded>0</occluded>
    <bndbox>
      <xmin>459.67</xmin>
      <ymin>136.14</ymin>
      <xmax>499.6</xmax>
      <ymax>168.61</ymax>
    </bndbox>
  </object>
  <object>
    <name>WHITE</name>
    <occluded>0</occluded>
    <bndbox>
      <xmin>512.04</xmin>
      <ymin>98.12</ymin>
      <xmax>553.55</xmax>
      <ymax>121.2</ymax>
    </bndbox>
  </object>
  <object>
    <name>WHITE</name>
    <occluded>0</occluded>
    <bndbox>
      <xmin>763.15</xmin>
      <ymin>102.8</ymin>
      <xmax>801.82</xmax>
      <ymax>126.82</ymax>
    </bndbox>
  </object>
  <object>
    <name>WHITE</name>
    <occluded>0</occluded>
    <bndbox>
      <xmin>862.95</xmin>
      <ymin>182.33</ymin>
      <xmax>894.14</xmax>
      <ymax>222.88</ymax>
    </bndbox>
  </object>
  <object>
    <name>WHITE</name>
    <occluded>0</occluded>
    <bndbox>
      <xmin>910.67</xmin>
      <ymin>231.3</ymin>
      <xmax>934.38</xmax>
      <ymax>269.67</ymax>
    </bndbox>
  </object>
  <object>
    <name>WHITE</name>
    <occluded>0</occluded>
    <bndbox>
      <xmin>709.5</xmin>
      <ymin>124.3</ymin>
      <xmax>751.4</xmax>
      <ymax>157.6</ymax>
    </bndbox>
  </object>
  <object>
    <name>WHITE</name>
    <occluded>0</occluded>
    <bndbox>
      <xmin>463.45</xmin>
      <ymin>559.81</ymin>
      <xmax>507.5</xmax>
      <ymax>599.81</ymax>
    </bndbox>
  </object>
  <object>
    <name>WHITE</name>
    <occluded>0</occluded>
    <bndbox>
      <xmin>498.26</xmin>
      <ymin>507.0</ymin>
      <xmax>543.9</xmax>
      <ymax>550.5</ymax>
    </bndbox>
  </object>
  <object>
    <name>WHITE</name>
    <occluded>0</occluded>
    <bndbox>
      <xmin>545.1</xmin>
      <ymin>454.5</ymin>
      <xmax>588.6</xmax>
      <ymax>499.2</ymax>
    </bndbox>
  </object>
  <object>
    <name>WHITE</name>
    <occluded>0</occluded>
    <bndbox>
      <xmin>581.19</xmin>
      <ymin>389.07</ymin>
      <xmax>627.2</xmax>
      <ymax>436.1</ymax>
    </bndbox>
  </object>
  <object>
    <name>WHITE</name>
    <occluded>0</occluded>
    <bndbox>
      <xmin>625.69</xmin>
      <ymin>320.38</ymin>
      <xmax>673.7</xmax>
      <ymax>369.3</ymax>
    </bndbox>
  </object>
  <object>
    <name>WHITE</name>
    <occluded>0</occluded>
    <bndbox>
      <xmin>673.0</xmin>
      <ymin>247.5</ymin>
      <xmax>718.1</xmax>
      <ymax>291.7</ymax>
    </bndbox>
  </object>
  <object>
    <name>WHITE</name>
    <occluded>0</occluded>
    <bndbox>
      <xmin>739.5</xmin>
      <ymin>182.6</ymin>
      <xmax>783.9</xmax>
      <ymax>220.5</ymax>
    </bndbox>
  </object>
  <object>
    <name>WHITE</name>
    <occluded>0</occluded>
    <bndbox>
      <xmin>544.26</xmin>
      <ymin>579.5</ymin>
      <xmax>590.2</xmax>
      <ymax>618.2</ymax>
    </bndbox>
  </object>
  <object>
    <name>WHITE</name>
    <occluded>0</occluded>
    <bndbox>
      <xmin>582.56</xmin>
      <ymin>526.0</ymin>
      <xmax>628.9</xmax>
      <ymax>564.9</ymax>
    </bndbox>
  </object>
  <object>
    <name>WHITE</name>
    <occluded>0</occluded>
    <bndbox>
      <xmin>623.0</xmin>
      <ymin>469.0</ymin>
      <xmax>670.6</xmax>
      <ymax>511.5</ymax>
    </bndbox>
  </object>
  <object>
    <name>WHITE</name>
    <occluded>0</occluded>
    <bndbox>
      <xmin>654.5</xmin>
      <ymin>399.1</ymin>
      <xmax>697.5</xmax>
      <ymax>442.0</ymax>
    </bndbox>
  </object>
  <object>
    <name>WHITE</name>
    <occluded>0</occluded>
    <bndbox>
      <xmin>703.5</xmin>
      <ymin>324.0</ymin>
      <xmax>748.1</xmax>
      <ymax>368.8</ymax>
    </bndbox>
  </object>
  <object>
    <name>WHITE</name>
    <occluded>0</occluded>
    <bndbox>
      <xmin>756.5</xmin>
      <ymin>259.0</ymin>
      <xmax>799.4</xmax>
      <ymax>305.4</ymax>
    </bndbox>
  </object>
  <object>
    <name>BLACK</name>
    <occluded>0</occluded>
    <bndbox>
      <xmin>593.76</xmin>
      <ymin>642.13</ymin>
      <xmax>639.0</xmax>
      <ymax>675.3</ymax>
    </bndbox>
  </object>
  <object>
    <name>WHITE</name>
    <occluded>0</occluded>
    <bndbox>
      <xmin>621.63</xmin>
      <ymin>589.68</ymin>
      <xmax>666.2</xmax>
      <ymax>620.3</ymax>
    </bndbox>
  </object>
  <object>
    <name>WHITE</name>
    <occluded>0</occluded>
    <bndbox>
      <xmin>661.63</xmin>
      <ymin>534.57</ymin>
      <xmax>706.7</xmax>
      <ymax>577.4</ymax>
    </bndbox>
  </object>
  <object>
    <name>WHITE</name>
    <occluded>0</occluded>
    <bndbox>
      <xmin>704.38</xmin>
      <ymin>475.81</ymin>
      <xmax>749.4</xmax>
      <ymax>516.1</ymax>
    </bndbox>
  </object>
  <object>
    <name>WHITE</name>
    <occluded>0</occluded>
    <bndbox>
      <xmin>737.1</xmin>
      <ymin>401.0</ymin>
      <xmax>781.0</xmax>
      <ymax>442.9</ymax>
    </bndbox>
  </object>
  <object>
    <name>BLACK</name>
    <occluded>0</occluded>
    <bndbox>
      <xmin>838.19</xmin>
      <ymin>674.09</ymin>
      <xmax>867.19</xmax>
      <ymax>715.5</ymax>
    </bndbox>
  </object>
  <object>
    <name>WHITE</name>
    <occluded>0</occluded>
    <bndbox>
      <xmin>443.3</xmin>
      <ymin>755.5</ymin>
      <xmax>481.1</xmax>
      <ymax>778.1</ymax>
    </bndbox>
  </object>
  <object>
    <name>WHITE</name>
    <occluded>0</occluded>
    <bndbox>
      <xmin>593.82</xmin>
      <ymin>84.38</ymin>
      <xmax>636.3</xmax>
      <ymax>108.2</ymax>
    </bndbox>
  </object>
  <object>
    <name>WHITE</name>
    <occluded>0</occluded>
    <bndbox>
      <xmin>544.25</xmin>
      <ymin>118.5</ymin>
      <xmax>587.1</xmax>
      <ymax>149.99</ymax>
    </bndbox>
  </object>
  <object>
    <name>WHITE</name>
    <occluded>0</occluded>
    <bndbox>
      <xmin>496.06</xmin>
      <ymin>167.26</ymin>
      <xmax>538.06</xmax>
      <ymax>205.1</ymax>
    </bndbox>
  </object>
  <object>
    <name>WHITE</name>
    <occluded>0</occluded>
    <bndbox>
      <xmin>444.5</xmin>
      <ymin>356.0</ymin>
      <xmax>483.5</xmax>
      <ymax>398.0</ymax>
    </bndbox>
  </object>
  <object>
    <name>WHITE</name>
    <occluded>0</occluded>
    <bndbox>
      <xmin>573.0</xmin>
      <ymin>174.5</ymin>
      <xmax>615.0</xmax>
      <ymax>209.5</ymax>
    </bndbox>
  </object>
  <object>
    <name>WHITE</name>
    <occluded>0</occluded>
    <bndbox>
      <xmin>340.7</xmin>
      <ymin>267.96</ymin>
      <xmax>372.88</xmax>
      <ymax>308.2</ymax>
    </bndbox>
  </object>
  <object>
    <name>WHITE</name>
    <occluded>0</occluded>
    <bndbox>
      <xmin>386.5</xmin>
      <ymin>238.5</ymin>
      <xmax>427.5</xmax>
      <ymax>284.2</ymax>
    </bndbox>
  </object>
  <object>
    <name>WHITE</name>
    <occluded>0</occluded>
    <bndbox>
      <xmin>455.5</xmin>
      <ymin>224.57</ymin>
      <xmax>496.5</xmax>
      <ymax>268.5</ymax>
    </bndbox>
  </object>
</annotation>
