<annotation>
  <folder>VV</folder>
  <filename>VV_camera7.png</filename>
  <source>
    <database>Unknown</database>
    <annotation>Unknown</annotation>
    <image>Unknown</image>
  </source>
  <size>
    <width>1280</width>
    <height>960</height>
    <depth></depth>
  </size>
  <segmented>0</segmented>
  <object>
    <name>BLACK</name>
    <occluded>0</occluded>
    <bndbox>
      <xmin>653.9</xmin>
      <ymin>200.31</ymin>
      <xmax>692.5</xmax>
      <ymax>239.7</ymax>
    </bndbox>
  </object>
  <object>
    <name>WHITE</name>
    <occluded>0</occluded>
    <bndbox>
      <xmin>685.71</xmin>
      <ymin>164.5</ymin>
      <xmax>723.9</xmax>
      <ymax>200.3</ymax>
    </bndbox>
  </object>
  <object>
    <name>WHITE</name>
    <occluded>0</occluded>
    <bndbox>
      <xmin>333.2</xmin>
      <ymin>111.51</ymin>
      <xmax>366.45</xmax>
      <ymax>146.9</ymax>
    </bndbox>
  </object>
  <object>
    <name>WHITE</name>
    <occluded>0</occluded>
    <bndbox>
      <xmin>275.2</xmin>
      <ymin>389.4</ymin>
      <xmax>298.64</xmax>
      <ymax>440.2</ymax>
    </bndbox>
  </object>
  <object>
    <name>BLACK</name>
    <occluded>0</occluded>
    <bndbox>
      <xmin>377.39</xmin>
      <ymin>321.58</ymin>
      <xmax>428.8</xmax>
      <ymax>374.1</ymax>
    </bndbox>
  </object>
  <object>
    <name>WHITE</name>
    <occluded>0</occluded>
    <bndbox>
      <xmin>255.0</xmin>
      <ymin>554.5</ymin>
      <xmax>274.2</xmax>
      <ymax>599.7</ymax>
    </bndbox>
  </object>
  <object>
    <name>WHITE</name>
    <occluded>0</occluded>
    <bndbox>
      <xmin>410.1</xmin>
      <ymin>73.45</ymin>
      <xmax>451.19</xmax>
      <ymax>101.3</ymax>
    </bndbox>
  </object>
  <object>
    <name>BLACK</name>
    <occluded>0</occluded>
    <bndbox>
      <xmin>780.14</xmin>
      <ymin>453.91</ymin>
      <xmax>801.16</xmax>
      <ymax>497.03</ymax>
    </bndbox>
  </object>
  <object>
    <name>WHITE</name>
    <occluded>0</occluded>
    <bndbox>
      <xmin>751.04</xmin>
      <ymin>430.2</ymin>
      <xmax>772.6</xmax>
      <ymax>478.7</ymax>
    </bndbox>
  </object>
  <object>
    <name>WHITE</name>
    <occluded>0</occluded>
    <bndbox>
      <xmin>668.58</xmin>
      <ymin>87.96</ymin>
      <xmax>704.15</xmax>
      <ymax>121.92</ymax>
    </bndbox>
  </object>
  <object>
    <name>WHITE</name>
    <occluded>0</occluded>
    <bndbox>
      <xmin>378.62</xmin>
      <ymin>56.7</ymin>
      <xmax>419.58</xmax>
      <ymax>91.2</ymax>
    </bndbox>
  </object>
  <object>
    <name>WHITE</name>
    <occluded>0</occluded>
    <bndbox>
      <xmin>284.11</xmin>
      <ymin>147.4</ymin>
      <xmax>311.27</xmax>
      <ymax>186.08</ymax>
    </bndbox>
  </object>
  <object>
    <name>WHITE</name>
    <occluded>0</occluded>
    <bndbox>
      <xmin>262.27</xmin>
      <ymin>251.89</ymin>
      <xmax>294.09</xmax>
      <ymax>293.06</ymax>
    </bndbox>
  </object>
  <object>
    <name>WHITE</name>
    <occluded>0</occluded>
    <bndbox>
      <xmin>236.1</xmin>
      <ymin>395.64</ymin>
      <xmax>254.81</xmax>
      <ymax>442.16</ymax>
    </bndbox>
  </object>
  <object>
    <name>WHITE</name>
    <occluded>0</occluded>
    <bndbox>
      <xmin>212.97</xmin>
      <ymin>414.61</ymin>
      <xmax>233.2</xmax>
      <ymax>454.6</ymax>
    </bndbox>
  </object>
  <object>
    <name>WHITE</name>
    <occluded>0</occluded>
    <bndbox>
      <xmin>504.99</xmin>
      <ymin>47.66</ymin>
      <xmax>554.27</xmax>
      <ymax>75.73</ymax>
    </bndbox>
  </object>
  <object>
    <name>WHITE</name>
    <occluded>0</occluded>
    <bndbox>
      <xmin>456.96</xmin>
      <ymin>35.49</ymin>
      <xmax>500.0</xmax>
      <ymax>56.08</ymax>
    </bndbox>
  </object>
  <object>
    <name>BLACK</name>
    <occluded>0</occluded>
    <bndbox>
      <xmin>428.26</xmin>
      <ymin>29.57</ymin>
      <xmax>467.88</xmax>
      <ymax>50.15</ymax>
    </bndbox>
  </object>
  <object>
    <name>WHITE</name>
    <occluded>0</occluded>
    <bndbox>
      <xmin>495.63</xmin>
      <ymin>126.88</ymin>
      <xmax>547.1</xmax>
      <ymax>161.81</ymax>
    </bndbox>
  </object>
  <object>
    <name>WHITE</name>
    <occluded>0</occluded>
    <bndbox>
      <xmin>449.79</xmin>
      <ymin>94.13</ymin>
      <xmax>498.75</xmax>
      <ymax>129.69</ymax>
    </bndbox>
  </object>
  <object>
    <name>WHITE</name>
    <occluded>0</occluded>
    <bndbox>
      <xmin>358.71</xmin>
      <ymin>133.43</ymin>
      <xmax>395.2</xmax>
      <ymax>172.73</ymax>
    </bndbox>
  </object>
  <object>
    <name>WHITE</name>
    <occluded>0</occluded>
    <bndbox>
      <xmin>303.19</xmin>
      <ymin>175.85</ymin>
      <xmax>335.32</xmax>
      <ymax>212.65</ymax>
    </bndbox>
  </object>
  <object>
    <name>WHITE</name>
    <occluded>0</occluded>
    <bndbox>
      <xmin>386.78</xmin>
      <ymin>156.82</ymin>
      <xmax>428.26</xmax>
      <ymax>192.69</ymax>
    </bndbox>
  </object>
  <object>
    <name>WHITE</name>
    <occluded>0</occluded>
    <bndbox>
      <xmin>314.73</xmin>
      <ymin>212.96</ymin>
      <xmax>348.73</xmax>
      <ymax>256.63</ymax>
    </bndbox>
  </object>
  <object>
    <name>WHITE</name>
    <occluded>0</occluded>
    <bndbox>
      <xmin>294.15</xmin>
      <ymin>288.75</ymin>
      <xmax>319.1</xmax>
      <ymax>336.47</ymax>
    </bndbox>
  </object>
  <object>
    <name>WHITE</name>
    <occluded>0</occluded>
    <bndbox>
      <xmin>320.35</xmin>
      <ymin>311.52</ymin>
      <xmax>356.84</xmax>
      <ymax>362.05</ymax>
    </bndbox>
  </object>
  <object>
    <name>BLACK</name>
    <occluded>0</occluded>
    <bndbox>
      <xmin>291.34</xmin>
      <ymin>564.78</ymin>
      <xmax>318.48</xmax>
      <ymax>616.56</ymax>
    </bndbox>
  </object>
  <object>
    <name>WHITE</name>
    <occluded>0</occluded>
    <bndbox>
      <xmin>315.9</xmin>
      <ymin>388.76</ymin>
      <xmax>356.94</xmax>
      <ymax>440.4</ymax>
    </bndbox>
  </object>
  <object>
    <name>WHITE</name>
    <occluded>0</occluded>
    <bndbox>
      <xmin>299.68</xmin>
      <ymin>468.94</ymin>
      <xmax>329.28</xmax>
      <ymax>520.84</ymax>
    </bndbox>
  </object>
  <object>
    <name>WHITE</name>
    <occluded>0</occluded>
    <bndbox>
      <xmin>449.0</xmin>
      <ymin>338.32</ymin>
      <xmax>497.9</xmax>
      <ymax>386.1</ymax>
    </bndbox>
  </object>
  <object>
    <name>WHITE</name>
    <occluded>0</occluded>
    <bndbox>
      <xmin>372.2</xmin>
      <ymin>412.1</ymin>
      <xmax>413.9</xmax>
      <ymax>464.9</ymax>
    </bndbox>
  </object>
  <object>
    <name>WHITE</name>
    <occluded>0</occluded>
    <bndbox>
      <xmin>339.0</xmin>
      <ymin>476.0</ymin>
      <xmax>379.0</xmax>
      <ymax>526.1</ymax>
    </bndbox>
  </object>
  <object>
    <name>WHITE</name>
    <occluded>0</occluded>
    <bndbox>
      <xmin>553.52</xmin>
      <ymin>86.37</ymin>
      <xmax>595.8</xmax>
      <ymax>122.8</ymax>
    </bndbox>
  </object>
  <object>
    <name>WHITE</name>
    <occluded>0</occluded>
    <bndbox>
      <xmin>596.21</xmin>
      <ymin>57.74</ymin>
      <xmax>636.0</xmax>
      <ymax>88.1</ymax>
    </bndbox>
  </object>
  <object>
    <name>WHITE</name>
    <occluded>0</occluded>
    <bndbox>
      <xmin>607.64</xmin>
      <ymin>134.81</ymin>
      <xmax>648.1</xmax>
      <ymax>171.5</ymax>
    </bndbox>
  </object>
  <object>
    <name>WHITE</name>
    <occluded>0</occluded>
    <bndbox>
      <xmin>640.71</xmin>
      <ymin>107.61</ymin>
      <xmax>680.4</xmax>
      <ymax>143.4</ymax>
    </bndbox>
  </object>
</annotation>
