<annotation>
  <folder>VV</folder>
  <filename>VV_camera2.png</filename>
  <source>
    <database>Unknown</database>
    <annotation>Unknown</annotation>
    <image>Unknown</image>
  </source>
  <size>
    <width>960</width>
    <height>1280</height>
    <depth></depth>
  </size>
  <segmented>0</segmented>
  <object>
    <name>WHITE</name>
    <occluded>0</occluded>
    <bndbox>
      <xmin>706.27</xmin>
      <ymin>343.71</ymin>
      <xmax>726.6</xmax>
      <ymax>385.2</ymax>
    </bndbox>
  </object>
  <object>
    <name>WHITE</name>
    <occluded>0</occluded>
    <bndbox>
      <xmin>622.69</xmin>
      <ymin>294.44</ymin>
      <xmax>654.8</xmax>
      <ymax>334.4</ymax>
    </bndbox>
  </object>
  <object>
    <name>WHITE</name>
    <occluded>0</occluded>
    <bndbox>
      <xmin>634.4</xmin>
      <ymin>363.5</ymin>
      <xmax>669.4</xmax>
      <ymax>408.0</ymax>
    </bndbox>
  </object>
  <object>
    <name>WHITE</name>
    <occluded>0</occluded>
    <bndbox>
      <xmin>639.0</xmin>
      <ymin>439.5</ymin>
      <xmax>669.9</xmax>
      <ymax>483.7</ymax>
    </bndbox>
  </object>
  <object>
    <name>WHITE</name>
    <occluded>0</occluded>
    <bndbox>
      <xmin>610.54</xmin>
      <ymin>499.49</ymin>
      <xmax>642.9</xmax>
      <ymax>547.7</ymax>
    </bndbox>
  </object>
  <object>
    <name>WHITE</name>
    <occluded>0</occluded>
    <bndbox>
      <xmin>571.96</xmin>
      <ymin>557.3</ymin>
      <xmax>613.96</xmax>
      <ymax>603.5</ymax>
    </bndbox>
  </object>
  <object>
    <name>WHITE</name>
    <occluded>0</occluded>
    <bndbox>
      <xmin>527.96</xmin>
      <ymin>609.5</ymin>
      <xmax>569.96</xmax>
      <ymax>656.9</ymax>
    </bndbox>
  </object>
  <object>
    <name>BLACK</name>
    <occluded>0</occluded>
    <bndbox>
      <xmin>592.72</xmin>
      <ymin>385.01</ymin>
      <xmax>631.6</xmax>
      <ymax>433.0</ymax>
    </bndbox>
  </object>
  <object>
    <name>WHITE</name>
    <occluded>0</occluded>
    <bndbox>
      <xmin>569.0</xmin>
      <ymin>433.0</ymin>
      <xmax>607.3</xmax>
      <ymax>481.1</ymax>
    </bndbox>
  </object>
  <object>
    <name>WHITE</name>
    <occluded>0</occluded>
    <bndbox>
      <xmin>522.5</xmin>
      <ymin>490.0</ymin>
      <xmax>568.7</xmax>
      <ymax>538.9</ymax>
    </bndbox>
  </object>
  <object>
    <name>WHITE</name>
    <occluded>0</occluded>
    <bndbox>
      <xmin>477.61</xmin>
      <ymin>551.53</ymin>
      <xmax>526.4</xmax>
      <ymax>599.6</ymax>
    </bndbox>
  </object>
  <object>
    <name>WHITE</name>
    <occluded>0</occluded>
    <bndbox>
      <xmin>422.04</xmin>
      <ymin>609.61</ymin>
      <xmax>470.3</xmax>
      <ymax>656.1</ymax>
    </bndbox>
  </object>
  <object>
    <name>BLACK</name>
    <occluded>0</occluded>
    <bndbox>
      <xmin>381.78</xmin>
      <ymin>662.46</ymin>
      <xmax>429.4</xmax>
      <ymax>706.7</ymax>
    </bndbox>
  </object>
  <object>
    <name>WHITE</name>
    <occluded>0</occluded>
    <bndbox>
      <xmin>574.53</xmin>
      <ymin>320.87</ymin>
      <xmax>613.8</xmax>
      <ymax>362.87</ymax>
    </bndbox>
  </object>
  <object>
    <name>WHITE</name>
    <occluded>0</occluded>
    <bndbox>
      <xmin>527.5</xmin>
      <ymin>365.0</ymin>
      <xmax>566.5</xmax>
      <ymax>407.0</ymax>
    </bndbox>
  </object>
  <object>
    <name>WHITE</name>
    <occluded>0</occluded>
    <bndbox>
      <xmin>682.09</xmin>
      <ymin>551.3</ymin>
      <xmax>701.76</xmax>
      <ymax>592.02</ymax>
    </bndbox>
  </object>
  <object>
    <name>WHITE</name>
    <occluded>0</occluded>
    <bndbox>
      <xmin>362.5</xmin>
      <ymin>342.0</ymin>
      <xmax>405.5</xmax>
      <ymax>380.0</ymax>
    </bndbox>
  </object>
  <object>
    <name>WHITE</name>
    <occluded>0</occluded>
    <bndbox>
      <xmin>443.0</xmin>
      <ymin>342.0</ymin>
      <xmax>483.0</xmax>
      <ymax>386.0</ymax>
    </bndbox>
  </object>
  <object>
    <name>WHITE</name>
    <occluded>0</occluded>
    <bndbox>
      <xmin>619.19</xmin>
      <ymin>614.54</ymin>
      <xmax>653.53</xmax>
      <ymax>660.29</ymax>
    </bndbox>
  </object>
  <object>
    <name>WHITE</name>
    <occluded>0</occluded>
    <bndbox>
      <xmin>645.99</xmin>
      <ymin>557.07</ymin>
      <xmax>672.59</xmax>
      <ymax>604.15</ymax>
    </bndbox>
  </object>
  <object>
    <name>WHITE</name>
    <occluded>0</occluded>
    <bndbox>
      <xmin>208.21</xmin>
      <ymin>457.15</ymin>
      <xmax>232.18</xmax>
      <ymax>500.18</ymax>
    </bndbox>
  </object>
  <object>
    <name>WHITE</name>
    <occluded>0</occluded>
    <bndbox>
      <xmin>275.18</xmin>
      <ymin>290.52</ymin>
      <xmax>311.89</xmax>
      <ymax>327.19</ymax>
    </bndbox>
  </object>
  <object>
    <name>WHITE</name>
    <occluded>0</occluded>
    <bndbox>
      <xmin>581.91</xmin>
      <ymin>188.57</ymin>
      <xmax>616.56</xmax>
      <ymax>218.32</ymax>
    </bndbox>
  </object>
  <object>
    <name>WHITE</name>
    <occluded>0</occluded>
    <bndbox>
      <xmin>660.17</xmin>
      <ymin>283.01</ymin>
      <xmax>688.47</xmax>
      <ymax>319.4</ymax>
    </bndbox>
  </object>
  <object>
    <name>WHITE</name>
    <occluded>0</occluded>
    <bndbox>
      <xmin>680.68</xmin>
      <ymin>426.25</ymin>
      <xmax>702.62</xmax>
      <ymax>470.72</ymax>
    </bndbox>
  </object>
  <object>
    <name>WHITE</name>
    <occluded>0</occluded>
    <bndbox>
      <xmin>708.98</xmin>
      <ymin>413.54</ymin>
      <xmax>724.57</xmax>
      <ymax>455.42</ymax>
    </bndbox>
  </object>
  <object>
    <name>WHITE</name>
    <occluded>0</occluded>
    <bndbox>
      <xmin>670.28</xmin>
      <ymin>494.41</ymin>
      <xmax>692.8</xmax>
      <ymax>539.17</ymax>
    </bndbox>
  </object>
  <object>
    <name>WHITE</name>
    <occluded>0</occluded>
    <bndbox>
      <xmin>700.89</xmin>
      <ymin>484.59</ymin>
      <xmax>720.24</xmax>
      <ymax>528.19</ymax>
    </bndbox>
  </object>
  <object>
    <name>WHITE</name>
    <occluded>0</occluded>
    <bndbox>
      <xmin>240.6</xmin>
      <ymin>767.4</ymin>
      <xmax>272.5</xmax>
      <ymax>804.0</ymax>
    </bndbox>
  </object>
  <object>
    <name>BLACK</name>
    <occluded>0</occluded>
    <bndbox>
      <xmin>242.3</xmin>
      <ymin>346.87</ymin>
      <xmax>272.56</xmax>
      <ymax>391.2</ymax>
    </bndbox>
  </object>
  <object>
    <name>WHITE</name>
    <occluded>0</occluded>
    <bndbox>
      <xmin>675.11</xmin>
      <ymin>355.69</ymin>
      <xmax>702.9</xmax>
      <ymax>397.7</ymax>
    </bndbox>
  </object>
  <object>
    <name>WHITE</name>
    <occluded>0</occluded>
    <bndbox>
      <xmin>364.71</xmin>
      <ymin>194.64</ymin>
      <xmax>405.75</xmax>
      <ymax>219.47</ymax>
    </bndbox>
  </object>
  <object>
    <name>WHITE</name>
    <occluded>0</occluded>
    <bndbox>
      <xmin>534.0</xmin>
      <ymin>806.38</ymin>
      <xmax>573.77</xmax>
      <ymax>835.5</ymax>
    </bndbox>
  </object>
  <object>
    <name>BLACK</name>
    <occluded>0</occluded>
    <bndbox>
      <xmin>595.3</xmin>
      <ymin>791.92</ymin>
      <xmax>629.0</xmax>
      <ymax>819.2</ymax>
    </bndbox>
  </object>
  <object>
    <name>WHITE</name>
    <occluded>0</occluded>
    <bndbox>
      <xmin>263.8</xmin>
      <ymin>464.0</ymin>
      <xmax>297.0</xmax>
      <ymax>508.0</ymax>
    </bndbox>
  </object>
  <object>
    <name>WHITE</name>
    <occluded>0</occluded>
    <bndbox>
      <xmin>241.6</xmin>
      <ymin>400.1</ymin>
      <xmax>273.54</xmax>
      <ymax>445.3</ymax>
    </bndbox>
  </object>
  <object>
    <name>WHITE</name>
    <occluded>0</occluded>
    <bndbox>
      <xmin>289.1</xmin>
      <ymin>338.3</ymin>
      <xmax>328.92</xmax>
      <ymax>379.4</ymax>
    </bndbox>
  </object>
  <object>
    <name>WHITE</name>
    <occluded>0</occluded>
    <bndbox>
      <xmin>336.5</xmin>
      <ymin>292.25</ymin>
      <xmax>379.5</xmax>
      <ymax>327.7</ymax>
    </bndbox>
  </object>
  <object>
    <name>WHITE</name>
    <occluded>0</occluded>
    <bndbox>
      <xmin>383.5</xmin>
      <ymin>239.5</ymin>
      <xmax>427.7</xmax>
      <ymax>271.1</ymax>
    </bndbox>
  </object>
  <object>
    <name>WHITE</name>
    <occluded>0</occluded>
    <bndbox>
      <xmin>436.92</xmin>
      <ymin>199.0</ymin>
      <xmax>482.3</xmax>
      <ymax>227.0</ymax>
    </bndbox>
  </object>
  <object>
    <name>WHITE</name>
    <occluded>0</occluded>
    <bndbox>
      <xmin>195.13</xmin>
      <ymin>565.32</ymin>
      <xmax>211.4</xmax>
      <ymax>608.1</ymax>
    </bndbox>
  </object>
  <object>
    <name>WHITE</name>
    <occluded>0</occluded>
    <bndbox>
      <xmin>222.48</xmin>
      <ymin>521.87</ymin>
      <xmax>252.7</xmax>
      <ymax>570.5</ymax>
    </bndbox>
  </object>
  <object>
    <name>WHITE</name>
    <occluded>0</occluded>
    <bndbox>
      <xmin>305.5</xmin>
      <ymin>402.0</ymin>
      <xmax>348.5</xmax>
      <ymax>444.9</ymax>
    </bndbox>
  </object>
  <object>
    <name>WHITE</name>
    <occluded>0</occluded>
    <bndbox>
      <xmin>409.7</xmin>
      <ymin>291.5</ymin>
      <xmax>456.0</xmax>
      <ymax>327.9</ymax>
    </bndbox>
  </object>
  <object>
    <name>WHITE</name>
    <occluded>0</occluded>
    <bndbox>
      <xmin>469.0</xmin>
      <ymin>247.5</ymin>
      <xmax>511.0</xmax>
      <ymax>280.8</ymax>
    </bndbox>
  </object>
  <object>
    <name>WHITE</name>
    <occluded>0</occluded>
    <bndbox>
      <xmin>248.67</xmin>
      <ymin>578.71</ymin>
      <xmax>285.6</xmax>
      <ymax>624.2</ymax>
    </bndbox>
  </object>
  <object>
    <name>WHITE</name>
    <occluded>0</occluded>
    <bndbox>
      <xmin>288.69</xmin>
      <ymin>534.37</ymin>
      <xmax>329.6</xmax>
      <ymax>580.0</ymax>
    </bndbox>
  </object>
  <object>
    <name>WHITE</name>
    <occluded>0</occluded>
    <bndbox>
      <xmin>342.5</xmin>
      <ymin>472.4</ymin>
      <xmax>388.1</xmax>
      <ymax>519.0</ymax>
    </bndbox>
  </object>
  <object>
    <name>WHITE</name>
    <occluded>0</occluded>
    <bndbox>
      <xmin>390.56</xmin>
      <ymin>408.48</ymin>
      <xmax>440.9</xmax>
      <ymax>458.68</ymax>
    </bndbox>
  </object>
  <object>
    <name>WHITE</name>
    <occluded>0</occluded>
    <bndbox>
      <xmin>490.4</xmin>
      <ymin>304.44</ymin>
      <xmax>533.6</xmax>
      <ymax>346.44</ymax>
    </bndbox>
  </object>
  <object>
    <name>WHITE</name>
    <occluded>0</occluded>
    <bndbox>
      <xmin>334.1</xmin>
      <ymin>599.5</ymin>
      <xmax>380.75</xmax>
      <ymax>645.94</ymax>
    </bndbox>
  </object>
  <object>
    <name>WHITE</name>
    <occluded>0</occluded>
    <bndbox>
      <xmin>379.77</xmin>
      <ymin>545.48</ymin>
      <xmax>426.2</xmax>
      <ymax>591.4</ymax>
    </bndbox>
  </object>
  <object>
    <name>WHITE</name>
    <occluded>0</occluded>
    <bndbox>
      <xmin>428.4</xmin>
      <ymin>484.5</ymin>
      <xmax>475.0</xmax>
      <ymax>534.0</ymax>
    </bndbox>
  </object>
  <object>
    <name>WHITE</name>
    <occluded>0</occluded>
    <bndbox>
      <xmin>480.0</xmin>
      <ymin>418.5</ymin>
      <xmax>524.0</xmax>
      <ymax>467.3</ymax>
    </bndbox>
  </object>
  <object>
    <name>WHITE</name>
    <occluded>0</occluded>
    <bndbox>
      <xmin>603.57</xmin>
      <ymin>238.54</ymin>
      <xmax>643.71</xmax>
      <ymax>272.61</ymax>
    </bndbox>
  </object>
  <object>
    <name>WHITE</name>
    <occluded>0</occluded>
    <bndbox>
      <xmin>554.18</xmin>
      <ymin>257.88</ymin>
      <xmax>591.44</xmax>
      <ymax>293.98</ymax>
    </bndbox>
  </object>
  <object>
    <name>WHITE</name>
    <occluded>0</occluded>
    <bndbox>
      <xmin>520.68</xmin>
      <ymin>201.86</ymin>
      <xmax>563.43</xmax>
      <ymax>233.05</ymax>
    </bndbox>
  </object>
  <object>
    <name>WHITE</name>
    <occluded>0</occluded>
    <bndbox>
      <xmin>495.56</xmin>
      <ymin>162.58</ymin>
      <xmax>535.41</xmax>
      <ymax>186.55</ymax>
    </bndbox>
  </object>
  <object>
    <name>WHITE</name>
    <occluded>0</occluded>
    <bndbox>
      <xmin>415.28</xmin>
      <ymin>161.72</ymin>
      <xmax>459.17</xmax>
      <ymax>181.06</ymax>
    </bndbox>
  </object>
  <object>
    <name>WHITE</name>
    <occluded>0</occluded>
    <bndbox>
      <xmin>223.78</xmin>
      <ymin>324.59</ymin>
      <xmax>257.88</xmax>
      <ymax>363.0</ymax>
    </bndbox>
  </object>
</annotation>
