<annotation>
  <folder>VV</folder>
  <filename>VV_camera11.png</filename>
  <source>
    <database>Unknown</database>
    <annotation>Unknown</annotation>
    <image>Unknown</image>
  </source>
  <size>
    <width>1280</width>
    <height>960</height>
    <depth></depth>
  </size>
  <segmented>0</segmented>
  <object>
    <name>WHITE</name>
    <occluded>0</occluded>
    <bndbox>
      <xmin>686.7</xmin>
      <ymin>137.87</ymin>
      <xmax>726.0</xmax>
      <ymax>167.8</ymax>
    </bndbox>
  </object>
  <object>
    <name>WHITE</name>
    <occluded>0</occluded>
    <bndbox>
      <xmin>711.71</xmin>
      <ymin>103.31</ymin>
      <xmax>750.4</xmax>
      <ymax>135.9</ymax>
    </bndbox>
  </object>
  <object>
    <name>WHITE</name>
    <occluded>0</occluded>
    <bndbox>
      <xmin>715.64</xmin>
      <ymin>197.73</ymin>
      <xmax>753.8</xmax>
      <ymax>233.3</ymax>
    </bndbox>
  </object>
  <object>
    <name>WHITE</name>
    <occluded>0</occluded>
    <bndbox>
      <xmin>818.3</xmin>
      <ymin>142.2</ymin>
      <xmax>848.37</xmax>
      <ymax>173.83</ymax>
    </bndbox>
  </object>
  <object>
    <name>WHITE</name>
    <occluded>0</occluded>
    <bndbox>
      <xmin>820.9</xmin>
      <ymin>288.0</ymin>
      <xmax>850.5</xmax>
      <ymax>326.0</ymax>
    </bndbox>
  </object>
  <object>
    <name>WHITE</name>
    <occluded>0</occluded>
    <bndbox>
      <xmin>830.3</xmin>
      <ymin>406.0</ymin>
      <xmax>852.0</xmax>
      <ymax>445.7</ymax>
    </bndbox>
  </object>
  <object>
    <name>WHITE</name>
    <occluded>0</occluded>
    <bndbox>
      <xmin>502.9</xmin>
      <ymin>175.4</ymin>
      <xmax>547.5</xmax>
      <ymax>206.6</ymax>
    </bndbox>
  </object>
  <object>
    <name>WHITE</name>
    <occluded>0</occluded>
    <bndbox>
      <xmin>473.38</xmin>
      <ymin>138.7</ymin>
      <xmax>511.38</xmax>
      <ymax>169.7</ymax>
    </bndbox>
  </object>
  <object>
    <name>WHITE</name>
    <occluded>0</occluded>
    <bndbox>
      <xmin>688.65</xmin>
      <ymin>240.43</ymin>
      <xmax>726.7</xmax>
      <ymax>280.43</ymax>
    </bndbox>
  </object>
  <object>
    <name>WHITE</name>
    <occluded>0</occluded>
    <bndbox>
      <xmin>528.2</xmin>
      <ymin>380.88</ymin>
      <xmax>576.2</xmax>
      <ymax>425.9</ymax>
    </bndbox>
  </object>
  <object>
    <name>WHITE</name>
    <occluded>0</occluded>
    <bndbox>
      <xmin>601.47</xmin>
      <ymin>453.9</ymin>
      <xmax>646.1</xmax>
      <ymax>499.7</ymax>
    </bndbox>
  </object>
  <object>
    <name>WHITE</name>
    <occluded>0</occluded>
    <bndbox>
      <xmin>632.97</xmin>
      <ymin>499.54</ymin>
      <xmax>676.4</xmax>
      <ymax>546.0</ymax>
    </bndbox>
  </object>
  <object>
    <name>BLACK</name>
    <occluded>0</occluded>
    <bndbox>
      <xmin>594.58</xmin>
      <ymin>367.07</ymin>
      <xmax>641.1</xmax>
      <ymax>414.5</ymax>
    </bndbox>
  </object>
  <object>
    <name>WHITE</name>
    <occluded>0</occluded>
    <bndbox>
      <xmin>654.9</xmin>
      <ymin>420.0</ymin>
      <xmax>699.3</xmax>
      <ymax>465.6</ymax>
    </bndbox>
  </object>
  <object>
    <name>WHITE</name>
    <occluded>0</occluded>
    <bndbox>
      <xmin>685.0</xmin>
      <ymin>484.9</ymin>
      <xmax>721.0</xmax>
      <ymax>530.2</ymax>
    </bndbox>
  </object>
  <object>
    <name>BLACK</name>
    <occluded>0</occluded>
    <bndbox>
      <xmin>709.53</xmin>
      <ymin>563.42</ymin>
      <xmax>742.53</xmax>
      <ymax>607.0</ymax>
    </bndbox>
  </object>
  <object>
    <name>WHITE</name>
    <occluded>0</occluded>
    <bndbox>
      <xmin>663.4</xmin>
      <ymin>351.1</ymin>
      <xmax>705.5</xmax>
      <ymax>395.2</ymax>
    </bndbox>
  </object>
  <object>
    <name>WHITE</name>
    <occluded>0</occluded>
    <bndbox>
      <xmin>720.0</xmin>
      <ymin>407.0</ymin>
      <xmax>752.9</xmax>
      <ymax>452.8</ymax>
    </bndbox>
  </object>
  <object>
    <name>WHITE</name>
    <occluded>0</occluded>
    <bndbox>
      <xmin>743.0</xmin>
      <ymin>480.3</ymin>
      <xmax>775.0</xmax>
      <ymax>524.0</ymax>
    </bndbox>
  </object>
  <object>
    <name>WHITE</name>
    <occluded>0</occluded>
    <bndbox>
      <xmin>605.39</xmin>
      <ymin>195.87</ymin>
      <xmax>651.0</xmax>
      <ymax>230.9</ymax>
    </bndbox>
  </object>
  <object>
    <name>WHITE</name>
    <occluded>0</occluded>
    <bndbox>
      <xmin>645.89</xmin>
      <ymin>166.37</ymin>
      <xmax>688.2</xmax>
      <ymax>200.7</ymax>
    </bndbox>
  </object>
  <object>
    <name>WHITE</name>
    <occluded>0</occluded>
    <bndbox>
      <xmin>766.68</xmin>
      <ymin>326.93</ymin>
      <xmax>794.4</xmax>
      <ymax>371.33</ymax>
    </bndbox>
  </object>
  <object>
    <name>WHITE</name>
    <occluded>0</occluded>
    <bndbox>
      <xmin>379.42</xmin>
      <ymin>220.07</ymin>
      <xmax>413.76</xmax>
      <ymax>252.82</ymax>
    </bndbox>
  </object>
  <object>
    <name>WHITE</name>
    <occluded>0</occluded>
    <bndbox>
      <xmin>410.3</xmin>
      <ymin>163.93</ymin>
      <xmax>443.39</xmax>
      <ymax>197.62</ymax>
    </bndbox>
  </object>
  <object>
    <name>WHITE</name>
    <occluded>0</occluded>
    <bndbox>
      <xmin>425.89</xmin>
      <ymin>189.82</ymin>
      <xmax>462.73</xmax>
      <ymax>224.44</ymax>
    </bndbox>
  </object>
  <object>
    <name>WHITE</name>
    <occluded>0</occluded>
    <bndbox>
      <xmin>451.78</xmin>
      <ymin>115.28</ymin>
      <xmax>486.43</xmax>
      <ymax>142.72</ymax>
    </bndbox>
  </object>
  <object>
    <name>WHITE</name>
    <occluded>0</occluded>
    <bndbox>
      <xmin>517.62</xmin>
      <ymin>98.44</ymin>
      <xmax>554.74</xmax>
      <ymax>128.38</ymax>
    </bndbox>
  </object>
  <object>
    <name>WHITE</name>
    <occluded>0</occluded>
    <bndbox>
      <xmin>568.74</xmin>
      <ymin>77.54</ymin>
      <xmax>611.5</xmax>
      <ymax>97.81</ymax>
    </bndbox>
  </object>
  <object>
    <name>WHITE</name>
    <occluded>0</occluded>
    <bndbox>
      <xmin>665.15</xmin>
      <ymin>65.37</ymin>
      <xmax>708.5</xmax>
      <ymax>88.14</ymax>
    </bndbox>
  </object>
  <object>
    <name>BLACK</name>
    <occluded>0</occluded>
    <bndbox>
      <xmin>609.32</xmin>
      <ymin>61.01</ymin>
      <xmax>652.67</xmax>
      <ymax>85.02</ymax>
    </bndbox>
  </object>
  <object>
    <name>WHITE</name>
    <occluded>0</occluded>
    <bndbox>
      <xmin>646.75</xmin>
      <ymin>86.58</ymin>
      <xmax>687.92</xmax>
      <ymax>119.02</ymax>
    </bndbox>
  </object>
  <object>
    <name>WHITE</name>
    <occluded>0</occluded>
    <bndbox>
      <xmin>600.28</xmin>
      <ymin>114.34</ymin>
      <xmax>642.69</xmax>
      <ymax>142.72</ymax>
    </bndbox>
  </object>
  <object>
    <name>WHITE</name>
    <occluded>0</occluded>
    <bndbox>
      <xmin>552.84</xmin>
      <ymin>140.85</ymin>
      <xmax>598.72</xmax>
      <ymax>174.23</ymax>
    </bndbox>
  </object>
  <object>
    <name>WHITE</name>
    <occluded>0</occluded>
    <bndbox>
      <xmin>702.0</xmin>
      <ymin>314.31</ymin>
      <xmax>741.4</xmax>
      <ymax>357.4</ymax>
    </bndbox>
  </object>
  <object>
    <name>WHITE</name>
    <occluded>0</occluded>
    <bndbox>
      <xmin>844.65</xmin>
      <ymin>245.73</ymin>
      <xmax>872.81</xmax>
      <ymax>284.04</ymax>
    </bndbox>
  </object>
  <object>
    <name>WHITE</name>
    <occluded>0</occluded>
    <bndbox>
      <xmin>865.01</xmin>
      <ymin>205.42</ymin>
      <xmax>890.57</xmax>
      <ymax>240.53</ymax>
    </bndbox>
  </object>
  <object>
    <name>WHITE</name>
    <occluded>0</occluded>
    <bndbox>
      <xmin>871.51</xmin>
      <ymin>165.78</ymin>
      <xmax>894.9</xmax>
      <ymax>199.14</ymax>
    </bndbox>
  </object>
  <object>
    <name>WHITE</name>
    <occluded>0</occluded>
    <bndbox>
      <xmin>781.17</xmin>
      <ymin>96.88</ymin>
      <xmax>816.11</xmax>
      <ymax>123.39</ymax>
    </bndbox>
  </object>
  <object>
    <name>WHITE</name>
    <occluded>0</occluded>
    <bndbox>
      <xmin>769.52</xmin>
      <ymin>399.78</ymin>
      <xmax>803.9</xmax>
      <ymax>443.5</ymax>
    </bndbox>
  </object>
  <object>
    <name>WHITE</name>
    <occluded>0</occluded>
    <bndbox>
      <xmin>796.1</xmin>
      <ymin>478.0</ymin>
      <xmax>823.0</xmax>
      <ymax>519.8</ymax>
    </bndbox>
  </object>
  <object>
    <name>WHITE</name>
    <occluded>0</occluded>
    <bndbox>
      <xmin>817.46</xmin>
      <ymin>535.87</ymin>
      <xmax>848.1</xmax>
      <ymax>576.2</ymax>
    </bndbox>
  </object>
  <object>
    <name>WHITE</name>
    <occluded>0</occluded>
    <bndbox>
      <xmin>761.75</xmin>
      <ymin>265.97</ymin>
      <xmax>796.5</xmax>
      <ymax>306.6</ymax>
    </bndbox>
  </object>
  <object>
    <name>WHITE</name>
    <occluded>0</occluded>
    <bndbox>
      <xmin>767.79</xmin>
      <ymin>121.87</ymin>
      <xmax>801.5</xmax>
      <ymax>155.7</ymax>
    </bndbox>
  </object>
  <object>
    <name>WHITE</name>
    <occluded>0</occluded>
    <bndbox>
      <xmin>811.95</xmin>
      <ymin>181.42</ymin>
      <xmax>842.7</xmax>
      <ymax>217.8</ymax>
    </bndbox>
  </object>
  <object>
    <name>WHITE</name>
    <occluded>0</occluded>
    <bndbox>
      <xmin>748.35</xmin>
      <ymin>160.3</ymin>
      <xmax>786.8</xmax>
      <ymax>194.6</ymax>
    </bndbox>
  </object>
  <object>
    <name>WHITE</name>
    <occluded>0</occluded>
    <bndbox>
      <xmin>787.97</xmin>
      <ymin>221.05</ymin>
      <xmax>819.4</xmax>
      <ymax>258.4</ymax>
    </bndbox>
  </object>
  <object>
    <name>BLACK</name>
    <occluded>0</occluded>
    <bndbox>
      <xmin>802.63</xmin>
      <ymin>334.94</ymin>
      <xmax>836.64</xmax>
      <ymax>378.48</ymax>
    </bndbox>
  </object>
  <object>
    <name>BLACK</name>
    <occluded>0</occluded>
    <bndbox>
      <xmin>401.88</xmin>
      <ymin>247.83</ymin>
      <xmax>433.72</xmax>
      <ymax>286.51</ymax>
    </bndbox>
  </object>
  <object>
    <name>WHITE</name>
    <occluded>0</occluded>
    <bndbox>
      <xmin>768.9</xmin>
      <ymin>555.87</ymin>
      <xmax>805.33</xmax>
      <ymax>595.9</ymax>
    </bndbox>
  </object>
  <object>
    <name>WHITE</name>
    <occluded>0</occluded>
    <bndbox>
      <xmin>842.18</xmin>
      <ymin>471.52</ymin>
      <xmax>867.09</xmax>
      <ymax>514.84</ymax>
    </bndbox>
  </object>
  <object>
    <name>WHITE</name>
    <occluded>0</occluded>
    <bndbox>
      <xmin>862.76</xmin>
      <ymin>532.82</ymin>
      <xmax>887.88</xmax>
      <ymax>573.32</ymax>
    </bndbox>
  </object>
  <object>
    <name>WHITE</name>
    <occluded>0</occluded>
    <bndbox>
      <xmin>890.92</xmin>
      <ymin>485.17</ymin>
      <xmax>911.06</xmax>
      <ymax>525.24</ymax>
    </bndbox>
  </object>
  <object>
    <name>WHITE</name>
    <occluded>0</occluded>
    <bndbox>
      <xmin>896.76</xmin>
      <ymin>540.62</ymin>
      <xmax>913.01</xmax>
      <ymax>579.39</ymax>
    </bndbox>
  </object>
</annotation>
